08-Apr-2026 13:22:02.729 INFO [Thread-13] org.apache.coyote.AbstractProtocol.pause Pausing ProtocolHandler ["http-nio-8080"]
08-Apr-2026 13:22:02.909 INFO [Thread-13] org.apache.catalina.core.StandardService.stopInternal Stopping service [Catalina]
08-Apr-2026 13:22:03.239 WARNING [Thread-13] org.apache.catalina.loader.WebappClassLoaderBase.clearReferencesJdbc The web application [demo] registered the JDBC driver [com.microsoft.sqlserver.jdbc.SQLServerDriver] but failed to unregister it when the web application was stopped. To prevent a memory leak, the JDBC Driver has been forcibly unregistered.
08-Apr-2026 13:22:03.241 WARNING [Thread-13] org.apache.catalina.loader.WebappClassLoaderBase.clearReferencesThreads The web application [demo] appears to have started a thread named [Timer-0] but has failed to stop it. This is very likely to create a memory leak. Stack trace of thread:
 java.lang.Object.wait(Native Method)
 java.util.TimerThread.mainLoop(Unknown Source)
 java.util.TimerThread.run(Unknown Source)
08-Apr-2026 13:22:03.253 INFO [Thread-13] org.apache.coyote.AbstractProtocol.stop Stopping ProtocolHandler ["http-nio-8080"]
08-Apr-2026 13:22:03.271 INFO [Thread-13] org.apache.coyote.AbstractProtocol.destroy Destroying ProtocolHandler ["http-nio-8080"]
08-Apr-2026 13:24:56.825 INFO [main] org.apache.catalina.startup.VersionLoggerListener.log Server version name:   Apache Tomcat/9.0.115
08-Apr-2026 13:24:56.829 INFO [main] org.apache.catalina.startup.VersionLoggerListener.log Server built:          Jan 21 2026 08:17:26 UTC
08-Apr-2026 13:24:56.829 INFO [main] org.apache.catalina.startup.VersionLoggerListener.log Server version number: 9.0.115.0
08-Apr-2026 13:24:56.829 INFO [main] org.apache.catalina.startup.VersionLoggerListener.log OS Name:               Windows 10
08-Apr-2026 13:24:56.829 INFO [main] org.apache.catalina.startup.VersionLoggerListener.log OS Version:            10.0
08-Apr-2026 13:24:56.830 INFO [main] org.apache.catalina.startup.VersionLoggerListener.log Architecture:          amd64
08-Apr-2026 13:24:56.830 INFO [main] org.apache.catalina.startup.VersionLoggerListener.log Java Home:             D:\housys\FingerprintClient_IDSL_DEVICEFIX03042026\FingerprintClient_IDSL_DEVICEFIX\app\jre
08-Apr-2026 13:24:56.830 INFO [main] org.apache.catalina.startup.VersionLoggerListener.log JVM Version:           1.8.0_202-b08
08-Apr-2026 13:24:56.830 INFO [main] org.apache.catalina.startup.VersionLoggerListener.log JVM Vendor:            Oracle Corporation
08-Apr-2026 13:24:56.830 INFO [main] org.apache.catalina.startup.VersionLoggerListener.log CATALINA_BASE:         D:\housys\FingerprintClient_IDSL_DEVICEFIX03042026\FingerprintClient_IDSL_DEVICEFIX\app\tomcat
08-Apr-2026 13:24:56.830 INFO [main] org.apache.catalina.startup.VersionLoggerListener.log CATALINA_HOME:         D:\housys\FingerprintClient_IDSL_DEVICEFIX03042026\FingerprintClient_IDSL_DEVICEFIX\app\tomcat
08-Apr-2026 13:24:56.844 INFO [main] org.apache.catalina.startup.VersionLoggerListener.log Command line argument: -Djava.util.logging.config.file=D:\housys\FingerprintClient_IDSL_DEVICEFIX03042026\FingerprintClient_IDSL_DEVICEFIX\app\tomcat\conf\logging.properties
08-Apr-2026 13:24:56.844 INFO [main] org.apache.catalina.startup.VersionLoggerListener.log Command line argument: -Djava.util.logging.manager=org.apache.juli.ClassLoaderLogManager
08-Apr-2026 13:24:56.844 INFO [main] org.apache.catalina.startup.VersionLoggerListener.log Command line argument: -Djava.library.path=D:\housys\FingerprintClient_IDSL_DEVICEFIX03042026\FingerprintClient_IDSL_DEVICEFIX\app\tomcat\bin
08-Apr-2026 13:24:56.844 INFO [main] org.apache.catalina.startup.VersionLoggerListener.log Command line argument: -Dsqlserver.auth.dll.path=D:\housys\FingerprintClient_IDSL_DEVICEFIX03042026\FingerprintClient_IDSL_DEVICEFIX\app\tomcat\bin\mssql-jdbc_auth-13.2.1.x64.dll
08-Apr-2026 13:24:56.844 INFO [main] org.apache.catalina.startup.VersionLoggerListener.log Command line argument: -Djdk.tls.ephemeralDHKeySize=2048
08-Apr-2026 13:24:56.844 INFO [main] org.apache.catalina.startup.VersionLoggerListener.log Command line argument: -Djava.protocol.handler.pkgs=org.apache.catalina.webresources
08-Apr-2026 13:24:56.844 INFO [main] org.apache.catalina.startup.VersionLoggerListener.log Command line argument: -Dsun.io.useCanonCaches=false
08-Apr-2026 13:24:56.844 INFO [main] org.apache.catalina.startup.VersionLoggerListener.log Command line argument: -Djava.library.path=D:\housys\FingerprintClient_IDSL_DEVICEFIX03042026\FingerprintClient_IDSL_DEVICEFIX\app\tomcat\bin
08-Apr-2026 13:24:56.845 INFO [main] org.apache.catalina.startup.VersionLoggerListener.log Command line argument: -Dsqlserver.auth.dll.path=D:\housys\FingerprintClient_IDSL_DEVICEFIX03042026\FingerprintClient_IDSL_DEVICEFIX\app\tomcat\bin\mssql-jdbc_auth-13.2.1.x64.dll
08-Apr-2026 13:24:56.845 INFO [main] org.apache.catalina.startup.VersionLoggerListener.log Command line argument: -Dignore.endorsed.dirs=
08-Apr-2026 13:24:56.845 INFO [main] org.apache.catalina.startup.VersionLoggerListener.log Command line argument: -Dcatalina.base=D:\housys\FingerprintClient_IDSL_DEVICEFIX03042026\FingerprintClient_IDSL_DEVICEFIX\app\tomcat
08-Apr-2026 13:24:56.845 INFO [main] org.apache.catalina.startup.VersionLoggerListener.log Command line argument: -Dcatalina.home=D:\housys\FingerprintClient_IDSL_DEVICEFIX03042026\FingerprintClient_IDSL_DEVICEFIX\app\tomcat
08-Apr-2026 13:24:56.845 INFO [main] org.apache.catalina.startup.VersionLoggerListener.log Command line argument: -Djava.io.tmpdir=D:\housys\FingerprintClient_IDSL_DEVICEFIX03042026\FingerprintClient_IDSL_DEVICEFIX\app\tomcat\temp
08-Apr-2026 13:24:56.906 INFO [main] org.apache.catalina.core.AprLifecycleListener.lifecycleEvent Loaded Apache Tomcat Native library [1.3.5] using APR version [1.7.6].
08-Apr-2026 13:24:56.906 INFO [main] org.apache.catalina.core.AprLifecycleListener.lifecycleEvent APR capabilities: IPv6 [true], sendfile [true], accept filters [false], random [true], UDS [true].
08-Apr-2026 13:24:56.906 INFO [main] org.apache.catalina.core.AprLifecycleListener.lifecycleEvent APR/OpenSSL configuration: useAprConnector [false], useOpenSSL [true]
08-Apr-2026 13:24:56.920 INFO [main] org.apache.catalina.core.AprLifecycleListener.initializeSSL OpenSSL successfully initialized [OpenSSL 3.0.18 30 Sep 2025]
08-Apr-2026 13:24:57.250 INFO [main] org.apache.coyote.AbstractProtocol.init Initializing ProtocolHandler ["http-nio-8080"]
08-Apr-2026 13:24:57.266 INFO [main] org.apache.catalina.startup.Catalina.load Server initialization in [639] milliseconds
08-Apr-2026 13:24:57.296 INFO [main] org.apache.catalina.core.StandardService.startInternal Starting service [Catalina]
08-Apr-2026 13:24:57.297 INFO [main] org.apache.catalina.core.StandardEngine.startInternal Starting Servlet engine: [Apache Tomcat/9.0.115]
08-Apr-2026 13:24:57.315 INFO [main] org.apache.catalina.startup.HostConfig.deployWAR Deploying web application archive [D:\housys\FingerprintClient_IDSL_DEVICEFIX03042026\FingerprintClient_IDSL_DEVICEFIX\app\tomcat\webapps\demo.war]
08-Apr-2026 13:25:00.878 INFO [main] org.apache.jasper.servlet.TldScanner.scanJars At least one JAR was scanned for TLDs yet contained no TLDs. Enable debug logging for this logger for a complete list of JARs that were scanned but no TLDs were found in them. Skipping unneeded JARs during scanning can improve startup time and JSP compilation time.
08-Apr-2026 13:25:05.948 INFO [main] org.apache.catalina.startup.HostConfig.deployWAR Deployment of web application archive [D:\housys\FingerprintClient_IDSL_DEVICEFIX03042026\FingerprintClient_IDSL_DEVICEFIX\app\tomcat\webapps\demo.war] has finished in [8,631] ms
08-Apr-2026 13:25:05.949 INFO [main] org.apache.catalina.startup.HostConfig.deployDirectory Deploying web application directory [D:\housys\FingerprintClient_IDSL_DEVICEFIX03042026\FingerprintClient_IDSL_DEVICEFIX\app\tomcat\webapps\docs]
08-Apr-2026 13:25:05.993 INFO [main] org.apache.catalina.startup.HostConfig.deployDirectory Deployment of web application directory [D:\housys\FingerprintClient_IDSL_DEVICEFIX03042026\FingerprintClient_IDSL_DEVICEFIX\app\tomcat\webapps\docs] has finished in [44] ms
08-Apr-2026 13:25:05.993 INFO [main] org.apache.catalina.startup.HostConfig.deployDirectory Deploying web application directory [D:\housys\FingerprintClient_IDSL_DEVICEFIX03042026\FingerprintClient_IDSL_DEVICEFIX\app\tomcat\webapps\examples]
08-Apr-2026 13:25:06.750 INFO [main] org.apache.catalina.startup.HostConfig.deployDirectory Deployment of web application directory [D:\housys\FingerprintClient_IDSL_DEVICEFIX03042026\FingerprintClient_IDSL_DEVICEFIX\app\tomcat\webapps\examples] has finished in [757] ms
08-Apr-2026 13:25:06.751 INFO [main] org.apache.catalina.startup.HostConfig.deployDirectory Deploying web application directory [D:\housys\FingerprintClient_IDSL_DEVICEFIX03042026\FingerprintClient_IDSL_DEVICEFIX\app\tomcat\webapps\host-manager]
08-Apr-2026 13:25:06.797 INFO [main] org.apache.catalina.startup.HostConfig.deployDirectory Deployment of web application directory [D:\housys\FingerprintClient_IDSL_DEVICEFIX03042026\FingerprintClient_IDSL_DEVICEFIX\app\tomcat\webapps\host-manager] has finished in [46] ms
08-Apr-2026 13:25:06.797 INFO [main] org.apache.catalina.startup.HostConfig.deployDirectory Deploying web application directory [D:\housys\FingerprintClient_IDSL_DEVICEFIX03042026\FingerprintClient_IDSL_DEVICEFIX\app\tomcat\webapps\manager]
08-Apr-2026 13:25:06.840 INFO [main] org.apache.catalina.startup.HostConfig.deployDirectory Deployment of web application directory [D:\housys\FingerprintClient_IDSL_DEVICEFIX03042026\FingerprintClient_IDSL_DEVICEFIX\app\tomcat\webapps\manager] has finished in [43] ms
08-Apr-2026 13:25:06.840 INFO [main] org.apache.catalina.startup.HostConfig.deployDirectory Deploying web application directory [D:\housys\FingerprintClient_IDSL_DEVICEFIX03042026\FingerprintClient_IDSL_DEVICEFIX\app\tomcat\webapps\ROOT]
08-Apr-2026 13:25:06.868 INFO [main] org.apache.catalina.startup.HostConfig.deployDirectory Deployment of web application directory [D:\housys\FingerprintClient_IDSL_DEVICEFIX03042026\FingerprintClient_IDSL_DEVICEFIX\app\tomcat\webapps\ROOT] has finished in [28] ms
08-Apr-2026 13:25:06.872 INFO [main] org.apache.coyote.AbstractProtocol.start Starting ProtocolHandler ["http-nio-8080"]
08-Apr-2026 13:25:06.888 INFO [main] org.apache.catalina.startup.Catalina.start Server startup in [9621] milliseconds
08-Apr-2026 18:54:20.702 INFO [Thread-13] org.apache.coyote.AbstractProtocol.pause Pausing ProtocolHandler ["http-nio-8080"]
08-Apr-2026 18:54:20.874 INFO [Thread-13] org.apache.catalina.core.StandardService.stopInternal Stopping service [Catalina]
08-Apr-2026 18:54:21.197 WARNING [Thread-13] org.apache.catalina.loader.WebappClassLoaderBase.clearReferencesJdbc The web application [demo] registered the JDBC driver [com.microsoft.sqlserver.jdbc.SQLServerDriver] but failed to unregister it when the web application was stopped. To prevent a memory leak, the JDBC Driver has been forcibly unregistered.
08-Apr-2026 18:54:21.199 WARNING [Thread-13] org.apache.catalina.loader.WebappClassLoaderBase.clearReferencesThreads The web application [demo] appears to have started a thread named [Timer-0] but has failed to stop it. This is very likely to create a memory leak. Stack trace of thread:
 java.lang.Object.wait(Native Method)
 java.util.TimerThread.mainLoop(Unknown Source)
 java.util.TimerThread.run(Unknown Source)
08-Apr-2026 18:54:21.211 INFO [Thread-13] org.apache.coyote.AbstractProtocol.stop Stopping ProtocolHandler ["http-nio-8080"]
08-Apr-2026 18:54:21.221 INFO [Thread-13] org.apache.coyote.AbstractProtocol.destroy Destroying ProtocolHandler ["http-nio-8080"]
08-Apr-2026 19:00:30.847 INFO [main] org.apache.catalina.startup.VersionLoggerListener.log Server version name:   Apache Tomcat/9.0.115
08-Apr-2026 19:00:30.855 INFO [main] org.apache.catalina.startup.VersionLoggerListener.log Server built:          Jan 21 2026 08:17:26 UTC
08-Apr-2026 19:00:30.857 INFO [main] org.apache.catalina.startup.VersionLoggerListener.log Server version number: 9.0.115.0
08-Apr-2026 19:00:30.857 INFO [main] org.apache.catalina.startup.VersionLoggerListener.log OS Name:               Windows 10
08-Apr-2026 19:00:30.857 INFO [main] org.apache.catalina.startup.VersionLoggerListener.log OS Version:            10.0
08-Apr-2026 19:00:30.857 INFO [main] org.apache.catalina.startup.VersionLoggerListener.log Architecture:          amd64
08-Apr-2026 19:00:30.857 INFO [main] org.apache.catalina.startup.VersionLoggerListener.log Java Home:             D:\housys\FingerprintClient_IDSL_DEVICEFIX03042026\FingerprintClient_IDSL_DEVICEFIX\app\jre
08-Apr-2026 19:00:30.857 INFO [main] org.apache.catalina.startup.VersionLoggerListener.log JVM Version:           1.8.0_202-b08
08-Apr-2026 19:00:30.857 INFO [main] org.apache.catalina.startup.VersionLoggerListener.log JVM Vendor:            Oracle Corporation
08-Apr-2026 19:00:30.857 INFO [main] org.apache.catalina.startup.VersionLoggerListener.log CATALINA_BASE:         D:\housys\FingerprintClient_IDSL_DEVICEFIX03042026\FingerprintClient_IDSL_DEVICEFIX\app\tomcat
08-Apr-2026 19:00:30.857 INFO [main] org.apache.catalina.startup.VersionLoggerListener.log CATALINA_HOME:         D:\housys\FingerprintClient_IDSL_DEVICEFIX03042026\FingerprintClient_IDSL_DEVICEFIX\app\tomcat
08-Apr-2026 19:00:30.912 INFO [main] org.apache.catalina.startup.VersionLoggerListener.log Command line argument: -Djava.util.logging.config.file=D:\housys\FingerprintClient_IDSL_DEVICEFIX03042026\FingerprintClient_IDSL_DEVICEFIX\app\tomcat\conf\logging.properties
08-Apr-2026 19:00:30.912 INFO [main] org.apache.catalina.startup.VersionLoggerListener.log Command line argument: -Djava.util.logging.manager=org.apache.juli.ClassLoaderLogManager
08-Apr-2026 19:00:30.912 INFO [main] org.apache.catalina.startup.VersionLoggerListener.log Command line argument: -Djava.library.path=D:\housys\FingerprintClient_IDSL_DEVICEFIX03042026\FingerprintClient_IDSL_DEVICEFIX\app\tomcat\bin
08-Apr-2026 19:00:30.912 INFO [main] org.apache.catalina.startup.VersionLoggerListener.log Command line argument: -Dsqlserver.auth.dll.path=D:\housys\FingerprintClient_IDSL_DEVICEFIX03042026\FingerprintClient_IDSL_DEVICEFIX\app\tomcat\bin\mssql-jdbc_auth-13.2.1.x64.dll
08-Apr-2026 19:00:30.912 INFO [main] org.apache.catalina.startup.VersionLoggerListener.log Command line argument: -Djdk.tls.ephemeralDHKeySize=2048
08-Apr-2026 19:00:30.912 INFO [main] org.apache.catalina.startup.VersionLoggerListener.log Command line argument: -Djava.protocol.handler.pkgs=org.apache.catalina.webresources
08-Apr-2026 19:00:30.912 INFO [main] org.apache.catalina.startup.VersionLoggerListener.log Command line argument: -Dsun.io.useCanonCaches=false
08-Apr-2026 19:00:30.912 INFO [main] org.apache.catalina.startup.VersionLoggerListener.log Command line argument: -Djava.library.path=D:\housys\FingerprintClient_IDSL_DEVICEFIX03042026\FingerprintClient_IDSL_DEVICEFIX\app\tomcat\bin
08-Apr-2026 19:00:30.912 INFO [main] org.apache.catalina.startup.VersionLoggerListener.log Command line argument: -Dsqlserver.auth.dll.path=D:\housys\FingerprintClient_IDSL_DEVICEFIX03042026\FingerprintClient_IDSL_DEVICEFIX\app\tomcat\bin\mssql-jdbc_auth-13.2.1.x64.dll
08-Apr-2026 19:00:30.912 INFO [main] org.apache.catalina.startup.VersionLoggerListener.log Command line argument: -Dignore.endorsed.dirs=
08-Apr-2026 19:00:30.912 INFO [main] org.apache.catalina.startup.VersionLoggerListener.log Command line argument: -Dcatalina.base=D:\housys\FingerprintClient_IDSL_DEVICEFIX03042026\FingerprintClient_IDSL_DEVICEFIX\app\tomcat
08-Apr-2026 19:00:30.912 INFO [main] org.apache.catalina.startup.VersionLoggerListener.log Command line argument: -Dcatalina.home=D:\housys\FingerprintClient_IDSL_DEVICEFIX03042026\FingerprintClient_IDSL_DEVICEFIX\app\tomcat
08-Apr-2026 19:00:30.912 INFO [main] org.apache.catalina.startup.VersionLoggerListener.log Command line argument: -Djava.io.tmpdir=D:\housys\FingerprintClient_IDSL_DEVICEFIX03042026\FingerprintClient_IDSL_DEVICEFIX\app\tomcat\temp
08-Apr-2026 19:00:31.040 INFO [main] org.apache.catalina.core.AprLifecycleListener.lifecycleEvent Loaded Apache Tomcat Native library [1.3.5] using APR version [1.7.6].
08-Apr-2026 19:00:31.040 INFO [main] org.apache.catalina.core.AprLifecycleListener.lifecycleEvent APR capabilities: IPv6 [true], sendfile [true], accept filters [false], random [true], UDS [true].
08-Apr-2026 19:00:31.040 INFO [main] org.apache.catalina.core.AprLifecycleListener.lifecycleEvent APR/OpenSSL configuration: useAprConnector [false], useOpenSSL [true]
08-Apr-2026 19:00:31.058 INFO [main] org.apache.catalina.core.AprLifecycleListener.initializeSSL OpenSSL successfully initialized [OpenSSL 3.0.18 30 Sep 2025]
08-Apr-2026 19:00:31.607 INFO [main] org.apache.coyote.AbstractProtocol.init Initializing ProtocolHandler ["http-nio-8080"]
08-Apr-2026 19:00:31.635 INFO [main] org.apache.catalina.startup.Catalina.load Server initialization in [1198] milliseconds
08-Apr-2026 19:00:31.674 INFO [main] org.apache.catalina.core.StandardService.startInternal Starting service [Catalina]
08-Apr-2026 19:00:31.674 INFO [main] org.apache.catalina.core.StandardEngine.startInternal Starting Servlet engine: [Apache Tomcat/9.0.115]
08-Apr-2026 19:00:31.694 INFO [main] org.apache.catalina.startup.HostConfig.deployWAR Deploying web application archive [D:\housys\FingerprintClient_IDSL_DEVICEFIX03042026\FingerprintClient_IDSL_DEVICEFIX\app\tomcat\webapps\demo.war]
08-Apr-2026 19:00:36.130 INFO [main] org.apache.jasper.servlet.TldScanner.scanJars At least one JAR was scanned for TLDs yet contained no TLDs. Enable debug logging for this logger for a complete list of JARs that were scanned but no TLDs were found in them. Skipping unneeded JARs during scanning can improve startup time and JSP compilation time.
08-Apr-2026 19:00:41.623 INFO [main] org.apache.catalina.startup.HostConfig.deployWAR Deployment of web application archive [D:\housys\FingerprintClient_IDSL_DEVICEFIX03042026\FingerprintClient_IDSL_DEVICEFIX\app\tomcat\webapps\demo.war] has finished in [9,927] ms
08-Apr-2026 19:00:41.625 INFO [main] org.apache.catalina.startup.HostConfig.deployDirectory Deploying web application directory [D:\housys\FingerprintClient_IDSL_DEVICEFIX03042026\FingerprintClient_IDSL_DEVICEFIX\app\tomcat\webapps\docs]
08-Apr-2026 19:00:41.672 INFO [main] org.apache.catalina.startup.HostConfig.deployDirectory Deployment of web application directory [D:\housys\FingerprintClient_IDSL_DEVICEFIX03042026\FingerprintClient_IDSL_DEVICEFIX\app\tomcat\webapps\docs] has finished in [47] ms
08-Apr-2026 19:00:41.672 INFO [main] org.apache.catalina.startup.HostConfig.deployDirectory Deploying web application directory [D:\housys\FingerprintClient_IDSL_DEVICEFIX03042026\FingerprintClient_IDSL_DEVICEFIX\app\tomcat\webapps\examples]
08-Apr-2026 19:00:42.468 INFO [main] org.apache.catalina.startup.HostConfig.deployDirectory Deployment of web application directory [D:\housys\FingerprintClient_IDSL_DEVICEFIX03042026\FingerprintClient_IDSL_DEVICEFIX\app\tomcat\webapps\examples] has finished in [796] ms
08-Apr-2026 19:00:42.470 INFO [main] org.apache.catalina.startup.HostConfig.deployDirectory Deploying web application directory [D:\housys\FingerprintClient_IDSL_DEVICEFIX03042026\FingerprintClient_IDSL_DEVICEFIX\app\tomcat\webapps\host-manager]
08-Apr-2026 19:00:42.515 INFO [main] org.apache.catalina.startup.HostConfig.deployDirectory Deployment of web application directory [D:\housys\FingerprintClient_IDSL_DEVICEFIX03042026\FingerprintClient_IDSL_DEVICEFIX\app\tomcat\webapps\host-manager] has finished in [47] ms
08-Apr-2026 19:00:42.517 INFO [main] org.apache.catalina.startup.HostConfig.deployDirectory Deploying web application directory [D:\housys\FingerprintClient_IDSL_DEVICEFIX03042026\FingerprintClient_IDSL_DEVICEFIX\app\tomcat\webapps\manager]
08-Apr-2026 19:00:42.563 INFO [main] org.apache.catalina.startup.HostConfig.deployDirectory Deployment of web application directory [D:\housys\FingerprintClient_IDSL_DEVICEFIX03042026\FingerprintClient_IDSL_DEVICEFIX\app\tomcat\webapps\manager] has finished in [46] ms
08-Apr-2026 19:00:42.563 INFO [main] org.apache.catalina.startup.HostConfig.deployDirectory Deploying web application directory [D:\housys\FingerprintClient_IDSL_DEVICEFIX03042026\FingerprintClient_IDSL_DEVICEFIX\app\tomcat\webapps\ROOT]
08-Apr-2026 19:00:42.594 INFO [main] org.apache.catalina.startup.HostConfig.deployDirectory Deployment of web application directory [D:\housys\FingerprintClient_IDSL_DEVICEFIX03042026\FingerprintClient_IDSL_DEVICEFIX\app\tomcat\webapps\ROOT] has finished in [31] ms
08-Apr-2026 19:00:42.598 INFO [main] org.apache.coyote.AbstractProtocol.start Starting ProtocolHandler ["http-nio-8080"]
08-Apr-2026 19:00:42.614 INFO [main] org.apache.catalina.startup.Catalina.start Server startup in [10978] milliseconds
08-Apr-2026 19:17:36.903 INFO [Thread-13] org.apache.coyote.AbstractProtocol.pause Pausing ProtocolHandler ["http-nio-8080"]
08-Apr-2026 19:17:37.075 INFO [Thread-13] org.apache.catalina.core.StandardService.stopInternal Stopping service [Catalina]
08-Apr-2026 19:17:37.221 WARNING [Thread-13] org.apache.catalina.loader.WebappClassLoaderBase.clearReferencesJdbc The web application [demo] registered the JDBC driver [com.microsoft.sqlserver.jdbc.SQLServerDriver] but failed to unregister it when the web application was stopped. To prevent a memory leak, the JDBC Driver has been forcibly unregistered.
08-Apr-2026 19:17:37.223 WARNING [Thread-13] org.apache.catalina.loader.WebappClassLoaderBase.clearReferencesThreads The web application [demo] appears to have started a thread named [Timer-0] but has failed to stop it. This is very likely to create a memory leak. Stack trace of thread:
 java.lang.Object.wait(Native Method)
 java.util.TimerThread.mainLoop(Unknown Source)
 java.util.TimerThread.run(Unknown Source)
08-Apr-2026 19:17:37.233 INFO [Thread-13] org.apache.coyote.AbstractProtocol.stop Stopping ProtocolHandler ["http-nio-8080"]
08-Apr-2026 19:17:37.249 INFO [Thread-13] org.apache.coyote.AbstractProtocol.destroy Destroying ProtocolHandler ["http-nio-8080"]
08-Apr-2026 19:21:35.006 INFO [main] org.apache.catalina.startup.VersionLoggerListener.log Server version name:   Apache Tomcat/9.0.115
08-Apr-2026 19:21:35.012 INFO [main] org.apache.catalina.startup.VersionLoggerListener.log Server built:          Jan 21 2026 08:17:26 UTC
08-Apr-2026 19:21:35.012 INFO [main] org.apache.catalina.startup.VersionLoggerListener.log Server version number: 9.0.115.0
08-Apr-2026 19:21:35.012 INFO [main] org.apache.catalina.startup.VersionLoggerListener.log OS Name:               Windows 10
08-Apr-2026 19:21:35.012 INFO [main] org.apache.catalina.startup.VersionLoggerListener.log OS Version:            10.0
08-Apr-2026 19:21:35.012 INFO [main] org.apache.catalina.startup.VersionLoggerListener.log Architecture:          amd64
08-Apr-2026 19:21:35.013 INFO [main] org.apache.catalina.startup.VersionLoggerListener.log Java Home:             D:\housys\FingerprintClient_IDSL_DEVICEFIX03042026\FingerprintClient_IDSL_DEVICEFIX\app\jre
08-Apr-2026 19:21:35.013 INFO [main] org.apache.catalina.startup.VersionLoggerListener.log JVM Version:           1.8.0_202-b08
08-Apr-2026 19:21:35.013 INFO [main] org.apache.catalina.startup.VersionLoggerListener.log JVM Vendor:            Oracle Corporation
08-Apr-2026 19:21:35.013 INFO [main] org.apache.catalina.startup.VersionLoggerListener.log CATALINA_BASE:         D:\housys\FingerprintClient_IDSL_DEVICEFIX03042026\FingerprintClient_IDSL_DEVICEFIX\app\tomcat
08-Apr-2026 19:21:35.013 INFO [main] org.apache.catalina.startup.VersionLoggerListener.log CATALINA_HOME:         D:\housys\FingerprintClient_IDSL_DEVICEFIX03042026\FingerprintClient_IDSL_DEVICEFIX\app\tomcat
08-Apr-2026 19:21:35.064 INFO [main] org.apache.catalina.startup.VersionLoggerListener.log Command line argument: -Djava.util.logging.config.file=D:\housys\FingerprintClient_IDSL_DEVICEFIX03042026\FingerprintClient_IDSL_DEVICEFIX\app\tomcat\conf\logging.properties
08-Apr-2026 19:21:35.065 INFO [main] org.apache.catalina.startup.VersionLoggerListener.log Command line argument: -Djava.util.logging.manager=org.apache.juli.ClassLoaderLogManager
08-Apr-2026 19:21:35.065 INFO [main] org.apache.catalina.startup.VersionLoggerListener.log Command line argument: -Djava.library.path=D:\housys\FingerprintClient_IDSL_DEVICEFIX03042026\FingerprintClient_IDSL_DEVICEFIX\app\tomcat\bin
08-Apr-2026 19:21:35.065 INFO [main] org.apache.catalina.startup.VersionLoggerListener.log Command line argument: -Dsqlserver.auth.dll.path=D:\housys\FingerprintClient_IDSL_DEVICEFIX03042026\FingerprintClient_IDSL_DEVICEFIX\app\tomcat\bin\mssql-jdbc_auth-13.2.1.x64.dll
08-Apr-2026 19:21:35.065 INFO [main] org.apache.catalina.startup.VersionLoggerListener.log Command line argument: -Djdk.tls.ephemeralDHKeySize=2048
08-Apr-2026 19:21:35.065 INFO [main] org.apache.catalina.startup.VersionLoggerListener.log Command line argument: -Djava.protocol.handler.pkgs=org.apache.catalina.webresources
08-Apr-2026 19:21:35.065 INFO [main] org.apache.catalina.startup.VersionLoggerListener.log Command line argument: -Dsun.io.useCanonCaches=false
08-Apr-2026 19:21:35.065 INFO [main] org.apache.catalina.startup.VersionLoggerListener.log Command line argument: -Dignore.endorsed.dirs=
08-Apr-2026 19:21:35.065 INFO [main] org.apache.catalina.startup.VersionLoggerListener.log Command line argument: -Dcatalina.base=D:\housys\FingerprintClient_IDSL_DEVICEFIX03042026\FingerprintClient_IDSL_DEVICEFIX\app\tomcat
08-Apr-2026 19:21:35.066 INFO [main] org.apache.catalina.startup.VersionLoggerListener.log Command line argument: -Dcatalina.home=D:\housys\FingerprintClient_IDSL_DEVICEFIX03042026\FingerprintClient_IDSL_DEVICEFIX\app\tomcat
08-Apr-2026 19:21:35.066 INFO [main] org.apache.catalina.startup.VersionLoggerListener.log Command line argument: -Djava.io.tmpdir=D:\housys\FingerprintClient_IDSL_DEVICEFIX03042026\FingerprintClient_IDSL_DEVICEFIX\app\tomcat\temp
08-Apr-2026 19:21:35.121 INFO [main] org.apache.catalina.core.AprLifecycleListener.lifecycleEvent Loaded Apache Tomcat Native library [1.3.5] using APR version [1.7.6].
08-Apr-2026 19:21:35.121 INFO [main] org.apache.catalina.core.AprLifecycleListener.lifecycleEvent APR capabilities: IPv6 [true], sendfile [true], accept filters [false], random [true], UDS [true].
08-Apr-2026 19:21:35.122 INFO [main] org.apache.catalina.core.AprLifecycleListener.lifecycleEvent APR/OpenSSL configuration: useAprConnector [false], useOpenSSL [true]
08-Apr-2026 19:21:35.139 INFO [main] org.apache.catalina.core.AprLifecycleListener.initializeSSL OpenSSL successfully initialized [OpenSSL 3.0.18 30 Sep 2025]
08-Apr-2026 19:21:35.579 INFO [main] org.apache.coyote.AbstractProtocol.init Initializing ProtocolHandler ["http-nio-8080"]
08-Apr-2026 19:21:35.606 INFO [main] org.apache.catalina.startup.Catalina.load Server initialization in [823] milliseconds
08-Apr-2026 19:21:36.795 INFO [main] org.apache.catalina.startup.VersionLoggerListener.log Server version name:   Apache Tomcat/9.0.115
08-Apr-2026 19:21:36.799 INFO [main] org.apache.catalina.startup.VersionLoggerListener.log Server built:          Jan 21 2026 08:17:26 UTC
08-Apr-2026 19:21:36.801 INFO [main] org.apache.catalina.startup.VersionLoggerListener.log Server version number: 9.0.115.0
08-Apr-2026 19:21:36.801 INFO [main] org.apache.catalina.startup.VersionLoggerListener.log OS Name:               Windows 10
08-Apr-2026 19:21:36.801 INFO [main] org.apache.catalina.startup.VersionLoggerListener.log OS Version:            10.0
08-Apr-2026 19:21:36.801 INFO [main] org.apache.catalina.startup.VersionLoggerListener.log Architecture:          amd64
08-Apr-2026 19:21:36.801 INFO [main] org.apache.catalina.startup.VersionLoggerListener.log Java Home:             D:\housys\FingerprintClient_IDSL_DEVICEFIX03042026\FingerprintClient_IDSL_DEVICEFIX\app\jre
08-Apr-2026 19:21:36.801 INFO [main] org.apache.catalina.startup.VersionLoggerListener.log JVM Version:           1.8.0_202-b08
08-Apr-2026 19:21:36.801 INFO [main] org.apache.catalina.startup.VersionLoggerListener.log JVM Vendor:            Oracle Corporation
08-Apr-2026 19:21:36.801 INFO [main] org.apache.catalina.startup.VersionLoggerListener.log CATALINA_BASE:         D:\housys\FingerprintClient_IDSL_DEVICEFIX03042026\FingerprintClient_IDSL_DEVICEFIX\app\tomcat
08-Apr-2026 19:21:36.801 INFO [main] org.apache.catalina.startup.VersionLoggerListener.log CATALINA_HOME:         D:\housys\FingerprintClient_IDSL_DEVICEFIX03042026\FingerprintClient_IDSL_DEVICEFIX\app\tomcat
08-Apr-2026 19:21:36.805 INFO [main] org.apache.catalina.startup.VersionLoggerListener.log Command line argument: -Djava.util.logging.config.file=D:\housys\FingerprintClient_IDSL_DEVICEFIX03042026\FingerprintClient_IDSL_DEVICEFIX\app\tomcat\conf\logging.properties
08-Apr-2026 19:21:36.807 INFO [main] org.apache.catalina.startup.VersionLoggerListener.log Command line argument: -Djava.util.logging.manager=org.apache.juli.ClassLoaderLogManager
08-Apr-2026 19:21:36.807 INFO [main] org.apache.catalina.startup.VersionLoggerListener.log Command line argument: -Djava.library.path=D:\housys\FingerprintClient_IDSL_DEVICEFIX03042026\FingerprintClient_IDSL_DEVICEFIX\app\tomcat\bin
08-Apr-2026 19:21:36.807 INFO [main] org.apache.catalina.startup.VersionLoggerListener.log Command line argument: -Dsqlserver.auth.dll.path=D:\housys\FingerprintClient_IDSL_DEVICEFIX03042026\FingerprintClient_IDSL_DEVICEFIX\app\tomcat\bin\mssql-jdbc_auth-13.2.1.x64.dll
08-Apr-2026 19:21:36.807 INFO [main] org.apache.catalina.startup.VersionLoggerListener.log Command line argument: -Djdk.tls.ephemeralDHKeySize=2048
08-Apr-2026 19:21:36.807 INFO [main] org.apache.catalina.startup.VersionLoggerListener.log Command line argument: -Djava.protocol.handler.pkgs=org.apache.catalina.webresources
08-Apr-2026 19:21:36.807 INFO [main] org.apache.catalina.startup.VersionLoggerListener.log Command line argument: -Dsun.io.useCanonCaches=false
08-Apr-2026 19:21:36.807 INFO [main] org.apache.catalina.startup.VersionLoggerListener.log Command line argument: -Djava.library.path=D:\housys\FingerprintClient_IDSL_DEVICEFIX03042026\FingerprintClient_IDSL_DEVICEFIX\app\tomcat\bin
08-Apr-2026 19:21:36.807 INFO [main] org.apache.catalina.startup.VersionLoggerListener.log Command line argument: -Dsqlserver.auth.dll.path=D:\housys\FingerprintClient_IDSL_DEVICEFIX03042026\FingerprintClient_IDSL_DEVICEFIX\app\tomcat\bin\mssql-jdbc_auth-13.2.1.x64.dll
08-Apr-2026 19:21:36.807 INFO [main] org.apache.catalina.startup.VersionLoggerListener.log Command line argument: -Dignore.endorsed.dirs=
08-Apr-2026 19:21:36.807 INFO [main] org.apache.catalina.startup.VersionLoggerListener.log Command line argument: -Dcatalina.base=D:\housys\FingerprintClient_IDSL_DEVICEFIX03042026\FingerprintClient_IDSL_DEVICEFIX\app\tomcat
08-Apr-2026 19:21:36.807 INFO [main] org.apache.catalina.startup.VersionLoggerListener.log Command line argument: -Dcatalina.home=D:\housys\FingerprintClient_IDSL_DEVICEFIX03042026\FingerprintClient_IDSL_DEVICEFIX\app\tomcat
08-Apr-2026 19:21:36.807 INFO [main] org.apache.catalina.startup.VersionLoggerListener.log Command line argument: -Djava.io.tmpdir=D:\housys\FingerprintClient_IDSL_DEVICEFIX03042026\FingerprintClient_IDSL_DEVICEFIX\app\tomcat\temp
08-Apr-2026 19:21:36.817 INFO [main] org.apache.catalina.core.AprLifecycleListener.lifecycleEvent Loaded Apache Tomcat Native library [1.3.5] using APR version [1.7.6].
08-Apr-2026 19:21:36.817 INFO [main] org.apache.catalina.core.AprLifecycleListener.lifecycleEvent APR capabilities: IPv6 [true], sendfile [true], accept filters [false], random [true], UDS [true].
08-Apr-2026 19:21:36.817 INFO [main] org.apache.catalina.core.AprLifecycleListener.lifecycleEvent APR/OpenSSL configuration: useAprConnector [false], useOpenSSL [true]
08-Apr-2026 19:21:36.832 INFO [main] org.apache.catalina.core.AprLifecycleListener.initializeSSL OpenSSL successfully initialized [OpenSSL 3.0.18 30 Sep 2025]
08-Apr-2026 19:21:37.198 INFO [main] org.apache.coyote.AbstractProtocol.init Initializing ProtocolHandler ["http-nio-8080"]
08-Apr-2026 19:21:37.220 INFO [main] org.apache.catalina.startup.Catalina.load Server initialization in [640] milliseconds
08-Apr-2026 19:21:37.251 INFO [main] org.apache.catalina.core.StandardService.startInternal Starting service [Catalina]
08-Apr-2026 19:21:37.251 INFO [main] org.apache.catalina.core.StandardEngine.startInternal Starting Servlet engine: [Apache Tomcat/9.0.115]
08-Apr-2026 19:21:37.271 INFO [main] org.apache.catalina.startup.HostConfig.deployWAR Deploying web application archive [D:\housys\FingerprintClient_IDSL_DEVICEFIX03042026\FingerprintClient_IDSL_DEVICEFIX\app\tomcat\webapps\demo.war]
08-Apr-2026 19:21:40.571 INFO [main] org.apache.jasper.servlet.TldScanner.scanJars At least one JAR was scanned for TLDs yet contained no TLDs. Enable debug logging for this logger for a complete list of JARs that were scanned but no TLDs were found in them. Skipping unneeded JARs during scanning can improve startup time and JSP compilation time.
08-Apr-2026 19:21:46.141 INFO [main] org.apache.catalina.startup.HostConfig.deployWAR Deployment of web application archive [D:\housys\FingerprintClient_IDSL_DEVICEFIX03042026\FingerprintClient_IDSL_DEVICEFIX\app\tomcat\webapps\demo.war] has finished in [8,868] ms
08-Apr-2026 19:21:46.141 INFO [main] org.apache.catalina.startup.HostConfig.deployDirectory Deploying web application directory [D:\housys\FingerprintClient_IDSL_DEVICEFIX03042026\FingerprintClient_IDSL_DEVICEFIX\app\tomcat\webapps\docs]
08-Apr-2026 19:21:46.184 INFO [main] org.apache.catalina.startup.HostConfig.deployDirectory Deployment of web application directory [D:\housys\FingerprintClient_IDSL_DEVICEFIX03042026\FingerprintClient_IDSL_DEVICEFIX\app\tomcat\webapps\docs] has finished in [43] ms
08-Apr-2026 19:21:46.186 INFO [main] org.apache.catalina.startup.HostConfig.deployDirectory Deploying web application directory [D:\housys\FingerprintClient_IDSL_DEVICEFIX03042026\FingerprintClient_IDSL_DEVICEFIX\app\tomcat\webapps\examples]
08-Apr-2026 19:21:46.772 INFO [main] org.apache.catalina.startup.HostConfig.deployDirectory Deployment of web application directory [D:\housys\FingerprintClient_IDSL_DEVICEFIX03042026\FingerprintClient_IDSL_DEVICEFIX\app\tomcat\webapps\examples] has finished in [586] ms
08-Apr-2026 19:21:46.772 INFO [main] org.apache.catalina.startup.HostConfig.deployDirectory Deploying web application directory [D:\housys\FingerprintClient_IDSL_DEVICEFIX03042026\FingerprintClient_IDSL_DEVICEFIX\app\tomcat\webapps\host-manager]
08-Apr-2026 19:21:46.820 INFO [main] org.apache.catalina.startup.HostConfig.deployDirectory Deployment of web application directory [D:\housys\FingerprintClient_IDSL_DEVICEFIX03042026\FingerprintClient_IDSL_DEVICEFIX\app\tomcat\webapps\host-manager] has finished in [48] ms
08-Apr-2026 19:21:46.820 INFO [main] org.apache.catalina.startup.HostConfig.deployDirectory Deploying web application directory [D:\housys\FingerprintClient_IDSL_DEVICEFIX03042026\FingerprintClient_IDSL_DEVICEFIX\app\tomcat\webapps\manager]
08-Apr-2026 19:21:46.873 INFO [main] org.apache.catalina.startup.HostConfig.deployDirectory Deployment of web application directory [D:\housys\FingerprintClient_IDSL_DEVICEFIX03042026\FingerprintClient_IDSL_DEVICEFIX\app\tomcat\webapps\manager] has finished in [53] ms
08-Apr-2026 19:21:46.873 INFO [main] org.apache.catalina.startup.HostConfig.deployDirectory Deploying web application directory [D:\housys\FingerprintClient_IDSL_DEVICEFIX03042026\FingerprintClient_IDSL_DEVICEFIX\app\tomcat\webapps\ROOT]
08-Apr-2026 19:21:46.912 INFO [main] org.apache.catalina.startup.HostConfig.deployDirectory Deployment of web application directory [D:\housys\FingerprintClient_IDSL_DEVICEFIX03042026\FingerprintClient_IDSL_DEVICEFIX\app\tomcat\webapps\ROOT] has finished in [39] ms
08-Apr-2026 19:21:46.916 INFO [main] org.apache.coyote.AbstractProtocol.start Starting ProtocolHandler ["http-nio-8080"]
08-Apr-2026 19:21:46.934 INFO [main] org.apache.catalina.startup.Catalina.start Server startup in [9713] milliseconds
08-Apr-2026 21:25:59.856 INFO [main] org.apache.catalina.startup.VersionLoggerListener.log Server version name:   Apache Tomcat/9.0.115
08-Apr-2026 21:25:59.860 INFO [main] org.apache.catalina.startup.VersionLoggerListener.log Server built:          Jan 21 2026 08:17:26 UTC
08-Apr-2026 21:25:59.860 INFO [main] org.apache.catalina.startup.VersionLoggerListener.log Server version number: 9.0.115.0
08-Apr-2026 21:25:59.860 INFO [main] org.apache.catalina.startup.VersionLoggerListener.log OS Name:               Windows 10
08-Apr-2026 21:25:59.860 INFO [main] org.apache.catalina.startup.VersionLoggerListener.log OS Version:            10.0
08-Apr-2026 21:25:59.860 INFO [main] org.apache.catalina.startup.VersionLoggerListener.log Architecture:          amd64
08-Apr-2026 21:25:59.860 INFO [main] org.apache.catalina.startup.VersionLoggerListener.log Java Home:             D:\housys\FingerprintClient_IDSL_DEVICEFIX03042026\FingerprintClient_IDSL_DEVICEFIX\app\jre
08-Apr-2026 21:25:59.860 INFO [main] org.apache.catalina.startup.VersionLoggerListener.log JVM Version:           1.8.0_202-b08
08-Apr-2026 21:25:59.860 INFO [main] org.apache.catalina.startup.VersionLoggerListener.log JVM Vendor:            Oracle Corporation
08-Apr-2026 21:25:59.860 INFO [main] org.apache.catalina.startup.VersionLoggerListener.log CATALINA_BASE:         D:\housys\FingerprintClient_IDSL_DEVICEFIX03042026\FingerprintClient_IDSL_DEVICEFIX\app\tomcat
08-Apr-2026 21:25:59.860 INFO [main] org.apache.catalina.startup.VersionLoggerListener.log CATALINA_HOME:         D:\housys\FingerprintClient_IDSL_DEVICEFIX03042026\FingerprintClient_IDSL_DEVICEFIX\app\tomcat
08-Apr-2026 21:25:59.904 INFO [main] org.apache.catalina.startup.VersionLoggerListener.log Command line argument: -Djava.util.logging.config.file=D:\housys\FingerprintClient_IDSL_DEVICEFIX03042026\FingerprintClient_IDSL_DEVICEFIX\app\tomcat\conf\logging.properties
08-Apr-2026 21:25:59.904 INFO [main] org.apache.catalina.startup.VersionLoggerListener.log Command line argument: -Djava.util.logging.manager=org.apache.juli.ClassLoaderLogManager
08-Apr-2026 21:25:59.906 INFO [main] org.apache.catalina.startup.VersionLoggerListener.log Command line argument: -Djava.library.path=D:\housys\FingerprintClient_IDSL_DEVICEFIX03042026\FingerprintClient_IDSL_DEVICEFIX\app\tomcat\bin
08-Apr-2026 21:25:59.906 INFO [main] org.apache.catalina.startup.VersionLoggerListener.log Command line argument: -Dsqlserver.auth.dll.path=D:\housys\FingerprintClient_IDSL_DEVICEFIX03042026\FingerprintClient_IDSL_DEVICEFIX\app\tomcat\bin\mssql-jdbc_auth-13.2.1.x64.dll
08-Apr-2026 21:25:59.906 INFO [main] org.apache.catalina.startup.VersionLoggerListener.log Command line argument: -Djdk.tls.ephemeralDHKeySize=2048
08-Apr-2026 21:25:59.906 INFO [main] org.apache.catalina.startup.VersionLoggerListener.log Command line argument: -Djava.protocol.handler.pkgs=org.apache.catalina.webresources
08-Apr-2026 21:25:59.906 INFO [main] org.apache.catalina.startup.VersionLoggerListener.log Command line argument: -Dsun.io.useCanonCaches=false
08-Apr-2026 21:25:59.906 INFO [main] org.apache.catalina.startup.VersionLoggerListener.log Command line argument: -Djava.library.path=D:\housys\FingerprintClient_IDSL_DEVICEFIX03042026\FingerprintClient_IDSL_DEVICEFIX\app\tomcat\bin
08-Apr-2026 21:25:59.906 INFO [main] org.apache.catalina.startup.VersionLoggerListener.log Command line argument: -Dsqlserver.auth.dll.path=D:\housys\FingerprintClient_IDSL_DEVICEFIX03042026\FingerprintClient_IDSL_DEVICEFIX\app\tomcat\bin\mssql-jdbc_auth-13.2.1.x64.dll
08-Apr-2026 21:25:59.906 INFO [main] org.apache.catalina.startup.VersionLoggerListener.log Command line argument: -Dignore.endorsed.dirs=
08-Apr-2026 21:25:59.906 INFO [main] org.apache.catalina.startup.VersionLoggerListener.log Command line argument: -Dcatalina.base=D:\housys\FingerprintClient_IDSL_DEVICEFIX03042026\FingerprintClient_IDSL_DEVICEFIX\app\tomcat
08-Apr-2026 21:25:59.906 INFO [main] org.apache.catalina.startup.VersionLoggerListener.log Command line argument: -Dcatalina.home=D:\housys\FingerprintClient_IDSL_DEVICEFIX03042026\FingerprintClient_IDSL_DEVICEFIX\app\tomcat
08-Apr-2026 21:25:59.906 INFO [main] org.apache.catalina.startup.VersionLoggerListener.log Command line argument: -Djava.io.tmpdir=D:\housys\FingerprintClient_IDSL_DEVICEFIX03042026\FingerprintClient_IDSL_DEVICEFIX\app\tomcat\temp
08-Apr-2026 21:25:59.969 INFO [main] org.apache.catalina.core.AprLifecycleListener.lifecycleEvent Loaded Apache Tomcat Native library [1.3.5] using APR version [1.7.6].
08-Apr-2026 21:25:59.969 INFO [main] org.apache.catalina.core.AprLifecycleListener.lifecycleEvent APR capabilities: IPv6 [true], sendfile [true], accept filters [false], random [true], UDS [true].
08-Apr-2026 21:25:59.971 INFO [main] org.apache.catalina.core.AprLifecycleListener.lifecycleEvent APR/OpenSSL configuration: useAprConnector [false], useOpenSSL [true]
08-Apr-2026 21:25:59.984 INFO [main] org.apache.catalina.core.AprLifecycleListener.initializeSSL OpenSSL successfully initialized [OpenSSL 3.0.18 30 Sep 2025]
08-Apr-2026 21:26:00.363 INFO [main] org.apache.coyote.AbstractProtocol.init Initializing ProtocolHandler ["http-nio-8080"]
08-Apr-2026 21:26:00.389 INFO [main] org.apache.catalina.startup.Catalina.load Server initialization in [753] milliseconds
08-Apr-2026 21:26:00.427 INFO [main] org.apache.catalina.core.StandardService.startInternal Starting service [Catalina]
08-Apr-2026 21:26:00.427 INFO [main] org.apache.catalina.core.StandardEngine.startInternal Starting Servlet engine: [Apache Tomcat/9.0.115]
08-Apr-2026 21:26:00.448 INFO [main] org.apache.catalina.startup.HostConfig.deployWAR Deploying web application archive [D:\housys\FingerprintClient_IDSL_DEVICEFIX03042026\FingerprintClient_IDSL_DEVICEFIX\app\tomcat\webapps\demo.war]
08-Apr-2026 21:26:04.120 INFO [main] org.apache.jasper.servlet.TldScanner.scanJars At least one JAR was scanned for TLDs yet contained no TLDs. Enable debug logging for this logger for a complete list of JARs that were scanned but no TLDs were found in them. Skipping unneeded JARs during scanning can improve startup time and JSP compilation time.
08-Apr-2026 21:26:09.278 INFO [main] org.apache.catalina.startup.HostConfig.deployWAR Deployment of web application archive [D:\housys\FingerprintClient_IDSL_DEVICEFIX03042026\FingerprintClient_IDSL_DEVICEFIX\app\tomcat\webapps\demo.war] has finished in [8,829] ms
08-Apr-2026 21:26:09.279 INFO [main] org.apache.catalina.startup.HostConfig.deployDirectory Deploying web application directory [D:\housys\FingerprintClient_IDSL_DEVICEFIX03042026\FingerprintClient_IDSL_DEVICEFIX\app\tomcat\webapps\docs]
08-Apr-2026 21:26:09.323 INFO [main] org.apache.catalina.startup.HostConfig.deployDirectory Deployment of web application directory [D:\housys\FingerprintClient_IDSL_DEVICEFIX03042026\FingerprintClient_IDSL_DEVICEFIX\app\tomcat\webapps\docs] has finished in [44] ms
08-Apr-2026 21:26:09.323 INFO [main] org.apache.catalina.startup.HostConfig.deployDirectory Deploying web application directory [D:\housys\FingerprintClient_IDSL_DEVICEFIX03042026\FingerprintClient_IDSL_DEVICEFIX\app\tomcat\webapps\examples]
08-Apr-2026 21:26:10.096 INFO [main] org.apache.catalina.startup.HostConfig.deployDirectory Deployment of web application directory [D:\housys\FingerprintClient_IDSL_DEVICEFIX03042026\FingerprintClient_IDSL_DEVICEFIX\app\tomcat\webapps\examples] has finished in [773] ms
08-Apr-2026 21:26:10.096 INFO [main] org.apache.catalina.startup.HostConfig.deployDirectory Deploying web application directory [D:\housys\FingerprintClient_IDSL_DEVICEFIX03042026\FingerprintClient_IDSL_DEVICEFIX\app\tomcat\webapps\host-manager]
08-Apr-2026 21:26:10.147 INFO [main] org.apache.catalina.startup.HostConfig.deployDirectory Deployment of web application directory [D:\housys\FingerprintClient_IDSL_DEVICEFIX03042026\FingerprintClient_IDSL_DEVICEFIX\app\tomcat\webapps\host-manager] has finished in [51] ms
08-Apr-2026 21:26:10.147 INFO [main] org.apache.catalina.startup.HostConfig.deployDirectory Deploying web application directory [D:\housys\FingerprintClient_IDSL_DEVICEFIX03042026\FingerprintClient_IDSL_DEVICEFIX\app\tomcat\webapps\manager]
08-Apr-2026 21:26:10.199 INFO [main] org.apache.catalina.startup.HostConfig.deployDirectory Deployment of web application directory [D:\housys\FingerprintClient_IDSL_DEVICEFIX03042026\FingerprintClient_IDSL_DEVICEFIX\app\tomcat\webapps\manager] has finished in [52] ms
08-Apr-2026 21:26:10.199 INFO [main] org.apache.catalina.startup.HostConfig.deployDirectory Deploying web application directory [D:\housys\FingerprintClient_IDSL_DEVICEFIX03042026\FingerprintClient_IDSL_DEVICEFIX\app\tomcat\webapps\ROOT]
08-Apr-2026 21:26:10.236 INFO [main] org.apache.catalina.startup.HostConfig.deployDirectory Deployment of web application directory [D:\housys\FingerprintClient_IDSL_DEVICEFIX03042026\FingerprintClient_IDSL_DEVICEFIX\app\tomcat\webapps\ROOT] has finished in [37] ms
08-Apr-2026 21:26:10.240 INFO [main] org.apache.coyote.AbstractProtocol.start Starting ProtocolHandler ["http-nio-8080"]
08-Apr-2026 21:26:10.258 INFO [main] org.apache.catalina.startup.Catalina.start Server startup in [9868] milliseconds
08-Apr-2026 21:29:10.729 INFO [Thread-13] org.apache.coyote.AbstractProtocol.pause Pausing ProtocolHandler ["http-nio-8080"]
08-Apr-2026 21:29:10.887 INFO [Thread-13] org.apache.catalina.core.StandardService.stopInternal Stopping service [Catalina]
08-Apr-2026 21:29:11.019 WARNING [Thread-13] org.apache.catalina.loader.WebappClassLoaderBase.clearReferencesJdbc The web application [demo] registered the JDBC driver [com.microsoft.sqlserver.jdbc.SQLServerDriver] but failed to unregister it when the web application was stopped. To prevent a memory leak, the JDBC Driver has been forcibly unregistered.
08-Apr-2026 21:29:11.021 WARNING [Thread-13] org.apache.catalina.loader.WebappClassLoaderBase.clearReferencesThreads The web application [demo] appears to have started a thread named [Timer-0] but has failed to stop it. This is very likely to create a memory leak. Stack trace of thread:
 java.lang.Object.wait(Native Method)
 java.util.TimerThread.mainLoop(Unknown Source)
 java.util.TimerThread.run(Unknown Source)
08-Apr-2026 21:29:11.033 INFO [Thread-13] org.apache.coyote.AbstractProtocol.stop Stopping ProtocolHandler ["http-nio-8080"]
08-Apr-2026 21:29:11.043 INFO [Thread-13] org.apache.coyote.AbstractProtocol.destroy Destroying ProtocolHandler ["http-nio-8080"]
08-Apr-2026 21:45:29.596 INFO [main] org.apache.catalina.startup.VersionLoggerListener.log Server version name:   Apache Tomcat/9.0.115
08-Apr-2026 21:45:29.604 INFO [main] org.apache.catalina.startup.VersionLoggerListener.log Server built:          Jan 21 2026 08:17:26 UTC
08-Apr-2026 21:45:29.604 INFO [main] org.apache.catalina.startup.VersionLoggerListener.log Server version number: 9.0.115.0
08-Apr-2026 21:45:29.604 INFO [main] org.apache.catalina.startup.VersionLoggerListener.log OS Name:               Windows 10
08-Apr-2026 21:45:29.604 INFO [main] org.apache.catalina.startup.VersionLoggerListener.log OS Version:            10.0
08-Apr-2026 21:45:29.604 INFO [main] org.apache.catalina.startup.VersionLoggerListener.log Architecture:          amd64
08-Apr-2026 21:45:29.605 INFO [main] org.apache.catalina.startup.VersionLoggerListener.log Java Home:             D:\housys\FingerprintClient_IDSL_DEVICEFIX03042026\FingerprintClient_IDSL_DEVICEFIX\app\jre
08-Apr-2026 21:45:29.605 INFO [main] org.apache.catalina.startup.VersionLoggerListener.log JVM Version:           1.8.0_202-b08
08-Apr-2026 21:45:29.605 INFO [main] org.apache.catalina.startup.VersionLoggerListener.log JVM Vendor:            Oracle Corporation
08-Apr-2026 21:45:29.605 INFO [main] org.apache.catalina.startup.VersionLoggerListener.log CATALINA_BASE:         D:\housys\FingerprintClient_IDSL_DEVICEFIX03042026\FingerprintClient_IDSL_DEVICEFIX\app\tomcat
08-Apr-2026 21:45:29.605 INFO [main] org.apache.catalina.startup.VersionLoggerListener.log CATALINA_HOME:         D:\housys\FingerprintClient_IDSL_DEVICEFIX03042026\FingerprintClient_IDSL_DEVICEFIX\app\tomcat
08-Apr-2026 21:45:29.656 INFO [main] org.apache.catalina.startup.VersionLoggerListener.log Command line argument: -Djava.util.logging.config.file=D:\housys\FingerprintClient_IDSL_DEVICEFIX03042026\FingerprintClient_IDSL_DEVICEFIX\app\tomcat\conf\logging.properties
08-Apr-2026 21:45:29.656 INFO [main] org.apache.catalina.startup.VersionLoggerListener.log Command line argument: -Djava.util.logging.manager=org.apache.juli.ClassLoaderLogManager
08-Apr-2026 21:45:29.656 INFO [main] org.apache.catalina.startup.VersionLoggerListener.log Command line argument: -Djava.library.path=D:\housys\FingerprintClient_IDSL_DEVICEFIX03042026\FingerprintClient_IDSL_DEVICEFIX\app\tomcat\bin
08-Apr-2026 21:45:29.656 INFO [main] org.apache.catalina.startup.VersionLoggerListener.log Command line argument: -Dsqlserver.auth.dll.path=D:\housys\FingerprintClient_IDSL_DEVICEFIX03042026\FingerprintClient_IDSL_DEVICEFIX\app\tomcat\bin\mssql-jdbc_auth-13.2.1.x64.dll
08-Apr-2026 21:45:29.656 INFO [main] org.apache.catalina.startup.VersionLoggerListener.log Command line argument: -Djdk.tls.ephemeralDHKeySize=2048
08-Apr-2026 21:45:29.656 INFO [main] org.apache.catalina.startup.VersionLoggerListener.log Command line argument: -Djava.protocol.handler.pkgs=org.apache.catalina.webresources
08-Apr-2026 21:45:29.656 INFO [main] org.apache.catalina.startup.VersionLoggerListener.log Command line argument: -Dsun.io.useCanonCaches=false
08-Apr-2026 21:45:29.657 INFO [main] org.apache.catalina.startup.VersionLoggerListener.log Command line argument: -Dignore.endorsed.dirs=
08-Apr-2026 21:45:29.657 INFO [main] org.apache.catalina.startup.VersionLoggerListener.log Command line argument: -Dcatalina.base=D:\housys\FingerprintClient_IDSL_DEVICEFIX03042026\FingerprintClient_IDSL_DEVICEFIX\app\tomcat
08-Apr-2026 21:45:29.657 INFO [main] org.apache.catalina.startup.VersionLoggerListener.log Command line argument: -Dcatalina.home=D:\housys\FingerprintClient_IDSL_DEVICEFIX03042026\FingerprintClient_IDSL_DEVICEFIX\app\tomcat
08-Apr-2026 21:45:29.657 INFO [main] org.apache.catalina.startup.VersionLoggerListener.log Command line argument: -Djava.io.tmpdir=D:\housys\FingerprintClient_IDSL_DEVICEFIX03042026\FingerprintClient_IDSL_DEVICEFIX\app\tomcat\temp
08-Apr-2026 21:45:29.727 INFO [main] org.apache.catalina.core.AprLifecycleListener.lifecycleEvent Loaded Apache Tomcat Native library [1.3.5] using APR version [1.7.6].
08-Apr-2026 21:45:29.727 INFO [main] org.apache.catalina.core.AprLifecycleListener.lifecycleEvent APR capabilities: IPv6 [true], sendfile [true], accept filters [false], random [true], UDS [true].
08-Apr-2026 21:45:29.727 INFO [main] org.apache.catalina.core.AprLifecycleListener.lifecycleEvent APR/OpenSSL configuration: useAprConnector [false], useOpenSSL [true]
08-Apr-2026 21:45:29.744 INFO [main] org.apache.catalina.core.AprLifecycleListener.initializeSSL OpenSSL successfully initialized [OpenSSL 3.0.18 30 Sep 2025]
08-Apr-2026 21:45:30.250 INFO [main] org.apache.coyote.AbstractProtocol.init Initializing ProtocolHandler ["http-nio-8080"]
08-Apr-2026 21:45:30.287 INFO [main] org.apache.catalina.startup.Catalina.load Server initialization in [988] milliseconds
08-Apr-2026 21:45:31.542 INFO [main] org.apache.catalina.startup.VersionLoggerListener.log Server version name:   Apache Tomcat/9.0.115
08-Apr-2026 21:45:31.546 INFO [main] org.apache.catalina.startup.VersionLoggerListener.log Server built:          Jan 21 2026 08:17:26 UTC
08-Apr-2026 21:45:31.548 INFO [main] org.apache.catalina.startup.VersionLoggerListener.log Server version number: 9.0.115.0
08-Apr-2026 21:45:31.548 INFO [main] org.apache.catalina.startup.VersionLoggerListener.log OS Name:               Windows 10
08-Apr-2026 21:45:31.548 INFO [main] org.apache.catalina.startup.VersionLoggerListener.log OS Version:            10.0
08-Apr-2026 21:45:31.548 INFO [main] org.apache.catalina.startup.VersionLoggerListener.log Architecture:          amd64
08-Apr-2026 21:45:31.548 INFO [main] org.apache.catalina.startup.VersionLoggerListener.log Java Home:             D:\housys\FingerprintClient_IDSL_DEVICEFIX03042026\FingerprintClient_IDSL_DEVICEFIX\app\jre
08-Apr-2026 21:45:31.548 INFO [main] org.apache.catalina.startup.VersionLoggerListener.log JVM Version:           1.8.0_202-b08
08-Apr-2026 21:45:31.548 INFO [main] org.apache.catalina.startup.VersionLoggerListener.log JVM Vendor:            Oracle Corporation
08-Apr-2026 21:45:31.548 INFO [main] org.apache.catalina.startup.VersionLoggerListener.log CATALINA_BASE:         D:\housys\FingerprintClient_IDSL_DEVICEFIX03042026\FingerprintClient_IDSL_DEVICEFIX\app\tomcat
08-Apr-2026 21:45:31.548 INFO [main] org.apache.catalina.startup.VersionLoggerListener.log CATALINA_HOME:         D:\housys\FingerprintClient_IDSL_DEVICEFIX03042026\FingerprintClient_IDSL_DEVICEFIX\app\tomcat
08-Apr-2026 21:45:31.554 INFO [main] org.apache.catalina.startup.VersionLoggerListener.log Command line argument: -Djava.util.logging.config.file=D:\housys\FingerprintClient_IDSL_DEVICEFIX03042026\FingerprintClient_IDSL_DEVICEFIX\app\tomcat\conf\logging.properties
08-Apr-2026 21:45:31.555 INFO [main] org.apache.catalina.startup.VersionLoggerListener.log Command line argument: -Djava.util.logging.manager=org.apache.juli.ClassLoaderLogManager
08-Apr-2026 21:45:31.555 INFO [main] org.apache.catalina.startup.VersionLoggerListener.log Command line argument: -Djava.library.path=D:\housys\FingerprintClient_IDSL_DEVICEFIX03042026\FingerprintClient_IDSL_DEVICEFIX\app\tomcat\bin
08-Apr-2026 21:45:31.555 INFO [main] org.apache.catalina.startup.VersionLoggerListener.log Command line argument: -Dsqlserver.auth.dll.path=D:\housys\FingerprintClient_IDSL_DEVICEFIX03042026\FingerprintClient_IDSL_DEVICEFIX\app\tomcat\bin\mssql-jdbc_auth-13.2.1.x64.dll
08-Apr-2026 21:45:31.555 INFO [main] org.apache.catalina.startup.VersionLoggerListener.log Command line argument: -Djdk.tls.ephemeralDHKeySize=2048
08-Apr-2026 21:45:31.555 INFO [main] org.apache.catalina.startup.VersionLoggerListener.log Command line argument: -Djava.protocol.handler.pkgs=org.apache.catalina.webresources
08-Apr-2026 21:45:31.555 INFO [main] org.apache.catalina.startup.VersionLoggerListener.log Command line argument: -Dsun.io.useCanonCaches=false
08-Apr-2026 21:45:31.556 INFO [main] org.apache.catalina.startup.VersionLoggerListener.log Command line argument: -Djava.library.path=D:\housys\FingerprintClient_IDSL_DEVICEFIX03042026\FingerprintClient_IDSL_DEVICEFIX\app\tomcat\bin
08-Apr-2026 21:45:31.556 INFO [main] org.apache.catalina.startup.VersionLoggerListener.log Command line argument: -Dsqlserver.auth.dll.path=D:\housys\FingerprintClient_IDSL_DEVICEFIX03042026\FingerprintClient_IDSL_DEVICEFIX\app\tomcat\bin\mssql-jdbc_auth-13.2.1.x64.dll
08-Apr-2026 21:45:31.556 INFO [main] org.apache.catalina.startup.VersionLoggerListener.log Command line argument: -Dignore.endorsed.dirs=
08-Apr-2026 21:45:31.556 INFO [main] org.apache.catalina.startup.VersionLoggerListener.log Command line argument: -Dcatalina.base=D:\housys\FingerprintClient_IDSL_DEVICEFIX03042026\FingerprintClient_IDSL_DEVICEFIX\app\tomcat
08-Apr-2026 21:45:31.556 INFO [main] org.apache.catalina.startup.VersionLoggerListener.log Command line argument: -Dcatalina.home=D:\housys\FingerprintClient_IDSL_DEVICEFIX03042026\FingerprintClient_IDSL_DEVICEFIX\app\tomcat
08-Apr-2026 21:45:31.556 INFO [main] org.apache.catalina.startup.VersionLoggerListener.log Command line argument: -Djava.io.tmpdir=D:\housys\FingerprintClient_IDSL_DEVICEFIX03042026\FingerprintClient_IDSL_DEVICEFIX\app\tomcat\temp
08-Apr-2026 21:45:31.568 INFO [main] org.apache.catalina.core.AprLifecycleListener.lifecycleEvent Loaded Apache Tomcat Native library [1.3.5] using APR version [1.7.6].
08-Apr-2026 21:45:31.568 INFO [main] org.apache.catalina.core.AprLifecycleListener.lifecycleEvent APR capabilities: IPv6 [true], sendfile [true], accept filters [false], random [true], UDS [true].
08-Apr-2026 21:45:31.568 INFO [main] org.apache.catalina.core.AprLifecycleListener.lifecycleEvent APR/OpenSSL configuration: useAprConnector [false], useOpenSSL [true]
08-Apr-2026 21:45:31.586 INFO [main] org.apache.catalina.core.AprLifecycleListener.initializeSSL OpenSSL successfully initialized [OpenSSL 3.0.18 30 Sep 2025]
08-Apr-2026 21:45:31.980 INFO [main] org.apache.coyote.AbstractProtocol.init Initializing ProtocolHandler ["http-nio-8080"]
08-Apr-2026 21:45:32.013 INFO [main] org.apache.catalina.startup.Catalina.load Server initialization in [721] milliseconds
08-Apr-2026 21:45:32.075 INFO [main] org.apache.catalina.core.StandardService.startInternal Starting service [Catalina]
08-Apr-2026 21:45:32.076 INFO [main] org.apache.catalina.core.StandardEngine.startInternal Starting Servlet engine: [Apache Tomcat/9.0.115]
08-Apr-2026 21:45:32.104 INFO [main] org.apache.catalina.startup.HostConfig.deployWAR Deploying web application archive [D:\housys\FingerprintClient_IDSL_DEVICEFIX03042026\FingerprintClient_IDSL_DEVICEFIX\app\tomcat\webapps\demo.war]
08-Apr-2026 21:45:32.145 INFO [main] org.apache.catalina.startup.ExpandWar.expand An expanded directory [D:\housys\FingerprintClient_IDSL_DEVICEFIX03042026\FingerprintClient_IDSL_DEVICEFIX\app\tomcat\webapps\demo] was found with a last modified time that did not match the associated WAR. It will be deleted.
08-Apr-2026 21:45:43.331 INFO [main] org.apache.jasper.servlet.TldScanner.scanJars At least one JAR was scanned for TLDs yet contained no TLDs. Enable debug logging for this logger for a complete list of JARs that were scanned but no TLDs were found in them. Skipping unneeded JARs during scanning can improve startup time and JSP compilation time.
08-Apr-2026 21:48:56.339 INFO [main] org.apache.catalina.startup.VersionLoggerListener.log Server version name:   Apache Tomcat/9.0.115
08-Apr-2026 21:48:56.343 INFO [main] org.apache.catalina.startup.VersionLoggerListener.log Server built:          Jan 21 2026 08:17:26 UTC
08-Apr-2026 21:48:56.344 INFO [main] org.apache.catalina.startup.VersionLoggerListener.log Server version number: 9.0.115.0
08-Apr-2026 21:48:56.344 INFO [main] org.apache.catalina.startup.VersionLoggerListener.log OS Name:               Windows 10
08-Apr-2026 21:48:56.344 INFO [main] org.apache.catalina.startup.VersionLoggerListener.log OS Version:            10.0
08-Apr-2026 21:48:56.344 INFO [main] org.apache.catalina.startup.VersionLoggerListener.log Architecture:          amd64
08-Apr-2026 21:48:56.344 INFO [main] org.apache.catalina.startup.VersionLoggerListener.log Java Home:             D:\housys\FingerprintClient_IDSL_DEVICEFIX03042026\FingerprintClient_IDSL_DEVICEFIX\app\jre
08-Apr-2026 21:48:56.344 INFO [main] org.apache.catalina.startup.VersionLoggerListener.log JVM Version:           1.8.0_202-b08
08-Apr-2026 21:48:56.344 INFO [main] org.apache.catalina.startup.VersionLoggerListener.log JVM Vendor:            Oracle Corporation
08-Apr-2026 21:48:56.344 INFO [main] org.apache.catalina.startup.VersionLoggerListener.log CATALINA_BASE:         D:\housys\FingerprintClient_IDSL_DEVICEFIX03042026\FingerprintClient_IDSL_DEVICEFIX\app\tomcat
08-Apr-2026 21:48:56.344 INFO [main] org.apache.catalina.startup.VersionLoggerListener.log CATALINA_HOME:         D:\housys\FingerprintClient_IDSL_DEVICEFIX03042026\FingerprintClient_IDSL_DEVICEFIX\app\tomcat
08-Apr-2026 21:48:56.350 INFO [main] org.apache.catalina.startup.VersionLoggerListener.log Command line argument: -Djava.util.logging.config.file=D:\housys\FingerprintClient_IDSL_DEVICEFIX03042026\FingerprintClient_IDSL_DEVICEFIX\app\tomcat\conf\logging.properties
08-Apr-2026 21:48:56.350 INFO [main] org.apache.catalina.startup.VersionLoggerListener.log Command line argument: -Djava.util.logging.manager=org.apache.juli.ClassLoaderLogManager
08-Apr-2026 21:48:56.350 INFO [main] org.apache.catalina.startup.VersionLoggerListener.log Command line argument: -Djava.library.path=D:\housys\FingerprintClient_IDSL_DEVICEFIX03042026\FingerprintClient_IDSL_DEVICEFIX\app\tomcat\bin
08-Apr-2026 21:48:56.350 INFO [main] org.apache.catalina.startup.VersionLoggerListener.log Command line argument: -Dsqlserver.auth.dll.path=D:\housys\FingerprintClient_IDSL_DEVICEFIX03042026\FingerprintClient_IDSL_DEVICEFIX\app\tomcat\bin\mssql-jdbc_auth-13.2.1.x64.dll
08-Apr-2026 21:48:56.350 INFO [main] org.apache.catalina.startup.VersionLoggerListener.log Command line argument: -Djdk.tls.ephemeralDHKeySize=2048
08-Apr-2026 21:48:56.350 INFO [main] org.apache.catalina.startup.VersionLoggerListener.log Command line argument: -Djava.protocol.handler.pkgs=org.apache.catalina.webresources
08-Apr-2026 21:48:56.350 INFO [main] org.apache.catalina.startup.VersionLoggerListener.log Command line argument: -Dsun.io.useCanonCaches=false
08-Apr-2026 21:48:56.350 INFO [main] org.apache.catalina.startup.VersionLoggerListener.log Command line argument: -Djava.library.path=D:\housys\FingerprintClient_IDSL_DEVICEFIX03042026\FingerprintClient_IDSL_DEVICEFIX\app\tomcat\bin
08-Apr-2026 21:48:56.350 INFO [main] org.apache.catalina.startup.VersionLoggerListener.log Command line argument: -Dsqlserver.auth.dll.path=D:\housys\FingerprintClient_IDSL_DEVICEFIX03042026\FingerprintClient_IDSL_DEVICEFIX\app\tomcat\bin\mssql-jdbc_auth-13.2.1.x64.dll
08-Apr-2026 21:48:56.350 INFO [main] org.apache.catalina.startup.VersionLoggerListener.log Command line argument: -Dignore.endorsed.dirs=
08-Apr-2026 21:48:56.351 INFO [main] org.apache.catalina.startup.VersionLoggerListener.log Command line argument: -Dcatalina.base=D:\housys\FingerprintClient_IDSL_DEVICEFIX03042026\FingerprintClient_IDSL_DEVICEFIX\app\tomcat
08-Apr-2026 21:48:56.351 INFO [main] org.apache.catalina.startup.VersionLoggerListener.log Command line argument: -Dcatalina.home=D:\housys\FingerprintClient_IDSL_DEVICEFIX03042026\FingerprintClient_IDSL_DEVICEFIX\app\tomcat
08-Apr-2026 21:48:56.351 INFO [main] org.apache.catalina.startup.VersionLoggerListener.log Command line argument: -Djava.io.tmpdir=D:\housys\FingerprintClient_IDSL_DEVICEFIX03042026\FingerprintClient_IDSL_DEVICEFIX\app\tomcat\temp
08-Apr-2026 21:48:56.361 INFO [main] org.apache.catalina.core.AprLifecycleListener.lifecycleEvent Loaded Apache Tomcat Native library [1.3.5] using APR version [1.7.6].
08-Apr-2026 21:48:56.362 INFO [main] org.apache.catalina.core.AprLifecycleListener.lifecycleEvent APR capabilities: IPv6 [true], sendfile [true], accept filters [false], random [true], UDS [true].
08-Apr-2026 21:48:56.362 INFO [main] org.apache.catalina.core.AprLifecycleListener.lifecycleEvent APR/OpenSSL configuration: useAprConnector [false], useOpenSSL [true]
08-Apr-2026 21:48:56.377 INFO [main] org.apache.catalina.core.AprLifecycleListener.initializeSSL OpenSSL successfully initialized [OpenSSL 3.0.18 30 Sep 2025]
08-Apr-2026 21:48:56.745 INFO [main] org.apache.coyote.AbstractProtocol.init Initializing ProtocolHandler ["http-nio-8080"]
08-Apr-2026 21:48:56.762 INFO [main] org.apache.catalina.startup.Catalina.load Server initialization in [690] milliseconds
08-Apr-2026 21:48:56.791 INFO [main] org.apache.catalina.core.StandardService.startInternal Starting service [Catalina]
08-Apr-2026 21:48:56.791 INFO [main] org.apache.catalina.core.StandardEngine.startInternal Starting Servlet engine: [Apache Tomcat/9.0.115]
08-Apr-2026 21:48:56.807 INFO [main] org.apache.catalina.startup.HostConfig.deployWAR Deploying web application archive [D:\housys\FingerprintClient_IDSL_DEVICEFIX03042026\FingerprintClient_IDSL_DEVICEFIX\app\tomcat\webapps\demo.war]
08-Apr-2026 21:48:59.540 INFO [main] org.apache.jasper.servlet.TldScanner.scanJars At least one JAR was scanned for TLDs yet contained no TLDs. Enable debug logging for this logger for a complete list of JARs that were scanned but no TLDs were found in them. Skipping unneeded JARs during scanning can improve startup time and JSP compilation time.
08-Apr-2026 21:49:04.975 INFO [main] org.apache.catalina.startup.HostConfig.deployWAR Deployment of web application archive [D:\housys\FingerprintClient_IDSL_DEVICEFIX03042026\FingerprintClient_IDSL_DEVICEFIX\app\tomcat\webapps\demo.war] has finished in [8,168] ms
08-Apr-2026 21:49:04.977 INFO [main] org.apache.catalina.startup.HostConfig.deployDirectory Deploying web application directory [D:\housys\FingerprintClient_IDSL_DEVICEFIX03042026\FingerprintClient_IDSL_DEVICEFIX\app\tomcat\webapps\docs]
08-Apr-2026 21:49:05.025 INFO [main] org.apache.catalina.startup.HostConfig.deployDirectory Deployment of web application directory [D:\housys\FingerprintClient_IDSL_DEVICEFIX03042026\FingerprintClient_IDSL_DEVICEFIX\app\tomcat\webapps\docs] has finished in [48] ms
08-Apr-2026 21:49:05.026 INFO [main] org.apache.catalina.startup.HostConfig.deployDirectory Deploying web application directory [D:\housys\FingerprintClient_IDSL_DEVICEFIX03042026\FingerprintClient_IDSL_DEVICEFIX\app\tomcat\webapps\examples]
08-Apr-2026 21:49:05.800 INFO [main] org.apache.catalina.startup.HostConfig.deployDirectory Deployment of web application directory [D:\housys\FingerprintClient_IDSL_DEVICEFIX03042026\FingerprintClient_IDSL_DEVICEFIX\app\tomcat\webapps\examples] has finished in [773] ms
08-Apr-2026 21:49:05.800 INFO [main] org.apache.catalina.startup.HostConfig.deployDirectory Deploying web application directory [D:\housys\FingerprintClient_IDSL_DEVICEFIX03042026\FingerprintClient_IDSL_DEVICEFIX\app\tomcat\webapps\host-manager]
08-Apr-2026 21:49:05.861 INFO [main] org.apache.catalina.startup.HostConfig.deployDirectory Deployment of web application directory [D:\housys\FingerprintClient_IDSL_DEVICEFIX03042026\FingerprintClient_IDSL_DEVICEFIX\app\tomcat\webapps\host-manager] has finished in [61] ms
08-Apr-2026 21:49:05.861 INFO [main] org.apache.catalina.startup.HostConfig.deployDirectory Deploying web application directory [D:\housys\FingerprintClient_IDSL_DEVICEFIX03042026\FingerprintClient_IDSL_DEVICEFIX\app\tomcat\webapps\manager]
08-Apr-2026 21:49:05.920 INFO [main] org.apache.catalina.startup.HostConfig.deployDirectory Deployment of web application directory [D:\housys\FingerprintClient_IDSL_DEVICEFIX03042026\FingerprintClient_IDSL_DEVICEFIX\app\tomcat\webapps\manager] has finished in [59] ms
08-Apr-2026 21:49:05.920 INFO [main] org.apache.catalina.startup.HostConfig.deployDirectory Deploying web application directory [D:\housys\FingerprintClient_IDSL_DEVICEFIX03042026\FingerprintClient_IDSL_DEVICEFIX\app\tomcat\webapps\ROOT]
08-Apr-2026 21:49:05.956 INFO [main] org.apache.catalina.startup.HostConfig.deployDirectory Deployment of web application directory [D:\housys\FingerprintClient_IDSL_DEVICEFIX03042026\FingerprintClient_IDSL_DEVICEFIX\app\tomcat\webapps\ROOT] has finished in [36] ms
08-Apr-2026 21:49:05.962 INFO [main] org.apache.coyote.AbstractProtocol.start Starting ProtocolHandler ["http-nio-8080"]
08-Apr-2026 21:49:05.979 INFO [main] org.apache.catalina.startup.Catalina.start Server startup in [9216] milliseconds
08-Apr-2026 21:53:51.645 INFO [Thread-13] org.apache.coyote.AbstractProtocol.pause Pausing ProtocolHandler ["http-nio-8080"]
08-Apr-2026 21:53:51.816 INFO [Thread-13] org.apache.catalina.core.StandardService.stopInternal Stopping service [Catalina]
08-Apr-2026 21:53:51.955 WARNING [Thread-13] org.apache.catalina.loader.WebappClassLoaderBase.clearReferencesJdbc The web application [demo] registered the JDBC driver [com.microsoft.sqlserver.jdbc.SQLServerDriver] but failed to unregister it when the web application was stopped. To prevent a memory leak, the JDBC Driver has been forcibly unregistered.
08-Apr-2026 21:53:51.955 WARNING [Thread-13] org.apache.catalina.loader.WebappClassLoaderBase.clearReferencesThreads The web application [demo] appears to have started a thread named [Timer-0] but has failed to stop it. This is very likely to create a memory leak. Stack trace of thread:
 java.lang.Object.wait(Native Method)
 java.util.TimerThread.mainLoop(Unknown Source)
 java.util.TimerThread.run(Unknown Source)
08-Apr-2026 21:53:51.968 INFO [Thread-13] org.apache.coyote.AbstractProtocol.stop Stopping ProtocolHandler ["http-nio-8080"]
08-Apr-2026 21:53:51.988 INFO [Thread-13] org.apache.coyote.AbstractProtocol.destroy Destroying ProtocolHandler ["http-nio-8080"]
08-Apr-2026 21:55:29.463 INFO [main] org.apache.catalina.startup.VersionLoggerListener.log Server version name:   Apache Tomcat/9.0.115
08-Apr-2026 21:55:29.468 INFO [main] org.apache.catalina.startup.VersionLoggerListener.log Server built:          Jan 21 2026 08:17:26 UTC
08-Apr-2026 21:55:29.469 INFO [main] org.apache.catalina.startup.VersionLoggerListener.log Server version number: 9.0.115.0
08-Apr-2026 21:55:29.469 INFO [main] org.apache.catalina.startup.VersionLoggerListener.log OS Name:               Windows 10
08-Apr-2026 21:55:29.469 INFO [main] org.apache.catalina.startup.VersionLoggerListener.log OS Version:            10.0
08-Apr-2026 21:55:29.469 INFO [main] org.apache.catalina.startup.VersionLoggerListener.log Architecture:          amd64
08-Apr-2026 21:55:29.469 INFO [main] org.apache.catalina.startup.VersionLoggerListener.log Java Home:             D:\housys\FingerprintClient_IDSL_DEVICEFIX03042026\FingerprintClient_IDSL_DEVICEFIX\app\jre
08-Apr-2026 21:55:29.469 INFO [main] org.apache.catalina.startup.VersionLoggerListener.log JVM Version:           1.8.0_202-b08
08-Apr-2026 21:55:29.469 INFO [main] org.apache.catalina.startup.VersionLoggerListener.log JVM Vendor:            Oracle Corporation
08-Apr-2026 21:55:29.469 INFO [main] org.apache.catalina.startup.VersionLoggerListener.log CATALINA_BASE:         D:\housys\FingerprintClient_IDSL_DEVICEFIX03042026\FingerprintClient_IDSL_DEVICEFIX\app\tomcat
08-Apr-2026 21:55:29.469 INFO [main] org.apache.catalina.startup.VersionLoggerListener.log CATALINA_HOME:         D:\housys\FingerprintClient_IDSL_DEVICEFIX03042026\FingerprintClient_IDSL_DEVICEFIX\app\tomcat
08-Apr-2026 21:55:29.474 INFO [main] org.apache.catalina.startup.VersionLoggerListener.log Command line argument: -Djava.util.logging.config.file=D:\housys\FingerprintClient_IDSL_DEVICEFIX03042026\FingerprintClient_IDSL_DEVICEFIX\app\tomcat\conf\logging.properties
08-Apr-2026 21:55:29.474 INFO [main] org.apache.catalina.startup.VersionLoggerListener.log Command line argument: -Djava.util.logging.manager=org.apache.juli.ClassLoaderLogManager
08-Apr-2026 21:55:29.474 INFO [main] org.apache.catalina.startup.VersionLoggerListener.log Command line argument: -Djava.library.path=D:\housys\FingerprintClient_IDSL_DEVICEFIX03042026\FingerprintClient_IDSL_DEVICEFIX\app\tomcat\bin
08-Apr-2026 21:55:29.474 INFO [main] org.apache.catalina.startup.VersionLoggerListener.log Command line argument: -Dsqlserver.auth.dll.path=D:\housys\FingerprintClient_IDSL_DEVICEFIX03042026\FingerprintClient_IDSL_DEVICEFIX\app\tomcat\bin\mssql-jdbc_auth-13.2.1.x64.dll
08-Apr-2026 21:55:29.474 INFO [main] org.apache.catalina.startup.VersionLoggerListener.log Command line argument: -Djdk.tls.ephemeralDHKeySize=2048
08-Apr-2026 21:55:29.474 INFO [main] org.apache.catalina.startup.VersionLoggerListener.log Command line argument: -Djava.protocol.handler.pkgs=org.apache.catalina.webresources
08-Apr-2026 21:55:29.474 INFO [main] org.apache.catalina.startup.VersionLoggerListener.log Command line argument: -Dsun.io.useCanonCaches=false
08-Apr-2026 21:55:29.474 INFO [main] org.apache.catalina.startup.VersionLoggerListener.log Command line argument: -Dignore.endorsed.dirs=
08-Apr-2026 21:55:29.475 INFO [main] org.apache.catalina.startup.VersionLoggerListener.log Command line argument: -Dcatalina.base=D:\housys\FingerprintClient_IDSL_DEVICEFIX03042026\FingerprintClient_IDSL_DEVICEFIX\app\tomcat
08-Apr-2026 21:55:29.475 INFO [main] org.apache.catalina.startup.VersionLoggerListener.log Command line argument: -Dcatalina.home=D:\housys\FingerprintClient_IDSL_DEVICEFIX03042026\FingerprintClient_IDSL_DEVICEFIX\app\tomcat
08-Apr-2026 21:55:29.475 INFO [main] org.apache.catalina.startup.VersionLoggerListener.log Command line argument: -Djava.io.tmpdir=D:\housys\FingerprintClient_IDSL_DEVICEFIX03042026\FingerprintClient_IDSL_DEVICEFIX\app\tomcat\temp
08-Apr-2026 21:55:29.486 INFO [main] org.apache.catalina.core.AprLifecycleListener.lifecycleEvent Loaded Apache Tomcat Native library [1.3.5] using APR version [1.7.6].
08-Apr-2026 21:55:29.486 INFO [main] org.apache.catalina.core.AprLifecycleListener.lifecycleEvent APR capabilities: IPv6 [true], sendfile [true], accept filters [false], random [true], UDS [true].
08-Apr-2026 21:55:29.486 INFO [main] org.apache.catalina.core.AprLifecycleListener.lifecycleEvent APR/OpenSSL configuration: useAprConnector [false], useOpenSSL [true]
08-Apr-2026 21:55:29.499 INFO [main] org.apache.catalina.core.AprLifecycleListener.initializeSSL OpenSSL successfully initialized [OpenSSL 3.0.18 30 Sep 2025]
08-Apr-2026 21:55:29.816 INFO [main] org.apache.coyote.AbstractProtocol.init Initializing ProtocolHandler ["http-nio-8080"]
08-Apr-2026 21:55:29.833 INFO [main] org.apache.catalina.startup.Catalina.load Server initialization in [590] milliseconds
08-Apr-2026 21:55:30.946 INFO [main] org.apache.catalina.startup.VersionLoggerListener.log Server version name:   Apache Tomcat/9.0.115
08-Apr-2026 21:55:30.951 INFO [main] org.apache.catalina.startup.VersionLoggerListener.log Server built:          Jan 21 2026 08:17:26 UTC
08-Apr-2026 21:55:30.951 INFO [main] org.apache.catalina.startup.VersionLoggerListener.log Server version number: 9.0.115.0
08-Apr-2026 21:55:30.951 INFO [main] org.apache.catalina.startup.VersionLoggerListener.log OS Name:               Windows 10
08-Apr-2026 21:55:30.951 INFO [main] org.apache.catalina.startup.VersionLoggerListener.log OS Version:            10.0
08-Apr-2026 21:55:30.951 INFO [main] org.apache.catalina.startup.VersionLoggerListener.log Architecture:          amd64
08-Apr-2026 21:55:30.951 INFO [main] org.apache.catalina.startup.VersionLoggerListener.log Java Home:             D:\housys\FingerprintClient_IDSL_DEVICEFIX03042026\FingerprintClient_IDSL_DEVICEFIX\app\jre
08-Apr-2026 21:55:30.952 INFO [main] org.apache.catalina.startup.VersionLoggerListener.log JVM Version:           1.8.0_202-b08
08-Apr-2026 21:55:30.952 INFO [main] org.apache.catalina.startup.VersionLoggerListener.log JVM Vendor:            Oracle Corporation
08-Apr-2026 21:55:30.952 INFO [main] org.apache.catalina.startup.VersionLoggerListener.log CATALINA_BASE:         D:\housys\FingerprintClient_IDSL_DEVICEFIX03042026\FingerprintClient_IDSL_DEVICEFIX\app\tomcat
08-Apr-2026 21:55:30.952 INFO [main] org.apache.catalina.startup.VersionLoggerListener.log CATALINA_HOME:         D:\housys\FingerprintClient_IDSL_DEVICEFIX03042026\FingerprintClient_IDSL_DEVICEFIX\app\tomcat
08-Apr-2026 21:55:30.957 INFO [main] org.apache.catalina.startup.VersionLoggerListener.log Command line argument: -Djava.util.logging.config.file=D:\housys\FingerprintClient_IDSL_DEVICEFIX03042026\FingerprintClient_IDSL_DEVICEFIX\app\tomcat\conf\logging.properties
08-Apr-2026 21:55:30.957 INFO [main] org.apache.catalina.startup.VersionLoggerListener.log Command line argument: -Djava.util.logging.manager=org.apache.juli.ClassLoaderLogManager
08-Apr-2026 21:55:30.957 INFO [main] org.apache.catalina.startup.VersionLoggerListener.log Command line argument: -Djava.library.path=D:\housys\FingerprintClient_IDSL_DEVICEFIX03042026\FingerprintClient_IDSL_DEVICEFIX\app\tomcat\bin
08-Apr-2026 21:55:30.957 INFO [main] org.apache.catalina.startup.VersionLoggerListener.log Command line argument: -Dsqlserver.auth.dll.path=D:\housys\FingerprintClient_IDSL_DEVICEFIX03042026\FingerprintClient_IDSL_DEVICEFIX\app\tomcat\bin\mssql-jdbc_auth-13.2.1.x64.dll
08-Apr-2026 21:55:30.957 INFO [main] org.apache.catalina.startup.VersionLoggerListener.log Command line argument: -Djdk.tls.ephemeralDHKeySize=2048
08-Apr-2026 21:55:30.957 INFO [main] org.apache.catalina.startup.VersionLoggerListener.log Command line argument: -Djava.protocol.handler.pkgs=org.apache.catalina.webresources
08-Apr-2026 21:55:30.958 INFO [main] org.apache.catalina.startup.VersionLoggerListener.log Command line argument: -Dsun.io.useCanonCaches=false
08-Apr-2026 21:55:30.958 INFO [main] org.apache.catalina.startup.VersionLoggerListener.log Command line argument: -Djava.library.path=D:\housys\FingerprintClient_IDSL_DEVICEFIX03042026\FingerprintClient_IDSL_DEVICEFIX\app\tomcat\bin
08-Apr-2026 21:55:30.958 INFO [main] org.apache.catalina.startup.VersionLoggerListener.log Command line argument: -Dsqlserver.auth.dll.path=D:\housys\FingerprintClient_IDSL_DEVICEFIX03042026\FingerprintClient_IDSL_DEVICEFIX\app\tomcat\bin\mssql-jdbc_auth-13.2.1.x64.dll
08-Apr-2026 21:55:30.958 INFO [main] org.apache.catalina.startup.VersionLoggerListener.log Command line argument: -Dignore.endorsed.dirs=
08-Apr-2026 21:55:30.958 INFO [main] org.apache.catalina.startup.VersionLoggerListener.log Command line argument: -Dcatalina.base=D:\housys\FingerprintClient_IDSL_DEVICEFIX03042026\FingerprintClient_IDSL_DEVICEFIX\app\tomcat
08-Apr-2026 21:55:30.958 INFO [main] org.apache.catalina.startup.VersionLoggerListener.log Command line argument: -Dcatalina.home=D:\housys\FingerprintClient_IDSL_DEVICEFIX03042026\FingerprintClient_IDSL_DEVICEFIX\app\tomcat
08-Apr-2026 21:55:30.958 INFO [main] org.apache.catalina.startup.VersionLoggerListener.log Command line argument: -Djava.io.tmpdir=D:\housys\FingerprintClient_IDSL_DEVICEFIX03042026\FingerprintClient_IDSL_DEVICEFIX\app\tomcat\temp
08-Apr-2026 21:55:30.968 INFO [main] org.apache.catalina.core.AprLifecycleListener.lifecycleEvent Loaded Apache Tomcat Native library [1.3.5] using APR version [1.7.6].
08-Apr-2026 21:55:30.968 INFO [main] org.apache.catalina.core.AprLifecycleListener.lifecycleEvent APR capabilities: IPv6 [true], sendfile [true], accept filters [false], random [true], UDS [true].
08-Apr-2026 21:55:30.968 INFO [main] org.apache.catalina.core.AprLifecycleListener.lifecycleEvent APR/OpenSSL configuration: useAprConnector [false], useOpenSSL [true]
08-Apr-2026 21:55:30.984 INFO [main] org.apache.catalina.core.AprLifecycleListener.initializeSSL OpenSSL successfully initialized [OpenSSL 3.0.18 30 Sep 2025]
08-Apr-2026 21:55:31.339 INFO [main] org.apache.coyote.AbstractProtocol.init Initializing ProtocolHandler ["http-nio-8080"]
08-Apr-2026 21:55:31.357 INFO [main] org.apache.catalina.startup.Catalina.load Server initialization in [614] milliseconds
08-Apr-2026 21:55:31.391 INFO [main] org.apache.catalina.core.StandardService.startInternal Starting service [Catalina]
08-Apr-2026 21:55:31.391 INFO [main] org.apache.catalina.core.StandardEngine.startInternal Starting Servlet engine: [Apache Tomcat/9.0.115]
08-Apr-2026 21:55:31.412 INFO [main] org.apache.catalina.startup.HostConfig.deployWAR Deploying web application archive [D:\housys\FingerprintClient_IDSL_DEVICEFIX03042026\FingerprintClient_IDSL_DEVICEFIX\app\tomcat\webapps\demo.war]
08-Apr-2026 21:55:34.472 INFO [main] org.apache.jasper.servlet.TldScanner.scanJars At least one JAR was scanned for TLDs yet contained no TLDs. Enable debug logging for this logger for a complete list of JARs that were scanned but no TLDs were found in them. Skipping unneeded JARs during scanning can improve startup time and JSP compilation time.
08-Apr-2026 22:08:36.951 INFO [main] org.apache.catalina.startup.VersionLoggerListener.log Server version name:   Apache Tomcat/9.0.115
08-Apr-2026 22:08:36.979 INFO [main] org.apache.catalina.startup.VersionLoggerListener.log Server built:          Jan 21 2026 08:17:26 UTC
08-Apr-2026 22:08:36.979 INFO [main] org.apache.catalina.startup.VersionLoggerListener.log Server version number: 9.0.115.0
08-Apr-2026 22:08:36.979 INFO [main] org.apache.catalina.startup.VersionLoggerListener.log OS Name:               Windows 10
08-Apr-2026 22:08:36.979 INFO [main] org.apache.catalina.startup.VersionLoggerListener.log OS Version:            10.0
08-Apr-2026 22:08:36.979 INFO [main] org.apache.catalina.startup.VersionLoggerListener.log Architecture:          amd64
08-Apr-2026 22:08:36.979 INFO [main] org.apache.catalina.startup.VersionLoggerListener.log Java Home:             D:\housys\FingerprintClient_IDSL_DEVICEFIX08042026\FingerprintClient_IDSL_DEVICEFIX\app\jre
08-Apr-2026 22:08:36.979 INFO [main] org.apache.catalina.startup.VersionLoggerListener.log JVM Version:           1.8.0_202-b08
08-Apr-2026 22:08:36.979 INFO [main] org.apache.catalina.startup.VersionLoggerListener.log JVM Vendor:            Oracle Corporation
08-Apr-2026 22:08:36.979 INFO [main] org.apache.catalina.startup.VersionLoggerListener.log CATALINA_BASE:         D:\housys\FingerprintClient_IDSL_DEVICEFIX08042026\FingerprintClient_IDSL_DEVICEFIX\app\tomcat
08-Apr-2026 22:08:36.979 INFO [main] org.apache.catalina.startup.VersionLoggerListener.log CATALINA_HOME:         D:\housys\FingerprintClient_IDSL_DEVICEFIX08042026\FingerprintClient_IDSL_DEVICEFIX\app\tomcat
08-Apr-2026 22:08:37.040 INFO [main] org.apache.catalina.startup.VersionLoggerListener.log Command line argument: -Djava.util.logging.config.file=D:\housys\FingerprintClient_IDSL_DEVICEFIX08042026\FingerprintClient_IDSL_DEVICEFIX\app\tomcat\conf\logging.properties
08-Apr-2026 22:08:37.040 INFO [main] org.apache.catalina.startup.VersionLoggerListener.log Command line argument: -Djava.util.logging.manager=org.apache.juli.ClassLoaderLogManager
08-Apr-2026 22:08:37.040 INFO [main] org.apache.catalina.startup.VersionLoggerListener.log Command line argument: -Djava.library.path=D:\housys\FingerprintClient_IDSL_DEVICEFIX08042026\FingerprintClient_IDSL_DEVICEFIX\app\tomcat\bin
08-Apr-2026 22:08:37.040 INFO [main] org.apache.catalina.startup.VersionLoggerListener.log Command line argument: -Dsqlserver.auth.dll.path=D:\housys\FingerprintClient_IDSL_DEVICEFIX08042026\FingerprintClient_IDSL_DEVICEFIX\app\tomcat\bin\mssql-jdbc_auth-13.2.1.x64.dll
08-Apr-2026 22:08:37.040 INFO [main] org.apache.catalina.startup.VersionLoggerListener.log Command line argument: -Djdk.tls.ephemeralDHKeySize=2048
08-Apr-2026 22:08:37.040 INFO [main] org.apache.catalina.startup.VersionLoggerListener.log Command line argument: -Djava.protocol.handler.pkgs=org.apache.catalina.webresources
08-Apr-2026 22:08:37.040 INFO [main] org.apache.catalina.startup.VersionLoggerListener.log Command line argument: -Dsun.io.useCanonCaches=false
08-Apr-2026 22:08:37.040 INFO [main] org.apache.catalina.startup.VersionLoggerListener.log Command line argument: -Dignore.endorsed.dirs=
08-Apr-2026 22:08:37.040 INFO [main] org.apache.catalina.startup.VersionLoggerListener.log Command line argument: -Dcatalina.base=D:\housys\FingerprintClient_IDSL_DEVICEFIX08042026\FingerprintClient_IDSL_DEVICEFIX\app\tomcat
08-Apr-2026 22:08:37.040 INFO [main] org.apache.catalina.startup.VersionLoggerListener.log Command line argument: -Dcatalina.home=D:\housys\FingerprintClient_IDSL_DEVICEFIX08042026\FingerprintClient_IDSL_DEVICEFIX\app\tomcat
08-Apr-2026 22:08:37.040 INFO [main] org.apache.catalina.startup.VersionLoggerListener.log Command line argument: -Djava.io.tmpdir=D:\housys\FingerprintClient_IDSL_DEVICEFIX08042026\FingerprintClient_IDSL_DEVICEFIX\app\tomcat\temp
08-Apr-2026 22:08:37.150 INFO [main] org.apache.catalina.core.AprLifecycleListener.lifecycleEvent Loaded Apache Tomcat Native library [1.3.5] using APR version [1.7.6].
08-Apr-2026 22:08:37.150 INFO [main] org.apache.catalina.core.AprLifecycleListener.lifecycleEvent APR capabilities: IPv6 [true], sendfile [true], accept filters [false], random [true], UDS [true].
08-Apr-2026 22:08:37.150 INFO [main] org.apache.catalina.core.AprLifecycleListener.lifecycleEvent APR/OpenSSL configuration: useAprConnector [false], useOpenSSL [true]
08-Apr-2026 22:08:37.164 INFO [main] org.apache.catalina.core.AprLifecycleListener.initializeSSL OpenSSL successfully initialized [OpenSSL 3.0.18 30 Sep 2025]
08-Apr-2026 22:08:37.824 INFO [main] org.apache.coyote.AbstractProtocol.init Initializing ProtocolHandler ["http-nio-8080"]
08-Apr-2026 22:08:37.853 INFO [main] org.apache.catalina.startup.Catalina.load Server initialization in [1150] milliseconds
08-Apr-2026 22:08:39.039 INFO [main] org.apache.catalina.startup.VersionLoggerListener.log Server version name:   Apache Tomcat/9.0.115
08-Apr-2026 22:08:39.043 INFO [main] org.apache.catalina.startup.VersionLoggerListener.log Server built:          Jan 21 2026 08:17:26 UTC
08-Apr-2026 22:08:39.045 INFO [main] org.apache.catalina.startup.VersionLoggerListener.log Server version number: 9.0.115.0
08-Apr-2026 22:08:39.045 INFO [main] org.apache.catalina.startup.VersionLoggerListener.log OS Name:               Windows 10
08-Apr-2026 22:08:39.045 INFO [main] org.apache.catalina.startup.VersionLoggerListener.log OS Version:            10.0
08-Apr-2026 22:08:39.045 INFO [main] org.apache.catalina.startup.VersionLoggerListener.log Architecture:          amd64
08-Apr-2026 22:08:39.045 INFO [main] org.apache.catalina.startup.VersionLoggerListener.log Java Home:             D:\housys\FingerprintClient_IDSL_DEVICEFIX08042026\FingerprintClient_IDSL_DEVICEFIX\app\jre
08-Apr-2026 22:08:39.045 INFO [main] org.apache.catalina.startup.VersionLoggerListener.log JVM Version:           1.8.0_202-b08
08-Apr-2026 22:08:39.045 INFO [main] org.apache.catalina.startup.VersionLoggerListener.log JVM Vendor:            Oracle Corporation
08-Apr-2026 22:08:39.045 INFO [main] org.apache.catalina.startup.VersionLoggerListener.log CATALINA_BASE:         D:\housys\FingerprintClient_IDSL_DEVICEFIX08042026\FingerprintClient_IDSL_DEVICEFIX\app\tomcat
08-Apr-2026 22:08:39.045 INFO [main] org.apache.catalina.startup.VersionLoggerListener.log CATALINA_HOME:         D:\housys\FingerprintClient_IDSL_DEVICEFIX08042026\FingerprintClient_IDSL_DEVICEFIX\app\tomcat
08-Apr-2026 22:08:39.049 INFO [main] org.apache.catalina.startup.VersionLoggerListener.log Command line argument: -Djava.util.logging.config.file=D:\housys\FingerprintClient_IDSL_DEVICEFIX08042026\FingerprintClient_IDSL_DEVICEFIX\app\tomcat\conf\logging.properties
08-Apr-2026 22:08:39.049 INFO [main] org.apache.catalina.startup.VersionLoggerListener.log Command line argument: -Djava.util.logging.manager=org.apache.juli.ClassLoaderLogManager
08-Apr-2026 22:08:39.051 INFO [main] org.apache.catalina.startup.VersionLoggerListener.log Command line argument: -Djava.library.path=D:\housys\FingerprintClient_IDSL_DEVICEFIX08042026\FingerprintClient_IDSL_DEVICEFIX\app\tomcat\bin
08-Apr-2026 22:08:39.051 INFO [main] org.apache.catalina.startup.VersionLoggerListener.log Command line argument: -Dsqlserver.auth.dll.path=D:\housys\FingerprintClient_IDSL_DEVICEFIX08042026\FingerprintClient_IDSL_DEVICEFIX\app\tomcat\bin\mssql-jdbc_auth-13.2.1.x64.dll
08-Apr-2026 22:08:39.051 INFO [main] org.apache.catalina.startup.VersionLoggerListener.log Command line argument: -Djdk.tls.ephemeralDHKeySize=2048
08-Apr-2026 22:08:39.051 INFO [main] org.apache.catalina.startup.VersionLoggerListener.log Command line argument: -Djava.protocol.handler.pkgs=org.apache.catalina.webresources
08-Apr-2026 22:08:39.051 INFO [main] org.apache.catalina.startup.VersionLoggerListener.log Command line argument: -Dsun.io.useCanonCaches=false
08-Apr-2026 22:08:39.051 INFO [main] org.apache.catalina.startup.VersionLoggerListener.log Command line argument: -Djava.library.path=D:\housys\FingerprintClient_IDSL_DEVICEFIX08042026\FingerprintClient_IDSL_DEVICEFIX\app\tomcat\bin
08-Apr-2026 22:08:39.051 INFO [main] org.apache.catalina.startup.VersionLoggerListener.log Command line argument: -Dsqlserver.auth.dll.path=D:\housys\FingerprintClient_IDSL_DEVICEFIX08042026\FingerprintClient_IDSL_DEVICEFIX\app\tomcat\bin\mssql-jdbc_auth-13.2.1.x64.dll
08-Apr-2026 22:08:39.051 INFO [main] org.apache.catalina.startup.VersionLoggerListener.log Command line argument: -Dignore.endorsed.dirs=
08-Apr-2026 22:08:39.051 INFO [main] org.apache.catalina.startup.VersionLoggerListener.log Command line argument: -Dcatalina.base=D:\housys\FingerprintClient_IDSL_DEVICEFIX08042026\FingerprintClient_IDSL_DEVICEFIX\app\tomcat
08-Apr-2026 22:08:39.051 INFO [main] org.apache.catalina.startup.VersionLoggerListener.log Command line argument: -Dcatalina.home=D:\housys\FingerprintClient_IDSL_DEVICEFIX08042026\FingerprintClient_IDSL_DEVICEFIX\app\tomcat
08-Apr-2026 22:08:39.051 INFO [main] org.apache.catalina.startup.VersionLoggerListener.log Command line argument: -Djava.io.tmpdir=D:\housys\FingerprintClient_IDSL_DEVICEFIX08042026\FingerprintClient_IDSL_DEVICEFIX\app\tomcat\temp
08-Apr-2026 22:08:39.061 INFO [main] org.apache.catalina.core.AprLifecycleListener.lifecycleEvent Loaded Apache Tomcat Native library [1.3.5] using APR version [1.7.6].
08-Apr-2026 22:08:39.061 INFO [main] org.apache.catalina.core.AprLifecycleListener.lifecycleEvent APR capabilities: IPv6 [true], sendfile [true], accept filters [false], random [true], UDS [true].
08-Apr-2026 22:08:39.063 INFO [main] org.apache.catalina.core.AprLifecycleListener.lifecycleEvent APR/OpenSSL configuration: useAprConnector [false], useOpenSSL [true]
08-Apr-2026 22:08:39.075 INFO [main] org.apache.catalina.core.AprLifecycleListener.initializeSSL OpenSSL successfully initialized [OpenSSL 3.0.18 30 Sep 2025]
08-Apr-2026 22:08:39.385 INFO [main] org.apache.coyote.AbstractProtocol.init Initializing ProtocolHandler ["http-nio-8080"]
08-Apr-2026 22:08:39.402 INFO [main] org.apache.catalina.startup.Catalina.load Server initialization in [561] milliseconds
08-Apr-2026 22:08:39.456 INFO [main] org.apache.catalina.core.StandardService.startInternal Starting service [Catalina]
08-Apr-2026 22:08:39.456 INFO [main] org.apache.catalina.core.StandardEngine.startInternal Starting Servlet engine: [Apache Tomcat/9.0.115]
08-Apr-2026 22:08:39.532 INFO [main] org.apache.catalina.startup.HostConfig.deployWAR Deploying web application archive [D:\housys\FingerprintClient_IDSL_DEVICEFIX08042026\FingerprintClient_IDSL_DEVICEFIX\app\tomcat\webapps\demo.war]
08-Apr-2026 22:08:43.184 INFO [main] org.apache.jasper.servlet.TldScanner.scanJars At least one JAR was scanned for TLDs yet contained no TLDs. Enable debug logging for this logger for a complete list of JARs that were scanned but no TLDs were found in them. Skipping unneeded JARs during scanning can improve startup time and JSP compilation time.
08-Apr-2026 22:08:48.482 INFO [main] org.apache.catalina.startup.HostConfig.deployWAR Deployment of web application archive [D:\housys\FingerprintClient_IDSL_DEVICEFIX08042026\FingerprintClient_IDSL_DEVICEFIX\app\tomcat\webapps\demo.war] has finished in [8,948] ms
08-Apr-2026 22:08:48.484 INFO [main] org.apache.catalina.startup.HostConfig.deployDirectory Deploying web application directory [D:\housys\FingerprintClient_IDSL_DEVICEFIX08042026\FingerprintClient_IDSL_DEVICEFIX\app\tomcat\webapps\docs]
08-Apr-2026 22:08:48.529 INFO [main] org.apache.catalina.startup.HostConfig.deployDirectory Deployment of web application directory [D:\housys\FingerprintClient_IDSL_DEVICEFIX08042026\FingerprintClient_IDSL_DEVICEFIX\app\tomcat\webapps\docs] has finished in [45] ms
08-Apr-2026 22:08:48.531 INFO [main] org.apache.catalina.startup.HostConfig.deployDirectory Deploying web application directory [D:\housys\FingerprintClient_IDSL_DEVICEFIX08042026\FingerprintClient_IDSL_DEVICEFIX\app\tomcat\webapps\examples]
08-Apr-2026 22:08:49.400 INFO [main] org.apache.catalina.startup.HostConfig.deployDirectory Deployment of web application directory [D:\housys\FingerprintClient_IDSL_DEVICEFIX08042026\FingerprintClient_IDSL_DEVICEFIX\app\tomcat\webapps\examples] has finished in [869] ms
08-Apr-2026 22:08:49.400 INFO [main] org.apache.catalina.startup.HostConfig.deployDirectory Deploying web application directory [D:\housys\FingerprintClient_IDSL_DEVICEFIX08042026\FingerprintClient_IDSL_DEVICEFIX\app\tomcat\webapps\host-manager]
08-Apr-2026 22:08:49.471 INFO [main] org.apache.catalina.startup.HostConfig.deployDirectory Deployment of web application directory [D:\housys\FingerprintClient_IDSL_DEVICEFIX08042026\FingerprintClient_IDSL_DEVICEFIX\app\tomcat\webapps\host-manager] has finished in [71] ms
08-Apr-2026 22:08:49.471 INFO [main] org.apache.catalina.startup.HostConfig.deployDirectory Deploying web application directory [D:\housys\FingerprintClient_IDSL_DEVICEFIX08042026\FingerprintClient_IDSL_DEVICEFIX\app\tomcat\webapps\manager]
08-Apr-2026 22:08:49.541 INFO [main] org.apache.catalina.startup.HostConfig.deployDirectory Deployment of web application directory [D:\housys\FingerprintClient_IDSL_DEVICEFIX08042026\FingerprintClient_IDSL_DEVICEFIX\app\tomcat\webapps\manager] has finished in [70] ms
08-Apr-2026 22:08:49.541 INFO [main] org.apache.catalina.startup.HostConfig.deployDirectory Deploying web application directory [D:\housys\FingerprintClient_IDSL_DEVICEFIX08042026\FingerprintClient_IDSL_DEVICEFIX\app\tomcat\webapps\ROOT]
08-Apr-2026 22:08:49.590 INFO [main] org.apache.catalina.startup.HostConfig.deployDirectory Deployment of web application directory [D:\housys\FingerprintClient_IDSL_DEVICEFIX08042026\FingerprintClient_IDSL_DEVICEFIX\app\tomcat\webapps\ROOT] has finished in [49] ms
08-Apr-2026 22:08:49.598 INFO [main] org.apache.coyote.AbstractProtocol.start Starting ProtocolHandler ["http-nio-8080"]
08-Apr-2026 22:08:49.618 INFO [main] org.apache.catalina.startup.Catalina.start Server startup in [10217] milliseconds
08-Apr-2026 22:15:54.768 INFO [main] org.apache.catalina.startup.VersionLoggerListener.log Server version name:   Apache Tomcat/9.0.115
08-Apr-2026 22:15:54.771 INFO [main] org.apache.catalina.startup.VersionLoggerListener.log Server built:          Jan 21 2026 08:17:26 UTC
08-Apr-2026 22:15:54.771 INFO [main] org.apache.catalina.startup.VersionLoggerListener.log Server version number: 9.0.115.0
08-Apr-2026 22:15:54.771 INFO [main] org.apache.catalina.startup.VersionLoggerListener.log OS Name:               Windows 10
08-Apr-2026 22:15:54.771 INFO [main] org.apache.catalina.startup.VersionLoggerListener.log OS Version:            10.0
08-Apr-2026 22:15:54.771 INFO [main] org.apache.catalina.startup.VersionLoggerListener.log Architecture:          amd64
08-Apr-2026 22:15:54.771 INFO [main] org.apache.catalina.startup.VersionLoggerListener.log Java Home:             D:\housys\FingerprintClient_IDSL_DEVICEFIX03042026\FingerprintClient_IDSL_DEVICEFIX\app\jre
08-Apr-2026 22:15:54.771 INFO [main] org.apache.catalina.startup.VersionLoggerListener.log JVM Version:           1.8.0_202-b08
08-Apr-2026 22:15:54.771 INFO [main] org.apache.catalina.startup.VersionLoggerListener.log JVM Vendor:            Oracle Corporation
08-Apr-2026 22:15:54.771 INFO [main] org.apache.catalina.startup.VersionLoggerListener.log CATALINA_BASE:         D:\housys\FingerprintClient_IDSL_DEVICEFIX03042026\FingerprintClient_IDSL_DEVICEFIX\app\tomcat
08-Apr-2026 22:15:54.771 INFO [main] org.apache.catalina.startup.VersionLoggerListener.log CATALINA_HOME:         D:\housys\FingerprintClient_IDSL_DEVICEFIX03042026\FingerprintClient_IDSL_DEVICEFIX\app\tomcat
08-Apr-2026 22:15:54.819 INFO [main] org.apache.catalina.startup.VersionLoggerListener.log Command line argument: -Djava.util.logging.config.file=D:\housys\FingerprintClient_IDSL_DEVICEFIX03042026\FingerprintClient_IDSL_DEVICEFIX\app\tomcat\conf\logging.properties
08-Apr-2026 22:15:54.819 INFO [main] org.apache.catalina.startup.VersionLoggerListener.log Command line argument: -Djava.util.logging.manager=org.apache.juli.ClassLoaderLogManager
08-Apr-2026 22:15:54.819 INFO [main] org.apache.catalina.startup.VersionLoggerListener.log Command line argument: -Djava.library.path=D:\housys\FingerprintClient_IDSL_DEVICEFIX03042026\FingerprintClient_IDSL_DEVICEFIX\app\tomcat\bin
08-Apr-2026 22:15:54.819 INFO [main] org.apache.catalina.startup.VersionLoggerListener.log Command line argument: -Dsqlserver.auth.dll.path=D:\housys\FingerprintClient_IDSL_DEVICEFIX03042026\FingerprintClient_IDSL_DEVICEFIX\app\tomcat\bin\mssql-jdbc_auth-13.2.1.x64.dll
08-Apr-2026 22:15:54.819 INFO [main] org.apache.catalina.startup.VersionLoggerListener.log Command line argument: -Djdk.tls.ephemeralDHKeySize=2048
08-Apr-2026 22:15:54.819 INFO [main] org.apache.catalina.startup.VersionLoggerListener.log Command line argument: -Djava.protocol.handler.pkgs=org.apache.catalina.webresources
08-Apr-2026 22:15:54.819 INFO [main] org.apache.catalina.startup.VersionLoggerListener.log Command line argument: -Dsun.io.useCanonCaches=false
08-Apr-2026 22:15:54.819 INFO [main] org.apache.catalina.startup.VersionLoggerListener.log Command line argument: -Djava.library.path=D:\housys\FingerprintClient_IDSL_DEVICEFIX03042026\FingerprintClient_IDSL_DEVICEFIX\app\tomcat\bin
08-Apr-2026 22:15:54.819 INFO [main] org.apache.catalina.startup.VersionLoggerListener.log Command line argument: -Dsqlserver.auth.dll.path=D:\housys\FingerprintClient_IDSL_DEVICEFIX03042026\FingerprintClient_IDSL_DEVICEFIX\app\tomcat\bin\mssql-jdbc_auth-13.2.1.x64.dll
08-Apr-2026 22:15:54.821 INFO [main] org.apache.catalina.startup.VersionLoggerListener.log Command line argument: -Dignore.endorsed.dirs=
08-Apr-2026 22:15:54.821 INFO [main] org.apache.catalina.startup.VersionLoggerListener.log Command line argument: -Dcatalina.base=D:\housys\FingerprintClient_IDSL_DEVICEFIX03042026\FingerprintClient_IDSL_DEVICEFIX\app\tomcat
08-Apr-2026 22:15:54.821 INFO [main] org.apache.catalina.startup.VersionLoggerListener.log Command line argument: -Dcatalina.home=D:\housys\FingerprintClient_IDSL_DEVICEFIX03042026\FingerprintClient_IDSL_DEVICEFIX\app\tomcat
08-Apr-2026 22:15:54.821 INFO [main] org.apache.catalina.startup.VersionLoggerListener.log Command line argument: -Djava.io.tmpdir=D:\housys\FingerprintClient_IDSL_DEVICEFIX03042026\FingerprintClient_IDSL_DEVICEFIX\app\tomcat\temp
08-Apr-2026 22:15:54.917 INFO [main] org.apache.catalina.core.AprLifecycleListener.lifecycleEvent Loaded Apache Tomcat Native library [1.3.5] using APR version [1.7.6].
08-Apr-2026 22:15:54.917 INFO [main] org.apache.catalina.core.AprLifecycleListener.lifecycleEvent APR capabilities: IPv6 [true], sendfile [true], accept filters [false], random [true], UDS [true].
08-Apr-2026 22:15:54.917 INFO [main] org.apache.catalina.core.AprLifecycleListener.lifecycleEvent APR/OpenSSL configuration: useAprConnector [false], useOpenSSL [true]
08-Apr-2026 22:15:54.929 INFO [main] org.apache.catalina.core.AprLifecycleListener.initializeSSL OpenSSL successfully initialized [OpenSSL 3.0.18 30 Sep 2025]
08-Apr-2026 22:15:55.322 INFO [main] org.apache.coyote.AbstractProtocol.init Initializing ProtocolHandler ["http-nio-8080"]
08-Apr-2026 22:15:55.340 INFO [main] org.apache.catalina.startup.Catalina.load Server initialization in [783] milliseconds
08-Apr-2026 22:15:55.379 INFO [main] org.apache.catalina.core.StandardService.startInternal Starting service [Catalina]
08-Apr-2026 22:15:55.379 INFO [main] org.apache.catalina.core.StandardEngine.startInternal Starting Servlet engine: [Apache Tomcat/9.0.115]
08-Apr-2026 22:15:55.399 INFO [main] org.apache.catalina.startup.HostConfig.deployWAR Deploying web application archive [D:\housys\FingerprintClient_IDSL_DEVICEFIX03042026\FingerprintClient_IDSL_DEVICEFIX\app\tomcat\webapps\demo.war]
08-Apr-2026 22:15:58.426 INFO [main] org.apache.jasper.servlet.TldScanner.scanJars At least one JAR was scanned for TLDs yet contained no TLDs. Enable debug logging for this logger for a complete list of JARs that were scanned but no TLDs were found in them. Skipping unneeded JARs during scanning can improve startup time and JSP compilation time.
08-Apr-2026 22:16:03.875 INFO [main] org.apache.catalina.startup.HostConfig.deployWAR Deployment of web application archive [D:\housys\FingerprintClient_IDSL_DEVICEFIX03042026\FingerprintClient_IDSL_DEVICEFIX\app\tomcat\webapps\demo.war] has finished in [8,474] ms
08-Apr-2026 22:16:03.875 INFO [main] org.apache.catalina.startup.HostConfig.deployDirectory Deploying web application directory [D:\housys\FingerprintClient_IDSL_DEVICEFIX03042026\FingerprintClient_IDSL_DEVICEFIX\app\tomcat\webapps\docs]
08-Apr-2026 22:16:03.917 INFO [main] org.apache.catalina.startup.HostConfig.deployDirectory Deployment of web application directory [D:\housys\FingerprintClient_IDSL_DEVICEFIX03042026\FingerprintClient_IDSL_DEVICEFIX\app\tomcat\webapps\docs] has finished in [42] ms
08-Apr-2026 22:16:03.917 INFO [main] org.apache.catalina.startup.HostConfig.deployDirectory Deploying web application directory [D:\housys\FingerprintClient_IDSL_DEVICEFIX03042026\FingerprintClient_IDSL_DEVICEFIX\app\tomcat\webapps\examples]
08-Apr-2026 22:16:04.609 INFO [main] org.apache.catalina.startup.HostConfig.deployDirectory Deployment of web application directory [D:\housys\FingerprintClient_IDSL_DEVICEFIX03042026\FingerprintClient_IDSL_DEVICEFIX\app\tomcat\webapps\examples] has finished in [692] ms
08-Apr-2026 22:16:04.609 INFO [main] org.apache.catalina.startup.HostConfig.deployDirectory Deploying web application directory [D:\housys\FingerprintClient_IDSL_DEVICEFIX03042026\FingerprintClient_IDSL_DEVICEFIX\app\tomcat\webapps\host-manager]
08-Apr-2026 22:16:04.660 INFO [main] org.apache.catalina.startup.HostConfig.deployDirectory Deployment of web application directory [D:\housys\FingerprintClient_IDSL_DEVICEFIX03042026\FingerprintClient_IDSL_DEVICEFIX\app\tomcat\webapps\host-manager] has finished in [51] ms
08-Apr-2026 22:16:04.661 INFO [main] org.apache.catalina.startup.HostConfig.deployDirectory Deploying web application directory [D:\housys\FingerprintClient_IDSL_DEVICEFIX03042026\FingerprintClient_IDSL_DEVICEFIX\app\tomcat\webapps\manager]
08-Apr-2026 22:16:04.717 INFO [main] org.apache.catalina.startup.HostConfig.deployDirectory Deployment of web application directory [D:\housys\FingerprintClient_IDSL_DEVICEFIX03042026\FingerprintClient_IDSL_DEVICEFIX\app\tomcat\webapps\manager] has finished in [56] ms
08-Apr-2026 22:16:04.717 INFO [main] org.apache.catalina.startup.HostConfig.deployDirectory Deploying web application directory [D:\housys\FingerprintClient_IDSL_DEVICEFIX03042026\FingerprintClient_IDSL_DEVICEFIX\app\tomcat\webapps\ROOT]
08-Apr-2026 22:16:04.754 INFO [main] org.apache.catalina.startup.HostConfig.deployDirectory Deployment of web application directory [D:\housys\FingerprintClient_IDSL_DEVICEFIX03042026\FingerprintClient_IDSL_DEVICEFIX\app\tomcat\webapps\ROOT] has finished in [37] ms
08-Apr-2026 22:16:04.758 INFO [main] org.apache.coyote.AbstractProtocol.start Starting ProtocolHandler ["http-nio-8080"]
08-Apr-2026 22:16:04.776 INFO [main] org.apache.catalina.startup.Catalina.start Server startup in [9436] milliseconds
08-Apr-2026 22:16:18.699 INFO [Thread-13] org.apache.coyote.AbstractProtocol.pause Pausing ProtocolHandler ["http-nio-8080"]
08-Apr-2026 22:16:18.863 INFO [Thread-13] org.apache.catalina.core.StandardService.stopInternal Stopping service [Catalina]
08-Apr-2026 22:16:18.998 WARNING [Thread-13] org.apache.catalina.loader.WebappClassLoaderBase.clearReferencesJdbc The web application [demo] registered the JDBC driver [com.microsoft.sqlserver.jdbc.SQLServerDriver] but failed to unregister it when the web application was stopped. To prevent a memory leak, the JDBC Driver has been forcibly unregistered.
08-Apr-2026 22:16:18.998 WARNING [Thread-13] org.apache.catalina.loader.WebappClassLoaderBase.clearReferencesThreads The web application [demo] appears to have started a thread named [Timer-0] but has failed to stop it. This is very likely to create a memory leak. Stack trace of thread:
 java.lang.Object.wait(Native Method)
 java.util.TimerThread.mainLoop(Unknown Source)
 java.util.TimerThread.run(Unknown Source)
08-Apr-2026 22:16:19.010 INFO [Thread-13] org.apache.coyote.AbstractProtocol.stop Stopping ProtocolHandler ["http-nio-8080"]
08-Apr-2026 22:16:19.018 INFO [Thread-13] org.apache.coyote.AbstractProtocol.destroy Destroying ProtocolHandler ["http-nio-8080"]
08-Apr-2026 22:19:03.431 INFO [main] org.apache.catalina.startup.VersionLoggerListener.log Server version name:   Apache Tomcat/9.0.115
08-Apr-2026 22:19:03.434 INFO [main] org.apache.catalina.startup.VersionLoggerListener.log Server built:          Jan 21 2026 08:17:26 UTC
08-Apr-2026 22:19:03.434 INFO [main] org.apache.catalina.startup.VersionLoggerListener.log Server version number: 9.0.115.0
08-Apr-2026 22:19:03.434 INFO [main] org.apache.catalina.startup.VersionLoggerListener.log OS Name:               Windows 10
08-Apr-2026 22:19:03.434 INFO [main] org.apache.catalina.startup.VersionLoggerListener.log OS Version:            10.0
08-Apr-2026 22:19:03.434 INFO [main] org.apache.catalina.startup.VersionLoggerListener.log Architecture:          amd64
08-Apr-2026 22:19:03.435 INFO [main] org.apache.catalina.startup.VersionLoggerListener.log Java Home:             D:\housys\FingerprintClient_IDSL_DEVICEFIX03042026\FingerprintClient_IDSL_DEVICEFIX\app\jre
08-Apr-2026 22:19:03.435 INFO [main] org.apache.catalina.startup.VersionLoggerListener.log JVM Version:           1.8.0_202-b08
08-Apr-2026 22:19:03.435 INFO [main] org.apache.catalina.startup.VersionLoggerListener.log JVM Vendor:            Oracle Corporation
08-Apr-2026 22:19:03.435 INFO [main] org.apache.catalina.startup.VersionLoggerListener.log CATALINA_BASE:         D:\housys\FingerprintClient_IDSL_DEVICEFIX03042026\FingerprintClient_IDSL_DEVICEFIX\app\tomcat
08-Apr-2026 22:19:03.435 INFO [main] org.apache.catalina.startup.VersionLoggerListener.log CATALINA_HOME:         D:\housys\FingerprintClient_IDSL_DEVICEFIX03042026\FingerprintClient_IDSL_DEVICEFIX\app\tomcat
08-Apr-2026 22:19:03.439 INFO [main] org.apache.catalina.startup.VersionLoggerListener.log Command line argument: -Djava.util.logging.config.file=D:\housys\FingerprintClient_IDSL_DEVICEFIX03042026\FingerprintClient_IDSL_DEVICEFIX\app\tomcat\conf\logging.properties
08-Apr-2026 22:19:03.439 INFO [main] org.apache.catalina.startup.VersionLoggerListener.log Command line argument: -Djava.util.logging.manager=org.apache.juli.ClassLoaderLogManager
08-Apr-2026 22:19:03.440 INFO [main] org.apache.catalina.startup.VersionLoggerListener.log Command line argument: -Djava.library.path=D:\housys\FingerprintClient_IDSL_DEVICEFIX03042026\FingerprintClient_IDSL_DEVICEFIX\app\tomcat\bin
08-Apr-2026 22:19:03.440 INFO [main] org.apache.catalina.startup.VersionLoggerListener.log Command line argument: -Dsqlserver.auth.dll.path=D:\housys\FingerprintClient_IDSL_DEVICEFIX03042026\FingerprintClient_IDSL_DEVICEFIX\app\tomcat\bin\mssql-jdbc_auth-13.2.1.x64.dll
08-Apr-2026 22:19:03.440 INFO [main] org.apache.catalina.startup.VersionLoggerListener.log Command line argument: -Djdk.tls.ephemeralDHKeySize=2048
08-Apr-2026 22:19:03.440 INFO [main] org.apache.catalina.startup.VersionLoggerListener.log Command line argument: -Djava.protocol.handler.pkgs=org.apache.catalina.webresources
08-Apr-2026 22:19:03.440 INFO [main] org.apache.catalina.startup.VersionLoggerListener.log Command line argument: -Dsun.io.useCanonCaches=false
08-Apr-2026 22:19:03.440 INFO [main] org.apache.catalina.startup.VersionLoggerListener.log Command line argument: -Djava.library.path=D:\housys\FingerprintClient_IDSL_DEVICEFIX03042026\FingerprintClient_IDSL_DEVICEFIX\app\tomcat\bin
08-Apr-2026 22:19:03.440 INFO [main] org.apache.catalina.startup.VersionLoggerListener.log Command line argument: -Dsqlserver.auth.dll.path=D:\housys\FingerprintClient_IDSL_DEVICEFIX03042026\FingerprintClient_IDSL_DEVICEFIX\app\tomcat\bin\mssql-jdbc_auth-13.2.1.x64.dll
08-Apr-2026 22:19:03.440 INFO [main] org.apache.catalina.startup.VersionLoggerListener.log Command line argument: -Dignore.endorsed.dirs=
08-Apr-2026 22:19:03.440 INFO [main] org.apache.catalina.startup.VersionLoggerListener.log Command line argument: -Dcatalina.base=D:\housys\FingerprintClient_IDSL_DEVICEFIX03042026\FingerprintClient_IDSL_DEVICEFIX\app\tomcat
08-Apr-2026 22:19:03.440 INFO [main] org.apache.catalina.startup.VersionLoggerListener.log Command line argument: -Dcatalina.home=D:\housys\FingerprintClient_IDSL_DEVICEFIX03042026\FingerprintClient_IDSL_DEVICEFIX\app\tomcat
08-Apr-2026 22:19:03.440 INFO [main] org.apache.catalina.startup.VersionLoggerListener.log Command line argument: -Djava.io.tmpdir=D:\housys\FingerprintClient_IDSL_DEVICEFIX03042026\FingerprintClient_IDSL_DEVICEFIX\app\tomcat\temp
08-Apr-2026 22:19:03.450 INFO [main] org.apache.catalina.core.AprLifecycleListener.lifecycleEvent Loaded Apache Tomcat Native library [1.3.5] using APR version [1.7.6].
08-Apr-2026 22:19:03.451 INFO [main] org.apache.catalina.core.AprLifecycleListener.lifecycleEvent APR capabilities: IPv6 [true], sendfile [true], accept filters [false], random [true], UDS [true].
08-Apr-2026 22:19:03.451 INFO [main] org.apache.catalina.core.AprLifecycleListener.lifecycleEvent APR/OpenSSL configuration: useAprConnector [false], useOpenSSL [true]
08-Apr-2026 22:19:03.465 INFO [main] org.apache.catalina.core.AprLifecycleListener.initializeSSL OpenSSL successfully initialized [OpenSSL 3.0.18 30 Sep 2025]
08-Apr-2026 22:19:03.774 INFO [main] org.apache.coyote.AbstractProtocol.init Initializing ProtocolHandler ["http-nio-8080"]
08-Apr-2026 22:19:03.794 INFO [main] org.apache.catalina.startup.Catalina.load Server initialization in [568] milliseconds
08-Apr-2026 22:19:03.823 INFO [main] org.apache.catalina.core.StandardService.startInternal Starting service [Catalina]
08-Apr-2026 22:19:03.823 INFO [main] org.apache.catalina.core.StandardEngine.startInternal Starting Servlet engine: [Apache Tomcat/9.0.115]
08-Apr-2026 22:19:03.840 INFO [main] org.apache.catalina.startup.HostConfig.deployWAR Deploying web application archive [D:\housys\FingerprintClient_IDSL_DEVICEFIX03042026\FingerprintClient_IDSL_DEVICEFIX\app\tomcat\webapps\demo.war]
08-Apr-2026 22:19:06.382 INFO [main] org.apache.jasper.servlet.TldScanner.scanJars At least one JAR was scanned for TLDs yet contained no TLDs. Enable debug logging for this logger for a complete list of JARs that were scanned but no TLDs were found in them. Skipping unneeded JARs during scanning can improve startup time and JSP compilation time.
08-Apr-2026 22:19:11.217 INFO [main] org.apache.catalina.startup.HostConfig.deployWAR Deployment of web application archive [D:\housys\FingerprintClient_IDSL_DEVICEFIX03042026\FingerprintClient_IDSL_DEVICEFIX\app\tomcat\webapps\demo.war] has finished in [7,376] ms
08-Apr-2026 22:19:11.218 INFO [main] org.apache.catalina.startup.HostConfig.deployDirectory Deploying web application directory [D:\housys\FingerprintClient_IDSL_DEVICEFIX03042026\FingerprintClient_IDSL_DEVICEFIX\app\tomcat\webapps\docs]
08-Apr-2026 22:19:11.255 INFO [main] org.apache.catalina.startup.HostConfig.deployDirectory Deployment of web application directory [D:\housys\FingerprintClient_IDSL_DEVICEFIX03042026\FingerprintClient_IDSL_DEVICEFIX\app\tomcat\webapps\docs] has finished in [37] ms
08-Apr-2026 22:19:11.255 INFO [main] org.apache.catalina.startup.HostConfig.deployDirectory Deploying web application directory [D:\housys\FingerprintClient_IDSL_DEVICEFIX03042026\FingerprintClient_IDSL_DEVICEFIX\app\tomcat\webapps\examples]
08-Apr-2026 22:19:11.749 INFO [main] org.apache.catalina.startup.HostConfig.deployDirectory Deployment of web application directory [D:\housys\FingerprintClient_IDSL_DEVICEFIX03042026\FingerprintClient_IDSL_DEVICEFIX\app\tomcat\webapps\examples] has finished in [494] ms
08-Apr-2026 22:19:11.749 INFO [main] org.apache.catalina.startup.HostConfig.deployDirectory Deploying web application directory [D:\housys\FingerprintClient_IDSL_DEVICEFIX03042026\FingerprintClient_IDSL_DEVICEFIX\app\tomcat\webapps\host-manager]
08-Apr-2026 22:19:11.798 INFO [main] org.apache.catalina.startup.HostConfig.deployDirectory Deployment of web application directory [D:\housys\FingerprintClient_IDSL_DEVICEFIX03042026\FingerprintClient_IDSL_DEVICEFIX\app\tomcat\webapps\host-manager] has finished in [47] ms
08-Apr-2026 22:19:11.798 INFO [main] org.apache.catalina.startup.HostConfig.deployDirectory Deploying web application directory [D:\housys\FingerprintClient_IDSL_DEVICEFIX03042026\FingerprintClient_IDSL_DEVICEFIX\app\tomcat\webapps\manager]
08-Apr-2026 22:19:11.843 INFO [main] org.apache.catalina.startup.HostConfig.deployDirectory Deployment of web application directory [D:\housys\FingerprintClient_IDSL_DEVICEFIX03042026\FingerprintClient_IDSL_DEVICEFIX\app\tomcat\webapps\manager] has finished in [45] ms
08-Apr-2026 22:19:11.843 INFO [main] org.apache.catalina.startup.HostConfig.deployDirectory Deploying web application directory [D:\housys\FingerprintClient_IDSL_DEVICEFIX03042026\FingerprintClient_IDSL_DEVICEFIX\app\tomcat\webapps\ROOT]
08-Apr-2026 22:19:11.872 INFO [main] org.apache.catalina.startup.HostConfig.deployDirectory Deployment of web application directory [D:\housys\FingerprintClient_IDSL_DEVICEFIX03042026\FingerprintClient_IDSL_DEVICEFIX\app\tomcat\webapps\ROOT] has finished in [29] ms
08-Apr-2026 22:19:11.876 INFO [main] org.apache.coyote.AbstractProtocol.start Starting ProtocolHandler ["http-nio-8080"]
08-Apr-2026 22:19:11.892 INFO [main] org.apache.catalina.startup.Catalina.start Server startup in [8097] milliseconds
08-Apr-2026 22:23:33.204 INFO [Thread-13] org.apache.coyote.AbstractProtocol.pause Pausing ProtocolHandler ["http-nio-8080"]
08-Apr-2026 22:23:33.342 INFO [Thread-13] org.apache.catalina.core.StandardService.stopInternal Stopping service [Catalina]
08-Apr-2026 22:23:33.649 WARNING [Thread-13] org.apache.catalina.loader.WebappClassLoaderBase.clearReferencesJdbc The web application [demo] registered the JDBC driver [com.microsoft.sqlserver.jdbc.SQLServerDriver] but failed to unregister it when the web application was stopped. To prevent a memory leak, the JDBC Driver has been forcibly unregistered.
08-Apr-2026 22:23:33.649 WARNING [Thread-13] org.apache.catalina.loader.WebappClassLoaderBase.clearReferencesThreads The web application [demo] appears to have started a thread named [Timer-0] but has failed to stop it. This is very likely to create a memory leak. Stack trace of thread:
 java.lang.Object.wait(Native Method)
 java.util.TimerThread.mainLoop(Unknown Source)
 java.util.TimerThread.run(Unknown Source)
08-Apr-2026 22:23:33.661 INFO [Thread-13] org.apache.coyote.AbstractProtocol.stop Stopping ProtocolHandler ["http-nio-8080"]
08-Apr-2026 22:23:33.670 INFO [Thread-13] org.apache.coyote.AbstractProtocol.destroy Destroying ProtocolHandler ["http-nio-8080"]
08-Apr-2026 22:37:43.623 INFO [main] org.apache.catalina.startup.VersionLoggerListener.log Server version name:   Apache Tomcat/9.0.115
08-Apr-2026 22:37:43.629 INFO [main] org.apache.catalina.startup.VersionLoggerListener.log Server built:          Jan 21 2026 08:17:26 UTC
08-Apr-2026 22:37:43.630 INFO [main] org.apache.catalina.startup.VersionLoggerListener.log Server version number: 9.0.115.0
08-Apr-2026 22:37:43.630 INFO [main] org.apache.catalina.startup.VersionLoggerListener.log OS Name:               Windows 10
08-Apr-2026 22:37:43.630 INFO [main] org.apache.catalina.startup.VersionLoggerListener.log OS Version:            10.0
08-Apr-2026 22:37:43.630 INFO [main] org.apache.catalina.startup.VersionLoggerListener.log Architecture:          amd64
08-Apr-2026 22:37:43.630 INFO [main] org.apache.catalina.startup.VersionLoggerListener.log Java Home:             D:\housys\FingerprintClient_IDSL_DEVICEFIX03042026\FingerprintClient_IDSL_DEVICEFIX\app\jre
08-Apr-2026 22:37:43.630 INFO [main] org.apache.catalina.startup.VersionLoggerListener.log JVM Version:           1.8.0_202-b08
08-Apr-2026 22:37:43.630 INFO [main] org.apache.catalina.startup.VersionLoggerListener.log JVM Vendor:            Oracle Corporation
08-Apr-2026 22:37:43.630 INFO [main] org.apache.catalina.startup.VersionLoggerListener.log CATALINA_BASE:         D:\housys\FingerprintClient_IDSL_DEVICEFIX03042026\FingerprintClient_IDSL_DEVICEFIX\app\tomcat
08-Apr-2026 22:37:43.630 INFO [main] org.apache.catalina.startup.VersionLoggerListener.log CATALINA_HOME:         D:\housys\FingerprintClient_IDSL_DEVICEFIX03042026\FingerprintClient_IDSL_DEVICEFIX\app\tomcat
08-Apr-2026 22:37:43.682 INFO [main] org.apache.catalina.startup.VersionLoggerListener.log Command line argument: -Djava.util.logging.config.file=D:\housys\FingerprintClient_IDSL_DEVICEFIX03042026\FingerprintClient_IDSL_DEVICEFIX\app\tomcat\conf\logging.properties
08-Apr-2026 22:37:43.682 INFO [main] org.apache.catalina.startup.VersionLoggerListener.log Command line argument: -Djava.util.logging.manager=org.apache.juli.ClassLoaderLogManager
08-Apr-2026 22:37:43.682 INFO [main] org.apache.catalina.startup.VersionLoggerListener.log Command line argument: -Djava.library.path=D:\housys\FingerprintClient_IDSL_DEVICEFIX03042026\FingerprintClient_IDSL_DEVICEFIX\app\tomcat\bin
08-Apr-2026 22:37:43.682 INFO [main] org.apache.catalina.startup.VersionLoggerListener.log Command line argument: -Dsqlserver.auth.dll.path=D:\housys\FingerprintClient_IDSL_DEVICEFIX03042026\FingerprintClient_IDSL_DEVICEFIX\app\tomcat\bin\mssql-jdbc_auth-13.2.1.x64.dll
08-Apr-2026 22:37:43.682 INFO [main] org.apache.catalina.startup.VersionLoggerListener.log Command line argument: -Djdk.tls.ephemeralDHKeySize=2048
08-Apr-2026 22:37:43.682 INFO [main] org.apache.catalina.startup.VersionLoggerListener.log Command line argument: -Djava.protocol.handler.pkgs=org.apache.catalina.webresources
08-Apr-2026 22:37:43.682 INFO [main] org.apache.catalina.startup.VersionLoggerListener.log Command line argument: -Dsun.io.useCanonCaches=false
08-Apr-2026 22:37:43.682 INFO [main] org.apache.catalina.startup.VersionLoggerListener.log Command line argument: -Djava.library.path=D:\housys\FingerprintClient_IDSL_DEVICEFIX03042026\FingerprintClient_IDSL_DEVICEFIX\app\tomcat\bin
08-Apr-2026 22:37:43.683 INFO [main] org.apache.catalina.startup.VersionLoggerListener.log Command line argument: -Dsqlserver.auth.dll.path=D:\housys\FingerprintClient_IDSL_DEVICEFIX03042026\FingerprintClient_IDSL_DEVICEFIX\app\tomcat\bin\mssql-jdbc_auth-13.2.1.x64.dll
08-Apr-2026 22:37:43.683 INFO [main] org.apache.catalina.startup.VersionLoggerListener.log Command line argument: -Dignore.endorsed.dirs=
08-Apr-2026 22:37:43.683 INFO [main] org.apache.catalina.startup.VersionLoggerListener.log Command line argument: -Dcatalina.base=D:\housys\FingerprintClient_IDSL_DEVICEFIX03042026\FingerprintClient_IDSL_DEVICEFIX\app\tomcat
08-Apr-2026 22:37:43.683 INFO [main] org.apache.catalina.startup.VersionLoggerListener.log Command line argument: -Dcatalina.home=D:\housys\FingerprintClient_IDSL_DEVICEFIX03042026\FingerprintClient_IDSL_DEVICEFIX\app\tomcat
08-Apr-2026 22:37:43.683 INFO [main] org.apache.catalina.startup.VersionLoggerListener.log Command line argument: -Djava.io.tmpdir=D:\housys\FingerprintClient_IDSL_DEVICEFIX03042026\FingerprintClient_IDSL_DEVICEFIX\app\tomcat\temp
08-Apr-2026 22:37:43.783 INFO [main] org.apache.catalina.core.AprLifecycleListener.lifecycleEvent Loaded Apache Tomcat Native library [1.3.5] using APR version [1.7.6].
08-Apr-2026 22:37:43.783 INFO [main] org.apache.catalina.core.AprLifecycleListener.lifecycleEvent APR capabilities: IPv6 [true], sendfile [true], accept filters [false], random [true], UDS [true].
08-Apr-2026 22:37:43.783 INFO [main] org.apache.catalina.core.AprLifecycleListener.lifecycleEvent APR/OpenSSL configuration: useAprConnector [false], useOpenSSL [true]
08-Apr-2026 22:37:43.801 INFO [main] org.apache.catalina.core.AprLifecycleListener.initializeSSL OpenSSL successfully initialized [OpenSSL 3.0.18 30 Sep 2025]
08-Apr-2026 22:37:44.430 INFO [main] org.apache.coyote.AbstractProtocol.init Initializing ProtocolHandler ["http-nio-8080"]
08-Apr-2026 22:37:44.466 INFO [main] org.apache.catalina.startup.Catalina.load Server initialization in [1168] milliseconds
08-Apr-2026 22:37:44.515 INFO [main] org.apache.catalina.core.StandardService.startInternal Starting service [Catalina]
08-Apr-2026 22:37:44.515 INFO [main] org.apache.catalina.core.StandardEngine.startInternal Starting Servlet engine: [Apache Tomcat/9.0.115]
08-Apr-2026 22:37:44.594 INFO [main] org.apache.catalina.startup.HostConfig.deployWAR Deploying web application archive [D:\housys\FingerprintClient_IDSL_DEVICEFIX03042026\FingerprintClient_IDSL_DEVICEFIX\app\tomcat\webapps\demo.war]
08-Apr-2026 22:37:44.635 INFO [main] org.apache.catalina.startup.ExpandWar.expand An expanded directory [D:\housys\FingerprintClient_IDSL_DEVICEFIX03042026\FingerprintClient_IDSL_DEVICEFIX\app\tomcat\webapps\demo] was found with a last modified time that did not match the associated WAR. It will be deleted.
08-Apr-2026 22:37:52.801 INFO [main] org.apache.jasper.servlet.TldScanner.scanJars At least one JAR was scanned for TLDs yet contained no TLDs. Enable debug logging for this logger for a complete list of JARs that were scanned but no TLDs were found in them. Skipping unneeded JARs during scanning can improve startup time and JSP compilation time.
08-Apr-2026 22:37:59.960 INFO [main] org.apache.catalina.startup.HostConfig.deployWAR Deployment of web application archive [D:\housys\FingerprintClient_IDSL_DEVICEFIX03042026\FingerprintClient_IDSL_DEVICEFIX\app\tomcat\webapps\demo.war] has finished in [15,363] ms
08-Apr-2026 22:37:59.961 INFO [main] org.apache.catalina.startup.HostConfig.deployDirectory Deploying web application directory [D:\housys\FingerprintClient_IDSL_DEVICEFIX03042026\FingerprintClient_IDSL_DEVICEFIX\app\tomcat\webapps\docs]
08-Apr-2026 22:38:00.045 INFO [main] org.apache.catalina.startup.HostConfig.deployDirectory Deployment of web application directory [D:\housys\FingerprintClient_IDSL_DEVICEFIX03042026\FingerprintClient_IDSL_DEVICEFIX\app\tomcat\webapps\docs] has finished in [84] ms
08-Apr-2026 22:38:00.047 INFO [main] org.apache.catalina.startup.HostConfig.deployDirectory Deploying web application directory [D:\housys\FingerprintClient_IDSL_DEVICEFIX03042026\FingerprintClient_IDSL_DEVICEFIX\app\tomcat\webapps\examples]
08-Apr-2026 22:38:01.156 INFO [main] org.apache.catalina.startup.HostConfig.deployDirectory Deployment of web application directory [D:\housys\FingerprintClient_IDSL_DEVICEFIX03042026\FingerprintClient_IDSL_DEVICEFIX\app\tomcat\webapps\examples] has finished in [1,109] ms
08-Apr-2026 22:38:01.156 INFO [main] org.apache.catalina.startup.HostConfig.deployDirectory Deploying web application directory [D:\housys\FingerprintClient_IDSL_DEVICEFIX03042026\FingerprintClient_IDSL_DEVICEFIX\app\tomcat\webapps\host-manager]
08-Apr-2026 22:38:01.232 INFO [main] org.apache.catalina.startup.HostConfig.deployDirectory Deployment of web application directory [D:\housys\FingerprintClient_IDSL_DEVICEFIX03042026\FingerprintClient_IDSL_DEVICEFIX\app\tomcat\webapps\host-manager] has finished in [76] ms
08-Apr-2026 22:38:01.233 INFO [main] org.apache.catalina.startup.HostConfig.deployDirectory Deploying web application directory [D:\housys\FingerprintClient_IDSL_DEVICEFIX03042026\FingerprintClient_IDSL_DEVICEFIX\app\tomcat\webapps\manager]
08-Apr-2026 22:38:01.305 INFO [main] org.apache.catalina.startup.HostConfig.deployDirectory Deployment of web application directory [D:\housys\FingerprintClient_IDSL_DEVICEFIX03042026\FingerprintClient_IDSL_DEVICEFIX\app\tomcat\webapps\manager] has finished in [72] ms
08-Apr-2026 22:38:01.307 INFO [main] org.apache.catalina.startup.HostConfig.deployDirectory Deploying web application directory [D:\housys\FingerprintClient_IDSL_DEVICEFIX03042026\FingerprintClient_IDSL_DEVICEFIX\app\tomcat\webapps\ROOT]
08-Apr-2026 22:38:01.354 INFO [main] org.apache.catalina.startup.HostConfig.deployDirectory Deployment of web application directory [D:\housys\FingerprintClient_IDSL_DEVICEFIX03042026\FingerprintClient_IDSL_DEVICEFIX\app\tomcat\webapps\ROOT] has finished in [47] ms
08-Apr-2026 22:38:01.361 INFO [main] org.apache.coyote.AbstractProtocol.start Starting ProtocolHandler ["http-nio-8080"]
08-Apr-2026 22:38:01.383 INFO [main] org.apache.catalina.startup.Catalina.start Server startup in [16917] milliseconds
08-Apr-2026 22:39:21.464 INFO [Thread-13] org.apache.coyote.AbstractProtocol.pause Pausing ProtocolHandler ["http-nio-8080"]
08-Apr-2026 22:39:21.666 INFO [Thread-13] org.apache.catalina.core.StandardService.stopInternal Stopping service [Catalina]
08-Apr-2026 22:39:21.821 WARNING [Thread-13] org.apache.catalina.loader.WebappClassLoaderBase.clearReferencesJdbc The web application [demo] registered the JDBC driver [com.microsoft.sqlserver.jdbc.SQLServerDriver] but failed to unregister it when the web application was stopped. To prevent a memory leak, the JDBC Driver has been forcibly unregistered.
08-Apr-2026 22:39:21.821 WARNING [Thread-13] org.apache.catalina.loader.WebappClassLoaderBase.clearReferencesThreads The web application [demo] appears to have started a thread named [Timer-0] but has failed to stop it. This is very likely to create a memory leak. Stack trace of thread:
 java.lang.Object.wait(Native Method)
 java.util.TimerThread.mainLoop(Unknown Source)
 java.util.TimerThread.run(Unknown Source)
08-Apr-2026 22:39:21.837 INFO [Thread-13] org.apache.coyote.AbstractProtocol.stop Stopping ProtocolHandler ["http-nio-8080"]
08-Apr-2026 22:39:21.853 INFO [Thread-13] org.apache.coyote.AbstractProtocol.destroy Destroying ProtocolHandler ["http-nio-8080"]
08-Apr-2026 22:42:09.874 INFO [main] org.apache.catalina.startup.VersionLoggerListener.log Server version name:   Apache Tomcat/9.0.115
08-Apr-2026 22:42:09.878 INFO [main] org.apache.catalina.startup.VersionLoggerListener.log Server built:          Jan 21 2026 08:17:26 UTC
08-Apr-2026 22:42:09.878 INFO [main] org.apache.catalina.startup.VersionLoggerListener.log Server version number: 9.0.115.0
08-Apr-2026 22:42:09.880 INFO [main] org.apache.catalina.startup.VersionLoggerListener.log OS Name:               Windows 10
08-Apr-2026 22:42:09.880 INFO [main] org.apache.catalina.startup.VersionLoggerListener.log OS Version:            10.0
08-Apr-2026 22:42:09.880 INFO [main] org.apache.catalina.startup.VersionLoggerListener.log Architecture:          amd64
08-Apr-2026 22:42:09.880 INFO [main] org.apache.catalina.startup.VersionLoggerListener.log Java Home:             D:\housys\FingerprintClient_IDSL_DEVICEFIX03042026\FingerprintClient_IDSL_DEVICEFIX\app\jre
08-Apr-2026 22:42:09.880 INFO [main] org.apache.catalina.startup.VersionLoggerListener.log JVM Version:           1.8.0_202-b08
08-Apr-2026 22:42:09.880 INFO [main] org.apache.catalina.startup.VersionLoggerListener.log JVM Vendor:            Oracle Corporation
08-Apr-2026 22:42:09.880 INFO [main] org.apache.catalina.startup.VersionLoggerListener.log CATALINA_BASE:         D:\housys\FingerprintClient_IDSL_DEVICEFIX03042026\FingerprintClient_IDSL_DEVICEFIX\app\tomcat
08-Apr-2026 22:42:09.880 INFO [main] org.apache.catalina.startup.VersionLoggerListener.log CATALINA_HOME:         D:\housys\FingerprintClient_IDSL_DEVICEFIX03042026\FingerprintClient_IDSL_DEVICEFIX\app\tomcat
08-Apr-2026 22:42:09.884 INFO [main] org.apache.catalina.startup.VersionLoggerListener.log Command line argument: -Djava.util.logging.config.file=D:\housys\FingerprintClient_IDSL_DEVICEFIX03042026\FingerprintClient_IDSL_DEVICEFIX\app\tomcat\conf\logging.properties
08-Apr-2026 22:42:09.884 INFO [main] org.apache.catalina.startup.VersionLoggerListener.log Command line argument: -Djava.util.logging.manager=org.apache.juli.ClassLoaderLogManager
08-Apr-2026 22:42:09.884 INFO [main] org.apache.catalina.startup.VersionLoggerListener.log Command line argument: -Djava.library.path=D:\housys\FingerprintClient_IDSL_DEVICEFIX03042026\FingerprintClient_IDSL_DEVICEFIX\app\tomcat\bin
08-Apr-2026 22:42:09.884 INFO [main] org.apache.catalina.startup.VersionLoggerListener.log Command line argument: -Dsqlserver.auth.dll.path=D:\housys\FingerprintClient_IDSL_DEVICEFIX03042026\FingerprintClient_IDSL_DEVICEFIX\app\tomcat\bin\mssql-jdbc_auth-13.2.1.x64.dll
08-Apr-2026 22:42:09.884 INFO [main] org.apache.catalina.startup.VersionLoggerListener.log Command line argument: -Djdk.tls.ephemeralDHKeySize=2048
08-Apr-2026 22:42:09.884 INFO [main] org.apache.catalina.startup.VersionLoggerListener.log Command line argument: -Djava.protocol.handler.pkgs=org.apache.catalina.webresources
08-Apr-2026 22:42:09.884 INFO [main] org.apache.catalina.startup.VersionLoggerListener.log Command line argument: -Dsun.io.useCanonCaches=false
08-Apr-2026 22:42:09.884 INFO [main] org.apache.catalina.startup.VersionLoggerListener.log Command line argument: -Djava.library.path=D:\housys\FingerprintClient_IDSL_DEVICEFIX03042026\FingerprintClient_IDSL_DEVICEFIX\app\tomcat\bin
08-Apr-2026 22:42:09.884 INFO [main] org.apache.catalina.startup.VersionLoggerListener.log Command line argument: -Dsqlserver.auth.dll.path=D:\housys\FingerprintClient_IDSL_DEVICEFIX03042026\FingerprintClient_IDSL_DEVICEFIX\app\tomcat\bin\mssql-jdbc_auth-13.2.1.x64.dll
08-Apr-2026 22:42:09.884 INFO [main] org.apache.catalina.startup.VersionLoggerListener.log Command line argument: -Dignore.endorsed.dirs=
08-Apr-2026 22:42:09.884 INFO [main] org.apache.catalina.startup.VersionLoggerListener.log Command line argument: -Dcatalina.base=D:\housys\FingerprintClient_IDSL_DEVICEFIX03042026\FingerprintClient_IDSL_DEVICEFIX\app\tomcat
08-Apr-2026 22:42:09.884 INFO [main] org.apache.catalina.startup.VersionLoggerListener.log Command line argument: -Dcatalina.home=D:\housys\FingerprintClient_IDSL_DEVICEFIX03042026\FingerprintClient_IDSL_DEVICEFIX\app\tomcat
08-Apr-2026 22:42:09.884 INFO [main] org.apache.catalina.startup.VersionLoggerListener.log Command line argument: -Djava.io.tmpdir=D:\housys\FingerprintClient_IDSL_DEVICEFIX03042026\FingerprintClient_IDSL_DEVICEFIX\app\tomcat\temp
08-Apr-2026 22:42:09.895 INFO [main] org.apache.catalina.core.AprLifecycleListener.lifecycleEvent Loaded Apache Tomcat Native library [1.3.5] using APR version [1.7.6].
08-Apr-2026 22:42:09.895 INFO [main] org.apache.catalina.core.AprLifecycleListener.lifecycleEvent APR capabilities: IPv6 [true], sendfile [true], accept filters [false], random [true], UDS [true].
08-Apr-2026 22:42:09.895 INFO [main] org.apache.catalina.core.AprLifecycleListener.lifecycleEvent APR/OpenSSL configuration: useAprConnector [false], useOpenSSL [true]
08-Apr-2026 22:42:09.907 INFO [main] org.apache.catalina.core.AprLifecycleListener.initializeSSL OpenSSL successfully initialized [OpenSSL 3.0.18 30 Sep 2025]
08-Apr-2026 22:42:10.229 INFO [main] org.apache.coyote.AbstractProtocol.init Initializing ProtocolHandler ["http-nio-8080"]
08-Apr-2026 22:42:10.247 INFO [main] org.apache.catalina.startup.Catalina.load Server initialization in [586] milliseconds
08-Apr-2026 22:42:10.277 INFO [main] org.apache.catalina.core.StandardService.startInternal Starting service [Catalina]
08-Apr-2026 22:42:10.277 INFO [main] org.apache.catalina.core.StandardEngine.startInternal Starting Servlet engine: [Apache Tomcat/9.0.115]
08-Apr-2026 22:42:10.298 INFO [main] org.apache.catalina.startup.HostConfig.deployWAR Deploying web application archive [D:\housys\FingerprintClient_IDSL_DEVICEFIX03042026\FingerprintClient_IDSL_DEVICEFIX\app\tomcat\webapps\demo.war]
08-Apr-2026 22:42:12.885 INFO [main] org.apache.jasper.servlet.TldScanner.scanJars At least one JAR was scanned for TLDs yet contained no TLDs. Enable debug logging for this logger for a complete list of JARs that were scanned but no TLDs were found in them. Skipping unneeded JARs during scanning can improve startup time and JSP compilation time.
08-Apr-2026 22:42:18.301 INFO [main] org.apache.catalina.startup.HostConfig.deployWAR Deployment of web application archive [D:\housys\FingerprintClient_IDSL_DEVICEFIX03042026\FingerprintClient_IDSL_DEVICEFIX\app\tomcat\webapps\demo.war] has finished in [8,002] ms
08-Apr-2026 22:42:18.301 INFO [main] org.apache.catalina.startup.HostConfig.deployDirectory Deploying web application directory [D:\housys\FingerprintClient_IDSL_DEVICEFIX03042026\FingerprintClient_IDSL_DEVICEFIX\app\tomcat\webapps\docs]
08-Apr-2026 22:42:18.352 INFO [main] org.apache.catalina.startup.HostConfig.deployDirectory Deployment of web application directory [D:\housys\FingerprintClient_IDSL_DEVICEFIX03042026\FingerprintClient_IDSL_DEVICEFIX\app\tomcat\webapps\docs] has finished in [51] ms
08-Apr-2026 22:42:18.352 INFO [main] org.apache.catalina.startup.HostConfig.deployDirectory Deploying web application directory [D:\housys\FingerprintClient_IDSL_DEVICEFIX03042026\FingerprintClient_IDSL_DEVICEFIX\app\tomcat\webapps\examples]
08-Apr-2026 22:42:19.006 INFO [main] org.apache.catalina.startup.HostConfig.deployDirectory Deployment of web application directory [D:\housys\FingerprintClient_IDSL_DEVICEFIX03042026\FingerprintClient_IDSL_DEVICEFIX\app\tomcat\webapps\examples] has finished in [654] ms
08-Apr-2026 22:42:19.006 INFO [main] org.apache.catalina.startup.HostConfig.deployDirectory Deploying web application directory [D:\housys\FingerprintClient_IDSL_DEVICEFIX03042026\FingerprintClient_IDSL_DEVICEFIX\app\tomcat\webapps\host-manager]
08-Apr-2026 22:42:19.054 INFO [main] org.apache.catalina.startup.HostConfig.deployDirectory Deployment of web application directory [D:\housys\FingerprintClient_IDSL_DEVICEFIX03042026\FingerprintClient_IDSL_DEVICEFIX\app\tomcat\webapps\host-manager] has finished in [48] ms
08-Apr-2026 22:42:19.054 INFO [main] org.apache.catalina.startup.HostConfig.deployDirectory Deploying web application directory [D:\housys\FingerprintClient_IDSL_DEVICEFIX03042026\FingerprintClient_IDSL_DEVICEFIX\app\tomcat\webapps\manager]
08-Apr-2026 22:42:19.103 INFO [main] org.apache.catalina.startup.HostConfig.deployDirectory Deployment of web application directory [D:\housys\FingerprintClient_IDSL_DEVICEFIX03042026\FingerprintClient_IDSL_DEVICEFIX\app\tomcat\webapps\manager] has finished in [49] ms
08-Apr-2026 22:42:19.103 INFO [main] org.apache.catalina.startup.HostConfig.deployDirectory Deploying web application directory [D:\housys\FingerprintClient_IDSL_DEVICEFIX03042026\FingerprintClient_IDSL_DEVICEFIX\app\tomcat\webapps\ROOT]
08-Apr-2026 22:42:19.134 INFO [main] org.apache.catalina.startup.HostConfig.deployDirectory Deployment of web application directory [D:\housys\FingerprintClient_IDSL_DEVICEFIX03042026\FingerprintClient_IDSL_DEVICEFIX\app\tomcat\webapps\ROOT] has finished in [31] ms
08-Apr-2026 22:42:19.140 INFO [main] org.apache.coyote.AbstractProtocol.start Starting ProtocolHandler ["http-nio-8080"]
08-Apr-2026 22:42:19.158 INFO [main] org.apache.catalina.startup.Catalina.start Server startup in [8910] milliseconds
08-Apr-2026 22:50:33.408 INFO [Thread-13] org.apache.coyote.AbstractProtocol.pause Pausing ProtocolHandler ["http-nio-8080"]
08-Apr-2026 22:50:33.577 INFO [Thread-13] org.apache.catalina.core.StandardService.stopInternal Stopping service [Catalina]
08-Apr-2026 22:50:33.937 WARNING [Thread-13] org.apache.catalina.loader.WebappClassLoaderBase.clearReferencesJdbc The web application [demo] registered the JDBC driver [com.microsoft.sqlserver.jdbc.SQLServerDriver] but failed to unregister it when the web application was stopped. To prevent a memory leak, the JDBC Driver has been forcibly unregistered.
08-Apr-2026 22:50:33.939 WARNING [Thread-13] org.apache.catalina.loader.WebappClassLoaderBase.clearReferencesThreads The web application [demo] appears to have started a thread named [Timer-0] but has failed to stop it. This is very likely to create a memory leak. Stack trace of thread:
 java.lang.Object.wait(Native Method)
 java.util.TimerThread.mainLoop(Unknown Source)
 java.util.TimerThread.run(Unknown Source)
08-Apr-2026 22:50:33.949 INFO [Thread-13] org.apache.coyote.AbstractProtocol.stop Stopping ProtocolHandler ["http-nio-8080"]
08-Apr-2026 22:50:33.969 INFO [Thread-13] org.apache.coyote.AbstractProtocol.destroy Destroying ProtocolHandler ["http-nio-8080"]
08-Apr-2026 22:54:21.614 INFO [main] org.apache.catalina.startup.VersionLoggerListener.log Server version name:   Apache Tomcat/9.0.115
08-Apr-2026 22:54:21.620 INFO [main] org.apache.catalina.startup.VersionLoggerListener.log Server built:          Jan 21 2026 08:17:26 UTC
08-Apr-2026 22:54:21.622 INFO [main] org.apache.catalina.startup.VersionLoggerListener.log Server version number: 9.0.115.0
08-Apr-2026 22:54:21.622 INFO [main] org.apache.catalina.startup.VersionLoggerListener.log OS Name:               Windows 10
08-Apr-2026 22:54:21.622 INFO [main] org.apache.catalina.startup.VersionLoggerListener.log OS Version:            10.0
08-Apr-2026 22:54:21.622 INFO [main] org.apache.catalina.startup.VersionLoggerListener.log Architecture:          amd64
08-Apr-2026 22:54:21.622 INFO [main] org.apache.catalina.startup.VersionLoggerListener.log Java Home:             D:\housys\FingerprintClient_IDSL_DEVICEFIX03042026\FingerprintClient_IDSL_DEVICEFIX\app\jre
08-Apr-2026 22:54:21.622 INFO [main] org.apache.catalina.startup.VersionLoggerListener.log JVM Version:           1.8.0_202-b08
08-Apr-2026 22:54:21.622 INFO [main] org.apache.catalina.startup.VersionLoggerListener.log JVM Vendor:            Oracle Corporation
08-Apr-2026 22:54:21.622 INFO [main] org.apache.catalina.startup.VersionLoggerListener.log CATALINA_BASE:         D:\housys\FingerprintClient_IDSL_DEVICEFIX03042026\FingerprintClient_IDSL_DEVICEFIX\app\tomcat
08-Apr-2026 22:54:21.622 INFO [main] org.apache.catalina.startup.VersionLoggerListener.log CATALINA_HOME:         D:\housys\FingerprintClient_IDSL_DEVICEFIX03042026\FingerprintClient_IDSL_DEVICEFIX\app\tomcat
08-Apr-2026 22:54:21.667 INFO [main] org.apache.catalina.startup.VersionLoggerListener.log Command line argument: -Djava.util.logging.config.file=D:\housys\FingerprintClient_IDSL_DEVICEFIX03042026\FingerprintClient_IDSL_DEVICEFIX\app\tomcat\conf\logging.properties
08-Apr-2026 22:54:21.667 INFO [main] org.apache.catalina.startup.VersionLoggerListener.log Command line argument: -Djava.util.logging.manager=org.apache.juli.ClassLoaderLogManager
08-Apr-2026 22:54:21.667 INFO [main] org.apache.catalina.startup.VersionLoggerListener.log Command line argument: -Djava.library.path=D:\housys\FingerprintClient_IDSL_DEVICEFIX03042026\FingerprintClient_IDSL_DEVICEFIX\app\tomcat\bin
08-Apr-2026 22:54:21.667 INFO [main] org.apache.catalina.startup.VersionLoggerListener.log Command line argument: -Dsqlserver.auth.dll.path=D:\housys\FingerprintClient_IDSL_DEVICEFIX03042026\FingerprintClient_IDSL_DEVICEFIX\app\tomcat\bin\mssql-jdbc_auth-13.2.1.x64.dll
08-Apr-2026 22:54:21.667 INFO [main] org.apache.catalina.startup.VersionLoggerListener.log Command line argument: -Djdk.tls.ephemeralDHKeySize=2048
08-Apr-2026 22:54:21.667 INFO [main] org.apache.catalina.startup.VersionLoggerListener.log Command line argument: -Djava.protocol.handler.pkgs=org.apache.catalina.webresources
08-Apr-2026 22:54:21.669 INFO [main] org.apache.catalina.startup.VersionLoggerListener.log Command line argument: -Dsun.io.useCanonCaches=false
08-Apr-2026 22:54:21.669 INFO [main] org.apache.catalina.startup.VersionLoggerListener.log Command line argument: -Djava.library.path=D:\housys\FingerprintClient_IDSL_DEVICEFIX03042026\FingerprintClient_IDSL_DEVICEFIX\app\tomcat\bin
08-Apr-2026 22:54:21.669 INFO [main] org.apache.catalina.startup.VersionLoggerListener.log Command line argument: -Dsqlserver.auth.dll.path=D:\housys\FingerprintClient_IDSL_DEVICEFIX03042026\FingerprintClient_IDSL_DEVICEFIX\app\tomcat\bin\mssql-jdbc_auth-13.2.1.x64.dll
08-Apr-2026 22:54:21.669 INFO [main] org.apache.catalina.startup.VersionLoggerListener.log Command line argument: -Dignore.endorsed.dirs=
08-Apr-2026 22:54:21.669 INFO [main] org.apache.catalina.startup.VersionLoggerListener.log Command line argument: -Dcatalina.base=D:\housys\FingerprintClient_IDSL_DEVICEFIX03042026\FingerprintClient_IDSL_DEVICEFIX\app\tomcat
08-Apr-2026 22:54:21.669 INFO [main] org.apache.catalina.startup.VersionLoggerListener.log Command line argument: -Dcatalina.home=D:\housys\FingerprintClient_IDSL_DEVICEFIX03042026\FingerprintClient_IDSL_DEVICEFIX\app\tomcat
08-Apr-2026 22:54:21.669 INFO [main] org.apache.catalina.startup.VersionLoggerListener.log Command line argument: -Djava.io.tmpdir=D:\housys\FingerprintClient_IDSL_DEVICEFIX03042026\FingerprintClient_IDSL_DEVICEFIX\app\tomcat\temp
08-Apr-2026 22:54:21.762 INFO [main] org.apache.catalina.core.AprLifecycleListener.lifecycleEvent Loaded Apache Tomcat Native library [1.3.5] using APR version [1.7.6].
08-Apr-2026 22:54:21.762 INFO [main] org.apache.catalina.core.AprLifecycleListener.lifecycleEvent APR capabilities: IPv6 [true], sendfile [true], accept filters [false], random [true], UDS [true].
08-Apr-2026 22:54:21.762 INFO [main] org.apache.catalina.core.AprLifecycleListener.lifecycleEvent APR/OpenSSL configuration: useAprConnector [false], useOpenSSL [true]
08-Apr-2026 22:54:21.776 INFO [main] org.apache.catalina.core.AprLifecycleListener.initializeSSL OpenSSL successfully initialized [OpenSSL 3.0.18 30 Sep 2025]
08-Apr-2026 22:54:22.260 INFO [main] org.apache.coyote.AbstractProtocol.init Initializing ProtocolHandler ["http-nio-8080"]
08-Apr-2026 22:54:22.289 INFO [main] org.apache.catalina.startup.Catalina.load Server initialization in [928] milliseconds
08-Apr-2026 22:54:22.323 INFO [main] org.apache.catalina.core.StandardService.startInternal Starting service [Catalina]
08-Apr-2026 22:54:22.323 INFO [main] org.apache.catalina.core.StandardEngine.startInternal Starting Servlet engine: [Apache Tomcat/9.0.115]
08-Apr-2026 22:54:22.343 INFO [main] org.apache.catalina.startup.HostConfig.deployWAR Deploying web application archive [D:\housys\FingerprintClient_IDSL_DEVICEFIX03042026\FingerprintClient_IDSL_DEVICEFIX\app\tomcat\webapps\demo.war]
08-Apr-2026 22:54:25.266 INFO [main] org.apache.jasper.servlet.TldScanner.scanJars At least one JAR was scanned for TLDs yet contained no TLDs. Enable debug logging for this logger for a complete list of JARs that were scanned but no TLDs were found in them. Skipping unneeded JARs during scanning can improve startup time and JSP compilation time.
08-Apr-2026 22:54:30.549 INFO [main] org.apache.catalina.startup.HostConfig.deployWAR Deployment of web application archive [D:\housys\FingerprintClient_IDSL_DEVICEFIX03042026\FingerprintClient_IDSL_DEVICEFIX\app\tomcat\webapps\demo.war] has finished in [8,204] ms
08-Apr-2026 22:54:30.549 INFO [main] org.apache.catalina.startup.HostConfig.deployDirectory Deploying web application directory [D:\housys\FingerprintClient_IDSL_DEVICEFIX03042026\FingerprintClient_IDSL_DEVICEFIX\app\tomcat\webapps\docs]
08-Apr-2026 22:54:30.589 INFO [main] org.apache.catalina.startup.HostConfig.deployDirectory Deployment of web application directory [D:\housys\FingerprintClient_IDSL_DEVICEFIX03042026\FingerprintClient_IDSL_DEVICEFIX\app\tomcat\webapps\docs] has finished in [40] ms
08-Apr-2026 22:54:30.589 INFO [main] org.apache.catalina.startup.HostConfig.deployDirectory Deploying web application directory [D:\housys\FingerprintClient_IDSL_DEVICEFIX03042026\FingerprintClient_IDSL_DEVICEFIX\app\tomcat\webapps\examples]
08-Apr-2026 22:54:31.183 INFO [main] org.apache.catalina.startup.HostConfig.deployDirectory Deployment of web application directory [D:\housys\FingerprintClient_IDSL_DEVICEFIX03042026\FingerprintClient_IDSL_DEVICEFIX\app\tomcat\webapps\examples] has finished in [594] ms
08-Apr-2026 22:54:31.183 INFO [main] org.apache.catalina.startup.HostConfig.deployDirectory Deploying web application directory [D:\housys\FingerprintClient_IDSL_DEVICEFIX03042026\FingerprintClient_IDSL_DEVICEFIX\app\tomcat\webapps\host-manager]
08-Apr-2026 22:54:31.231 INFO [main] org.apache.catalina.startup.HostConfig.deployDirectory Deployment of web application directory [D:\housys\FingerprintClient_IDSL_DEVICEFIX03042026\FingerprintClient_IDSL_DEVICEFIX\app\tomcat\webapps\host-manager] has finished in [48] ms
08-Apr-2026 22:54:31.231 INFO [main] org.apache.catalina.startup.HostConfig.deployDirectory Deploying web application directory [D:\housys\FingerprintClient_IDSL_DEVICEFIX03042026\FingerprintClient_IDSL_DEVICEFIX\app\tomcat\webapps\manager]
08-Apr-2026 22:54:31.278 INFO [main] org.apache.catalina.startup.HostConfig.deployDirectory Deployment of web application directory [D:\housys\FingerprintClient_IDSL_DEVICEFIX03042026\FingerprintClient_IDSL_DEVICEFIX\app\tomcat\webapps\manager] has finished in [47] ms
08-Apr-2026 22:54:31.280 INFO [main] org.apache.catalina.startup.HostConfig.deployDirectory Deploying web application directory [D:\housys\FingerprintClient_IDSL_DEVICEFIX03042026\FingerprintClient_IDSL_DEVICEFIX\app\tomcat\webapps\ROOT]
08-Apr-2026 22:54:31.312 INFO [main] org.apache.catalina.startup.HostConfig.deployDirectory Deployment of web application directory [D:\housys\FingerprintClient_IDSL_DEVICEFIX03042026\FingerprintClient_IDSL_DEVICEFIX\app\tomcat\webapps\ROOT] has finished in [34] ms
08-Apr-2026 22:54:31.316 INFO [main] org.apache.coyote.AbstractProtocol.start Starting ProtocolHandler ["http-nio-8080"]
08-Apr-2026 22:54:31.337 INFO [main] org.apache.catalina.startup.Catalina.start Server startup in [9047] milliseconds
