03-Apr-2026 19:52:04.573 INFO [main] org.apache.catalina.startup.VersionLoggerListener.log Server version name:   Apache Tomcat/9.0.115
03-Apr-2026 19:52:04.616 INFO [main] org.apache.catalina.startup.VersionLoggerListener.log Server built:          Jan 21 2026 08:17:26 UTC
03-Apr-2026 19:52:04.617 INFO [main] org.apache.catalina.startup.VersionLoggerListener.log Server version number: 9.0.115.0
03-Apr-2026 19:52:04.617 INFO [main] org.apache.catalina.startup.VersionLoggerListener.log OS Name:               Windows 10
03-Apr-2026 19:52:04.617 INFO [main] org.apache.catalina.startup.VersionLoggerListener.log OS Version:            10.0
03-Apr-2026 19:52:04.617 INFO [main] org.apache.catalina.startup.VersionLoggerListener.log Architecture:          amd64
03-Apr-2026 19:52:04.617 INFO [main] org.apache.catalina.startup.VersionLoggerListener.log Java Home:             D:\housys\FingerprintClient_IDSL_DEVICEFIX03042026\FingerprintClient_IDSL_DEVICEFIX\app\jre
03-Apr-2026 19:52:04.617 INFO [main] org.apache.catalina.startup.VersionLoggerListener.log JVM Version:           1.8.0_202-b08
03-Apr-2026 19:52:04.617 INFO [main] org.apache.catalina.startup.VersionLoggerListener.log JVM Vendor:            Oracle Corporation
03-Apr-2026 19:52:04.618 INFO [main] org.apache.catalina.startup.VersionLoggerListener.log CATALINA_BASE:         D:\housys\FingerprintClient_IDSL_DEVICEFIX03042026\FingerprintClient_IDSL_DEVICEFIX\app\tomcat
03-Apr-2026 19:52:04.618 INFO [main] org.apache.catalina.startup.VersionLoggerListener.log CATALINA_HOME:         D:\housys\FingerprintClient_IDSL_DEVICEFIX03042026\FingerprintClient_IDSL_DEVICEFIX\app\tomcat
03-Apr-2026 19:52:04.684 INFO [main] org.apache.catalina.startup.VersionLoggerListener.log Command line argument: -Djava.util.logging.config.file=D:\housys\FingerprintClient_IDSL_DEVICEFIX03042026\FingerprintClient_IDSL_DEVICEFIX\app\tomcat\conf\logging.properties
03-Apr-2026 19:52:04.684 INFO [main] org.apache.catalina.startup.VersionLoggerListener.log Command line argument: -Djava.util.logging.manager=org.apache.juli.ClassLoaderLogManager
03-Apr-2026 19:52:04.684 INFO [main] org.apache.catalina.startup.VersionLoggerListener.log Command line argument: -Djava.library.path=D:\housys\FingerprintClient_IDSL_DEVICEFIX03042026\FingerprintClient_IDSL_DEVICEFIX\app\tomcat\bin
03-Apr-2026 19:52:04.684 INFO [main] org.apache.catalina.startup.VersionLoggerListener.log Command line argument: -Dsqlserver.auth.dll.path=D:\housys\FingerprintClient_IDSL_DEVICEFIX03042026\FingerprintClient_IDSL_DEVICEFIX\app\tomcat\bin\mssql-jdbc_auth-13.2.1.x64.dll
03-Apr-2026 19:52:04.684 INFO [main] org.apache.catalina.startup.VersionLoggerListener.log Command line argument: -Djdk.tls.ephemeralDHKeySize=2048
03-Apr-2026 19:52:04.684 INFO [main] org.apache.catalina.startup.VersionLoggerListener.log Command line argument: -Djava.protocol.handler.pkgs=org.apache.catalina.webresources
03-Apr-2026 19:52:04.684 INFO [main] org.apache.catalina.startup.VersionLoggerListener.log Command line argument: -Dsun.io.useCanonCaches=false
03-Apr-2026 19:52:04.684 INFO [main] org.apache.catalina.startup.VersionLoggerListener.log Command line argument: -Dignore.endorsed.dirs=
03-Apr-2026 19:52:04.685 INFO [main] org.apache.catalina.startup.VersionLoggerListener.log Command line argument: -Dcatalina.base=D:\housys\FingerprintClient_IDSL_DEVICEFIX03042026\FingerprintClient_IDSL_DEVICEFIX\app\tomcat
03-Apr-2026 19:52:04.685 INFO [main] org.apache.catalina.startup.VersionLoggerListener.log Command line argument: -Dcatalina.home=D:\housys\FingerprintClient_IDSL_DEVICEFIX03042026\FingerprintClient_IDSL_DEVICEFIX\app\tomcat
03-Apr-2026 19:52:04.685 INFO [main] org.apache.catalina.startup.VersionLoggerListener.log Command line argument: -Djava.io.tmpdir=D:\housys\FingerprintClient_IDSL_DEVICEFIX03042026\FingerprintClient_IDSL_DEVICEFIX\app\tomcat\temp
03-Apr-2026 19:52:05.014 INFO [main] org.apache.catalina.core.AprLifecycleListener.lifecycleEvent Loaded Apache Tomcat Native library [1.3.5] using APR version [1.7.6].
03-Apr-2026 19:52:05.014 INFO [main] org.apache.catalina.core.AprLifecycleListener.lifecycleEvent APR capabilities: IPv6 [true], sendfile [true], accept filters [false], random [true], UDS [true].
03-Apr-2026 19:52:05.015 INFO [main] org.apache.catalina.core.AprLifecycleListener.lifecycleEvent APR/OpenSSL configuration: useAprConnector [false], useOpenSSL [true]
03-Apr-2026 19:52:05.019 INFO [main] org.apache.catalina.core.AprLifecycleListener.initializeSSL OpenSSL successfully initialized [OpenSSL 3.0.18 30 Sep 2025]
03-Apr-2026 19:52:06.378 INFO [main] org.apache.coyote.AbstractProtocol.init Initializing ProtocolHandler ["http-nio-8080"]
03-Apr-2026 19:52:06.435 INFO [main] org.apache.catalina.startup.Catalina.load Server initialization in [2122] milliseconds
03-Apr-2026 19:52:07.044 INFO [main] org.apache.catalina.startup.VersionLoggerListener.log Server version name:   Apache Tomcat/9.0.115
03-Apr-2026 19:52:07.046 INFO [main] org.apache.catalina.startup.VersionLoggerListener.log Server built:          Jan 21 2026 08:17:26 UTC
03-Apr-2026 19:52:07.047 INFO [main] org.apache.catalina.startup.VersionLoggerListener.log Server version number: 9.0.115.0
03-Apr-2026 19:52:07.047 INFO [main] org.apache.catalina.startup.VersionLoggerListener.log OS Name:               Windows 10
03-Apr-2026 19:52:07.047 INFO [main] org.apache.catalina.startup.VersionLoggerListener.log OS Version:            10.0
03-Apr-2026 19:52:07.047 INFO [main] org.apache.catalina.startup.VersionLoggerListener.log Architecture:          amd64
03-Apr-2026 19:52:07.047 INFO [main] org.apache.catalina.startup.VersionLoggerListener.log Java Home:             D:\housys\FingerprintClient_IDSL_DEVICEFIX03042026\FingerprintClient_IDSL_DEVICEFIX\app\jre
03-Apr-2026 19:52:07.047 INFO [main] org.apache.catalina.startup.VersionLoggerListener.log JVM Version:           1.8.0_202-b08
03-Apr-2026 19:52:07.047 INFO [main] org.apache.catalina.startup.VersionLoggerListener.log JVM Vendor:            Oracle Corporation
03-Apr-2026 19:52:07.047 INFO [main] org.apache.catalina.startup.VersionLoggerListener.log CATALINA_BASE:         D:\housys\FingerprintClient_IDSL_DEVICEFIX03042026\FingerprintClient_IDSL_DEVICEFIX\app\tomcat
03-Apr-2026 19:52:07.048 INFO [main] org.apache.catalina.startup.VersionLoggerListener.log CATALINA_HOME:         D:\housys\FingerprintClient_IDSL_DEVICEFIX03042026\FingerprintClient_IDSL_DEVICEFIX\app\tomcat
03-Apr-2026 19:52:07.049 INFO [main] org.apache.catalina.startup.VersionLoggerListener.log Command line argument: -Djava.util.logging.config.file=D:\housys\FingerprintClient_IDSL_DEVICEFIX03042026\FingerprintClient_IDSL_DEVICEFIX\app\tomcat\conf\logging.properties
03-Apr-2026 19:52:07.049 INFO [main] org.apache.catalina.startup.VersionLoggerListener.log Command line argument: -Djava.util.logging.manager=org.apache.juli.ClassLoaderLogManager
03-Apr-2026 19:52:07.049 INFO [main] org.apache.catalina.startup.VersionLoggerListener.log Command line argument: -Djava.library.path=D:\housys\FingerprintClient_IDSL_DEVICEFIX03042026\FingerprintClient_IDSL_DEVICEFIX\app\tomcat\bin
03-Apr-2026 19:52:07.049 INFO [main] org.apache.catalina.startup.VersionLoggerListener.log Command line argument: -Dsqlserver.auth.dll.path=D:\housys\FingerprintClient_IDSL_DEVICEFIX03042026\FingerprintClient_IDSL_DEVICEFIX\app\tomcat\bin\mssql-jdbc_auth-13.2.1.x64.dll
03-Apr-2026 19:52:07.049 INFO [main] org.apache.catalina.startup.VersionLoggerListener.log Command line argument: -Djdk.tls.ephemeralDHKeySize=2048
03-Apr-2026 19:52:07.049 INFO [main] org.apache.catalina.startup.VersionLoggerListener.log Command line argument: -Djava.protocol.handler.pkgs=org.apache.catalina.webresources
03-Apr-2026 19:52:07.049 INFO [main] org.apache.catalina.startup.VersionLoggerListener.log Command line argument: -Dsun.io.useCanonCaches=false
03-Apr-2026 19:52:07.049 INFO [main] org.apache.catalina.startup.VersionLoggerListener.log Command line argument: -Djava.library.path=D:\housys\FingerprintClient_IDSL_DEVICEFIX03042026\FingerprintClient_IDSL_DEVICEFIX\app\tomcat\bin
03-Apr-2026 19:52:07.049 INFO [main] org.apache.catalina.startup.VersionLoggerListener.log Command line argument: -Dsqlserver.auth.dll.path=D:\housys\FingerprintClient_IDSL_DEVICEFIX03042026\FingerprintClient_IDSL_DEVICEFIX\app\tomcat\bin\mssql-jdbc_auth-13.2.1.x64.dll
03-Apr-2026 19:52:07.050 INFO [main] org.apache.catalina.startup.VersionLoggerListener.log Command line argument: -Dignore.endorsed.dirs=
03-Apr-2026 19:52:07.050 INFO [main] org.apache.catalina.startup.VersionLoggerListener.log Command line argument: -Dcatalina.base=D:\housys\FingerprintClient_IDSL_DEVICEFIX03042026\FingerprintClient_IDSL_DEVICEFIX\app\tomcat
03-Apr-2026 19:52:07.050 INFO [main] org.apache.catalina.startup.VersionLoggerListener.log Command line argument: -Dcatalina.home=D:\housys\FingerprintClient_IDSL_DEVICEFIX03042026\FingerprintClient_IDSL_DEVICEFIX\app\tomcat
03-Apr-2026 19:52:07.050 INFO [main] org.apache.catalina.startup.VersionLoggerListener.log Command line argument: -Djava.io.tmpdir=D:\housys\FingerprintClient_IDSL_DEVICEFIX03042026\FingerprintClient_IDSL_DEVICEFIX\app\tomcat\temp
03-Apr-2026 19:52:07.054 INFO [main] org.apache.catalina.core.AprLifecycleListener.lifecycleEvent Loaded Apache Tomcat Native library [1.3.5] using APR version [1.7.6].
03-Apr-2026 19:52:07.054 INFO [main] org.apache.catalina.core.AprLifecycleListener.lifecycleEvent APR capabilities: IPv6 [true], sendfile [true], accept filters [false], random [true], UDS [true].
03-Apr-2026 19:52:07.054 INFO [main] org.apache.catalina.core.AprLifecycleListener.lifecycleEvent APR/OpenSSL configuration: useAprConnector [false], useOpenSSL [true]
03-Apr-2026 19:52:07.059 INFO [main] org.apache.catalina.core.AprLifecycleListener.initializeSSL OpenSSL successfully initialized [OpenSSL 3.0.18 30 Sep 2025]
03-Apr-2026 19:52:07.310 INFO [main] org.apache.coyote.AbstractProtocol.init Initializing ProtocolHandler ["http-nio-8080"]
03-Apr-2026 19:52:07.328 INFO [main] org.apache.catalina.startup.Catalina.load Server initialization in [420] milliseconds
03-Apr-2026 19:52:07.373 INFO [main] org.apache.catalina.core.StandardService.startInternal Starting service [Catalina]
03-Apr-2026 19:52:07.374 INFO [main] org.apache.catalina.core.StandardEngine.startInternal Starting Servlet engine: [Apache Tomcat/9.0.115]
03-Apr-2026 19:52:07.411 INFO [main] org.apache.catalina.startup.HostConfig.deployWAR Deploying web application archive [D:\housys\FingerprintClient_IDSL_DEVICEFIX03042026\FingerprintClient_IDSL_DEVICEFIX\app\tomcat\webapps\demo.war]
03-Apr-2026 19:52:12.945 INFO [main] org.apache.jasper.servlet.TldScanner.scanJars At least one JAR was scanned for TLDs yet contained no TLDs. Enable debug logging for this logger for a complete list of JARs that were scanned but no TLDs were found in them. Skipping unneeded JARs during scanning can improve startup time and JSP compilation time.
03-Apr-2026 19:52:16.372 INFO [main] org.apache.catalina.startup.HostConfig.deployWAR Deployment of web application archive [D:\housys\FingerprintClient_IDSL_DEVICEFIX03042026\FingerprintClient_IDSL_DEVICEFIX\app\tomcat\webapps\demo.war] has finished in [8,959] ms
03-Apr-2026 19:52:16.373 INFO [main] org.apache.catalina.startup.HostConfig.deployDirectory Deploying web application directory [D:\housys\FingerprintClient_IDSL_DEVICEFIX03042026\FingerprintClient_IDSL_DEVICEFIX\app\tomcat\webapps\docs]
03-Apr-2026 19:52:16.416 INFO [main] org.apache.catalina.startup.HostConfig.deployDirectory Deployment of web application directory [D:\housys\FingerprintClient_IDSL_DEVICEFIX03042026\FingerprintClient_IDSL_DEVICEFIX\app\tomcat\webapps\docs] has finished in [44] ms
03-Apr-2026 19:52:16.417 INFO [main] org.apache.catalina.startup.HostConfig.deployDirectory Deploying web application directory [D:\housys\FingerprintClient_IDSL_DEVICEFIX03042026\FingerprintClient_IDSL_DEVICEFIX\app\tomcat\webapps\examples]
03-Apr-2026 19:52:18.098 INFO [main] org.apache.catalina.startup.HostConfig.deployDirectory Deployment of web application directory [D:\housys\FingerprintClient_IDSL_DEVICEFIX03042026\FingerprintClient_IDSL_DEVICEFIX\app\tomcat\webapps\examples] has finished in [1,680] ms
03-Apr-2026 19:52:18.099 INFO [main] org.apache.catalina.startup.HostConfig.deployDirectory Deploying web application directory [D:\housys\FingerprintClient_IDSL_DEVICEFIX03042026\FingerprintClient_IDSL_DEVICEFIX\app\tomcat\webapps\host-manager]
03-Apr-2026 19:52:18.165 INFO [main] org.apache.catalina.startup.HostConfig.deployDirectory Deployment of web application directory [D:\housys\FingerprintClient_IDSL_DEVICEFIX03042026\FingerprintClient_IDSL_DEVICEFIX\app\tomcat\webapps\host-manager] has finished in [66] ms
03-Apr-2026 19:52:18.166 INFO [main] org.apache.catalina.startup.HostConfig.deployDirectory Deploying web application directory [D:\housys\FingerprintClient_IDSL_DEVICEFIX03042026\FingerprintClient_IDSL_DEVICEFIX\app\tomcat\webapps\manager]
03-Apr-2026 19:52:18.224 INFO [main] org.apache.catalina.startup.HostConfig.deployDirectory Deployment of web application directory [D:\housys\FingerprintClient_IDSL_DEVICEFIX03042026\FingerprintClient_IDSL_DEVICEFIX\app\tomcat\webapps\manager] has finished in [58] ms
03-Apr-2026 19:52:18.225 INFO [main] org.apache.catalina.startup.HostConfig.deployDirectory Deploying web application directory [D:\housys\FingerprintClient_IDSL_DEVICEFIX03042026\FingerprintClient_IDSL_DEVICEFIX\app\tomcat\webapps\ROOT]
03-Apr-2026 19:52:18.257 INFO [main] org.apache.catalina.startup.HostConfig.deployDirectory Deployment of web application directory [D:\housys\FingerprintClient_IDSL_DEVICEFIX03042026\FingerprintClient_IDSL_DEVICEFIX\app\tomcat\webapps\ROOT] has finished in [31] ms
03-Apr-2026 19:52:18.261 INFO [main] org.apache.coyote.AbstractProtocol.start Starting ProtocolHandler ["http-nio-8080"]
03-Apr-2026 19:52:18.274 INFO [main] org.apache.catalina.startup.Catalina.start Server startup in [10945] milliseconds
03-Apr-2026 19:52:53.259 WARNING [main] org.apache.catalina.core.StandardServer.await Invalid shutdown command [] received
03-Apr-2026 19:53:33.912 WARNING [main] org.apache.catalina.core.StandardServer.await Invalid shutdown command [] received
03-Apr-2026 19:53:40.382 WARNING [main] org.apache.catalina.core.StandardServer.await Invalid shutdown command [] received
03-Apr-2026 19:53:46.993 WARNING [main] org.apache.catalina.core.StandardServer.await Invalid shutdown command [] received
03-Apr-2026 19:53:53.474 WARNING [main] org.apache.catalina.core.StandardServer.await Invalid shutdown command [] received
03-Apr-2026 19:54:00.161 WARNING [main] org.apache.catalina.core.StandardServer.await Invalid shutdown command [] received
03-Apr-2026 19:54:06.633 WARNING [main] org.apache.catalina.core.StandardServer.await Invalid shutdown command [] received
03-Apr-2026 19:54:13.100 WARNING [main] org.apache.catalina.core.StandardServer.await Invalid shutdown command [] received
03-Apr-2026 19:54:19.557 WARNING [main] org.apache.catalina.core.StandardServer.await Invalid shutdown command [] received
03-Apr-2026 19:54:26.026 WARNING [main] org.apache.catalina.core.StandardServer.await Invalid shutdown command [] received
03-Apr-2026 19:54:32.551 WARNING [main] org.apache.catalina.core.StandardServer.await Invalid shutdown command [] received
03-Apr-2026 19:54:39.054 WARNING [main] org.apache.catalina.core.StandardServer.await Invalid shutdown command [] received
03-Apr-2026 19:54:45.582 WARNING [main] org.apache.catalina.core.StandardServer.await Invalid shutdown command [] received
03-Apr-2026 19:54:52.119 WARNING [main] org.apache.catalina.core.StandardServer.await Invalid shutdown command [] received
03-Apr-2026 19:54:58.642 WARNING [main] org.apache.catalina.core.StandardServer.await Invalid shutdown command [] received
03-Apr-2026 19:55:05.150 WARNING [main] org.apache.catalina.core.StandardServer.await Invalid shutdown command [] received
03-Apr-2026 19:55:11.643 WARNING [main] org.apache.catalina.core.StandardServer.await Invalid shutdown command [] received
03-Apr-2026 19:55:18.105 WARNING [main] org.apache.catalina.core.StandardServer.await Invalid shutdown command [] received
03-Apr-2026 19:55:24.572 WARNING [main] org.apache.catalina.core.StandardServer.await Invalid shutdown command [] received
03-Apr-2026 19:55:31.047 WARNING [main] org.apache.catalina.core.StandardServer.await Invalid shutdown command [] received
03-Apr-2026 19:55:37.516 WARNING [main] org.apache.catalina.core.StandardServer.await Invalid shutdown command [] received
03-Apr-2026 19:55:43.978 WARNING [main] org.apache.catalina.core.StandardServer.await Invalid shutdown command [] received
03-Apr-2026 19:55:50.452 WARNING [main] org.apache.catalina.core.StandardServer.await Invalid shutdown command [] received
03-Apr-2026 19:55:56.914 WARNING [main] org.apache.catalina.core.StandardServer.await Invalid shutdown command [] received
03-Apr-2026 19:56:03.384 WARNING [main] org.apache.catalina.core.StandardServer.await Invalid shutdown command [] received
03-Apr-2026 19:56:09.830 WARNING [main] org.apache.catalina.core.StandardServer.await Invalid shutdown command [] received
03-Apr-2026 19:56:16.286 WARNING [main] org.apache.catalina.core.StandardServer.await Invalid shutdown command [] received
03-Apr-2026 19:56:22.739 WARNING [main] org.apache.catalina.core.StandardServer.await Invalid shutdown command [] received
03-Apr-2026 19:56:29.220 WARNING [main] org.apache.catalina.core.StandardServer.await Invalid shutdown command [] received
03-Apr-2026 19:56:35.692 WARNING [main] org.apache.catalina.core.StandardServer.await Invalid shutdown command [] received
03-Apr-2026 19:56:42.146 WARNING [main] org.apache.catalina.core.StandardServer.await Invalid shutdown command [] received
03-Apr-2026 19:56:49.735 WARNING [main] org.apache.catalina.core.StandardServer.await Invalid shutdown command [] received
03-Apr-2026 19:56:56.195 WARNING [main] org.apache.catalina.core.StandardServer.await Invalid shutdown command [] received
03-Apr-2026 19:57:02.657 WARNING [main] org.apache.catalina.core.StandardServer.await Invalid shutdown command [] received
03-Apr-2026 19:57:09.195 WARNING [main] org.apache.catalina.core.StandardServer.await Invalid shutdown command [] received
03-Apr-2026 19:57:15.671 WARNING [main] org.apache.catalina.core.StandardServer.await Invalid shutdown command [] received
03-Apr-2026 19:57:22.165 WARNING [main] org.apache.catalina.core.StandardServer.await Invalid shutdown command [] received
03-Apr-2026 19:57:28.662 WARNING [main] org.apache.catalina.core.StandardServer.await Invalid shutdown command [] received
03-Apr-2026 19:57:35.165 WARNING [main] org.apache.catalina.core.StandardServer.await Invalid shutdown command [] received
03-Apr-2026 19:57:41.672 WARNING [main] org.apache.catalina.core.StandardServer.await Invalid shutdown command [] received
03-Apr-2026 19:57:48.136 WARNING [main] org.apache.catalina.core.StandardServer.await Invalid shutdown command [] received
03-Apr-2026 19:57:54.605 WARNING [main] org.apache.catalina.core.StandardServer.await Invalid shutdown command [] received
03-Apr-2026 19:58:01.079 WARNING [main] org.apache.catalina.core.StandardServer.await Invalid shutdown command [] received
03-Apr-2026 19:58:07.550 WARNING [main] org.apache.catalina.core.StandardServer.await Invalid shutdown command [] received
03-Apr-2026 19:58:14.026 WARNING [main] org.apache.catalina.core.StandardServer.await Invalid shutdown command [] received
03-Apr-2026 19:58:20.479 WARNING [main] org.apache.catalina.core.StandardServer.await Invalid shutdown command [] received
03-Apr-2026 19:58:26.938 WARNING [main] org.apache.catalina.core.StandardServer.await Invalid shutdown command [] received
03-Apr-2026 19:58:33.397 WARNING [main] org.apache.catalina.core.StandardServer.await Invalid shutdown command [] received
03-Apr-2026 19:58:39.876 WARNING [main] org.apache.catalina.core.StandardServer.await Invalid shutdown command [] received
03-Apr-2026 19:58:46.338 WARNING [main] org.apache.catalina.core.StandardServer.await Invalid shutdown command [] received
03-Apr-2026 19:58:52.811 WARNING [main] org.apache.catalina.core.StandardServer.await Invalid shutdown command [] received
03-Apr-2026 19:58:59.269 WARNING [main] org.apache.catalina.core.StandardServer.await Invalid shutdown command [] received
03-Apr-2026 19:59:05.731 WARNING [main] org.apache.catalina.core.StandardServer.await Invalid shutdown command [] received
03-Apr-2026 19:59:12.197 WARNING [main] org.apache.catalina.core.StandardServer.await Invalid shutdown command [] received
03-Apr-2026 19:59:18.664 WARNING [main] org.apache.catalina.core.StandardServer.await Invalid shutdown command [] received
03-Apr-2026 19:59:25.133 WARNING [main] org.apache.catalina.core.StandardServer.await Invalid shutdown command [] received
03-Apr-2026 19:59:31.594 WARNING [main] org.apache.catalina.core.StandardServer.await Invalid shutdown command [] received
03-Apr-2026 19:59:38.059 WARNING [main] org.apache.catalina.core.StandardServer.await Invalid shutdown command [] received
03-Apr-2026 19:59:44.543 WARNING [main] org.apache.catalina.core.StandardServer.await Invalid shutdown command [] received
03-Apr-2026 19:59:51.008 WARNING [main] org.apache.catalina.core.StandardServer.await Invalid shutdown command [] received
03-Apr-2026 19:59:57.465 WARNING [main] org.apache.catalina.core.StandardServer.await Invalid shutdown command [] received
03-Apr-2026 20:00:04.045 WARNING [main] org.apache.catalina.core.StandardServer.await Invalid shutdown command [] received
03-Apr-2026 20:00:10.532 WARNING [main] org.apache.catalina.core.StandardServer.await Invalid shutdown command [] received
03-Apr-2026 20:00:17.025 WARNING [main] org.apache.catalina.core.StandardServer.await Invalid shutdown command [] received
03-Apr-2026 20:00:23.506 WARNING [main] org.apache.catalina.core.StandardServer.await Invalid shutdown command [] received
03-Apr-2026 20:00:29.976 WARNING [main] org.apache.catalina.core.StandardServer.await Invalid shutdown command [] received
03-Apr-2026 20:00:36.450 WARNING [main] org.apache.catalina.core.StandardServer.await Invalid shutdown command [] received
03-Apr-2026 20:00:42.924 WARNING [main] org.apache.catalina.core.StandardServer.await Invalid shutdown command [] received
03-Apr-2026 20:00:49.427 WARNING [main] org.apache.catalina.core.StandardServer.await Invalid shutdown command [] received
03-Apr-2026 20:00:55.939 WARNING [main] org.apache.catalina.core.StandardServer.await Invalid shutdown command [] received
03-Apr-2026 20:01:02.400 WARNING [main] org.apache.catalina.core.StandardServer.await Invalid shutdown command [] received
03-Apr-2026 20:01:23.247 WARNING [main] org.apache.catalina.core.StandardServer.await Invalid shutdown command [] received
03-Apr-2026 20:01:29.728 WARNING [main] org.apache.catalina.core.StandardServer.await Invalid shutdown command [] received
03-Apr-2026 20:01:36.587 WARNING [main] org.apache.catalina.core.StandardServer.await Invalid shutdown command [] received
03-Apr-2026 20:01:43.525 WARNING [main] org.apache.catalina.core.StandardServer.await Invalid shutdown command [] received
03-Apr-2026 20:01:50.017 WARNING [main] org.apache.catalina.core.StandardServer.await Invalid shutdown command [] received
03-Apr-2026 20:01:56.492 WARNING [main] org.apache.catalina.core.StandardServer.await Invalid shutdown command [] received
03-Apr-2026 20:02:02.979 WARNING [main] org.apache.catalina.core.StandardServer.await Invalid shutdown command [] received
03-Apr-2026 20:02:09.607 WARNING [main] org.apache.catalina.core.StandardServer.await Invalid shutdown command [] received
03-Apr-2026 20:02:16.107 WARNING [main] org.apache.catalina.core.StandardServer.await Invalid shutdown command [] received
03-Apr-2026 20:02:22.582 WARNING [main] org.apache.catalina.core.StandardServer.await Invalid shutdown command [] received
03-Apr-2026 20:02:29.057 WARNING [main] org.apache.catalina.core.StandardServer.await Invalid shutdown command [] received
03-Apr-2026 20:02:35.560 WARNING [main] org.apache.catalina.core.StandardServer.await Invalid shutdown command [] received
03-Apr-2026 20:02:42.029 WARNING [main] org.apache.catalina.core.StandardServer.await Invalid shutdown command [] received
03-Apr-2026 20:02:48.503 WARNING [main] org.apache.catalina.core.StandardServer.await Invalid shutdown command [] received
03-Apr-2026 20:02:54.981 WARNING [main] org.apache.catalina.core.StandardServer.await Invalid shutdown command [] received
03-Apr-2026 20:03:01.460 WARNING [main] org.apache.catalina.core.StandardServer.await Invalid shutdown command [] received
03-Apr-2026 20:03:07.949 WARNING [main] org.apache.catalina.core.StandardServer.await Invalid shutdown command [] received
03-Apr-2026 20:03:14.440 WARNING [main] org.apache.catalina.core.StandardServer.await Invalid shutdown command [] received
03-Apr-2026 20:03:20.915 WARNING [main] org.apache.catalina.core.StandardServer.await Invalid shutdown command [] received
03-Apr-2026 20:03:27.382 WARNING [main] org.apache.catalina.core.StandardServer.await Invalid shutdown command [] received
03-Apr-2026 20:03:33.852 WARNING [main] org.apache.catalina.core.StandardServer.await Invalid shutdown command [] received
03-Apr-2026 20:03:40.321 WARNING [main] org.apache.catalina.core.StandardServer.await Invalid shutdown command [] received
03-Apr-2026 20:03:46.788 WARNING [main] org.apache.catalina.core.StandardServer.await Invalid shutdown command [] received
03-Apr-2026 20:03:53.260 WARNING [main] org.apache.catalina.core.StandardServer.await Invalid shutdown command [] received
03-Apr-2026 20:03:59.735 WARNING [main] org.apache.catalina.core.StandardServer.await Invalid shutdown command [] received
03-Apr-2026 20:04:06.217 WARNING [main] org.apache.catalina.core.StandardServer.await Invalid shutdown command [] received
03-Apr-2026 20:04:12.689 WARNING [main] org.apache.catalina.core.StandardServer.await Invalid shutdown command [] received
03-Apr-2026 20:04:19.171 WARNING [main] org.apache.catalina.core.StandardServer.await Invalid shutdown command [] received
03-Apr-2026 20:04:25.774 WARNING [main] org.apache.catalina.core.StandardServer.await Invalid shutdown command [] received
03-Apr-2026 20:04:32.302 WARNING [main] org.apache.catalina.core.StandardServer.await Invalid shutdown command [] received
03-Apr-2026 20:04:38.765 WARNING [main] org.apache.catalina.core.StandardServer.await Invalid shutdown command [] received
03-Apr-2026 20:04:45.241 WARNING [main] org.apache.catalina.core.StandardServer.await Invalid shutdown command [] received
03-Apr-2026 20:04:51.711 WARNING [main] org.apache.catalina.core.StandardServer.await Invalid shutdown command [] received
03-Apr-2026 20:04:58.250 WARNING [main] org.apache.catalina.core.StandardServer.await Invalid shutdown command [] received
03-Apr-2026 20:05:04.756 WARNING [main] org.apache.catalina.core.StandardServer.await Invalid shutdown command [] received
03-Apr-2026 20:05:11.239 WARNING [main] org.apache.catalina.core.StandardServer.await Invalid shutdown command [] received
03-Apr-2026 20:05:17.740 WARNING [main] org.apache.catalina.core.StandardServer.await Invalid shutdown command [] received
03-Apr-2026 20:05:24.213 WARNING [main] org.apache.catalina.core.StandardServer.await Invalid shutdown command [] received
03-Apr-2026 20:05:30.712 WARNING [main] org.apache.catalina.core.StandardServer.await Invalid shutdown command [] received
03-Apr-2026 20:05:37.311 WARNING [main] org.apache.catalina.core.StandardServer.await Invalid shutdown command [] received
03-Apr-2026 20:05:43.801 WARNING [main] org.apache.catalina.core.StandardServer.await Invalid shutdown command [] received
03-Apr-2026 20:05:50.277 WARNING [main] org.apache.catalina.core.StandardServer.await Invalid shutdown command [] received
03-Apr-2026 20:05:56.740 WARNING [main] org.apache.catalina.core.StandardServer.await Invalid shutdown command [] received
03-Apr-2026 20:06:03.211 WARNING [main] org.apache.catalina.core.StandardServer.await Invalid shutdown command [] received
03-Apr-2026 20:06:09.683 WARNING [main] org.apache.catalina.core.StandardServer.await Invalid shutdown command [] received
03-Apr-2026 20:06:16.157 WARNING [main] org.apache.catalina.core.StandardServer.await Invalid shutdown command [] received
03-Apr-2026 20:06:22.637 WARNING [main] org.apache.catalina.core.StandardServer.await Invalid shutdown command [] received
03-Apr-2026 20:06:29.109 WARNING [main] org.apache.catalina.core.StandardServer.await Invalid shutdown command [] received
03-Apr-2026 20:06:35.600 WARNING [main] org.apache.catalina.core.StandardServer.await Invalid shutdown command [] received
03-Apr-2026 20:06:42.075 WARNING [main] org.apache.catalina.core.StandardServer.await Invalid shutdown command [] received
03-Apr-2026 20:06:48.571 WARNING [main] org.apache.catalina.core.StandardServer.await Invalid shutdown command [] received
03-Apr-2026 20:06:55.103 WARNING [main] org.apache.catalina.core.StandardServer.await Invalid shutdown command [] received
03-Apr-2026 20:07:01.606 WARNING [main] org.apache.catalina.core.StandardServer.await Invalid shutdown command [] received
03-Apr-2026 20:07:08.077 WARNING [main] org.apache.catalina.core.StandardServer.await Invalid shutdown command [] received
03-Apr-2026 20:07:14.560 WARNING [main] org.apache.catalina.core.StandardServer.await Invalid shutdown command [] received
03-Apr-2026 20:07:21.052 WARNING [main] org.apache.catalina.core.StandardServer.await Invalid shutdown command [] received
03-Apr-2026 20:07:27.535 WARNING [main] org.apache.catalina.core.StandardServer.await Invalid shutdown command [] received
03-Apr-2026 20:07:34.073 WARNING [main] org.apache.catalina.core.StandardServer.await Invalid shutdown command [] received
03-Apr-2026 20:07:40.582 WARNING [main] org.apache.catalina.core.StandardServer.await Invalid shutdown command [] received
03-Apr-2026 20:07:47.090 WARNING [main] org.apache.catalina.core.StandardServer.await Invalid shutdown command [] received
03-Apr-2026 20:07:53.572 WARNING [main] org.apache.catalina.core.StandardServer.await Invalid shutdown command [] received
03-Apr-2026 20:08:00.216 WARNING [main] org.apache.catalina.core.StandardServer.await Invalid shutdown command [] received
03-Apr-2026 20:08:06.705 WARNING [main] org.apache.catalina.core.StandardServer.await Invalid shutdown command [] received
03-Apr-2026 20:08:13.253 WARNING [main] org.apache.catalina.core.StandardServer.await Invalid shutdown command [] received
03-Apr-2026 20:08:19.791 WARNING [main] org.apache.catalina.core.StandardServer.await Invalid shutdown command [] received
03-Apr-2026 20:08:26.259 WARNING [main] org.apache.catalina.core.StandardServer.await Invalid shutdown command [] received
03-Apr-2026 20:08:32.732 WARNING [main] org.apache.catalina.core.StandardServer.await Invalid shutdown command [] received
03-Apr-2026 20:08:39.202 WARNING [main] org.apache.catalina.core.StandardServer.await Invalid shutdown command [] received
03-Apr-2026 20:08:45.700 WARNING [main] org.apache.catalina.core.StandardServer.await Invalid shutdown command [] received
03-Apr-2026 20:08:52.181 WARNING [main] org.apache.catalina.core.StandardServer.await Invalid shutdown command [] received
03-Apr-2026 20:08:58.666 WARNING [main] org.apache.catalina.core.StandardServer.await Invalid shutdown command [] received
03-Apr-2026 20:09:05.170 WARNING [main] org.apache.catalina.core.StandardServer.await Invalid shutdown command [] received
03-Apr-2026 20:09:11.649 WARNING [main] org.apache.catalina.core.StandardServer.await Invalid shutdown command [] received
03-Apr-2026 20:09:18.118 WARNING [main] org.apache.catalina.core.StandardServer.await Invalid shutdown command [] received
03-Apr-2026 20:09:24.585 WARNING [main] org.apache.catalina.core.StandardServer.await Invalid shutdown command [] received
03-Apr-2026 20:09:31.062 WARNING [main] org.apache.catalina.core.StandardServer.await Invalid shutdown command [] received
03-Apr-2026 20:09:37.552 WARNING [main] org.apache.catalina.core.StandardServer.await Invalid shutdown command [] received
03-Apr-2026 20:09:44.021 WARNING [main] org.apache.catalina.core.StandardServer.await Invalid shutdown command [] received
03-Apr-2026 20:09:50.491 WARNING [main] org.apache.catalina.core.StandardServer.await Invalid shutdown command [] received
03-Apr-2026 20:09:56.969 WARNING [main] org.apache.catalina.core.StandardServer.await Invalid shutdown command [] received
03-Apr-2026 20:10:03.446 WARNING [main] org.apache.catalina.core.StandardServer.await Invalid shutdown command [] received
03-Apr-2026 20:10:09.916 WARNING [main] org.apache.catalina.core.StandardServer.await Invalid shutdown command [] received
03-Apr-2026 20:10:16.402 WARNING [main] org.apache.catalina.core.StandardServer.await Invalid shutdown command [] received
03-Apr-2026 20:10:22.891 WARNING [main] org.apache.catalina.core.StandardServer.await Invalid shutdown command [] received
03-Apr-2026 20:10:29.363 WARNING [main] org.apache.catalina.core.StandardServer.await Invalid shutdown command [] received
03-Apr-2026 20:10:35.843 WARNING [main] org.apache.catalina.core.StandardServer.await Invalid shutdown command [] received
03-Apr-2026 20:10:42.321 WARNING [main] org.apache.catalina.core.StandardServer.await Invalid shutdown command [] received
03-Apr-2026 20:10:48.790 WARNING [main] org.apache.catalina.core.StandardServer.await Invalid shutdown command [] received
03-Apr-2026 20:10:55.275 WARNING [main] org.apache.catalina.core.StandardServer.await Invalid shutdown command [] received
03-Apr-2026 20:11:01.746 WARNING [main] org.apache.catalina.core.StandardServer.await Invalid shutdown command [] received
03-Apr-2026 20:11:08.219 WARNING [main] org.apache.catalina.core.StandardServer.await Invalid shutdown command [] received
03-Apr-2026 20:11:14.698 WARNING [main] org.apache.catalina.core.StandardServer.await Invalid shutdown command [] received
03-Apr-2026 20:11:21.181 WARNING [main] org.apache.catalina.core.StandardServer.await Invalid shutdown command [] received
03-Apr-2026 20:11:27.655 WARNING [main] org.apache.catalina.core.StandardServer.await Invalid shutdown command [] received
03-Apr-2026 20:11:34.179 WARNING [main] org.apache.catalina.core.StandardServer.await Invalid shutdown command [] received
03-Apr-2026 20:11:40.699 WARNING [main] org.apache.catalina.core.StandardServer.await Invalid shutdown command [] received
03-Apr-2026 20:11:47.238 WARNING [main] org.apache.catalina.core.StandardServer.await Invalid shutdown command [] received
03-Apr-2026 20:11:53.756 WARNING [main] org.apache.catalina.core.StandardServer.await Invalid shutdown command [] received
03-Apr-2026 20:12:00.293 WARNING [main] org.apache.catalina.core.StandardServer.await Invalid shutdown command [] received
03-Apr-2026 20:12:06.795 WARNING [main] org.apache.catalina.core.StandardServer.await Invalid shutdown command [] received
03-Apr-2026 20:12:13.305 WARNING [main] org.apache.catalina.core.StandardServer.await Invalid shutdown command [] received
03-Apr-2026 20:12:19.783 WARNING [main] org.apache.catalina.core.StandardServer.await Invalid shutdown command [] received
03-Apr-2026 20:12:26.269 WARNING [main] org.apache.catalina.core.StandardServer.await Invalid shutdown command [] received
03-Apr-2026 20:12:35.015 WARNING [main] org.apache.catalina.core.StandardServer.await Invalid shutdown command [] received
03-Apr-2026 20:12:41.497 WARNING [main] org.apache.catalina.core.StandardServer.await Invalid shutdown command [] received
03-Apr-2026 20:12:47.960 WARNING [main] org.apache.catalina.core.StandardServer.await Invalid shutdown command [] received
03-Apr-2026 20:12:54.432 WARNING [main] org.apache.catalina.core.StandardServer.await Invalid shutdown command [] received
03-Apr-2026 20:13:00.897 WARNING [main] org.apache.catalina.core.StandardServer.await Invalid shutdown command [] received
03-Apr-2026 20:13:07.371 WARNING [main] org.apache.catalina.core.StandardServer.await Invalid shutdown command [] received
03-Apr-2026 20:13:13.812 WARNING [main] org.apache.catalina.core.StandardServer.await Invalid shutdown command [] received
03-Apr-2026 20:13:20.283 WARNING [main] org.apache.catalina.core.StandardServer.await Invalid shutdown command [] received
03-Apr-2026 20:13:26.761 WARNING [main] org.apache.catalina.core.StandardServer.await Invalid shutdown command [] received
03-Apr-2026 20:13:33.245 WARNING [main] org.apache.catalina.core.StandardServer.await Invalid shutdown command [] received
03-Apr-2026 20:13:39.719 WARNING [main] org.apache.catalina.core.StandardServer.await Invalid shutdown command [] received
03-Apr-2026 20:13:46.192 WARNING [main] org.apache.catalina.core.StandardServer.await Invalid shutdown command [] received
03-Apr-2026 20:13:52.666 WARNING [main] org.apache.catalina.core.StandardServer.await Invalid shutdown command [] received
03-Apr-2026 20:13:59.158 WARNING [main] org.apache.catalina.core.StandardServer.await Invalid shutdown command [] received
03-Apr-2026 20:14:05.651 WARNING [main] org.apache.catalina.core.StandardServer.await Invalid shutdown command [] received
03-Apr-2026 20:14:12.345 WARNING [main] org.apache.catalina.core.StandardServer.await Invalid shutdown command [] received
03-Apr-2026 20:14:18.815 WARNING [main] org.apache.catalina.core.StandardServer.await Invalid shutdown command [] received
03-Apr-2026 20:14:25.298 WARNING [main] org.apache.catalina.core.StandardServer.await Invalid shutdown command [] received
03-Apr-2026 20:14:31.763 WARNING [main] org.apache.catalina.core.StandardServer.await Invalid shutdown command [] received
03-Apr-2026 20:14:38.322 WARNING [main] org.apache.catalina.core.StandardServer.await Invalid shutdown command [] received
03-Apr-2026 20:14:44.813 WARNING [main] org.apache.catalina.core.StandardServer.await Invalid shutdown command [] received
03-Apr-2026 20:14:51.290 WARNING [main] org.apache.catalina.core.StandardServer.await Invalid shutdown command [] received
03-Apr-2026 20:14:57.776 WARNING [main] org.apache.catalina.core.StandardServer.await Invalid shutdown command [] received
03-Apr-2026 20:15:04.271 WARNING [main] org.apache.catalina.core.StandardServer.await Invalid shutdown command [] received
03-Apr-2026 20:15:10.825 WARNING [main] org.apache.catalina.core.StandardServer.await Invalid shutdown command [] received
03-Apr-2026 20:15:17.327 WARNING [main] org.apache.catalina.core.StandardServer.await Invalid shutdown command [] received
03-Apr-2026 20:15:23.800 WARNING [main] org.apache.catalina.core.StandardServer.await Invalid shutdown command [] received
03-Apr-2026 20:15:30.287 WARNING [main] org.apache.catalina.core.StandardServer.await Invalid shutdown command [] received
03-Apr-2026 20:15:36.768 WARNING [main] org.apache.catalina.core.StandardServer.await Invalid shutdown command [] received
03-Apr-2026 20:15:43.259 WARNING [main] org.apache.catalina.core.StandardServer.await Invalid shutdown command [] received
03-Apr-2026 20:15:49.748 WARNING [main] org.apache.catalina.core.StandardServer.await Invalid shutdown command [] received
03-Apr-2026 20:15:56.217 WARNING [main] org.apache.catalina.core.StandardServer.await Invalid shutdown command [] received
03-Apr-2026 20:16:02.687 WARNING [main] org.apache.catalina.core.StandardServer.await Invalid shutdown command [] received
03-Apr-2026 20:16:09.166 WARNING [main] org.apache.catalina.core.StandardServer.await Invalid shutdown command [] received
03-Apr-2026 20:16:15.641 WARNING [main] org.apache.catalina.core.StandardServer.await Invalid shutdown command [] received
03-Apr-2026 20:16:22.107 WARNING [main] org.apache.catalina.core.StandardServer.await Invalid shutdown command [] received
03-Apr-2026 20:16:28.595 WARNING [main] org.apache.catalina.core.StandardServer.await Invalid shutdown command [] received
03-Apr-2026 20:16:35.075 WARNING [main] org.apache.catalina.core.StandardServer.await Invalid shutdown command [] received
03-Apr-2026 20:16:41.556 WARNING [main] org.apache.catalina.core.StandardServer.await Invalid shutdown command [] received
03-Apr-2026 20:16:48.030 WARNING [main] org.apache.catalina.core.StandardServer.await Invalid shutdown command [] received
03-Apr-2026 20:16:54.507 WARNING [main] org.apache.catalina.core.StandardServer.await Invalid shutdown command [] received
03-Apr-2026 20:17:00.978 WARNING [main] org.apache.catalina.core.StandardServer.await Invalid shutdown command [] received
03-Apr-2026 20:17:07.467 WARNING [main] org.apache.catalina.core.StandardServer.await Invalid shutdown command [] received
03-Apr-2026 20:17:13.947 WARNING [main] org.apache.catalina.core.StandardServer.await Invalid shutdown command [] received
03-Apr-2026 20:17:20.425 WARNING [main] org.apache.catalina.core.StandardServer.await Invalid shutdown command [] received
03-Apr-2026 20:17:26.903 WARNING [main] org.apache.catalina.core.StandardServer.await Invalid shutdown command [] received
03-Apr-2026 20:17:33.370 WARNING [main] org.apache.catalina.core.StandardServer.await Invalid shutdown command [] received
03-Apr-2026 20:17:39.844 WARNING [main] org.apache.catalina.core.StandardServer.await Invalid shutdown command [] received
03-Apr-2026 20:17:46.335 WARNING [main] org.apache.catalina.core.StandardServer.await Invalid shutdown command [] received
03-Apr-2026 20:17:52.808 WARNING [main] org.apache.catalina.core.StandardServer.await Invalid shutdown command [] received
03-Apr-2026 20:17:59.296 WARNING [main] org.apache.catalina.core.StandardServer.await Invalid shutdown command [] received
03-Apr-2026 20:18:05.769 WARNING [main] org.apache.catalina.core.StandardServer.await Invalid shutdown command [] received
03-Apr-2026 20:18:12.241 WARNING [main] org.apache.catalina.core.StandardServer.await Invalid shutdown command [] received
03-Apr-2026 20:18:18.710 WARNING [main] org.apache.catalina.core.StandardServer.await Invalid shutdown command [] received
03-Apr-2026 20:18:25.189 WARNING [main] org.apache.catalina.core.StandardServer.await Invalid shutdown command [] received
03-Apr-2026 20:18:31.650 WARNING [main] org.apache.catalina.core.StandardServer.await Invalid shutdown command [] received
03-Apr-2026 20:18:38.125 WARNING [main] org.apache.catalina.core.StandardServer.await Invalid shutdown command [] received
03-Apr-2026 20:18:44.602 WARNING [main] org.apache.catalina.core.StandardServer.await Invalid shutdown command [] received
03-Apr-2026 20:18:51.079 WARNING [main] org.apache.catalina.core.StandardServer.await Invalid shutdown command [] received
03-Apr-2026 20:18:57.562 WARNING [main] org.apache.catalina.core.StandardServer.await Invalid shutdown command [] received
03-Apr-2026 20:19:04.052 WARNING [main] org.apache.catalina.core.StandardServer.await Invalid shutdown command [] received
03-Apr-2026 20:19:10.524 WARNING [main] org.apache.catalina.core.StandardServer.await Invalid shutdown command [] received
03-Apr-2026 20:19:17.025 WARNING [main] org.apache.catalina.core.StandardServer.await Invalid shutdown command [] received
03-Apr-2026 20:20:06.681 WARNING [main] org.apache.catalina.core.StandardServer.await Invalid shutdown command [] received
03-Apr-2026 20:20:51.521 WARNING [main] org.apache.catalina.core.StandardServer.await Invalid shutdown command [] received
03-Apr-2026 20:22:44.078 WARNING [main] org.apache.catalina.core.StandardServer.await Invalid shutdown command [] received
03-Apr-2026 20:27:49.013 WARNING [main] org.apache.catalina.core.StandardServer.await Invalid shutdown command [] received
03-Apr-2026 20:31:47.165 INFO [main] org.apache.catalina.core.StandardServer.await A valid shutdown command was received via the shutdown port. Stopping the Server instance.
03-Apr-2026 20:31:47.165 INFO [main] org.apache.coyote.AbstractProtocol.pause Pausing ProtocolHandler ["http-nio-8080"]
03-Apr-2026 20:31:47.318 INFO [main] org.apache.catalina.core.StandardService.stopInternal Stopping service [Catalina]
03-Apr-2026 20:31:48.604 WARNING [main] org.apache.catalina.loader.WebappClassLoaderBase.clearReferencesJdbc The web application [demo] registered the JDBC driver [com.microsoft.sqlserver.jdbc.SQLServerDriver] but failed to unregister it when the web application was stopped. To prevent a memory leak, the JDBC Driver has been forcibly unregistered.
03-Apr-2026 20:31:48.604 WARNING [main] org.apache.catalina.loader.WebappClassLoaderBase.clearReferencesThreads The web application [demo] appears to have started a thread named [Timer-0] but has failed to stop it. This is very likely to create a memory leak. Stack trace of thread:
 java.lang.Object.wait(Native Method)
 java.util.TimerThread.mainLoop(Unknown Source)
 java.util.TimerThread.run(Unknown Source)
03-Apr-2026 20:31:48.606 WARNING [main] org.apache.catalina.loader.WebappClassLoaderBase.clearReferencesThreads The web application [demo] appears to have started a thread named [Thread-10] but has failed to stop it. This is very likely to create a memory leak. Stack trace of thread:
 java.net.SocketInputStream.socketRead0(Native Method)
 java.net.SocketInputStream.socketRead(Unknown Source)
 java.net.SocketInputStream.read(Unknown Source)
 java.net.SocketInputStream.read(Unknown Source)
 com.microsoft.sqlserver.jdbc.TDSChannel$ProxyInputStream.readInternal(IOBuffer.java:1221)
 com.microsoft.sqlserver.jdbc.TDSChannel$ProxyInputStream.read(IOBuffer.java:1207)
 com.microsoft.sqlserver.jdbc.TDSChannel$ProxyInputStream.readInternal(IOBuffer.java:1221)
 com.microsoft.sqlserver.jdbc.TDSChannel$ProxyInputStream.read(IOBuffer.java:1207)
 sun.security.ssl.InputRecord.readFully(Unknown Source)
 sun.security.ssl.InputRecord.read(Unknown Source)
 sun.security.ssl.SSLSocketImpl.readRecord(Unknown Source)
 sun.security.ssl.SSLSocketImpl.readDataRecord(Unknown Source)
 sun.security.ssl.AppInputStream.read(Unknown Source)
 com.microsoft.sqlserver.jdbc.TDSChannel$ProxyInputStream.readInternal(IOBuffer.java:1221)
 com.microsoft.sqlserver.jdbc.TDSChannel$ProxyInputStream.read(IOBuffer.java:1207)
 com.microsoft.sqlserver.jdbc.TDSChannel.read(IOBuffer.java:2184)
 com.microsoft.sqlserver.jdbc.TDSReader.readPacket(IOBuffer.java:6975)
 com.microsoft.sqlserver.jdbc.TDSCommand.startResponse(IOBuffer.java:8225)
 com.microsoft.sqlserver.jdbc.SQLServerPreparedStatement.doExecutePreparedStatement(SQLServerPreparedStatement.java:686)
 com.microsoft.sqlserver.jdbc.SQLServerPreparedStatement$PrepStmtExecCmd.doExecute(SQLServerPreparedStatement.java:607)
 com.microsoft.sqlserver.jdbc.TDSCommand.execute(IOBuffer.java:7825)
 com.microsoft.sqlserver.jdbc.SQLServerConnection.executeCommand(SQLServerConnection.java:4828)
 com.microsoft.sqlserver.jdbc.SQLServerStatement.executeCommand(SQLServerStatement.java:321)
 com.microsoft.sqlserver.jdbc.SQLServerStatement.executeStatement(SQLServerStatement.java:253)
 com.microsoft.sqlserver.jdbc.SQLServerPreparedStatement.execute(SQLServerPreparedStatement.java:584)
 org.apache.commons.dbcp.DelegatingPreparedStatement.execute(DelegatingPreparedStatement.java:169)
 org.apache.ibatis.executor.statement.PreparedStatementHandler.query(PreparedStatementHandler.java:59)
 org.apache.ibatis.executor.statement.RoutingStatementHandler.query(RoutingStatementHandler.java:73)
 org.apache.ibatis.executor.SimpleExecutor.doQuery(SimpleExecutor.java:60)
 org.apache.ibatis.executor.BaseExecutor.queryFromDatabase(BaseExecutor.java:267)
 org.apache.ibatis.executor.BaseExecutor.query(BaseExecutor.java:137)
 org.apache.ibatis.executor.CachingExecutor.query(CachingExecutor.java:96)
 com.github.pagehelper.PageInterceptor.intercept(PageInterceptor.java:143)
 org.apache.ibatis.plugin.Plugin.invoke(Plugin.java:60)
 com.sun.proxy.$Proxy32.query(Unknown Source)
 org.apache.ibatis.session.defaults.DefaultSqlSession.selectList(DefaultSqlSession.java:108)
 org.apache.ibatis.session.defaults.DefaultSqlSession.selectList(DefaultSqlSession.java:102)
 sun.reflect.GeneratedMethodAccessor60.invoke(Unknown Source)
 sun.reflect.DelegatingMethodAccessorImpl.invoke(Unknown Source)
 java.lang.reflect.Method.invoke(Unknown Source)
 org.mybatis.spring.SqlSessionTemplate$SqlSessionInterceptor.invoke(SqlSessionTemplate.java:358)
 com.sun.proxy.$Proxy14.selectList(Unknown Source)
 org.mybatis.spring.SqlSessionTemplate.selectList(SqlSessionTemplate.java:198)
 org.apache.ibatis.binding.MapperMethod.executeForMany(MapperMethod.java:119)
 org.apache.ibatis.binding.MapperMethod.execute(MapperMethod.java:63)
 org.apache.ibatis.binding.MapperProxy.invoke(MapperProxy.java:52)
 com.sun.proxy.$Proxy21.findPendingCommand(Unknown Source)
 com.timmy.job.SendOrderJob.run(SendOrderJob.java:109)
03-Apr-2026 20:31:48.606 SEVERE [main] org.apache.catalina.loader.WebappClassLoaderBase.checkThreadLocalMapForLeaks The web application [demo] created a ThreadLocal with key of type [java.lang.ThreadLocal] (value [java.lang.ThreadLocal@b91e024]) and a value of type [org.apache.ibatis.executor.ErrorContext] (value [
### The error may exist in file [D:\housys\FingerprintClient_IDSL_DEVICEFIX03042026\FingerprintClient_IDSL_DEVICEFIX\app\tomcat\webapps\demo\WEB-INF\classes\com\timmy\mapper\MachineCommandMapper.xml]
### The error may involve defaultParameterMap
### The error occurred while setting parameters
### SQL: select top (1000)           CONVERT(INT, DC_ID) AS id,     SLNO AS serial,     CASE       WHEN CMD_DESC LIKE 'JAVA:%' THEN SUBSTRING(CMD_DESC, 6, 255)       ELSE CMD_DESC     END AS name,     CAST(DC_CMD AS NVARCHAR(MAX)) AS content,     ISNULL(CASE WHEN ISNUMERIC(DC_RES) = 1 THEN CONVERT(INT, DC_RES) ELSE NULL END, 0) AS status,     ISNULL(CONVERT(INT, IS_DEL_EXECUTED), 0) AS send_status,     ISNULL(CONVERT(INT, REF_ID), 0) AS err_count,     DC_EXECDATE AS run_time,     DC_DATE AS gmt_crate,     ISNULL(DC_cmd_date, DC_DATE) AS gmt_modified         from DEVICECMD WITH (READUNCOMMITTED)     where ISNULL(CASE WHEN ISNUMERIC(DC_RES) = 1 THEN CONVERT(INT, DC_RES) ELSE NULL END, 0) = 0       and ISNULL(CONVERT(INT, IS_DEL_EXECUTED), 0) = ?       and SLNO = ?       and ISNULL(CONVERT(INT, REF_ID), 0) != 3       and CMD_DESC like 'JAVA:%'     order by DC_ID]) but failed to remove it when the web application was stopped. Threads are going to be renewed over time to try and avoid a probable memory leak.
03-Apr-2026 20:31:48.614 INFO [main] org.apache.coyote.AbstractProtocol.stop Stopping ProtocolHandler ["http-nio-8080"]
03-Apr-2026 20:31:48.631 INFO [main] org.apache.coyote.AbstractProtocol.destroy Destroying ProtocolHandler ["http-nio-8080"]
03-Apr-2026 20:32:03.464 INFO [main] org.apache.catalina.startup.VersionLoggerListener.log Server version name:   Apache Tomcat/9.0.115
03-Apr-2026 20:32:03.498 INFO [main] org.apache.catalina.startup.VersionLoggerListener.log Server built:          Jan 21 2026 08:17:26 UTC
03-Apr-2026 20:32:03.498 INFO [main] org.apache.catalina.startup.VersionLoggerListener.log Server version number: 9.0.115.0
03-Apr-2026 20:32:03.498 INFO [main] org.apache.catalina.startup.VersionLoggerListener.log OS Name:               Windows 10
03-Apr-2026 20:32:03.498 INFO [main] org.apache.catalina.startup.VersionLoggerListener.log OS Version:            10.0
03-Apr-2026 20:32:03.498 INFO [main] org.apache.catalina.startup.VersionLoggerListener.log Architecture:          amd64
03-Apr-2026 20:32:03.498 INFO [main] org.apache.catalina.startup.VersionLoggerListener.log Java Home:             D:\housys\FingerprintClient_IDSL_DEVICEFIX03042026\FingerprintClient_IDSL_DEVICEFIX\app\jre
03-Apr-2026 20:32:03.498 INFO [main] org.apache.catalina.startup.VersionLoggerListener.log JVM Version:           1.8.0_202-b08
03-Apr-2026 20:32:03.498 INFO [main] org.apache.catalina.startup.VersionLoggerListener.log JVM Vendor:            Oracle Corporation
03-Apr-2026 20:32:03.498 INFO [main] org.apache.catalina.startup.VersionLoggerListener.log CATALINA_BASE:         D:\housys\FingerprintClient_IDSL_DEVICEFIX03042026\FingerprintClient_IDSL_DEVICEFIX\app\tomcat
03-Apr-2026 20:32:03.498 INFO [main] org.apache.catalina.startup.VersionLoggerListener.log CATALINA_HOME:         D:\housys\FingerprintClient_IDSL_DEVICEFIX03042026\FingerprintClient_IDSL_DEVICEFIX\app\tomcat
03-Apr-2026 20:32:03.530 INFO [main] org.apache.catalina.startup.VersionLoggerListener.log Command line argument: -Djava.util.logging.config.file=D:\housys\FingerprintClient_IDSL_DEVICEFIX03042026\FingerprintClient_IDSL_DEVICEFIX\app\tomcat\conf\logging.properties
03-Apr-2026 20:32:03.530 INFO [main] org.apache.catalina.startup.VersionLoggerListener.log Command line argument: -Djava.util.logging.manager=org.apache.juli.ClassLoaderLogManager
03-Apr-2026 20:32:03.530 INFO [main] org.apache.catalina.startup.VersionLoggerListener.log Command line argument: -Djava.library.path=D:\housys\FingerprintClient_IDSL_DEVICEFIX03042026\FingerprintClient_IDSL_DEVICEFIX\app\tomcat\bin
03-Apr-2026 20:32:03.530 INFO [main] org.apache.catalina.startup.VersionLoggerListener.log Command line argument: -Dsqlserver.auth.dll.path=D:\housys\FingerprintClient_IDSL_DEVICEFIX03042026\FingerprintClient_IDSL_DEVICEFIX\app\tomcat\bin\mssql-jdbc_auth-13.2.1.x64.dll
03-Apr-2026 20:32:03.530 INFO [main] org.apache.catalina.startup.VersionLoggerListener.log Command line argument: -Djdk.tls.ephemeralDHKeySize=2048
03-Apr-2026 20:32:03.530 INFO [main] org.apache.catalina.startup.VersionLoggerListener.log Command line argument: -Djava.protocol.handler.pkgs=org.apache.catalina.webresources
03-Apr-2026 20:32:03.530 INFO [main] org.apache.catalina.startup.VersionLoggerListener.log Command line argument: -Dsun.io.useCanonCaches=false
03-Apr-2026 20:32:03.530 INFO [main] org.apache.catalina.startup.VersionLoggerListener.log Command line argument: -Dignore.endorsed.dirs=
03-Apr-2026 20:32:03.530 INFO [main] org.apache.catalina.startup.VersionLoggerListener.log Command line argument: -Dcatalina.base=D:\housys\FingerprintClient_IDSL_DEVICEFIX03042026\FingerprintClient_IDSL_DEVICEFIX\app\tomcat
03-Apr-2026 20:32:03.532 INFO [main] org.apache.catalina.startup.VersionLoggerListener.log Command line argument: -Dcatalina.home=D:\housys\FingerprintClient_IDSL_DEVICEFIX03042026\FingerprintClient_IDSL_DEVICEFIX\app\tomcat
03-Apr-2026 20:32:03.532 INFO [main] org.apache.catalina.startup.VersionLoggerListener.log Command line argument: -Djava.io.tmpdir=D:\housys\FingerprintClient_IDSL_DEVICEFIX03042026\FingerprintClient_IDSL_DEVICEFIX\app\tomcat\temp
03-Apr-2026 20:32:13.690 INFO [main] org.apache.catalina.core.AprLifecycleListener.lifecycleEvent Loaded Apache Tomcat Native library [1.3.5] using APR version [1.7.6].
03-Apr-2026 20:32:13.690 INFO [main] org.apache.catalina.core.AprLifecycleListener.lifecycleEvent APR capabilities: IPv6 [true], sendfile [true], accept filters [false], random [true], UDS [true].
03-Apr-2026 20:32:13.690 INFO [main] org.apache.catalina.core.AprLifecycleListener.lifecycleEvent APR/OpenSSL configuration: useAprConnector [false], useOpenSSL [true]
03-Apr-2026 20:32:13.694 INFO [main] org.apache.catalina.core.AprLifecycleListener.initializeSSL OpenSSL successfully initialized [OpenSSL 3.0.18 30 Sep 2025]
03-Apr-2026 20:32:14.430 INFO [main] org.apache.coyote.AbstractProtocol.init Initializing ProtocolHandler ["http-nio-8080"]
03-Apr-2026 20:32:14.446 INFO [main] org.apache.catalina.startup.Catalina.load Server initialization in [11119] milliseconds
03-Apr-2026 20:32:15.050 INFO [main] org.apache.catalina.startup.VersionLoggerListener.log Server version name:   Apache Tomcat/9.0.115
03-Apr-2026 20:32:15.053 INFO [main] org.apache.catalina.startup.VersionLoggerListener.log Server built:          Jan 21 2026 08:17:26 UTC
03-Apr-2026 20:32:15.053 INFO [main] org.apache.catalina.startup.VersionLoggerListener.log Server version number: 9.0.115.0
03-Apr-2026 20:32:15.053 INFO [main] org.apache.catalina.startup.VersionLoggerListener.log OS Name:               Windows 10
03-Apr-2026 20:32:15.053 INFO [main] org.apache.catalina.startup.VersionLoggerListener.log OS Version:            10.0
03-Apr-2026 20:32:15.054 INFO [main] org.apache.catalina.startup.VersionLoggerListener.log Architecture:          amd64
03-Apr-2026 20:32:15.054 INFO [main] org.apache.catalina.startup.VersionLoggerListener.log Java Home:             D:\housys\FingerprintClient_IDSL_DEVICEFIX03042026\FingerprintClient_IDSL_DEVICEFIX\app\jre
03-Apr-2026 20:32:15.054 INFO [main] org.apache.catalina.startup.VersionLoggerListener.log JVM Version:           1.8.0_202-b08
03-Apr-2026 20:32:15.054 INFO [main] org.apache.catalina.startup.VersionLoggerListener.log JVM Vendor:            Oracle Corporation
03-Apr-2026 20:32:15.054 INFO [main] org.apache.catalina.startup.VersionLoggerListener.log CATALINA_BASE:         D:\housys\FingerprintClient_IDSL_DEVICEFIX03042026\FingerprintClient_IDSL_DEVICEFIX\app\tomcat
03-Apr-2026 20:32:15.054 INFO [main] org.apache.catalina.startup.VersionLoggerListener.log CATALINA_HOME:         D:\housys\FingerprintClient_IDSL_DEVICEFIX03042026\FingerprintClient_IDSL_DEVICEFIX\app\tomcat
03-Apr-2026 20:32:15.055 INFO [main] org.apache.catalina.startup.VersionLoggerListener.log Command line argument: -Djava.util.logging.config.file=D:\housys\FingerprintClient_IDSL_DEVICEFIX03042026\FingerprintClient_IDSL_DEVICEFIX\app\tomcat\conf\logging.properties
03-Apr-2026 20:32:15.055 INFO [main] org.apache.catalina.startup.VersionLoggerListener.log Command line argument: -Djava.util.logging.manager=org.apache.juli.ClassLoaderLogManager
03-Apr-2026 20:32:15.055 INFO [main] org.apache.catalina.startup.VersionLoggerListener.log Command line argument: -Djava.library.path=D:\housys\FingerprintClient_IDSL_DEVICEFIX03042026\FingerprintClient_IDSL_DEVICEFIX\app\tomcat\bin
03-Apr-2026 20:32:15.055 INFO [main] org.apache.catalina.startup.VersionLoggerListener.log Command line argument: -Dsqlserver.auth.dll.path=D:\housys\FingerprintClient_IDSL_DEVICEFIX03042026\FingerprintClient_IDSL_DEVICEFIX\app\tomcat\bin\mssql-jdbc_auth-13.2.1.x64.dll
03-Apr-2026 20:32:15.061 INFO [main] org.apache.catalina.startup.VersionLoggerListener.log Command line argument: -Djdk.tls.ephemeralDHKeySize=2048
03-Apr-2026 20:32:15.061 INFO [main] org.apache.catalina.startup.VersionLoggerListener.log Command line argument: -Djava.protocol.handler.pkgs=org.apache.catalina.webresources
03-Apr-2026 20:32:15.061 INFO [main] org.apache.catalina.startup.VersionLoggerListener.log Command line argument: -Dsun.io.useCanonCaches=false
03-Apr-2026 20:32:15.061 INFO [main] org.apache.catalina.startup.VersionLoggerListener.log Command line argument: -Djava.library.path=D:\housys\FingerprintClient_IDSL_DEVICEFIX03042026\FingerprintClient_IDSL_DEVICEFIX\app\tomcat\bin
03-Apr-2026 20:32:15.062 INFO [main] org.apache.catalina.startup.VersionLoggerListener.log Command line argument: -Dsqlserver.auth.dll.path=D:\housys\FingerprintClient_IDSL_DEVICEFIX03042026\FingerprintClient_IDSL_DEVICEFIX\app\tomcat\bin\mssql-jdbc_auth-13.2.1.x64.dll
03-Apr-2026 20:32:15.062 INFO [main] org.apache.catalina.startup.VersionLoggerListener.log Command line argument: -Dignore.endorsed.dirs=
03-Apr-2026 20:32:15.062 INFO [main] org.apache.catalina.startup.VersionLoggerListener.log Command line argument: -Dcatalina.base=D:\housys\FingerprintClient_IDSL_DEVICEFIX03042026\FingerprintClient_IDSL_DEVICEFIX\app\tomcat
03-Apr-2026 20:32:15.062 INFO [main] org.apache.catalina.startup.VersionLoggerListener.log Command line argument: -Dcatalina.home=D:\housys\FingerprintClient_IDSL_DEVICEFIX03042026\FingerprintClient_IDSL_DEVICEFIX\app\tomcat
03-Apr-2026 20:32:15.062 INFO [main] org.apache.catalina.startup.VersionLoggerListener.log Command line argument: -Djava.io.tmpdir=D:\housys\FingerprintClient_IDSL_DEVICEFIX03042026\FingerprintClient_IDSL_DEVICEFIX\app\tomcat\temp
03-Apr-2026 20:32:15.066 INFO [main] org.apache.catalina.core.AprLifecycleListener.lifecycleEvent Loaded Apache Tomcat Native library [1.3.5] using APR version [1.7.6].
03-Apr-2026 20:32:15.066 INFO [main] org.apache.catalina.core.AprLifecycleListener.lifecycleEvent APR capabilities: IPv6 [true], sendfile [true], accept filters [false], random [true], UDS [true].
03-Apr-2026 20:32:15.066 INFO [main] org.apache.catalina.core.AprLifecycleListener.lifecycleEvent APR/OpenSSL configuration: useAprConnector [false], useOpenSSL [true]
03-Apr-2026 20:32:15.072 INFO [main] org.apache.catalina.core.AprLifecycleListener.initializeSSL OpenSSL successfully initialized [OpenSSL 3.0.18 30 Sep 2025]
03-Apr-2026 20:32:15.310 INFO [main] org.apache.coyote.AbstractProtocol.init Initializing ProtocolHandler ["http-nio-8080"]
03-Apr-2026 20:32:15.331 INFO [main] org.apache.catalina.startup.Catalina.load Server initialization in [421] milliseconds
03-Apr-2026 20:32:15.370 INFO [main] org.apache.catalina.core.StandardService.startInternal Starting service [Catalina]
03-Apr-2026 20:32:15.370 INFO [main] org.apache.catalina.core.StandardEngine.startInternal Starting Servlet engine: [Apache Tomcat/9.0.115]
03-Apr-2026 20:32:15.397 INFO [main] org.apache.catalina.startup.HostConfig.deployWAR Deploying web application archive [D:\housys\FingerprintClient_IDSL_DEVICEFIX03042026\FingerprintClient_IDSL_DEVICEFIX\app\tomcat\webapps\demo.war]
03-Apr-2026 20:32:19.355 INFO [main] org.apache.jasper.servlet.TldScanner.scanJars At least one JAR was scanned for TLDs yet contained no TLDs. Enable debug logging for this logger for a complete list of JARs that were scanned but no TLDs were found in them. Skipping unneeded JARs during scanning can improve startup time and JSP compilation time.
03-Apr-2026 20:32:23.428 INFO [main] org.apache.catalina.startup.HostConfig.deployWAR Deployment of web application archive [D:\housys\FingerprintClient_IDSL_DEVICEFIX03042026\FingerprintClient_IDSL_DEVICEFIX\app\tomcat\webapps\demo.war] has finished in [8,030] ms
03-Apr-2026 20:32:23.429 INFO [main] org.apache.catalina.startup.HostConfig.deployDirectory Deploying web application directory [D:\housys\FingerprintClient_IDSL_DEVICEFIX03042026\FingerprintClient_IDSL_DEVICEFIX\app\tomcat\webapps\docs]
03-Apr-2026 20:32:23.471 INFO [main] org.apache.catalina.startup.HostConfig.deployDirectory Deployment of web application directory [D:\housys\FingerprintClient_IDSL_DEVICEFIX03042026\FingerprintClient_IDSL_DEVICEFIX\app\tomcat\webapps\docs] has finished in [42] ms
03-Apr-2026 20:32:23.471 INFO [main] org.apache.catalina.startup.HostConfig.deployDirectory Deploying web application directory [D:\housys\FingerprintClient_IDSL_DEVICEFIX03042026\FingerprintClient_IDSL_DEVICEFIX\app\tomcat\webapps\examples]
03-Apr-2026 20:32:24.737 INFO [main] org.apache.catalina.startup.HostConfig.deployDirectory Deployment of web application directory [D:\housys\FingerprintClient_IDSL_DEVICEFIX03042026\FingerprintClient_IDSL_DEVICEFIX\app\tomcat\webapps\examples] has finished in [1,266] ms
03-Apr-2026 20:32:24.737 INFO [main] org.apache.catalina.startup.HostConfig.deployDirectory Deploying web application directory [D:\housys\FingerprintClient_IDSL_DEVICEFIX03042026\FingerprintClient_IDSL_DEVICEFIX\app\tomcat\webapps\host-manager]
03-Apr-2026 20:32:24.785 INFO [main] org.apache.catalina.startup.HostConfig.deployDirectory Deployment of web application directory [D:\housys\FingerprintClient_IDSL_DEVICEFIX03042026\FingerprintClient_IDSL_DEVICEFIX\app\tomcat\webapps\host-manager] has finished in [48] ms
03-Apr-2026 20:32:24.787 INFO [main] org.apache.catalina.startup.HostConfig.deployDirectory Deploying web application directory [D:\housys\FingerprintClient_IDSL_DEVICEFIX03042026\FingerprintClient_IDSL_DEVICEFIX\app\tomcat\webapps\manager]
03-Apr-2026 20:32:24.847 INFO [main] org.apache.catalina.startup.HostConfig.deployDirectory Deployment of web application directory [D:\housys\FingerprintClient_IDSL_DEVICEFIX03042026\FingerprintClient_IDSL_DEVICEFIX\app\tomcat\webapps\manager] has finished in [60] ms
03-Apr-2026 20:32:24.848 INFO [main] org.apache.catalina.startup.HostConfig.deployDirectory Deploying web application directory [D:\housys\FingerprintClient_IDSL_DEVICEFIX03042026\FingerprintClient_IDSL_DEVICEFIX\app\tomcat\webapps\ROOT]
03-Apr-2026 20:32:24.895 INFO [main] org.apache.catalina.startup.HostConfig.deployDirectory Deployment of web application directory [D:\housys\FingerprintClient_IDSL_DEVICEFIX03042026\FingerprintClient_IDSL_DEVICEFIX\app\tomcat\webapps\ROOT] has finished in [48] ms
03-Apr-2026 20:32:24.899 INFO [main] org.apache.coyote.AbstractProtocol.start Starting ProtocolHandler ["http-nio-8080"]
03-Apr-2026 20:32:24.910 INFO [main] org.apache.catalina.startup.Catalina.start Server startup in [9578] milliseconds
03-Apr-2026 20:32:25.060 WARNING [main] org.apache.catalina.core.StandardServer.await Invalid shutdown command [] received
03-Apr-2026 20:45:57.890 SEVERE [main] org.apache.catalina.startup.Catalina.stopServer Could not contact [localhost:18005] (base port [18005] and offset [0]). Tomcat may not be running.
03-Apr-2026 20:46:37.179 INFO [main] org.apache.catalina.startup.VersionLoggerListener.log Server version name:   Apache Tomcat/9.0.115
03-Apr-2026 20:46:37.181 INFO [main] org.apache.catalina.startup.VersionLoggerListener.log Server built:          Jan 21 2026 08:17:26 UTC
03-Apr-2026 20:46:37.181 INFO [main] org.apache.catalina.startup.VersionLoggerListener.log Server version number: 9.0.115.0
03-Apr-2026 20:46:37.181 INFO [main] org.apache.catalina.startup.VersionLoggerListener.log OS Name:               Windows 10
03-Apr-2026 20:46:37.181 INFO [main] org.apache.catalina.startup.VersionLoggerListener.log OS Version:            10.0
03-Apr-2026 20:46:37.181 INFO [main] org.apache.catalina.startup.VersionLoggerListener.log Architecture:          amd64
03-Apr-2026 20:46:37.181 INFO [main] org.apache.catalina.startup.VersionLoggerListener.log Java Home:             D:\housys\FingerprintClient_IDSL_DEVICEFIX03042026\FingerprintClient_IDSL_DEVICEFIX\app\jre
03-Apr-2026 20:46:37.181 INFO [main] org.apache.catalina.startup.VersionLoggerListener.log JVM Version:           1.8.0_202-b08
03-Apr-2026 20:46:37.181 INFO [main] org.apache.catalina.startup.VersionLoggerListener.log JVM Vendor:            Oracle Corporation
03-Apr-2026 20:46:37.181 INFO [main] org.apache.catalina.startup.VersionLoggerListener.log CATALINA_BASE:         D:\housys\FingerprintClient_IDSL_DEVICEFIX03042026\FingerprintClient_IDSL_DEVICEFIX\app\tomcat
03-Apr-2026 20:46:37.181 INFO [main] org.apache.catalina.startup.VersionLoggerListener.log CATALINA_HOME:         D:\housys\FingerprintClient_IDSL_DEVICEFIX03042026\FingerprintClient_IDSL_DEVICEFIX\app\tomcat
03-Apr-2026 20:46:37.183 INFO [main] org.apache.catalina.startup.VersionLoggerListener.log Command line argument: -Djava.util.logging.config.file=D:\housys\FingerprintClient_IDSL_DEVICEFIX03042026\FingerprintClient_IDSL_DEVICEFIX\app\tomcat\conf\logging.properties
03-Apr-2026 20:46:37.183 INFO [main] org.apache.catalina.startup.VersionLoggerListener.log Command line argument: -Djava.util.logging.manager=org.apache.juli.ClassLoaderLogManager
03-Apr-2026 20:46:37.183 INFO [main] org.apache.catalina.startup.VersionLoggerListener.log Command line argument: -Djava.library.path=D:\housys\FingerprintClient_IDSL_DEVICEFIX03042026\FingerprintClient_IDSL_DEVICEFIX\app\tomcat\bin
03-Apr-2026 20:46:37.183 INFO [main] org.apache.catalina.startup.VersionLoggerListener.log Command line argument: -Dsqlserver.auth.dll.path=D:\housys\FingerprintClient_IDSL_DEVICEFIX03042026\FingerprintClient_IDSL_DEVICEFIX\app\tomcat\bin\mssql-jdbc_auth-13.2.1.x64.dll
03-Apr-2026 20:46:37.183 INFO [main] org.apache.catalina.startup.VersionLoggerListener.log Command line argument: -Djdk.tls.ephemeralDHKeySize=2048
03-Apr-2026 20:46:37.183 INFO [main] org.apache.catalina.startup.VersionLoggerListener.log Command line argument: -Djava.protocol.handler.pkgs=org.apache.catalina.webresources
03-Apr-2026 20:46:37.183 INFO [main] org.apache.catalina.startup.VersionLoggerListener.log Command line argument: -Dsun.io.useCanonCaches=false
03-Apr-2026 20:46:37.183 INFO [main] org.apache.catalina.startup.VersionLoggerListener.log Command line argument: -Dignore.endorsed.dirs=
03-Apr-2026 20:46:37.183 INFO [main] org.apache.catalina.startup.VersionLoggerListener.log Command line argument: -Dcatalina.base=D:\housys\FingerprintClient_IDSL_DEVICEFIX03042026\FingerprintClient_IDSL_DEVICEFIX\app\tomcat
03-Apr-2026 20:46:37.183 INFO [main] org.apache.catalina.startup.VersionLoggerListener.log Command line argument: -Dcatalina.home=D:\housys\FingerprintClient_IDSL_DEVICEFIX03042026\FingerprintClient_IDSL_DEVICEFIX\app\tomcat
03-Apr-2026 20:46:37.183 INFO [main] org.apache.catalina.startup.VersionLoggerListener.log Command line argument: -Djava.io.tmpdir=D:\housys\FingerprintClient_IDSL_DEVICEFIX03042026\FingerprintClient_IDSL_DEVICEFIX\app\tomcat\temp
03-Apr-2026 20:46:37.187 INFO [main] org.apache.catalina.core.AprLifecycleListener.lifecycleEvent Loaded Apache Tomcat Native library [1.3.5] using APR version [1.7.6].
03-Apr-2026 20:46:37.187 INFO [main] org.apache.catalina.core.AprLifecycleListener.lifecycleEvent APR capabilities: IPv6 [true], sendfile [true], accept filters [false], random [true], UDS [true].
03-Apr-2026 20:46:37.187 INFO [main] org.apache.catalina.core.AprLifecycleListener.lifecycleEvent APR/OpenSSL configuration: useAprConnector [false], useOpenSSL [true]
03-Apr-2026 20:46:37.192 INFO [main] org.apache.catalina.core.AprLifecycleListener.initializeSSL OpenSSL successfully initialized [OpenSSL 3.0.18 30 Sep 2025]
03-Apr-2026 20:46:37.436 INFO [main] org.apache.coyote.AbstractProtocol.init Initializing ProtocolHandler ["http-nio-8080"]
03-Apr-2026 20:46:37.453 INFO [main] org.apache.catalina.startup.Catalina.load Server initialization in [409] milliseconds
03-Apr-2026 20:46:38.057 INFO [main] org.apache.catalina.startup.VersionLoggerListener.log Server version name:   Apache Tomcat/9.0.115
03-Apr-2026 20:46:38.059 INFO [main] org.apache.catalina.startup.VersionLoggerListener.log Server built:          Jan 21 2026 08:17:26 UTC
03-Apr-2026 20:46:38.059 INFO [main] org.apache.catalina.startup.VersionLoggerListener.log Server version number: 9.0.115.0
03-Apr-2026 20:46:38.059 INFO [main] org.apache.catalina.startup.VersionLoggerListener.log OS Name:               Windows 10
03-Apr-2026 20:46:38.059 INFO [main] org.apache.catalina.startup.VersionLoggerListener.log OS Version:            10.0
03-Apr-2026 20:46:38.059 INFO [main] org.apache.catalina.startup.VersionLoggerListener.log Architecture:          amd64
03-Apr-2026 20:46:38.059 INFO [main] org.apache.catalina.startup.VersionLoggerListener.log Java Home:             D:\housys\FingerprintClient_IDSL_DEVICEFIX03042026\FingerprintClient_IDSL_DEVICEFIX\app\jre
03-Apr-2026 20:46:38.059 INFO [main] org.apache.catalina.startup.VersionLoggerListener.log JVM Version:           1.8.0_202-b08
03-Apr-2026 20:46:38.059 INFO [main] org.apache.catalina.startup.VersionLoggerListener.log JVM Vendor:            Oracle Corporation
03-Apr-2026 20:46:38.059 INFO [main] org.apache.catalina.startup.VersionLoggerListener.log CATALINA_BASE:         D:\housys\FingerprintClient_IDSL_DEVICEFIX03042026\FingerprintClient_IDSL_DEVICEFIX\app\tomcat
03-Apr-2026 20:46:38.059 INFO [main] org.apache.catalina.startup.VersionLoggerListener.log CATALINA_HOME:         D:\housys\FingerprintClient_IDSL_DEVICEFIX03042026\FingerprintClient_IDSL_DEVICEFIX\app\tomcat
03-Apr-2026 20:46:38.061 INFO [main] org.apache.catalina.startup.VersionLoggerListener.log Command line argument: -Djava.util.logging.config.file=D:\housys\FingerprintClient_IDSL_DEVICEFIX03042026\FingerprintClient_IDSL_DEVICEFIX\app\tomcat\conf\logging.properties
03-Apr-2026 20:46:38.061 INFO [main] org.apache.catalina.startup.VersionLoggerListener.log Command line argument: -Djava.util.logging.manager=org.apache.juli.ClassLoaderLogManager
03-Apr-2026 20:46:38.061 INFO [main] org.apache.catalina.startup.VersionLoggerListener.log Command line argument: -Djava.library.path=D:\housys\FingerprintClient_IDSL_DEVICEFIX03042026\FingerprintClient_IDSL_DEVICEFIX\app\tomcat\bin
03-Apr-2026 20:46:38.061 INFO [main] org.apache.catalina.startup.VersionLoggerListener.log Command line argument: -Dsqlserver.auth.dll.path=D:\housys\FingerprintClient_IDSL_DEVICEFIX03042026\FingerprintClient_IDSL_DEVICEFIX\app\tomcat\bin\mssql-jdbc_auth-13.2.1.x64.dll
03-Apr-2026 20:46:38.061 INFO [main] org.apache.catalina.startup.VersionLoggerListener.log Command line argument: -Djdk.tls.ephemeralDHKeySize=2048
03-Apr-2026 20:46:38.061 INFO [main] org.apache.catalina.startup.VersionLoggerListener.log Command line argument: -Djava.protocol.handler.pkgs=org.apache.catalina.webresources
03-Apr-2026 20:46:38.061 INFO [main] org.apache.catalina.startup.VersionLoggerListener.log Command line argument: -Dsun.io.useCanonCaches=false
03-Apr-2026 20:46:38.061 INFO [main] org.apache.catalina.startup.VersionLoggerListener.log Command line argument: -Djava.library.path=D:\housys\FingerprintClient_IDSL_DEVICEFIX03042026\FingerprintClient_IDSL_DEVICEFIX\app\tomcat\bin
03-Apr-2026 20:46:38.062 INFO [main] org.apache.catalina.startup.VersionLoggerListener.log Command line argument: -Dsqlserver.auth.dll.path=D:\housys\FingerprintClient_IDSL_DEVICEFIX03042026\FingerprintClient_IDSL_DEVICEFIX\app\tomcat\bin\mssql-jdbc_auth-13.2.1.x64.dll
03-Apr-2026 20:46:38.062 INFO [main] org.apache.catalina.startup.VersionLoggerListener.log Command line argument: -Dignore.endorsed.dirs=
03-Apr-2026 20:46:38.062 INFO [main] org.apache.catalina.startup.VersionLoggerListener.log Command line argument: -Dcatalina.base=D:\housys\FingerprintClient_IDSL_DEVICEFIX03042026\FingerprintClient_IDSL_DEVICEFIX\app\tomcat
03-Apr-2026 20:46:38.062 INFO [main] org.apache.catalina.startup.VersionLoggerListener.log Command line argument: -Dcatalina.home=D:\housys\FingerprintClient_IDSL_DEVICEFIX03042026\FingerprintClient_IDSL_DEVICEFIX\app\tomcat
03-Apr-2026 20:46:38.062 INFO [main] org.apache.catalina.startup.VersionLoggerListener.log Command line argument: -Djava.io.tmpdir=D:\housys\FingerprintClient_IDSL_DEVICEFIX03042026\FingerprintClient_IDSL_DEVICEFIX\app\tomcat\temp
03-Apr-2026 20:46:38.067 INFO [main] org.apache.catalina.core.AprLifecycleListener.lifecycleEvent Loaded Apache Tomcat Native library [1.3.5] using APR version [1.7.6].
03-Apr-2026 20:46:38.067 INFO [main] org.apache.catalina.core.AprLifecycleListener.lifecycleEvent APR capabilities: IPv6 [true], sendfile [true], accept filters [false], random [true], UDS [true].
03-Apr-2026 20:46:38.067 INFO [main] org.apache.catalina.core.AprLifecycleListener.lifecycleEvent APR/OpenSSL configuration: useAprConnector [false], useOpenSSL [true]
03-Apr-2026 20:46:38.073 INFO [main] org.apache.catalina.core.AprLifecycleListener.initializeSSL OpenSSL successfully initialized [OpenSSL 3.0.18 30 Sep 2025]
03-Apr-2026 20:46:38.337 INFO [main] org.apache.coyote.AbstractProtocol.init Initializing ProtocolHandler ["http-nio-8080"]
03-Apr-2026 20:46:38.355 INFO [main] org.apache.catalina.startup.Catalina.load Server initialization in [449] milliseconds
03-Apr-2026 20:46:38.378 INFO [main] org.apache.catalina.core.StandardService.startInternal Starting service [Catalina]
03-Apr-2026 20:46:38.378 INFO [main] org.apache.catalina.core.StandardEngine.startInternal Starting Servlet engine: [Apache Tomcat/9.0.115]
03-Apr-2026 20:46:38.396 INFO [main] org.apache.catalina.startup.HostConfig.deployWAR Deploying web application archive [D:\housys\FingerprintClient_IDSL_DEVICEFIX03042026\FingerprintClient_IDSL_DEVICEFIX\app\tomcat\webapps\demo.war]
03-Apr-2026 20:46:40.166 INFO [main] org.apache.jasper.servlet.TldScanner.scanJars At least one JAR was scanned for TLDs yet contained no TLDs. Enable debug logging for this logger for a complete list of JARs that were scanned but no TLDs were found in them. Skipping unneeded JARs during scanning can improve startup time and JSP compilation time.
03-Apr-2026 20:46:44.662 INFO [main] org.apache.catalina.startup.HostConfig.deployWAR Deployment of web application archive [D:\housys\FingerprintClient_IDSL_DEVICEFIX03042026\FingerprintClient_IDSL_DEVICEFIX\app\tomcat\webapps\demo.war] has finished in [6,266] ms
03-Apr-2026 20:46:44.664 INFO [main] org.apache.catalina.startup.HostConfig.deployDirectory Deploying web application directory [D:\housys\FingerprintClient_IDSL_DEVICEFIX03042026\FingerprintClient_IDSL_DEVICEFIX\app\tomcat\webapps\docs]
03-Apr-2026 20:46:44.689 INFO [main] org.apache.catalina.startup.HostConfig.deployDirectory Deployment of web application directory [D:\housys\FingerprintClient_IDSL_DEVICEFIX03042026\FingerprintClient_IDSL_DEVICEFIX\app\tomcat\webapps\docs] has finished in [25] ms
03-Apr-2026 20:46:44.689 INFO [main] org.apache.catalina.startup.HostConfig.deployDirectory Deploying web application directory [D:\housys\FingerprintClient_IDSL_DEVICEFIX03042026\FingerprintClient_IDSL_DEVICEFIX\app\tomcat\webapps\examples]
03-Apr-2026 20:46:44.982 INFO [main] org.apache.catalina.startup.HostConfig.deployDirectory Deployment of web application directory [D:\housys\FingerprintClient_IDSL_DEVICEFIX03042026\FingerprintClient_IDSL_DEVICEFIX\app\tomcat\webapps\examples] has finished in [293] ms
03-Apr-2026 20:46:44.982 INFO [main] org.apache.catalina.startup.HostConfig.deployDirectory Deploying web application directory [D:\housys\FingerprintClient_IDSL_DEVICEFIX03042026\FingerprintClient_IDSL_DEVICEFIX\app\tomcat\webapps\host-manager]
03-Apr-2026 20:46:45.015 INFO [main] org.apache.catalina.startup.HostConfig.deployDirectory Deployment of web application directory [D:\housys\FingerprintClient_IDSL_DEVICEFIX03042026\FingerprintClient_IDSL_DEVICEFIX\app\tomcat\webapps\host-manager] has finished in [33] ms
03-Apr-2026 20:46:45.015 INFO [main] org.apache.catalina.startup.HostConfig.deployDirectory Deploying web application directory [D:\housys\FingerprintClient_IDSL_DEVICEFIX03042026\FingerprintClient_IDSL_DEVICEFIX\app\tomcat\webapps\manager]
03-Apr-2026 20:46:45.042 INFO [main] org.apache.catalina.startup.HostConfig.deployDirectory Deployment of web application directory [D:\housys\FingerprintClient_IDSL_DEVICEFIX03042026\FingerprintClient_IDSL_DEVICEFIX\app\tomcat\webapps\manager] has finished in [27] ms
03-Apr-2026 20:46:45.042 INFO [main] org.apache.catalina.startup.HostConfig.deployDirectory Deploying web application directory [D:\housys\FingerprintClient_IDSL_DEVICEFIX03042026\FingerprintClient_IDSL_DEVICEFIX\app\tomcat\webapps\ROOT]
03-Apr-2026 20:46:45.061 INFO [main] org.apache.catalina.startup.HostConfig.deployDirectory Deployment of web application directory [D:\housys\FingerprintClient_IDSL_DEVICEFIX03042026\FingerprintClient_IDSL_DEVICEFIX\app\tomcat\webapps\ROOT] has finished in [19] ms
03-Apr-2026 20:46:45.065 INFO [main] org.apache.coyote.AbstractProtocol.start Starting ProtocolHandler ["http-nio-8080"]
03-Apr-2026 20:46:45.075 INFO [main] org.apache.catalina.startup.Catalina.start Server startup in [6719] milliseconds
03-Apr-2026 20:46:45.952 WARNING [main] org.apache.catalina.core.StandardServer.await Invalid shutdown command [] received
03-Apr-2026 20:51:43.833 INFO [main] org.apache.catalina.startup.VersionLoggerListener.log Server version name:   Apache Tomcat/9.0.115
03-Apr-2026 20:51:43.835 INFO [main] org.apache.catalina.startup.VersionLoggerListener.log Server built:          Jan 21 2026 08:17:26 UTC
03-Apr-2026 20:51:43.835 INFO [main] org.apache.catalina.startup.VersionLoggerListener.log Server version number: 9.0.115.0
03-Apr-2026 20:51:43.835 INFO [main] org.apache.catalina.startup.VersionLoggerListener.log OS Name:               Windows 10
03-Apr-2026 20:51:43.835 INFO [main] org.apache.catalina.startup.VersionLoggerListener.log OS Version:            10.0
03-Apr-2026 20:51:43.835 INFO [main] org.apache.catalina.startup.VersionLoggerListener.log Architecture:          amd64
03-Apr-2026 20:51:43.835 INFO [main] org.apache.catalina.startup.VersionLoggerListener.log Java Home:             D:\housys\FingerprintClient_IDSL_DEVICEFIX03042026\FingerprintClient_IDSL_DEVICEFIX\app\jre
03-Apr-2026 20:51:43.835 INFO [main] org.apache.catalina.startup.VersionLoggerListener.log JVM Version:           1.8.0_202-b08
03-Apr-2026 20:51:43.835 INFO [main] org.apache.catalina.startup.VersionLoggerListener.log JVM Vendor:            Oracle Corporation
03-Apr-2026 20:51:43.835 INFO [main] org.apache.catalina.startup.VersionLoggerListener.log CATALINA_BASE:         D:\housys\FingerprintClient_IDSL_DEVICEFIX03042026\FingerprintClient_IDSL_DEVICEFIX\app\tomcat
03-Apr-2026 20:51:43.835 INFO [main] org.apache.catalina.startup.VersionLoggerListener.log CATALINA_HOME:         D:\housys\FingerprintClient_IDSL_DEVICEFIX03042026\FingerprintClient_IDSL_DEVICEFIX\app\tomcat
03-Apr-2026 20:51:43.837 INFO [main] org.apache.catalina.startup.VersionLoggerListener.log Command line argument: -Djava.util.logging.config.file=D:\housys\FingerprintClient_IDSL_DEVICEFIX03042026\FingerprintClient_IDSL_DEVICEFIX\app\tomcat\conf\logging.properties
03-Apr-2026 20:51:43.837 INFO [main] org.apache.catalina.startup.VersionLoggerListener.log Command line argument: -Djava.util.logging.manager=org.apache.juli.ClassLoaderLogManager
03-Apr-2026 20:51:43.837 INFO [main] org.apache.catalina.startup.VersionLoggerListener.log Command line argument: -Djava.library.path=D:\housys\FingerprintClient_IDSL_DEVICEFIX03042026\FingerprintClient_IDSL_DEVICEFIX\app\tomcat\bin
03-Apr-2026 20:51:43.837 INFO [main] org.apache.catalina.startup.VersionLoggerListener.log Command line argument: -Dsqlserver.auth.dll.path=D:\housys\FingerprintClient_IDSL_DEVICEFIX03042026\FingerprintClient_IDSL_DEVICEFIX\app\tomcat\bin\mssql-jdbc_auth-13.2.1.x64.dll
03-Apr-2026 20:51:43.837 INFO [main] org.apache.catalina.startup.VersionLoggerListener.log Command line argument: -Djdk.tls.ephemeralDHKeySize=2048
03-Apr-2026 20:51:43.837 INFO [main] org.apache.catalina.startup.VersionLoggerListener.log Command line argument: -Djava.protocol.handler.pkgs=org.apache.catalina.webresources
03-Apr-2026 20:51:43.837 INFO [main] org.apache.catalina.startup.VersionLoggerListener.log Command line argument: -Dsun.io.useCanonCaches=false
03-Apr-2026 20:51:43.837 INFO [main] org.apache.catalina.startup.VersionLoggerListener.log Command line argument: -Dignore.endorsed.dirs=
03-Apr-2026 20:51:43.837 INFO [main] org.apache.catalina.startup.VersionLoggerListener.log Command line argument: -Dcatalina.base=D:\housys\FingerprintClient_IDSL_DEVICEFIX03042026\FingerprintClient_IDSL_DEVICEFIX\app\tomcat
03-Apr-2026 20:51:43.837 INFO [main] org.apache.catalina.startup.VersionLoggerListener.log Command line argument: -Dcatalina.home=D:\housys\FingerprintClient_IDSL_DEVICEFIX03042026\FingerprintClient_IDSL_DEVICEFIX\app\tomcat
03-Apr-2026 20:51:43.837 INFO [main] org.apache.catalina.startup.VersionLoggerListener.log Command line argument: -Djava.io.tmpdir=D:\housys\FingerprintClient_IDSL_DEVICEFIX03042026\FingerprintClient_IDSL_DEVICEFIX\app\tomcat\temp
03-Apr-2026 20:51:43.842 INFO [main] org.apache.catalina.core.AprLifecycleListener.lifecycleEvent Loaded Apache Tomcat Native library [1.3.5] using APR version [1.7.6].
03-Apr-2026 20:51:43.842 INFO [main] org.apache.catalina.core.AprLifecycleListener.lifecycleEvent APR capabilities: IPv6 [true], sendfile [true], accept filters [false], random [true], UDS [true].
03-Apr-2026 20:51:43.842 INFO [main] org.apache.catalina.core.AprLifecycleListener.lifecycleEvent APR/OpenSSL configuration: useAprConnector [false], useOpenSSL [true]
03-Apr-2026 20:51:43.847 INFO [main] org.apache.catalina.core.AprLifecycleListener.initializeSSL OpenSSL successfully initialized [OpenSSL 3.0.18 30 Sep 2025]
03-Apr-2026 20:51:44.083 INFO [main] org.apache.coyote.AbstractProtocol.init Initializing ProtocolHandler ["http-nio-8080"]
03-Apr-2026 20:51:44.104 INFO [main] org.apache.catalina.startup.Catalina.load Server initialization in [402] milliseconds
03-Apr-2026 20:51:44.549 INFO [main] org.apache.catalina.startup.VersionLoggerListener.log Server version name:   Apache Tomcat/9.0.115
03-Apr-2026 20:51:44.551 INFO [main] org.apache.catalina.startup.VersionLoggerListener.log Server built:          Jan 21 2026 08:17:26 UTC
03-Apr-2026 20:51:44.551 INFO [main] org.apache.catalina.startup.VersionLoggerListener.log Server version number: 9.0.115.0
03-Apr-2026 20:51:44.551 INFO [main] org.apache.catalina.startup.VersionLoggerListener.log OS Name:               Windows 10
03-Apr-2026 20:51:44.551 INFO [main] org.apache.catalina.startup.VersionLoggerListener.log OS Version:            10.0
03-Apr-2026 20:51:44.551 INFO [main] org.apache.catalina.startup.VersionLoggerListener.log Architecture:          amd64
03-Apr-2026 20:51:44.551 INFO [main] org.apache.catalina.startup.VersionLoggerListener.log Java Home:             D:\housys\FingerprintClient_IDSL_DEVICEFIX03042026\FingerprintClient_IDSL_DEVICEFIX\app\jre
03-Apr-2026 20:51:44.551 INFO [main] org.apache.catalina.startup.VersionLoggerListener.log JVM Version:           1.8.0_202-b08
03-Apr-2026 20:51:44.551 INFO [main] org.apache.catalina.startup.VersionLoggerListener.log JVM Vendor:            Oracle Corporation
03-Apr-2026 20:51:44.553 INFO [main] org.apache.catalina.startup.VersionLoggerListener.log CATALINA_BASE:         D:\housys\FingerprintClient_IDSL_DEVICEFIX03042026\FingerprintClient_IDSL_DEVICEFIX\app\tomcat
03-Apr-2026 20:51:44.553 INFO [main] org.apache.catalina.startup.VersionLoggerListener.log CATALINA_HOME:         D:\housys\FingerprintClient_IDSL_DEVICEFIX03042026\FingerprintClient_IDSL_DEVICEFIX\app\tomcat
03-Apr-2026 20:51:44.553 INFO [main] org.apache.catalina.startup.VersionLoggerListener.log Command line argument: -Djava.util.logging.config.file=D:\housys\FingerprintClient_IDSL_DEVICEFIX03042026\FingerprintClient_IDSL_DEVICEFIX\app\tomcat\conf\logging.properties
03-Apr-2026 20:51:44.553 INFO [main] org.apache.catalina.startup.VersionLoggerListener.log Command line argument: -Djava.util.logging.manager=org.apache.juli.ClassLoaderLogManager
03-Apr-2026 20:51:44.553 INFO [main] org.apache.catalina.startup.VersionLoggerListener.log Command line argument: -Djava.library.path=D:\housys\FingerprintClient_IDSL_DEVICEFIX03042026\FingerprintClient_IDSL_DEVICEFIX\app\tomcat\bin
03-Apr-2026 20:51:44.553 INFO [main] org.apache.catalina.startup.VersionLoggerListener.log Command line argument: -Dsqlserver.auth.dll.path=D:\housys\FingerprintClient_IDSL_DEVICEFIX03042026\FingerprintClient_IDSL_DEVICEFIX\app\tomcat\bin\mssql-jdbc_auth-13.2.1.x64.dll
03-Apr-2026 20:51:44.553 INFO [main] org.apache.catalina.startup.VersionLoggerListener.log Command line argument: -Djdk.tls.ephemeralDHKeySize=2048
03-Apr-2026 20:51:44.553 INFO [main] org.apache.catalina.startup.VersionLoggerListener.log Command line argument: -Djava.protocol.handler.pkgs=org.apache.catalina.webresources
03-Apr-2026 20:51:44.553 INFO [main] org.apache.catalina.startup.VersionLoggerListener.log Command line argument: -Dsun.io.useCanonCaches=false
03-Apr-2026 20:51:44.553 INFO [main] org.apache.catalina.startup.VersionLoggerListener.log Command line argument: -Djava.library.path=D:\housys\FingerprintClient_IDSL_DEVICEFIX03042026\FingerprintClient_IDSL_DEVICEFIX\app\tomcat\bin
03-Apr-2026 20:51:44.553 INFO [main] org.apache.catalina.startup.VersionLoggerListener.log Command line argument: -Dsqlserver.auth.dll.path=D:\housys\FingerprintClient_IDSL_DEVICEFIX03042026\FingerprintClient_IDSL_DEVICEFIX\app\tomcat\bin\mssql-jdbc_auth-13.2.1.x64.dll
03-Apr-2026 20:51:44.553 INFO [main] org.apache.catalina.startup.VersionLoggerListener.log Command line argument: -Dignore.endorsed.dirs=
03-Apr-2026 20:51:44.553 INFO [main] org.apache.catalina.startup.VersionLoggerListener.log Command line argument: -Dcatalina.base=D:\housys\FingerprintClient_IDSL_DEVICEFIX03042026\FingerprintClient_IDSL_DEVICEFIX\app\tomcat
03-Apr-2026 20:51:44.555 INFO [main] org.apache.catalina.startup.VersionLoggerListener.log Command line argument: -Dcatalina.home=D:\housys\FingerprintClient_IDSL_DEVICEFIX03042026\FingerprintClient_IDSL_DEVICEFIX\app\tomcat
03-Apr-2026 20:51:44.555 INFO [main] org.apache.catalina.startup.VersionLoggerListener.log Command line argument: -Djava.io.tmpdir=D:\housys\FingerprintClient_IDSL_DEVICEFIX03042026\FingerprintClient_IDSL_DEVICEFIX\app\tomcat\temp
03-Apr-2026 20:51:44.557 INFO [main] org.apache.catalina.core.AprLifecycleListener.lifecycleEvent Loaded Apache Tomcat Native library [1.3.5] using APR version [1.7.6].
03-Apr-2026 20:51:44.557 INFO [main] org.apache.catalina.core.AprLifecycleListener.lifecycleEvent APR capabilities: IPv6 [true], sendfile [true], accept filters [false], random [true], UDS [true].
03-Apr-2026 20:51:44.557 INFO [main] org.apache.catalina.core.AprLifecycleListener.lifecycleEvent APR/OpenSSL configuration: useAprConnector [false], useOpenSSL [true]
03-Apr-2026 20:51:44.563 INFO [main] org.apache.catalina.core.AprLifecycleListener.initializeSSL OpenSSL successfully initialized [OpenSSL 3.0.18 30 Sep 2025]
03-Apr-2026 20:51:44.791 INFO [main] org.apache.coyote.AbstractProtocol.init Initializing ProtocolHandler ["http-nio-8080"]
03-Apr-2026 20:51:44.809 INFO [main] org.apache.catalina.startup.Catalina.load Server initialization in [390] milliseconds
03-Apr-2026 20:51:44.831 INFO [main] org.apache.catalina.core.StandardService.startInternal Starting service [Catalina]
03-Apr-2026 20:51:44.831 INFO [main] org.apache.catalina.core.StandardEngine.startInternal Starting Servlet engine: [Apache Tomcat/9.0.115]
03-Apr-2026 20:51:44.845 INFO [main] org.apache.catalina.startup.HostConfig.deployWAR Deploying web application archive [D:\housys\FingerprintClient_IDSL_DEVICEFIX03042026\FingerprintClient_IDSL_DEVICEFIX\app\tomcat\webapps\demo.war]
03-Apr-2026 20:51:46.478 INFO [main] org.apache.jasper.servlet.TldScanner.scanJars At least one JAR was scanned for TLDs yet contained no TLDs. Enable debug logging for this logger for a complete list of JARs that were scanned but no TLDs were found in them. Skipping unneeded JARs during scanning can improve startup time and JSP compilation time.
03-Apr-2026 20:51:50.290 INFO [main] org.apache.catalina.startup.HostConfig.deployWAR Deployment of web application archive [D:\housys\FingerprintClient_IDSL_DEVICEFIX03042026\FingerprintClient_IDSL_DEVICEFIX\app\tomcat\webapps\demo.war] has finished in [5,443] ms
03-Apr-2026 20:51:50.290 INFO [main] org.apache.catalina.startup.HostConfig.deployDirectory Deploying web application directory [D:\housys\FingerprintClient_IDSL_DEVICEFIX03042026\FingerprintClient_IDSL_DEVICEFIX\app\tomcat\webapps\docs]
03-Apr-2026 20:51:50.309 INFO [main] org.apache.catalina.startup.HostConfig.deployDirectory Deployment of web application directory [D:\housys\FingerprintClient_IDSL_DEVICEFIX03042026\FingerprintClient_IDSL_DEVICEFIX\app\tomcat\webapps\docs] has finished in [19] ms
03-Apr-2026 20:51:50.311 INFO [main] org.apache.catalina.startup.HostConfig.deployDirectory Deploying web application directory [D:\housys\FingerprintClient_IDSL_DEVICEFIX03042026\FingerprintClient_IDSL_DEVICEFIX\app\tomcat\webapps\examples]
03-Apr-2026 20:51:50.527 INFO [main] org.apache.catalina.startup.HostConfig.deployDirectory Deployment of web application directory [D:\housys\FingerprintClient_IDSL_DEVICEFIX03042026\FingerprintClient_IDSL_DEVICEFIX\app\tomcat\webapps\examples] has finished in [216] ms
03-Apr-2026 20:51:50.527 INFO [main] org.apache.catalina.startup.HostConfig.deployDirectory Deploying web application directory [D:\housys\FingerprintClient_IDSL_DEVICEFIX03042026\FingerprintClient_IDSL_DEVICEFIX\app\tomcat\webapps\host-manager]
03-Apr-2026 20:51:50.552 INFO [main] org.apache.catalina.startup.HostConfig.deployDirectory Deployment of web application directory [D:\housys\FingerprintClient_IDSL_DEVICEFIX03042026\FingerprintClient_IDSL_DEVICEFIX\app\tomcat\webapps\host-manager] has finished in [25] ms
03-Apr-2026 20:51:50.552 INFO [main] org.apache.catalina.startup.HostConfig.deployDirectory Deploying web application directory [D:\housys\FingerprintClient_IDSL_DEVICEFIX03042026\FingerprintClient_IDSL_DEVICEFIX\app\tomcat\webapps\manager]
03-Apr-2026 20:51:50.572 INFO [main] org.apache.catalina.startup.HostConfig.deployDirectory Deployment of web application directory [D:\housys\FingerprintClient_IDSL_DEVICEFIX03042026\FingerprintClient_IDSL_DEVICEFIX\app\tomcat\webapps\manager] has finished in [20] ms
03-Apr-2026 20:51:50.574 INFO [main] org.apache.catalina.startup.HostConfig.deployDirectory Deploying web application directory [D:\housys\FingerprintClient_IDSL_DEVICEFIX03042026\FingerprintClient_IDSL_DEVICEFIX\app\tomcat\webapps\ROOT]
03-Apr-2026 20:51:50.589 INFO [main] org.apache.catalina.startup.HostConfig.deployDirectory Deployment of web application directory [D:\housys\FingerprintClient_IDSL_DEVICEFIX03042026\FingerprintClient_IDSL_DEVICEFIX\app\tomcat\webapps\ROOT] has finished in [15] ms
03-Apr-2026 20:51:50.593 INFO [main] org.apache.coyote.AbstractProtocol.start Starting ProtocolHandler ["http-nio-8080"]
03-Apr-2026 20:51:50.601 INFO [main] org.apache.catalina.startup.Catalina.start Server startup in [5792] milliseconds
03-Apr-2026 20:51:51.555 WARNING [main] org.apache.catalina.core.StandardServer.await Invalid shutdown command [] received
03-Apr-2026 20:51:58.026 WARNING [main] org.apache.catalina.core.StandardServer.await Invalid shutdown command [] received
03-Apr-2026 20:52:04.500 WARNING [main] org.apache.catalina.core.StandardServer.await Invalid shutdown command [] received
03-Apr-2026 20:52:10.968 WARNING [main] org.apache.catalina.core.StandardServer.await Invalid shutdown command [] received
03-Apr-2026 20:52:17.439 WARNING [main] org.apache.catalina.core.StandardServer.await Invalid shutdown command [] received
03-Apr-2026 20:52:23.903 WARNING [main] org.apache.catalina.core.StandardServer.await Invalid shutdown command [] received
03-Apr-2026 20:52:30.417 WARNING [main] org.apache.catalina.core.StandardServer.await Invalid shutdown command [] received
03-Apr-2026 20:52:36.969 WARNING [main] org.apache.catalina.core.StandardServer.await Invalid shutdown command [] received
03-Apr-2026 20:52:43.453 WARNING [main] org.apache.catalina.core.StandardServer.await Invalid shutdown command [] received
03-Apr-2026 20:52:49.950 WARNING [main] org.apache.catalina.core.StandardServer.await Invalid shutdown command [] received
03-Apr-2026 20:52:56.440 WARNING [main] org.apache.catalina.core.StandardServer.await Invalid shutdown command [] received
03-Apr-2026 20:53:02.903 WARNING [main] org.apache.catalina.core.StandardServer.await Invalid shutdown command [] received
03-Apr-2026 20:53:09.374 WARNING [main] org.apache.catalina.core.StandardServer.await Invalid shutdown command [] received
03-Apr-2026 20:53:15.860 WARNING [main] org.apache.catalina.core.StandardServer.await Invalid shutdown command [] received
03-Apr-2026 20:53:22.318 WARNING [main] org.apache.catalina.core.StandardServer.await Invalid shutdown command [] received
03-Apr-2026 20:53:28.790 WARNING [main] org.apache.catalina.core.StandardServer.await Invalid shutdown command [] received
03-Apr-2026 20:53:35.258 WARNING [main] org.apache.catalina.core.StandardServer.await Invalid shutdown command [] received
03-Apr-2026 20:53:41.744 WARNING [main] org.apache.catalina.core.StandardServer.await Invalid shutdown command [] received
03-Apr-2026 20:53:48.217 WARNING [main] org.apache.catalina.core.StandardServer.await Invalid shutdown command [] received
03-Apr-2026 20:53:54.686 WARNING [main] org.apache.catalina.core.StandardServer.await Invalid shutdown command [] received
03-Apr-2026 20:54:01.155 WARNING [main] org.apache.catalina.core.StandardServer.await Invalid shutdown command [] received
03-Apr-2026 20:54:07.624 WARNING [main] org.apache.catalina.core.StandardServer.await Invalid shutdown command [] received
03-Apr-2026 20:54:14.093 WARNING [main] org.apache.catalina.core.StandardServer.await Invalid shutdown command [] received
03-Apr-2026 20:54:20.568 WARNING [main] org.apache.catalina.core.StandardServer.await Invalid shutdown command [] received
03-Apr-2026 20:54:27.041 WARNING [main] org.apache.catalina.core.StandardServer.await Invalid shutdown command [] received
03-Apr-2026 20:54:33.493 WARNING [main] org.apache.catalina.core.StandardServer.await Invalid shutdown command [] received
03-Apr-2026 20:54:39.955 WARNING [main] org.apache.catalina.core.StandardServer.await Invalid shutdown command [] received
03-Apr-2026 20:54:46.444 WARNING [main] org.apache.catalina.core.StandardServer.await Invalid shutdown command [] received
03-Apr-2026 20:54:52.916 WARNING [main] org.apache.catalina.core.StandardServer.await Invalid shutdown command [] received
03-Apr-2026 20:54:59.406 WARNING [main] org.apache.catalina.core.StandardServer.await Invalid shutdown command [] received
03-Apr-2026 20:55:05.868 WARNING [main] org.apache.catalina.core.StandardServer.await Invalid shutdown command [] received
03-Apr-2026 20:55:12.332 WARNING [main] org.apache.catalina.core.StandardServer.await Invalid shutdown command [] received
03-Apr-2026 20:55:19.070 WARNING [main] org.apache.catalina.core.StandardServer.await Invalid shutdown command [] received
03-Apr-2026 20:55:25.535 WARNING [main] org.apache.catalina.core.StandardServer.await Invalid shutdown command [] received
03-Apr-2026 20:55:32.015 WARNING [main] org.apache.catalina.core.StandardServer.await Invalid shutdown command [] received
03-Apr-2026 20:55:38.476 WARNING [main] org.apache.catalina.core.StandardServer.await Invalid shutdown command [] received
03-Apr-2026 20:55:44.965 WARNING [main] org.apache.catalina.core.StandardServer.await Invalid shutdown command [] received
03-Apr-2026 20:55:51.437 WARNING [main] org.apache.catalina.core.StandardServer.await Invalid shutdown command [] received
03-Apr-2026 20:55:57.912 WARNING [main] org.apache.catalina.core.StandardServer.await Invalid shutdown command [] received
03-Apr-2026 20:56:04.387 WARNING [main] org.apache.catalina.core.StandardServer.await Invalid shutdown command [] received
03-Apr-2026 20:56:10.854 WARNING [main] org.apache.catalina.core.StandardServer.await Invalid shutdown command [] received
03-Apr-2026 20:56:17.318 WARNING [main] org.apache.catalina.core.StandardServer.await Invalid shutdown command [] received
03-Apr-2026 20:56:23.784 WARNING [main] org.apache.catalina.core.StandardServer.await Invalid shutdown command [] received
03-Apr-2026 20:56:30.251 WARNING [main] org.apache.catalina.core.StandardServer.await Invalid shutdown command [] received
03-Apr-2026 20:56:36.709 WARNING [main] org.apache.catalina.core.StandardServer.await Invalid shutdown command [] received
03-Apr-2026 20:56:43.184 WARNING [main] org.apache.catalina.core.StandardServer.await Invalid shutdown command [] received
03-Apr-2026 20:56:49.653 WARNING [main] org.apache.catalina.core.StandardServer.await Invalid shutdown command [] received
03-Apr-2026 20:56:56.132 WARNING [main] org.apache.catalina.core.StandardServer.await Invalid shutdown command [] received
03-Apr-2026 20:57:02.593 WARNING [main] org.apache.catalina.core.StandardServer.await Invalid shutdown command [] received
03-Apr-2026 20:57:09.071 WARNING [main] org.apache.catalina.core.StandardServer.await Invalid shutdown command [] received
03-Apr-2026 20:57:15.529 WARNING [main] org.apache.catalina.core.StandardServer.await Invalid shutdown command [] received
03-Apr-2026 20:57:21.999 WARNING [main] org.apache.catalina.core.StandardServer.await Invalid shutdown command [] received
03-Apr-2026 20:57:28.498 WARNING [main] org.apache.catalina.core.StandardServer.await Invalid shutdown command [] received
03-Apr-2026 20:57:34.964 WARNING [main] org.apache.catalina.core.StandardServer.await Invalid shutdown command [] received
03-Apr-2026 20:57:41.484 WARNING [main] org.apache.catalina.core.StandardServer.await Invalid shutdown command [] received
03-Apr-2026 20:57:47.954 WARNING [main] org.apache.catalina.core.StandardServer.await Invalid shutdown command [] received
03-Apr-2026 20:57:54.447 WARNING [main] org.apache.catalina.core.StandardServer.await Invalid shutdown command [] received
03-Apr-2026 20:58:00.951 WARNING [main] org.apache.catalina.core.StandardServer.await Invalid shutdown command [] received
03-Apr-2026 20:58:07.448 WARNING [main] org.apache.catalina.core.StandardServer.await Invalid shutdown command [] received
03-Apr-2026 20:58:14.013 WARNING [main] org.apache.catalina.core.StandardServer.await Invalid shutdown command [] received
03-Apr-2026 20:58:20.514 WARNING [main] org.apache.catalina.core.StandardServer.await Invalid shutdown command [] received
03-Apr-2026 20:58:27.030 WARNING [main] org.apache.catalina.core.StandardServer.await Invalid shutdown command [] received
03-Apr-2026 20:58:33.566 WARNING [main] org.apache.catalina.core.StandardServer.await Invalid shutdown command [] received
03-Apr-2026 20:58:40.103 WARNING [main] org.apache.catalina.core.StandardServer.await Invalid shutdown command [] received
03-Apr-2026 20:58:46.627 WARNING [main] org.apache.catalina.core.StandardServer.await Invalid shutdown command [] received
03-Apr-2026 20:58:53.135 WARNING [main] org.apache.catalina.core.StandardServer.await Invalid shutdown command [] received
03-Apr-2026 20:58:59.615 WARNING [main] org.apache.catalina.core.StandardServer.await Invalid shutdown command [] received
03-Apr-2026 20:59:06.090 WARNING [main] org.apache.catalina.core.StandardServer.await Invalid shutdown command [] received
03-Apr-2026 20:59:12.574 WARNING [main] org.apache.catalina.core.StandardServer.await Invalid shutdown command [] received
03-Apr-2026 20:59:19.063 WARNING [main] org.apache.catalina.core.StandardServer.await Invalid shutdown command [] received
03-Apr-2026 20:59:25.535 WARNING [main] org.apache.catalina.core.StandardServer.await Invalid shutdown command [] received
03-Apr-2026 20:59:32.011 WARNING [main] org.apache.catalina.core.StandardServer.await Invalid shutdown command [] received
03-Apr-2026 20:59:38.481 WARNING [main] org.apache.catalina.core.StandardServer.await Invalid shutdown command [] received
03-Apr-2026 20:59:44.946 WARNING [main] org.apache.catalina.core.StandardServer.await Invalid shutdown command [] received
03-Apr-2026 20:59:51.419 WARNING [main] org.apache.catalina.core.StandardServer.await Invalid shutdown command [] received
03-Apr-2026 20:59:57.892 WARNING [main] org.apache.catalina.core.StandardServer.await Invalid shutdown command [] received
03-Apr-2026 21:00:04.362 WARNING [main] org.apache.catalina.core.StandardServer.await Invalid shutdown command [] received
03-Apr-2026 21:00:10.827 WARNING [main] org.apache.catalina.core.StandardServer.await Invalid shutdown command [] received
03-Apr-2026 21:00:17.292 WARNING [main] org.apache.catalina.core.StandardServer.await Invalid shutdown command [] received
03-Apr-2026 21:00:23.764 WARNING [main] org.apache.catalina.core.StandardServer.await Invalid shutdown command [] received
03-Apr-2026 21:00:30.239 WARNING [main] org.apache.catalina.core.StandardServer.await Invalid shutdown command [] received
03-Apr-2026 21:00:36.706 WARNING [main] org.apache.catalina.core.StandardServer.await Invalid shutdown command [] received
03-Apr-2026 21:00:43.181 WARNING [main] org.apache.catalina.core.StandardServer.await Invalid shutdown command [] received
03-Apr-2026 21:00:49.649 WARNING [main] org.apache.catalina.core.StandardServer.await Invalid shutdown command [] received
03-Apr-2026 21:00:56.120 WARNING [main] org.apache.catalina.core.StandardServer.await Invalid shutdown command [] received
03-Apr-2026 21:01:02.590 WARNING [main] org.apache.catalina.core.StandardServer.await Invalid shutdown command [] received
03-Apr-2026 21:01:09.059 WARNING [main] org.apache.catalina.core.StandardServer.await Invalid shutdown command [] received
03-Apr-2026 21:01:15.527 WARNING [main] org.apache.catalina.core.StandardServer.await Invalid shutdown command [] received
03-Apr-2026 21:01:22.007 WARNING [main] org.apache.catalina.core.StandardServer.await Invalid shutdown command [] received
03-Apr-2026 21:01:28.476 WARNING [main] org.apache.catalina.core.StandardServer.await Invalid shutdown command [] received
03-Apr-2026 21:01:34.942 WARNING [main] org.apache.catalina.core.StandardServer.await Invalid shutdown command [] received
03-Apr-2026 21:01:41.416 WARNING [main] org.apache.catalina.core.StandardServer.await Invalid shutdown command [] received
03-Apr-2026 21:01:47.900 WARNING [main] org.apache.catalina.core.StandardServer.await Invalid shutdown command [] received
03-Apr-2026 21:01:54.378 WARNING [main] org.apache.catalina.core.StandardServer.await Invalid shutdown command [] received
03-Apr-2026 21:02:00.845 WARNING [main] org.apache.catalina.core.StandardServer.await Invalid shutdown command [] received
03-Apr-2026 21:02:07.322 WARNING [main] org.apache.catalina.core.StandardServer.await Invalid shutdown command [] received
03-Apr-2026 21:02:13.776 WARNING [main] org.apache.catalina.core.StandardServer.await Invalid shutdown command [] received
03-Apr-2026 21:02:20.246 WARNING [main] org.apache.catalina.core.StandardServer.await Invalid shutdown command [] received
03-Apr-2026 21:02:26.715 WARNING [main] org.apache.catalina.core.StandardServer.await Invalid shutdown command [] received
03-Apr-2026 21:02:33.191 WARNING [main] org.apache.catalina.core.StandardServer.await Invalid shutdown command [] received
03-Apr-2026 21:02:39.664 WARNING [main] org.apache.catalina.core.StandardServer.await Invalid shutdown command [] received
03-Apr-2026 21:02:46.134 WARNING [main] org.apache.catalina.core.StandardServer.await Invalid shutdown command [] received
03-Apr-2026 21:02:52.599 WARNING [main] org.apache.catalina.core.StandardServer.await Invalid shutdown command [] received
03-Apr-2026 21:02:59.083 WARNING [main] org.apache.catalina.core.StandardServer.await Invalid shutdown command [] received
03-Apr-2026 21:03:05.551 WARNING [main] org.apache.catalina.core.StandardServer.await Invalid shutdown command [] received
03-Apr-2026 21:03:12.021 WARNING [main] org.apache.catalina.core.StandardServer.await Invalid shutdown command [] received
03-Apr-2026 21:03:18.523 WARNING [main] org.apache.catalina.core.StandardServer.await Invalid shutdown command [] received
03-Apr-2026 21:03:24.995 WARNING [main] org.apache.catalina.core.StandardServer.await Invalid shutdown command [] received
03-Apr-2026 21:03:31.473 WARNING [main] org.apache.catalina.core.StandardServer.await Invalid shutdown command [] received
03-Apr-2026 21:03:38.004 WARNING [main] org.apache.catalina.core.StandardServer.await Invalid shutdown command [] received
03-Apr-2026 21:03:44.478 WARNING [main] org.apache.catalina.core.StandardServer.await Invalid shutdown command [] received
03-Apr-2026 21:03:50.938 WARNING [main] org.apache.catalina.core.StandardServer.await Invalid shutdown command [] received
03-Apr-2026 21:03:57.408 WARNING [main] org.apache.catalina.core.StandardServer.await Invalid shutdown command [] received
03-Apr-2026 21:04:03.886 WARNING [main] org.apache.catalina.core.StandardServer.await Invalid shutdown command [] received
03-Apr-2026 21:04:10.350 WARNING [main] org.apache.catalina.core.StandardServer.await Invalid shutdown command [] received
03-Apr-2026 21:04:16.842 WARNING [main] org.apache.catalina.core.StandardServer.await Invalid shutdown command [] received
03-Apr-2026 21:04:23.334 WARNING [main] org.apache.catalina.core.StandardServer.await Invalid shutdown command [] received
03-Apr-2026 21:04:29.812 WARNING [main] org.apache.catalina.core.StandardServer.await Invalid shutdown command [] received
03-Apr-2026 21:04:36.275 WARNING [main] org.apache.catalina.core.StandardServer.await Invalid shutdown command [] received
03-Apr-2026 21:04:42.740 WARNING [main] org.apache.catalina.core.StandardServer.await Invalid shutdown command [] received
03-Apr-2026 21:04:49.199 WARNING [main] org.apache.catalina.core.StandardServer.await Invalid shutdown command [] received
03-Apr-2026 21:04:55.673 WARNING [main] org.apache.catalina.core.StandardServer.await Invalid shutdown command [] received
03-Apr-2026 21:05:02.141 WARNING [main] org.apache.catalina.core.StandardServer.await Invalid shutdown command [] received
03-Apr-2026 21:05:08.610 WARNING [main] org.apache.catalina.core.StandardServer.await Invalid shutdown command [] received
03-Apr-2026 21:05:15.065 WARNING [main] org.apache.catalina.core.StandardServer.await Invalid shutdown command [] received
03-Apr-2026 21:05:21.537 WARNING [main] org.apache.catalina.core.StandardServer.await Invalid shutdown command [] received
03-Apr-2026 21:05:28.002 WARNING [main] org.apache.catalina.core.StandardServer.await Invalid shutdown command [] received
03-Apr-2026 21:05:34.471 WARNING [main] org.apache.catalina.core.StandardServer.await Invalid shutdown command [] received
03-Apr-2026 21:05:40.943 WARNING [main] org.apache.catalina.core.StandardServer.await Invalid shutdown command [] received
03-Apr-2026 21:05:47.407 WARNING [main] org.apache.catalina.core.StandardServer.await Invalid shutdown command [] received
03-Apr-2026 21:05:53.888 WARNING [main] org.apache.catalina.core.StandardServer.await Invalid shutdown command [] received
03-Apr-2026 21:06:00.360 WARNING [main] org.apache.catalina.core.StandardServer.await Invalid shutdown command [] received
03-Apr-2026 21:06:06.837 WARNING [main] org.apache.catalina.core.StandardServer.await Invalid shutdown command [] received
03-Apr-2026 21:06:13.315 WARNING [main] org.apache.catalina.core.StandardServer.await Invalid shutdown command [] received
03-Apr-2026 21:06:19.784 WARNING [main] org.apache.catalina.core.StandardServer.await Invalid shutdown command [] received
03-Apr-2026 21:06:26.254 WARNING [main] org.apache.catalina.core.StandardServer.await Invalid shutdown command [] received
03-Apr-2026 21:06:32.723 WARNING [main] org.apache.catalina.core.StandardServer.await Invalid shutdown command [] received
03-Apr-2026 21:06:39.194 WARNING [main] org.apache.catalina.core.StandardServer.await Invalid shutdown command [] received
03-Apr-2026 21:06:45.675 WARNING [main] org.apache.catalina.core.StandardServer.await Invalid shutdown command [] received
03-Apr-2026 21:06:52.148 WARNING [main] org.apache.catalina.core.StandardServer.await Invalid shutdown command [] received
03-Apr-2026 21:06:58.626 WARNING [main] org.apache.catalina.core.StandardServer.await Invalid shutdown command [] received
03-Apr-2026 21:07:05.087 WARNING [main] org.apache.catalina.core.StandardServer.await Invalid shutdown command [] received
03-Apr-2026 21:07:11.557 WARNING [main] org.apache.catalina.core.StandardServer.await Invalid shutdown command [] received
03-Apr-2026 21:07:18.025 WARNING [main] org.apache.catalina.core.StandardServer.await Invalid shutdown command [] received
03-Apr-2026 21:07:24.494 WARNING [main] org.apache.catalina.core.StandardServer.await Invalid shutdown command [] received
03-Apr-2026 21:07:30.970 WARNING [main] org.apache.catalina.core.StandardServer.await Invalid shutdown command [] received
03-Apr-2026 21:07:37.439 WARNING [main] org.apache.catalina.core.StandardServer.await Invalid shutdown command [] received
03-Apr-2026 21:07:43.900 WARNING [main] org.apache.catalina.core.StandardServer.await Invalid shutdown command [] received
03-Apr-2026 21:07:50.382 WARNING [main] org.apache.catalina.core.StandardServer.await Invalid shutdown command [] received
03-Apr-2026 21:07:56.849 WARNING [main] org.apache.catalina.core.StandardServer.await Invalid shutdown command [] received
03-Apr-2026 21:08:03.321 WARNING [main] org.apache.catalina.core.StandardServer.await Invalid shutdown command [] received
03-Apr-2026 21:08:09.783 WARNING [main] org.apache.catalina.core.StandardServer.await Invalid shutdown command [] received
03-Apr-2026 21:08:16.245 WARNING [main] org.apache.catalina.core.StandardServer.await Invalid shutdown command [] received
03-Apr-2026 21:08:22.719 WARNING [main] org.apache.catalina.core.StandardServer.await Invalid shutdown command [] received
03-Apr-2026 21:08:29.199 WARNING [main] org.apache.catalina.core.StandardServer.await Invalid shutdown command [] received
03-Apr-2026 21:08:35.648 WARNING [main] org.apache.catalina.core.StandardServer.await Invalid shutdown command [] received
03-Apr-2026 21:08:42.101 WARNING [main] org.apache.catalina.core.StandardServer.await Invalid shutdown command [] received
03-Apr-2026 21:08:48.556 WARNING [main] org.apache.catalina.core.StandardServer.await Invalid shutdown command [] received
03-Apr-2026 21:08:55.035 WARNING [main] org.apache.catalina.core.StandardServer.await Invalid shutdown command [] received
03-Apr-2026 21:09:01.510 WARNING [main] org.apache.catalina.core.StandardServer.await Invalid shutdown command [] received
03-Apr-2026 21:09:07.949 WARNING [main] org.apache.catalina.core.StandardServer.await Invalid shutdown command [] received
03-Apr-2026 21:09:14.428 WARNING [main] org.apache.catalina.core.StandardServer.await Invalid shutdown command [] received
03-Apr-2026 21:09:20.891 WARNING [main] org.apache.catalina.core.StandardServer.await Invalid shutdown command [] received
03-Apr-2026 21:09:27.341 WARNING [main] org.apache.catalina.core.StandardServer.await Invalid shutdown command [] received
03-Apr-2026 21:09:33.794 WARNING [main] org.apache.catalina.core.StandardServer.await Invalid shutdown command [] received
03-Apr-2026 21:09:40.245 WARNING [main] org.apache.catalina.core.StandardServer.await Invalid shutdown command [] received
03-Apr-2026 21:09:46.704 WARNING [main] org.apache.catalina.core.StandardServer.await Invalid shutdown command [] received
03-Apr-2026 21:09:53.157 WARNING [main] org.apache.catalina.core.StandardServer.await Invalid shutdown command [] received
03-Apr-2026 21:09:59.603 WARNING [main] org.apache.catalina.core.StandardServer.await Invalid shutdown command [] received
03-Apr-2026 21:10:06.058 WARNING [main] org.apache.catalina.core.StandardServer.await Invalid shutdown command [] received
03-Apr-2026 21:10:12.529 WARNING [main] org.apache.catalina.core.StandardServer.await Invalid shutdown command [] received
03-Apr-2026 21:10:18.985 WARNING [main] org.apache.catalina.core.StandardServer.await Invalid shutdown command [] received
03-Apr-2026 21:10:25.452 WARNING [main] org.apache.catalina.core.StandardServer.await Invalid shutdown command [] received
03-Apr-2026 21:10:31.919 WARNING [main] org.apache.catalina.core.StandardServer.await Invalid shutdown command [] received
03-Apr-2026 21:10:38.395 WARNING [main] org.apache.catalina.core.StandardServer.await Invalid shutdown command [] received
03-Apr-2026 21:10:44.856 WARNING [main] org.apache.catalina.core.StandardServer.await Invalid shutdown command [] received
03-Apr-2026 21:10:51.326 WARNING [main] org.apache.catalina.core.StandardServer.await Invalid shutdown command [] received
03-Apr-2026 21:10:57.790 WARNING [main] org.apache.catalina.core.StandardServer.await Invalid shutdown command [] received
03-Apr-2026 21:11:04.269 WARNING [main] org.apache.catalina.core.StandardServer.await Invalid shutdown command [] received
03-Apr-2026 21:11:10.739 WARNING [main] org.apache.catalina.core.StandardServer.await Invalid shutdown command [] received
03-Apr-2026 21:11:17.207 WARNING [main] org.apache.catalina.core.StandardServer.await Invalid shutdown command [] received
03-Apr-2026 21:11:23.671 WARNING [main] org.apache.catalina.core.StandardServer.await Invalid shutdown command [] received
03-Apr-2026 21:11:30.127 WARNING [main] org.apache.catalina.core.StandardServer.await Invalid shutdown command [] received
03-Apr-2026 21:11:36.591 WARNING [main] org.apache.catalina.core.StandardServer.await Invalid shutdown command [] received
03-Apr-2026 21:11:43.056 WARNING [main] org.apache.catalina.core.StandardServer.await Invalid shutdown command [] received
03-Apr-2026 21:11:49.532 WARNING [main] org.apache.catalina.core.StandardServer.await Invalid shutdown command [] received
03-Apr-2026 21:11:55.995 WARNING [main] org.apache.catalina.core.StandardServer.await Invalid shutdown command [] received
03-Apr-2026 21:12:02.455 WARNING [main] org.apache.catalina.core.StandardServer.await Invalid shutdown command [] received
03-Apr-2026 21:12:08.920 WARNING [main] org.apache.catalina.core.StandardServer.await Invalid shutdown command [] received
03-Apr-2026 21:12:15.385 WARNING [main] org.apache.catalina.core.StandardServer.await Invalid shutdown command [] received
03-Apr-2026 21:12:21.849 WARNING [main] org.apache.catalina.core.StandardServer.await Invalid shutdown command [] received
03-Apr-2026 21:12:28.317 WARNING [main] org.apache.catalina.core.StandardServer.await Invalid shutdown command [] received
03-Apr-2026 21:12:34.782 WARNING [main] org.apache.catalina.core.StandardServer.await Invalid shutdown command [] received
03-Apr-2026 21:12:41.250 WARNING [main] org.apache.catalina.core.StandardServer.await Invalid shutdown command [] received
03-Apr-2026 21:12:47.712 WARNING [main] org.apache.catalina.core.StandardServer.await Invalid shutdown command [] received
03-Apr-2026 21:12:54.189 WARNING [main] org.apache.catalina.core.StandardServer.await Invalid shutdown command [] received
03-Apr-2026 21:13:00.653 WARNING [main] org.apache.catalina.core.StandardServer.await Invalid shutdown command [] received
03-Apr-2026 21:13:07.118 WARNING [main] org.apache.catalina.core.StandardServer.await Invalid shutdown command [] received
03-Apr-2026 21:13:13.583 WARNING [main] org.apache.catalina.core.StandardServer.await Invalid shutdown command [] received
03-Apr-2026 21:13:20.037 WARNING [main] org.apache.catalina.core.StandardServer.await Invalid shutdown command [] received
03-Apr-2026 21:13:26.504 WARNING [main] org.apache.catalina.core.StandardServer.await Invalid shutdown command [] received
03-Apr-2026 21:13:32.965 WARNING [main] org.apache.catalina.core.StandardServer.await Invalid shutdown command [] received
03-Apr-2026 21:13:39.438 WARNING [main] org.apache.catalina.core.StandardServer.await Invalid shutdown command [] received
03-Apr-2026 21:13:45.906 WARNING [main] org.apache.catalina.core.StandardServer.await Invalid shutdown command [] received
03-Apr-2026 21:13:52.368 WARNING [main] org.apache.catalina.core.StandardServer.await Invalid shutdown command [] received
03-Apr-2026 21:13:58.830 WARNING [main] org.apache.catalina.core.StandardServer.await Invalid shutdown command [] received
03-Apr-2026 21:14:05.295 WARNING [main] org.apache.catalina.core.StandardServer.await Invalid shutdown command [] received
03-Apr-2026 21:14:11.755 WARNING [main] org.apache.catalina.core.StandardServer.await Invalid shutdown command [] received
03-Apr-2026 21:14:18.216 WARNING [main] org.apache.catalina.core.StandardServer.await Invalid shutdown command [] received
03-Apr-2026 21:14:24.680 WARNING [main] org.apache.catalina.core.StandardServer.await Invalid shutdown command [] received
03-Apr-2026 21:14:31.144 WARNING [main] org.apache.catalina.core.StandardServer.await Invalid shutdown command [] received
03-Apr-2026 21:14:37.654 WARNING [main] org.apache.catalina.core.StandardServer.await Invalid shutdown command [] received
03-Apr-2026 21:14:44.143 WARNING [main] org.apache.catalina.core.StandardServer.await Invalid shutdown command [] received
03-Apr-2026 21:14:50.746 WARNING [main] org.apache.catalina.core.StandardServer.await Invalid shutdown command [] received
03-Apr-2026 21:14:57.269 WARNING [main] org.apache.catalina.core.StandardServer.await Invalid shutdown command [] received
03-Apr-2026 21:15:03.776 WARNING [main] org.apache.catalina.core.StandardServer.await Invalid shutdown command [] received
03-Apr-2026 21:15:10.316 WARNING [main] org.apache.catalina.core.StandardServer.await Invalid shutdown command [] received
03-Apr-2026 21:15:16.874 WARNING [main] org.apache.catalina.core.StandardServer.await Invalid shutdown command [] received
03-Apr-2026 21:15:23.429 WARNING [main] org.apache.catalina.core.StandardServer.await Invalid shutdown command [] received
03-Apr-2026 21:15:29.961 WARNING [main] org.apache.catalina.core.StandardServer.await Invalid shutdown command [] received
03-Apr-2026 21:15:36.520 WARNING [main] org.apache.catalina.core.StandardServer.await Invalid shutdown command [] received
03-Apr-2026 21:15:43.060 WARNING [main] org.apache.catalina.core.StandardServer.await Invalid shutdown command [] received
03-Apr-2026 21:15:49.615 WARNING [main] org.apache.catalina.core.StandardServer.await Invalid shutdown command [] received
03-Apr-2026 21:15:56.175 WARNING [main] org.apache.catalina.core.StandardServer.await Invalid shutdown command [] received
03-Apr-2026 21:16:02.691 WARNING [main] org.apache.catalina.core.StandardServer.await Invalid shutdown command [] received
03-Apr-2026 21:16:09.233 WARNING [main] org.apache.catalina.core.StandardServer.await Invalid shutdown command [] received
03-Apr-2026 21:16:15.758 WARNING [main] org.apache.catalina.core.StandardServer.await Invalid shutdown command [] received
03-Apr-2026 21:16:22.343 WARNING [main] org.apache.catalina.core.StandardServer.await Invalid shutdown command [] received
03-Apr-2026 21:16:28.892 WARNING [main] org.apache.catalina.core.StandardServer.await Invalid shutdown command [] received
03-Apr-2026 21:16:35.447 WARNING [main] org.apache.catalina.core.StandardServer.await Invalid shutdown command [] received
03-Apr-2026 21:16:41.968 WARNING [main] org.apache.catalina.core.StandardServer.await Invalid shutdown command [] received
03-Apr-2026 21:16:48.473 WARNING [main] org.apache.catalina.core.StandardServer.await Invalid shutdown command [] received
03-Apr-2026 21:16:54.980 WARNING [main] org.apache.catalina.core.StandardServer.await Invalid shutdown command [] received
03-Apr-2026 21:17:01.795 WARNING [main] org.apache.catalina.core.StandardServer.await Invalid shutdown command [] received
03-Apr-2026 21:17:08.332 WARNING [main] org.apache.catalina.core.StandardServer.await Invalid shutdown command [] received
03-Apr-2026 21:17:14.862 WARNING [main] org.apache.catalina.core.StandardServer.await Invalid shutdown command [] received
03-Apr-2026 21:17:21.407 WARNING [main] org.apache.catalina.core.StandardServer.await Invalid shutdown command [] received
03-Apr-2026 21:17:27.915 WARNING [main] org.apache.catalina.core.StandardServer.await Invalid shutdown command [] received
03-Apr-2026 21:17:34.441 WARNING [main] org.apache.catalina.core.StandardServer.await Invalid shutdown command [] received
03-Apr-2026 21:17:40.946 WARNING [main] org.apache.catalina.core.StandardServer.await Invalid shutdown command [] received
03-Apr-2026 21:17:47.452 WARNING [main] org.apache.catalina.core.StandardServer.await Invalid shutdown command [] received
03-Apr-2026 21:17:53.976 WARNING [main] org.apache.catalina.core.StandardServer.await Invalid shutdown command [] received
03-Apr-2026 21:18:00.479 WARNING [main] org.apache.catalina.core.StandardServer.await Invalid shutdown command [] received
03-Apr-2026 21:18:06.996 WARNING [main] org.apache.catalina.core.StandardServer.await Invalid shutdown command [] received
03-Apr-2026 21:18:13.480 WARNING [main] org.apache.catalina.core.StandardServer.await Invalid shutdown command [] received
03-Apr-2026 21:18:19.955 WARNING [main] org.apache.catalina.core.StandardServer.await Invalid shutdown command [] received
03-Apr-2026 21:18:26.440 WARNING [main] org.apache.catalina.core.StandardServer.await Invalid shutdown command [] received
03-Apr-2026 21:18:32.910 WARNING [main] org.apache.catalina.core.StandardServer.await Invalid shutdown command [] received
03-Apr-2026 21:18:39.379 WARNING [main] org.apache.catalina.core.StandardServer.await Invalid shutdown command [] received
03-Apr-2026 21:18:45.849 WARNING [main] org.apache.catalina.core.StandardServer.await Invalid shutdown command [] received
03-Apr-2026 21:18:52.313 WARNING [main] org.apache.catalina.core.StandardServer.await Invalid shutdown command [] received
03-Apr-2026 21:18:58.778 WARNING [main] org.apache.catalina.core.StandardServer.await Invalid shutdown command [] received
03-Apr-2026 21:19:05.240 WARNING [main] org.apache.catalina.core.StandardServer.await Invalid shutdown command [] received
03-Apr-2026 21:19:11.713 WARNING [main] org.apache.catalina.core.StandardServer.await Invalid shutdown command [] received
03-Apr-2026 21:19:18.179 WARNING [main] org.apache.catalina.core.StandardServer.await Invalid shutdown command [] received
03-Apr-2026 21:19:24.641 WARNING [main] org.apache.catalina.core.StandardServer.await Invalid shutdown command [] received
03-Apr-2026 21:19:31.116 WARNING [main] org.apache.catalina.core.StandardServer.await Invalid shutdown command [] received
03-Apr-2026 21:19:37.583 WARNING [main] org.apache.catalina.core.StandardServer.await Invalid shutdown command [] received
03-Apr-2026 21:19:44.047 WARNING [main] org.apache.catalina.core.StandardServer.await Invalid shutdown command [] received
03-Apr-2026 21:19:50.509 WARNING [main] org.apache.catalina.core.StandardServer.await Invalid shutdown command [] received
03-Apr-2026 21:19:56.977 WARNING [main] org.apache.catalina.core.StandardServer.await Invalid shutdown command [] received
03-Apr-2026 21:20:03.460 WARNING [main] org.apache.catalina.core.StandardServer.await Invalid shutdown command [] received
03-Apr-2026 21:20:09.932 WARNING [main] org.apache.catalina.core.StandardServer.await Invalid shutdown command [] received
03-Apr-2026 21:20:16.409 WARNING [main] org.apache.catalina.core.StandardServer.await Invalid shutdown command [] received
03-Apr-2026 21:20:22.882 WARNING [main] org.apache.catalina.core.StandardServer.await Invalid shutdown command [] received
03-Apr-2026 21:20:29.357 WARNING [main] org.apache.catalina.core.StandardServer.await Invalid shutdown command [] received
03-Apr-2026 21:20:35.826 WARNING [main] org.apache.catalina.core.StandardServer.await Invalid shutdown command [] received
03-Apr-2026 21:20:42.299 WARNING [main] org.apache.catalina.core.StandardServer.await Invalid shutdown command [] received
03-Apr-2026 21:20:48.765 WARNING [main] org.apache.catalina.core.StandardServer.await Invalid shutdown command [] received
03-Apr-2026 21:20:55.232 WARNING [main] org.apache.catalina.core.StandardServer.await Invalid shutdown command [] received
03-Apr-2026 21:21:01.710 WARNING [main] org.apache.catalina.core.StandardServer.await Invalid shutdown command [] received
03-Apr-2026 21:21:08.181 WARNING [main] org.apache.catalina.core.StandardServer.await Invalid shutdown command [] received
03-Apr-2026 21:21:14.650 WARNING [main] org.apache.catalina.core.StandardServer.await Invalid shutdown command [] received
03-Apr-2026 21:21:21.124 WARNING [main] org.apache.catalina.core.StandardServer.await Invalid shutdown command [] received
03-Apr-2026 21:21:27.592 WARNING [main] org.apache.catalina.core.StandardServer.await Invalid shutdown command [] received
03-Apr-2026 21:21:34.058 WARNING [main] org.apache.catalina.core.StandardServer.await Invalid shutdown command [] received
03-Apr-2026 21:21:40.524 WARNING [main] org.apache.catalina.core.StandardServer.await Invalid shutdown command [] received
03-Apr-2026 21:21:47.007 WARNING [main] org.apache.catalina.core.StandardServer.await Invalid shutdown command [] received
03-Apr-2026 21:21:53.474 WARNING [main] org.apache.catalina.core.StandardServer.await Invalid shutdown command [] received
03-Apr-2026 21:21:59.945 WARNING [main] org.apache.catalina.core.StandardServer.await Invalid shutdown command [] received
03-Apr-2026 21:22:06.408 WARNING [main] org.apache.catalina.core.StandardServer.await Invalid shutdown command [] received
03-Apr-2026 21:22:12.877 WARNING [main] org.apache.catalina.core.StandardServer.await Invalid shutdown command [] received
03-Apr-2026 21:22:19.370 WARNING [main] org.apache.catalina.core.StandardServer.await Invalid shutdown command [] received
03-Apr-2026 21:22:25.860 WARNING [main] org.apache.catalina.core.StandardServer.await Invalid shutdown command [] received
03-Apr-2026 21:22:32.323 WARNING [main] org.apache.catalina.core.StandardServer.await Invalid shutdown command [] received
03-Apr-2026 21:22:38.867 WARNING [main] org.apache.catalina.core.StandardServer.await Invalid shutdown command [] received
03-Apr-2026 21:22:45.368 WARNING [main] org.apache.catalina.core.StandardServer.await Invalid shutdown command [] received
03-Apr-2026 21:22:51.916 WARNING [main] org.apache.catalina.core.StandardServer.await Invalid shutdown command [] received
03-Apr-2026 21:22:58.431 WARNING [main] org.apache.catalina.core.StandardServer.await Invalid shutdown command [] received
03-Apr-2026 21:23:04.944 WARNING [main] org.apache.catalina.core.StandardServer.await Invalid shutdown command [] received
03-Apr-2026 21:23:11.461 WARNING [main] org.apache.catalina.core.StandardServer.await Invalid shutdown command [] received
03-Apr-2026 21:23:17.995 WARNING [main] org.apache.catalina.core.StandardServer.await Invalid shutdown command [] received
03-Apr-2026 21:23:24.515 WARNING [main] org.apache.catalina.core.StandardServer.await Invalid shutdown command [] received
03-Apr-2026 21:23:31.022 WARNING [main] org.apache.catalina.core.StandardServer.await Invalid shutdown command [] received
03-Apr-2026 21:23:37.515 WARNING [main] org.apache.catalina.core.StandardServer.await Invalid shutdown command [] received
03-Apr-2026 21:23:44.018 WARNING [main] org.apache.catalina.core.StandardServer.await Invalid shutdown command [] received
03-Apr-2026 21:23:50.540 WARNING [main] org.apache.catalina.core.StandardServer.await Invalid shutdown command [] received
03-Apr-2026 21:23:57.059 WARNING [main] org.apache.catalina.core.StandardServer.await Invalid shutdown command [] received
03-Apr-2026 21:24:03.561 WARNING [main] org.apache.catalina.core.StandardServer.await Invalid shutdown command [] received
03-Apr-2026 21:24:10.119 WARNING [main] org.apache.catalina.core.StandardServer.await Invalid shutdown command [] received
03-Apr-2026 21:24:16.624 WARNING [main] org.apache.catalina.core.StandardServer.await Invalid shutdown command [] received
03-Apr-2026 21:24:23.125 WARNING [main] org.apache.catalina.core.StandardServer.await Invalid shutdown command [] received
03-Apr-2026 21:24:29.625 WARNING [main] org.apache.catalina.core.StandardServer.await Invalid shutdown command [] received
03-Apr-2026 21:24:36.207 WARNING [main] org.apache.catalina.core.StandardServer.await Invalid shutdown command [] received
03-Apr-2026 21:24:42.686 WARNING [main] org.apache.catalina.core.StandardServer.await Invalid shutdown command [] received
03-Apr-2026 21:24:49.165 WARNING [main] org.apache.catalina.core.StandardServer.await Invalid shutdown command [] received
03-Apr-2026 21:24:55.630 WARNING [main] org.apache.catalina.core.StandardServer.await Invalid shutdown command [] received
03-Apr-2026 21:25:02.099 WARNING [main] org.apache.catalina.core.StandardServer.await Invalid shutdown command [] received
03-Apr-2026 21:25:08.582 WARNING [main] org.apache.catalina.core.StandardServer.await Invalid shutdown command [] received
03-Apr-2026 21:25:15.072 WARNING [main] org.apache.catalina.core.StandardServer.await Invalid shutdown command [] received
03-Apr-2026 21:25:21.534 WARNING [main] org.apache.catalina.core.StandardServer.await Invalid shutdown command [] received
03-Apr-2026 21:25:28.008 WARNING [main] org.apache.catalina.core.StandardServer.await Invalid shutdown command [] received
03-Apr-2026 21:25:34.478 WARNING [main] org.apache.catalina.core.StandardServer.await Invalid shutdown command [] received
03-Apr-2026 21:25:40.945 WARNING [main] org.apache.catalina.core.StandardServer.await Invalid shutdown command [] received
03-Apr-2026 21:25:47.437 WARNING [main] org.apache.catalina.core.StandardServer.await Invalid shutdown command [] received
03-Apr-2026 21:25:53.911 WARNING [main] org.apache.catalina.core.StandardServer.await Invalid shutdown command [] received
03-Apr-2026 21:26:00.410 WARNING [main] org.apache.catalina.core.StandardServer.await Invalid shutdown command [] received
03-Apr-2026 21:26:06.903 WARNING [main] org.apache.catalina.core.StandardServer.await Invalid shutdown command [] received
03-Apr-2026 21:26:13.417 WARNING [main] org.apache.catalina.core.StandardServer.await Invalid shutdown command [] received
03-Apr-2026 21:26:20.002 WARNING [main] org.apache.catalina.core.StandardServer.await Invalid shutdown command [] received
03-Apr-2026 21:26:26.513 WARNING [main] org.apache.catalina.core.StandardServer.await Invalid shutdown command [] received
03-Apr-2026 21:26:32.980 WARNING [main] org.apache.catalina.core.StandardServer.await Invalid shutdown command [] received
03-Apr-2026 21:26:39.452 WARNING [main] org.apache.catalina.core.StandardServer.await Invalid shutdown command [] received
03-Apr-2026 21:26:45.936 WARNING [main] org.apache.catalina.core.StandardServer.await Invalid shutdown command [] received
03-Apr-2026 21:26:52.423 WARNING [main] org.apache.catalina.core.StandardServer.await Invalid shutdown command [] received
03-Apr-2026 21:26:58.918 WARNING [main] org.apache.catalina.core.StandardServer.await Invalid shutdown command [] received
03-Apr-2026 21:27:05.397 WARNING [main] org.apache.catalina.core.StandardServer.await Invalid shutdown command [] received
03-Apr-2026 21:27:11.866 WARNING [main] org.apache.catalina.core.StandardServer.await Invalid shutdown command [] received
03-Apr-2026 21:27:18.327 WARNING [main] org.apache.catalina.core.StandardServer.await Invalid shutdown command [] received
03-Apr-2026 21:27:24.828 WARNING [main] org.apache.catalina.core.StandardServer.await Invalid shutdown command [] received
03-Apr-2026 21:27:31.287 WARNING [main] org.apache.catalina.core.StandardServer.await Invalid shutdown command [] received
03-Apr-2026 21:27:37.817 WARNING [main] org.apache.catalina.core.StandardServer.await Invalid shutdown command [] received
03-Apr-2026 21:27:44.301 WARNING [main] org.apache.catalina.core.StandardServer.await Invalid shutdown command [] received
03-Apr-2026 21:27:50.751 WARNING [main] org.apache.catalina.core.StandardServer.await Invalid shutdown command [] received
03-Apr-2026 21:27:57.219 WARNING [main] org.apache.catalina.core.StandardServer.await Invalid shutdown command [] received
03-Apr-2026 21:28:03.701 WARNING [main] org.apache.catalina.core.StandardServer.await Invalid shutdown command [] received
03-Apr-2026 21:28:10.183 WARNING [main] org.apache.catalina.core.StandardServer.await Invalid shutdown command [] received
03-Apr-2026 21:28:16.639 WARNING [main] org.apache.catalina.core.StandardServer.await Invalid shutdown command [] received
03-Apr-2026 21:28:23.095 WARNING [main] org.apache.catalina.core.StandardServer.await Invalid shutdown command [] received
03-Apr-2026 21:28:29.593 WARNING [main] org.apache.catalina.core.StandardServer.await Invalid shutdown command [] received
03-Apr-2026 21:28:36.072 WARNING [main] org.apache.catalina.core.StandardServer.await Invalid shutdown command [] received
03-Apr-2026 21:28:42.556 WARNING [main] org.apache.catalina.core.StandardServer.await Invalid shutdown command [] received
03-Apr-2026 21:28:49.012 WARNING [main] org.apache.catalina.core.StandardServer.await Invalid shutdown command [] received
03-Apr-2026 21:28:55.472 WARNING [main] org.apache.catalina.core.StandardServer.await Invalid shutdown command [] received
03-Apr-2026 21:29:01.947 WARNING [main] org.apache.catalina.core.StandardServer.await Invalid shutdown command [] received
03-Apr-2026 21:29:08.423 WARNING [main] org.apache.catalina.core.StandardServer.await Invalid shutdown command [] received
03-Apr-2026 21:29:14.891 WARNING [main] org.apache.catalina.core.StandardServer.await Invalid shutdown command [] received
03-Apr-2026 21:29:21.366 WARNING [main] org.apache.catalina.core.StandardServer.await Invalid shutdown command [] received
03-Apr-2026 21:29:27.826 WARNING [main] org.apache.catalina.core.StandardServer.await Invalid shutdown command [] received
03-Apr-2026 21:29:34.318 WARNING [main] org.apache.catalina.core.StandardServer.await Invalid shutdown command [] received
03-Apr-2026 21:29:40.828 WARNING [main] org.apache.catalina.core.StandardServer.await Invalid shutdown command [] received
03-Apr-2026 21:29:47.302 WARNING [main] org.apache.catalina.core.StandardServer.await Invalid shutdown command [] received
03-Apr-2026 21:29:53.765 WARNING [main] org.apache.catalina.core.StandardServer.await Invalid shutdown command [] received
03-Apr-2026 21:30:00.222 WARNING [main] org.apache.catalina.core.StandardServer.await Invalid shutdown command [] received
03-Apr-2026 21:30:06.719 WARNING [main] org.apache.catalina.core.StandardServer.await Invalid shutdown command [] received
03-Apr-2026 21:30:13.390 WARNING [main] org.apache.catalina.core.StandardServer.await Invalid shutdown command [] received
03-Apr-2026 21:30:19.893 WARNING [main] org.apache.catalina.core.StandardServer.await Invalid shutdown command [] received
03-Apr-2026 21:30:26.368 WARNING [main] org.apache.catalina.core.StandardServer.await Invalid shutdown command [] received
03-Apr-2026 21:30:32.891 WARNING [main] org.apache.catalina.core.StandardServer.await Invalid shutdown command [] received
03-Apr-2026 21:30:39.375 WARNING [main] org.apache.catalina.core.StandardServer.await Invalid shutdown command [] received
03-Apr-2026 21:30:45.870 WARNING [main] org.apache.catalina.core.StandardServer.await Invalid shutdown command [] received
03-Apr-2026 21:30:52.337 WARNING [main] org.apache.catalina.core.StandardServer.await Invalid shutdown command [] received
03-Apr-2026 21:30:58.817 WARNING [main] org.apache.catalina.core.StandardServer.await Invalid shutdown command [] received
03-Apr-2026 21:31:05.370 WARNING [main] org.apache.catalina.core.StandardServer.await Invalid shutdown command [] received
03-Apr-2026 21:31:11.892 WARNING [main] org.apache.catalina.core.StandardServer.await Invalid shutdown command [] received
03-Apr-2026 21:31:18.384 WARNING [main] org.apache.catalina.core.StandardServer.await Invalid shutdown command [] received
03-Apr-2026 21:31:24.877 WARNING [main] org.apache.catalina.core.StandardServer.await Invalid shutdown command [] received
03-Apr-2026 21:31:31.347 WARNING [main] org.apache.catalina.core.StandardServer.await Invalid shutdown command [] received
03-Apr-2026 21:31:37.845 WARNING [main] org.apache.catalina.core.StandardServer.await Invalid shutdown command [] received
03-Apr-2026 21:31:44.303 WARNING [main] org.apache.catalina.core.StandardServer.await Invalid shutdown command [] received
03-Apr-2026 21:31:50.805 WARNING [main] org.apache.catalina.core.StandardServer.await Invalid shutdown command [] received
03-Apr-2026 21:31:57.273 WARNING [main] org.apache.catalina.core.StandardServer.await Invalid shutdown command [] received
03-Apr-2026 21:32:03.767 WARNING [main] org.apache.catalina.core.StandardServer.await Invalid shutdown command [] received
03-Apr-2026 21:32:10.271 WARNING [main] org.apache.catalina.core.StandardServer.await Invalid shutdown command [] received
03-Apr-2026 21:32:16.792 WARNING [main] org.apache.catalina.core.StandardServer.await Invalid shutdown command [] received
03-Apr-2026 21:32:23.265 WARNING [main] org.apache.catalina.core.StandardServer.await Invalid shutdown command [] received
03-Apr-2026 21:32:29.734 WARNING [main] org.apache.catalina.core.StandardServer.await Invalid shutdown command [] received
03-Apr-2026 21:32:36.212 WARNING [main] org.apache.catalina.core.StandardServer.await Invalid shutdown command [] received
03-Apr-2026 21:32:42.688 WARNING [main] org.apache.catalina.core.StandardServer.await Invalid shutdown command [] received
03-Apr-2026 21:32:49.160 WARNING [main] org.apache.catalina.core.StandardServer.await Invalid shutdown command [] received
03-Apr-2026 21:32:55.652 WARNING [main] org.apache.catalina.core.StandardServer.await Invalid shutdown command [] received
03-Apr-2026 21:33:02.134 WARNING [main] org.apache.catalina.core.StandardServer.await Invalid shutdown command [] received
03-Apr-2026 21:33:08.643 WARNING [main] org.apache.catalina.core.StandardServer.await Invalid shutdown command [] received
03-Apr-2026 21:33:15.109 WARNING [main] org.apache.catalina.core.StandardServer.await Invalid shutdown command [] received
03-Apr-2026 21:33:21.619 WARNING [main] org.apache.catalina.core.StandardServer.await Invalid shutdown command [] received
03-Apr-2026 21:33:28.101 WARNING [main] org.apache.catalina.core.StandardServer.await Invalid shutdown command [] received
03-Apr-2026 21:33:34.571 WARNING [main] org.apache.catalina.core.StandardServer.await Invalid shutdown command [] received
03-Apr-2026 21:33:41.044 WARNING [main] org.apache.catalina.core.StandardServer.await Invalid shutdown command [] received
03-Apr-2026 21:33:47.508 WARNING [main] org.apache.catalina.core.StandardServer.await Invalid shutdown command [] received
03-Apr-2026 21:33:53.975 WARNING [main] org.apache.catalina.core.StandardServer.await Invalid shutdown command [] received
03-Apr-2026 21:34:00.487 WARNING [main] org.apache.catalina.core.StandardServer.await Invalid shutdown command [] received
03-Apr-2026 21:34:06.963 WARNING [main] org.apache.catalina.core.StandardServer.await Invalid shutdown command [] received
03-Apr-2026 21:34:13.427 WARNING [main] org.apache.catalina.core.StandardServer.await Invalid shutdown command [] received
03-Apr-2026 21:34:19.897 WARNING [main] org.apache.catalina.core.StandardServer.await Invalid shutdown command [] received
03-Apr-2026 21:34:26.364 WARNING [main] org.apache.catalina.core.StandardServer.await Invalid shutdown command [] received
03-Apr-2026 21:34:32.824 WARNING [main] org.apache.catalina.core.StandardServer.await Invalid shutdown command [] received
03-Apr-2026 21:34:39.273 WARNING [main] org.apache.catalina.core.StandardServer.await Invalid shutdown command [] received
03-Apr-2026 21:34:45.748 WARNING [main] org.apache.catalina.core.StandardServer.await Invalid shutdown command [] received
03-Apr-2026 21:34:52.213 WARNING [main] org.apache.catalina.core.StandardServer.await Invalid shutdown command [] received
03-Apr-2026 21:34:58.678 WARNING [main] org.apache.catalina.core.StandardServer.await Invalid shutdown command [] received
03-Apr-2026 21:35:05.171 WARNING [main] org.apache.catalina.core.StandardServer.await Invalid shutdown command [] received
03-Apr-2026 21:35:11.637 WARNING [main] org.apache.catalina.core.StandardServer.await Invalid shutdown command [] received
03-Apr-2026 21:35:18.114 WARNING [main] org.apache.catalina.core.StandardServer.await Invalid shutdown command [] received
03-Apr-2026 21:35:24.573 WARNING [main] org.apache.catalina.core.StandardServer.await Invalid shutdown command [] received
03-Apr-2026 21:35:31.037 WARNING [main] org.apache.catalina.core.StandardServer.await Invalid shutdown command [] received
03-Apr-2026 21:35:37.513 WARNING [main] org.apache.catalina.core.StandardServer.await Invalid shutdown command [] received
03-Apr-2026 21:35:43.978 WARNING [main] org.apache.catalina.core.StandardServer.await Invalid shutdown command [] received
03-Apr-2026 21:35:50.465 WARNING [main] org.apache.catalina.core.StandardServer.await Invalid shutdown command [] received
03-Apr-2026 21:35:56.932 WARNING [main] org.apache.catalina.core.StandardServer.await Invalid shutdown command [] received
03-Apr-2026 21:36:03.414 WARNING [main] org.apache.catalina.core.StandardServer.await Invalid shutdown command [] received
03-Apr-2026 21:36:10.058 WARNING [main] org.apache.catalina.core.StandardServer.await Invalid shutdown command [] received
03-Apr-2026 21:36:16.542 WARNING [main] org.apache.catalina.core.StandardServer.await Invalid shutdown command [] received
03-Apr-2026 21:36:23.006 WARNING [main] org.apache.catalina.core.StandardServer.await Invalid shutdown command [] received
03-Apr-2026 21:36:29.474 WARNING [main] org.apache.catalina.core.StandardServer.await Invalid shutdown command [] received
03-Apr-2026 21:36:35.932 WARNING [main] org.apache.catalina.core.StandardServer.await Invalid shutdown command [] received
03-Apr-2026 21:36:42.428 WARNING [main] org.apache.catalina.core.StandardServer.await Invalid shutdown command [] received
03-Apr-2026 21:36:48.913 WARNING [main] org.apache.catalina.core.StandardServer.await Invalid shutdown command [] received
03-Apr-2026 21:36:55.400 WARNING [main] org.apache.catalina.core.StandardServer.await Invalid shutdown command [] received
03-Apr-2026 21:37:01.873 WARNING [main] org.apache.catalina.core.StandardServer.await Invalid shutdown command [] received
03-Apr-2026 21:37:08.345 WARNING [main] org.apache.catalina.core.StandardServer.await Invalid shutdown command [] received
03-Apr-2026 21:37:14.812 WARNING [main] org.apache.catalina.core.StandardServer.await Invalid shutdown command [] received
03-Apr-2026 21:37:21.290 WARNING [main] org.apache.catalina.core.StandardServer.await Invalid shutdown command [] received
03-Apr-2026 21:37:27.754 WARNING [main] org.apache.catalina.core.StandardServer.await Invalid shutdown command [] received
03-Apr-2026 21:37:34.228 WARNING [main] org.apache.catalina.core.StandardServer.await Invalid shutdown command [] received
03-Apr-2026 21:37:40.699 WARNING [main] org.apache.catalina.core.StandardServer.await Invalid shutdown command [] received
03-Apr-2026 21:37:47.164 WARNING [main] org.apache.catalina.core.StandardServer.await Invalid shutdown command [] received
03-Apr-2026 21:37:53.635 WARNING [main] org.apache.catalina.core.StandardServer.await Invalid shutdown command [] received
03-Apr-2026 21:38:00.102 WARNING [main] org.apache.catalina.core.StandardServer.await Invalid shutdown command [] received
03-Apr-2026 21:38:06.574 WARNING [main] org.apache.catalina.core.StandardServer.await Invalid shutdown command [] received
03-Apr-2026 21:38:13.039 WARNING [main] org.apache.catalina.core.StandardServer.await Invalid shutdown command [] received
03-Apr-2026 21:38:19.509 WARNING [main] org.apache.catalina.core.StandardServer.await Invalid shutdown command [] received
03-Apr-2026 21:38:26.003 WARNING [main] org.apache.catalina.core.StandardServer.await Invalid shutdown command [] received
03-Apr-2026 21:38:32.485 WARNING [main] org.apache.catalina.core.StandardServer.await Invalid shutdown command [] received
03-Apr-2026 21:38:38.941 WARNING [main] org.apache.catalina.core.StandardServer.await Invalid shutdown command [] received
03-Apr-2026 21:38:45.408 WARNING [main] org.apache.catalina.core.StandardServer.await Invalid shutdown command [] received
03-Apr-2026 21:38:51.875 WARNING [main] org.apache.catalina.core.StandardServer.await Invalid shutdown command [] received
03-Apr-2026 21:38:58.349 WARNING [main] org.apache.catalina.core.StandardServer.await Invalid shutdown command [] received
03-Apr-2026 21:39:04.808 WARNING [main] org.apache.catalina.core.StandardServer.await Invalid shutdown command [] received
03-Apr-2026 21:39:11.279 WARNING [main] org.apache.catalina.core.StandardServer.await Invalid shutdown command [] received
03-Apr-2026 21:39:17.757 WARNING [main] org.apache.catalina.core.StandardServer.await Invalid shutdown command [] received
03-Apr-2026 21:39:24.218 WARNING [main] org.apache.catalina.core.StandardServer.await Invalid shutdown command [] received
03-Apr-2026 21:39:30.713 WARNING [main] org.apache.catalina.core.StandardServer.await Invalid shutdown command [] received
03-Apr-2026 21:39:37.177 WARNING [main] org.apache.catalina.core.StandardServer.await Invalid shutdown command [] received
03-Apr-2026 21:39:43.651 WARNING [main] org.apache.catalina.core.StandardServer.await Invalid shutdown command [] received
03-Apr-2026 21:39:50.128 WARNING [main] org.apache.catalina.core.StandardServer.await Invalid shutdown command [] received
03-Apr-2026 21:39:56.630 WARNING [main] org.apache.catalina.core.StandardServer.await Invalid shutdown command [] received
03-Apr-2026 21:40:03.100 WARNING [main] org.apache.catalina.core.StandardServer.await Invalid shutdown command [] received
03-Apr-2026 21:40:09.555 WARNING [main] org.apache.catalina.core.StandardServer.await Invalid shutdown command [] received
03-Apr-2026 21:40:16.045 WARNING [main] org.apache.catalina.core.StandardServer.await Invalid shutdown command [] received
03-Apr-2026 21:40:22.510 WARNING [main] org.apache.catalina.core.StandardServer.await Invalid shutdown command [] received
03-Apr-2026 21:40:28.981 WARNING [main] org.apache.catalina.core.StandardServer.await Invalid shutdown command [] received
03-Apr-2026 21:40:35.473 WARNING [main] org.apache.catalina.core.StandardServer.await Invalid shutdown command [] received
03-Apr-2026 21:40:41.944 WARNING [main] org.apache.catalina.core.StandardServer.await Invalid shutdown command [] received
03-Apr-2026 21:40:48.439 WARNING [main] org.apache.catalina.core.StandardServer.await Invalid shutdown command [] received
03-Apr-2026 21:40:54.910 WARNING [main] org.apache.catalina.core.StandardServer.await Invalid shutdown command [] received
03-Apr-2026 21:41:01.376 WARNING [main] org.apache.catalina.core.StandardServer.await Invalid shutdown command [] received
03-Apr-2026 21:41:07.837 WARNING [main] org.apache.catalina.core.StandardServer.await Invalid shutdown command [] received
03-Apr-2026 21:41:14.301 WARNING [main] org.apache.catalina.core.StandardServer.await Invalid shutdown command [] received
03-Apr-2026 21:41:20.782 WARNING [main] org.apache.catalina.core.StandardServer.await Invalid shutdown command [] received
03-Apr-2026 21:41:27.221 WARNING [main] org.apache.catalina.core.StandardServer.await Invalid shutdown command [] received
03-Apr-2026 21:41:33.691 WARNING [main] org.apache.catalina.core.StandardServer.await Invalid shutdown command [] received
03-Apr-2026 21:41:40.204 WARNING [main] org.apache.catalina.core.StandardServer.await Invalid shutdown command [] received
03-Apr-2026 21:41:46.692 WARNING [main] org.apache.catalina.core.StandardServer.await Invalid shutdown command [] received
03-Apr-2026 21:41:53.165 WARNING [main] org.apache.catalina.core.StandardServer.await Invalid shutdown command [] received
03-Apr-2026 21:41:59.708 WARNING [main] org.apache.catalina.core.StandardServer.await Invalid shutdown command [] received
03-Apr-2026 21:42:06.209 WARNING [main] org.apache.catalina.core.StandardServer.await Invalid shutdown command [] received
03-Apr-2026 21:42:12.685 WARNING [main] org.apache.catalina.core.StandardServer.await Invalid shutdown command [] received
03-Apr-2026 21:42:19.153 WARNING [main] org.apache.catalina.core.StandardServer.await Invalid shutdown command [] received
03-Apr-2026 21:42:25.647 WARNING [main] org.apache.catalina.core.StandardServer.await Invalid shutdown command [] received
03-Apr-2026 21:42:32.099 WARNING [main] org.apache.catalina.core.StandardServer.await Invalid shutdown command [] received
03-Apr-2026 21:42:38.576 WARNING [main] org.apache.catalina.core.StandardServer.await Invalid shutdown command [] received
03-Apr-2026 21:42:45.065 WARNING [main] org.apache.catalina.core.StandardServer.await Invalid shutdown command [] received
03-Apr-2026 21:42:51.528 WARNING [main] org.apache.catalina.core.StandardServer.await Invalid shutdown command [] received
03-Apr-2026 21:42:58.004 WARNING [main] org.apache.catalina.core.StandardServer.await Invalid shutdown command [] received
03-Apr-2026 21:43:04.478 WARNING [main] org.apache.catalina.core.StandardServer.await Invalid shutdown command [] received
03-Apr-2026 21:43:10.944 WARNING [main] org.apache.catalina.core.StandardServer.await Invalid shutdown command [] received
03-Apr-2026 21:43:17.537 WARNING [main] org.apache.catalina.core.StandardServer.await Invalid shutdown command [] received
03-Apr-2026 21:43:24.070 WARNING [main] org.apache.catalina.core.StandardServer.await Invalid shutdown command [] received
03-Apr-2026 21:43:30.575 WARNING [main] org.apache.catalina.core.StandardServer.await Invalid shutdown command [] received
03-Apr-2026 21:43:37.057 WARNING [main] org.apache.catalina.core.StandardServer.await Invalid shutdown command [] received
03-Apr-2026 21:43:43.546 WARNING [main] org.apache.catalina.core.StandardServer.await Invalid shutdown command [] received
03-Apr-2026 21:43:50.060 WARNING [main] org.apache.catalina.core.StandardServer.await Invalid shutdown command [] received
03-Apr-2026 21:43:56.545 WARNING [main] org.apache.catalina.core.StandardServer.await Invalid shutdown command [] received
03-Apr-2026 21:44:03.015 WARNING [main] org.apache.catalina.core.StandardServer.await Invalid shutdown command [] received
03-Apr-2026 21:44:09.500 WARNING [main] org.apache.catalina.core.StandardServer.await Invalid shutdown command [] received
03-Apr-2026 21:44:15.960 WARNING [main] org.apache.catalina.core.StandardServer.await Invalid shutdown command [] received
03-Apr-2026 21:44:22.448 WARNING [main] org.apache.catalina.core.StandardServer.await Invalid shutdown command [] received
03-Apr-2026 21:44:28.912 WARNING [main] org.apache.catalina.core.StandardServer.await Invalid shutdown command [] received
03-Apr-2026 21:44:35.392 WARNING [main] org.apache.catalina.core.StandardServer.await Invalid shutdown command [] received
03-Apr-2026 21:44:41.888 WARNING [main] org.apache.catalina.core.StandardServer.await Invalid shutdown command [] received
03-Apr-2026 21:44:48.357 WARNING [main] org.apache.catalina.core.StandardServer.await Invalid shutdown command [] received
03-Apr-2026 21:44:54.848 WARNING [main] org.apache.catalina.core.StandardServer.await Invalid shutdown command [] received
03-Apr-2026 21:45:01.321 WARNING [main] org.apache.catalina.core.StandardServer.await Invalid shutdown command [] received
03-Apr-2026 21:45:07.787 WARNING [main] org.apache.catalina.core.StandardServer.await Invalid shutdown command [] received
03-Apr-2026 21:45:14.260 WARNING [main] org.apache.catalina.core.StandardServer.await Invalid shutdown command [] received
03-Apr-2026 21:45:20.720 WARNING [main] org.apache.catalina.core.StandardServer.await Invalid shutdown command [] received
03-Apr-2026 21:45:27.187 WARNING [main] org.apache.catalina.core.StandardServer.await Invalid shutdown command [] received
03-Apr-2026 21:45:33.652 WARNING [main] org.apache.catalina.core.StandardServer.await Invalid shutdown command [] received
03-Apr-2026 21:45:40.127 WARNING [main] org.apache.catalina.core.StandardServer.await Invalid shutdown command [] received
03-Apr-2026 21:45:46.607 WARNING [main] org.apache.catalina.core.StandardServer.await Invalid shutdown command [] received
03-Apr-2026 21:45:53.069 WARNING [main] org.apache.catalina.core.StandardServer.await Invalid shutdown command [] received
03-Apr-2026 21:45:59.550 WARNING [main] org.apache.catalina.core.StandardServer.await Invalid shutdown command [] received
03-Apr-2026 21:46:06.019 WARNING [main] org.apache.catalina.core.StandardServer.await Invalid shutdown command [] received
03-Apr-2026 21:46:12.488 WARNING [main] org.apache.catalina.core.StandardServer.await Invalid shutdown command [] received
03-Apr-2026 21:46:18.954 WARNING [main] org.apache.catalina.core.StandardServer.await Invalid shutdown command [] received
03-Apr-2026 21:46:25.427 WARNING [main] org.apache.catalina.core.StandardServer.await Invalid shutdown command [] received
03-Apr-2026 21:46:31.892 WARNING [main] org.apache.catalina.core.StandardServer.await Invalid shutdown command [] received
03-Apr-2026 21:46:38.405 WARNING [main] org.apache.catalina.core.StandardServer.await Invalid shutdown command [] received
03-Apr-2026 21:46:44.870 WARNING [main] org.apache.catalina.core.StandardServer.await Invalid shutdown command [] received
03-Apr-2026 21:46:51.323 WARNING [main] org.apache.catalina.core.StandardServer.await Invalid shutdown command [] received
03-Apr-2026 21:46:57.789 WARNING [main] org.apache.catalina.core.StandardServer.await Invalid shutdown command [] received
03-Apr-2026 21:47:04.256 WARNING [main] org.apache.catalina.core.StandardServer.await Invalid shutdown command [] received
03-Apr-2026 21:47:10.763 WARNING [main] org.apache.catalina.core.StandardServer.await Invalid shutdown command [] received
03-Apr-2026 21:47:17.226 WARNING [main] org.apache.catalina.core.StandardServer.await Invalid shutdown command [] received
03-Apr-2026 21:47:23.703 WARNING [main] org.apache.catalina.core.StandardServer.await Invalid shutdown command [] received
03-Apr-2026 21:47:30.183 WARNING [main] org.apache.catalina.core.StandardServer.await Invalid shutdown command [] received
03-Apr-2026 21:47:36.655 WARNING [main] org.apache.catalina.core.StandardServer.await Invalid shutdown command [] received
03-Apr-2026 21:47:43.121 WARNING [main] org.apache.catalina.core.StandardServer.await Invalid shutdown command [] received
03-Apr-2026 21:47:49.599 WARNING [main] org.apache.catalina.core.StandardServer.await Invalid shutdown command [] received
03-Apr-2026 21:47:56.064 WARNING [main] org.apache.catalina.core.StandardServer.await Invalid shutdown command [] received
03-Apr-2026 21:48:02.538 WARNING [main] org.apache.catalina.core.StandardServer.await Invalid shutdown command [] received
03-Apr-2026 21:48:09.009 WARNING [main] org.apache.catalina.core.StandardServer.await Invalid shutdown command [] received
03-Apr-2026 21:48:15.513 WARNING [main] org.apache.catalina.core.StandardServer.await Invalid shutdown command [] received
03-Apr-2026 21:48:21.971 WARNING [main] org.apache.catalina.core.StandardServer.await Invalid shutdown command [] received
03-Apr-2026 21:48:28.438 WARNING [main] org.apache.catalina.core.StandardServer.await Invalid shutdown command [] received
03-Apr-2026 21:48:34.900 WARNING [main] org.apache.catalina.core.StandardServer.await Invalid shutdown command [] received
03-Apr-2026 21:48:41.363 WARNING [main] org.apache.catalina.core.StandardServer.await Invalid shutdown command [] received
03-Apr-2026 21:48:47.825 WARNING [main] org.apache.catalina.core.StandardServer.await Invalid shutdown command [] received
03-Apr-2026 21:48:54.287 WARNING [main] org.apache.catalina.core.StandardServer.await Invalid shutdown command [] received
03-Apr-2026 21:49:00.762 WARNING [main] org.apache.catalina.core.StandardServer.await Invalid shutdown command [] received
03-Apr-2026 21:49:07.228 WARNING [main] org.apache.catalina.core.StandardServer.await Invalid shutdown command [] received
03-Apr-2026 21:49:13.689 WARNING [main] org.apache.catalina.core.StandardServer.await Invalid shutdown command [] received
03-Apr-2026 21:49:20.201 WARNING [main] org.apache.catalina.core.StandardServer.await Invalid shutdown command [] received
03-Apr-2026 21:49:26.666 WARNING [main] org.apache.catalina.core.StandardServer.await Invalid shutdown command [] received
03-Apr-2026 21:49:33.127 WARNING [main] org.apache.catalina.core.StandardServer.await Invalid shutdown command [] received
03-Apr-2026 21:49:39.591 WARNING [main] org.apache.catalina.core.StandardServer.await Invalid shutdown command [] received
03-Apr-2026 21:49:46.075 WARNING [main] org.apache.catalina.core.StandardServer.await Invalid shutdown command [] received
03-Apr-2026 21:49:52.546 WARNING [main] org.apache.catalina.core.StandardServer.await Invalid shutdown command [] received
03-Apr-2026 21:49:59.074 WARNING [main] org.apache.catalina.core.StandardServer.await Invalid shutdown command [] received
03-Apr-2026 21:50:05.593 WARNING [main] org.apache.catalina.core.StandardServer.await Invalid shutdown command [] received
03-Apr-2026 21:50:12.090 WARNING [main] org.apache.catalina.core.StandardServer.await Invalid shutdown command [] received
03-Apr-2026 21:50:18.585 WARNING [main] org.apache.catalina.core.StandardServer.await Invalid shutdown command [] received
03-Apr-2026 21:50:25.127 WARNING [main] org.apache.catalina.core.StandardServer.await Invalid shutdown command [] received
03-Apr-2026 21:50:31.640 WARNING [main] org.apache.catalina.core.StandardServer.await Invalid shutdown command [] received
03-Apr-2026 21:50:38.155 WARNING [main] org.apache.catalina.core.StandardServer.await Invalid shutdown command [] received
03-Apr-2026 21:50:44.668 WARNING [main] org.apache.catalina.core.StandardServer.await Invalid shutdown command [] received
03-Apr-2026 21:50:51.179 WARNING [main] org.apache.catalina.core.StandardServer.await Invalid shutdown command [] received
03-Apr-2026 21:50:57.686 WARNING [main] org.apache.catalina.core.StandardServer.await Invalid shutdown command [] received
03-Apr-2026 21:51:04.179 WARNING [main] org.apache.catalina.core.StandardServer.await Invalid shutdown command [] received
03-Apr-2026 21:51:10.678 WARNING [main] org.apache.catalina.core.StandardServer.await Invalid shutdown command [] received
03-Apr-2026 21:51:17.185 WARNING [main] org.apache.catalina.core.StandardServer.await Invalid shutdown command [] received
03-Apr-2026 21:51:23.686 WARNING [main] org.apache.catalina.core.StandardServer.await Invalid shutdown command [] received
03-Apr-2026 21:51:30.278 WARNING [main] org.apache.catalina.core.StandardServer.await Invalid shutdown command [] received
03-Apr-2026 21:51:36.794 WARNING [main] org.apache.catalina.core.StandardServer.await Invalid shutdown command [] received
03-Apr-2026 21:51:43.301 WARNING [main] org.apache.catalina.core.StandardServer.await Invalid shutdown command [] received
03-Apr-2026 21:51:49.822 WARNING [main] org.apache.catalina.core.StandardServer.await Invalid shutdown command [] received
03-Apr-2026 21:51:56.334 WARNING [main] org.apache.catalina.core.StandardServer.await Invalid shutdown command [] received
03-Apr-2026 21:52:02.838 WARNING [main] org.apache.catalina.core.StandardServer.await Invalid shutdown command [] received
03-Apr-2026 21:52:09.343 WARNING [main] org.apache.catalina.core.StandardServer.await Invalid shutdown command [] received
03-Apr-2026 21:52:15.842 WARNING [main] org.apache.catalina.core.StandardServer.await Invalid shutdown command [] received
03-Apr-2026 21:52:22.357 WARNING [main] org.apache.catalina.core.StandardServer.await Invalid shutdown command [] received
03-Apr-2026 21:52:28.864 WARNING [main] org.apache.catalina.core.StandardServer.await Invalid shutdown command [] received
03-Apr-2026 21:52:35.393 WARNING [main] org.apache.catalina.core.StandardServer.await Invalid shutdown command [] received
03-Apr-2026 21:52:41.903 WARNING [main] org.apache.catalina.core.StandardServer.await Invalid shutdown command [] received
03-Apr-2026 21:52:48.438 WARNING [main] org.apache.catalina.core.StandardServer.await Invalid shutdown command [] received
03-Apr-2026 21:52:54.953 WARNING [main] org.apache.catalina.core.StandardServer.await Invalid shutdown command [] received
03-Apr-2026 21:53:01.522 WARNING [main] org.apache.catalina.core.StandardServer.await Invalid shutdown command [] received
03-Apr-2026 21:53:08.044 WARNING [main] org.apache.catalina.core.StandardServer.await Invalid shutdown command [] received
03-Apr-2026 21:53:14.559 WARNING [main] org.apache.catalina.core.StandardServer.await Invalid shutdown command [] received
03-Apr-2026 21:53:21.085 WARNING [main] org.apache.catalina.core.StandardServer.await Invalid shutdown command [] received
03-Apr-2026 21:53:27.593 WARNING [main] org.apache.catalina.core.StandardServer.await Invalid shutdown command [] received
03-Apr-2026 21:53:34.104 WARNING [main] org.apache.catalina.core.StandardServer.await Invalid shutdown command [] received
03-Apr-2026 21:53:40.634 WARNING [main] org.apache.catalina.core.StandardServer.await Invalid shutdown command [] received
03-Apr-2026 21:53:47.135 WARNING [main] org.apache.catalina.core.StandardServer.await Invalid shutdown command [] received
03-Apr-2026 21:53:53.632 WARNING [main] org.apache.catalina.core.StandardServer.await Invalid shutdown command [] received
03-Apr-2026 21:54:00.133 WARNING [main] org.apache.catalina.core.StandardServer.await Invalid shutdown command [] received
03-Apr-2026 21:54:06.633 WARNING [main] org.apache.catalina.core.StandardServer.await Invalid shutdown command [] received
03-Apr-2026 21:54:13.133 WARNING [main] org.apache.catalina.core.StandardServer.await Invalid shutdown command [] received
03-Apr-2026 21:54:19.641 WARNING [main] org.apache.catalina.core.StandardServer.await Invalid shutdown command [] received
03-Apr-2026 21:54:26.141 WARNING [main] org.apache.catalina.core.StandardServer.await Invalid shutdown command [] received
03-Apr-2026 21:54:32.627 WARNING [main] org.apache.catalina.core.StandardServer.await Invalid shutdown command [] received
03-Apr-2026 21:54:39.133 WARNING [main] org.apache.catalina.core.StandardServer.await Invalid shutdown command [] received
03-Apr-2026 21:54:45.640 WARNING [main] org.apache.catalina.core.StandardServer.await Invalid shutdown command [] received
03-Apr-2026 21:54:52.161 WARNING [main] org.apache.catalina.core.StandardServer.await Invalid shutdown command [] received
03-Apr-2026 21:54:58.662 WARNING [main] org.apache.catalina.core.StandardServer.await Invalid shutdown command [] received
03-Apr-2026 21:55:05.175 WARNING [main] org.apache.catalina.core.StandardServer.await Invalid shutdown command [] received
03-Apr-2026 21:55:11.703 WARNING [main] org.apache.catalina.core.StandardServer.await Invalid shutdown command [] received
03-Apr-2026 21:55:18.213 WARNING [main] org.apache.catalina.core.StandardServer.await Invalid shutdown command [] received
03-Apr-2026 21:55:24.735 WARNING [main] org.apache.catalina.core.StandardServer.await Invalid shutdown command [] received
03-Apr-2026 21:55:31.239 WARNING [main] org.apache.catalina.core.StandardServer.await Invalid shutdown command [] received
03-Apr-2026 21:55:37.753 WARNING [main] org.apache.catalina.core.StandardServer.await Invalid shutdown command [] received
03-Apr-2026 21:55:44.254 WARNING [main] org.apache.catalina.core.StandardServer.await Invalid shutdown command [] received
03-Apr-2026 21:55:50.769 WARNING [main] org.apache.catalina.core.StandardServer.await Invalid shutdown command [] received
03-Apr-2026 21:55:57.328 WARNING [main] org.apache.catalina.core.StandardServer.await Invalid shutdown command [] received
03-Apr-2026 21:56:03.836 WARNING [main] org.apache.catalina.core.StandardServer.await Invalid shutdown command [] received
03-Apr-2026 21:56:10.356 WARNING [main] org.apache.catalina.core.StandardServer.await Invalid shutdown command [] received
03-Apr-2026 21:56:16.870 WARNING [main] org.apache.catalina.core.StandardServer.await Invalid shutdown command [] received
03-Apr-2026 21:56:23.382 WARNING [main] org.apache.catalina.core.StandardServer.await Invalid shutdown command [] received
03-Apr-2026 21:56:29.885 WARNING [main] org.apache.catalina.core.StandardServer.await Invalid shutdown command [] received
03-Apr-2026 21:56:36.379 WARNING [main] org.apache.catalina.core.StandardServer.await Invalid shutdown command [] received
03-Apr-2026 21:56:42.889 WARNING [main] org.apache.catalina.core.StandardServer.await Invalid shutdown command [] received
03-Apr-2026 21:56:49.384 WARNING [main] org.apache.catalina.core.StandardServer.await Invalid shutdown command [] received
03-Apr-2026 21:56:55.883 WARNING [main] org.apache.catalina.core.StandardServer.await Invalid shutdown command [] received
03-Apr-2026 21:57:02.409 WARNING [main] org.apache.catalina.core.StandardServer.await Invalid shutdown command [] received
03-Apr-2026 21:57:08.913 WARNING [main] org.apache.catalina.core.StandardServer.await Invalid shutdown command [] received
03-Apr-2026 21:57:15.417 WARNING [main] org.apache.catalina.core.StandardServer.await Invalid shutdown command [] received
03-Apr-2026 21:57:21.928 WARNING [main] org.apache.catalina.core.StandardServer.await Invalid shutdown command [] received
03-Apr-2026 21:57:28.437 WARNING [main] org.apache.catalina.core.StandardServer.await Invalid shutdown command [] received
03-Apr-2026 21:57:34.946 WARNING [main] org.apache.catalina.core.StandardServer.await Invalid shutdown command [] received
03-Apr-2026 21:57:41.439 WARNING [main] org.apache.catalina.core.StandardServer.await Invalid shutdown command [] received
03-Apr-2026 21:57:47.952 WARNING [main] org.apache.catalina.core.StandardServer.await Invalid shutdown command [] received
03-Apr-2026 21:57:54.458 WARNING [main] org.apache.catalina.core.StandardServer.await Invalid shutdown command [] received
03-Apr-2026 21:58:00.960 WARNING [main] org.apache.catalina.core.StandardServer.await Invalid shutdown command [] received
03-Apr-2026 21:58:07.515 WARNING [main] org.apache.catalina.core.StandardServer.await Invalid shutdown command [] received
03-Apr-2026 21:58:14.018 WARNING [main] org.apache.catalina.core.StandardServer.await Invalid shutdown command [] received
03-Apr-2026 21:58:20.521 WARNING [main] org.apache.catalina.core.StandardServer.await Invalid shutdown command [] received
03-Apr-2026 21:58:27.019 WARNING [main] org.apache.catalina.core.StandardServer.await Invalid shutdown command [] received
03-Apr-2026 21:58:33.527 WARNING [main] org.apache.catalina.core.StandardServer.await Invalid shutdown command [] received
03-Apr-2026 21:58:40.029 WARNING [main] org.apache.catalina.core.StandardServer.await Invalid shutdown command [] received
03-Apr-2026 21:58:46.532 WARNING [main] org.apache.catalina.core.StandardServer.await Invalid shutdown command [] received
03-Apr-2026 21:58:53.036 WARNING [main] org.apache.catalina.core.StandardServer.await Invalid shutdown command [] received
03-Apr-2026 21:58:59.549 WARNING [main] org.apache.catalina.core.StandardServer.await Invalid shutdown command [] received
03-Apr-2026 21:59:06.077 WARNING [main] org.apache.catalina.core.StandardServer.await Invalid shutdown command [] received
03-Apr-2026 21:59:12.622 WARNING [main] org.apache.catalina.core.StandardServer.await Invalid shutdown command [] received
03-Apr-2026 21:59:19.134 WARNING [main] org.apache.catalina.core.StandardServer.await Invalid shutdown command [] received
03-Apr-2026 21:59:25.638 WARNING [main] org.apache.catalina.core.StandardServer.await Invalid shutdown command [] received
03-Apr-2026 21:59:32.191 WARNING [main] org.apache.catalina.core.StandardServer.await Invalid shutdown command [] received
03-Apr-2026 21:59:38.689 WARNING [main] org.apache.catalina.core.StandardServer.await Invalid shutdown command [] received
03-Apr-2026 21:59:45.187 WARNING [main] org.apache.catalina.core.StandardServer.await Invalid shutdown command [] received
03-Apr-2026 21:59:51.720 WARNING [main] org.apache.catalina.core.StandardServer.await Invalid shutdown command [] received
03-Apr-2026 21:59:58.229 WARNING [main] org.apache.catalina.core.StandardServer.await Invalid shutdown command [] received
03-Apr-2026 22:00:04.734 WARNING [main] org.apache.catalina.core.StandardServer.await Invalid shutdown command [] received
03-Apr-2026 22:00:11.220 WARNING [main] org.apache.catalina.core.StandardServer.await Invalid shutdown command [] received
03-Apr-2026 22:00:17.731 WARNING [main] org.apache.catalina.core.StandardServer.await Invalid shutdown command [] received
03-Apr-2026 22:00:24.241 WARNING [main] org.apache.catalina.core.StandardServer.await Invalid shutdown command [] received
03-Apr-2026 22:00:30.742 WARNING [main] org.apache.catalina.core.StandardServer.await Invalid shutdown command [] received
03-Apr-2026 22:00:37.226 WARNING [main] org.apache.catalina.core.StandardServer.await Invalid shutdown command [] received
03-Apr-2026 22:00:43.696 WARNING [main] org.apache.catalina.core.StandardServer.await Invalid shutdown command [] received
03-Apr-2026 22:00:50.162 WARNING [main] org.apache.catalina.core.StandardServer.await Invalid shutdown command [] received
03-Apr-2026 22:00:56.636 WARNING [main] org.apache.catalina.core.StandardServer.await Invalid shutdown command [] received
03-Apr-2026 22:01:03.102 WARNING [main] org.apache.catalina.core.StandardServer.await Invalid shutdown command [] received
03-Apr-2026 22:01:09.571 WARNING [main] org.apache.catalina.core.StandardServer.await Invalid shutdown command [] received
03-Apr-2026 22:01:16.043 WARNING [main] org.apache.catalina.core.StandardServer.await Invalid shutdown command [] received
03-Apr-2026 22:01:22.517 WARNING [main] org.apache.catalina.core.StandardServer.await Invalid shutdown command [] received
03-Apr-2026 22:01:28.997 WARNING [main] org.apache.catalina.core.StandardServer.await Invalid shutdown command [] received
03-Apr-2026 22:01:35.473 WARNING [main] org.apache.catalina.core.StandardServer.await Invalid shutdown command [] received
03-Apr-2026 22:01:41.946 WARNING [main] org.apache.catalina.core.StandardServer.await Invalid shutdown command [] received
03-Apr-2026 22:01:48.418 WARNING [main] org.apache.catalina.core.StandardServer.await Invalid shutdown command [] received
03-Apr-2026 22:01:54.890 WARNING [main] org.apache.catalina.core.StandardServer.await Invalid shutdown command [] received
03-Apr-2026 22:02:01.360 WARNING [main] org.apache.catalina.core.StandardServer.await Invalid shutdown command [] received
03-Apr-2026 22:02:07.832 WARNING [main] org.apache.catalina.core.StandardServer.await Invalid shutdown command [] received
03-Apr-2026 22:02:14.304 WARNING [main] org.apache.catalina.core.StandardServer.await Invalid shutdown command [] received
03-Apr-2026 22:02:20.770 WARNING [main] org.apache.catalina.core.StandardServer.await Invalid shutdown command [] received
03-Apr-2026 22:02:27.241 WARNING [main] org.apache.catalina.core.StandardServer.await Invalid shutdown command [] received
03-Apr-2026 22:02:33.740 WARNING [main] org.apache.catalina.core.StandardServer.await Invalid shutdown command [] received
03-Apr-2026 22:02:40.217 WARNING [main] org.apache.catalina.core.StandardServer.await Invalid shutdown command [] received
03-Apr-2026 22:02:46.688 WARNING [main] org.apache.catalina.core.StandardServer.await Invalid shutdown command [] received
03-Apr-2026 22:02:53.154 WARNING [main] org.apache.catalina.core.StandardServer.await Invalid shutdown command [] received
03-Apr-2026 22:02:59.622 WARNING [main] org.apache.catalina.core.StandardServer.await Invalid shutdown command [] received
03-Apr-2026 22:03:06.093 WARNING [main] org.apache.catalina.core.StandardServer.await Invalid shutdown command [] received
03-Apr-2026 22:03:12.559 WARNING [main] org.apache.catalina.core.StandardServer.await Invalid shutdown command [] received
03-Apr-2026 22:03:19.028 WARNING [main] org.apache.catalina.core.StandardServer.await Invalid shutdown command [] received
03-Apr-2026 22:03:25.503 WARNING [main] org.apache.catalina.core.StandardServer.await Invalid shutdown command [] received
03-Apr-2026 22:03:31.974 WARNING [main] org.apache.catalina.core.StandardServer.await Invalid shutdown command [] received
03-Apr-2026 22:03:38.469 WARNING [main] org.apache.catalina.core.StandardServer.await Invalid shutdown command [] received
03-Apr-2026 22:03:44.943 WARNING [main] org.apache.catalina.core.StandardServer.await Invalid shutdown command [] received
03-Apr-2026 22:03:51.406 WARNING [main] org.apache.catalina.core.StandardServer.await Invalid shutdown command [] received
03-Apr-2026 22:03:57.881 WARNING [main] org.apache.catalina.core.StandardServer.await Invalid shutdown command [] received
03-Apr-2026 22:04:04.349 WARNING [main] org.apache.catalina.core.StandardServer.await Invalid shutdown command [] received
03-Apr-2026 22:04:10.823 WARNING [main] org.apache.catalina.core.StandardServer.await Invalid shutdown command [] received
03-Apr-2026 22:04:17.290 WARNING [main] org.apache.catalina.core.StandardServer.await Invalid shutdown command [] received
03-Apr-2026 22:04:23.756 WARNING [main] org.apache.catalina.core.StandardServer.await Invalid shutdown command [] received
03-Apr-2026 22:04:30.222 WARNING [main] org.apache.catalina.core.StandardServer.await Invalid shutdown command [] received
03-Apr-2026 22:04:36.691 WARNING [main] org.apache.catalina.core.StandardServer.await Invalid shutdown command [] received
03-Apr-2026 22:04:43.192 WARNING [main] org.apache.catalina.core.StandardServer.await Invalid shutdown command [] received
03-Apr-2026 22:04:49.672 WARNING [main] org.apache.catalina.core.StandardServer.await Invalid shutdown command [] received
03-Apr-2026 22:04:56.142 WARNING [main] org.apache.catalina.core.StandardServer.await Invalid shutdown command [] received
03-Apr-2026 22:05:02.609 WARNING [main] org.apache.catalina.core.StandardServer.await Invalid shutdown command [] received
03-Apr-2026 22:05:09.083 WARNING [main] org.apache.catalina.core.StandardServer.await Invalid shutdown command [] received
03-Apr-2026 22:05:15.545 WARNING [main] org.apache.catalina.core.StandardServer.await Invalid shutdown command [] received
03-Apr-2026 22:05:22.014 WARNING [main] org.apache.catalina.core.StandardServer.await Invalid shutdown command [] received
03-Apr-2026 22:05:28.487 WARNING [main] org.apache.catalina.core.StandardServer.await Invalid shutdown command [] received
03-Apr-2026 22:05:34.961 WARNING [main] org.apache.catalina.core.StandardServer.await Invalid shutdown command [] received
03-Apr-2026 22:05:41.423 WARNING [main] org.apache.catalina.core.StandardServer.await Invalid shutdown command [] received
03-Apr-2026 22:05:47.916 WARNING [main] org.apache.catalina.core.StandardServer.await Invalid shutdown command [] received
03-Apr-2026 22:05:54.386 WARNING [main] org.apache.catalina.core.StandardServer.await Invalid shutdown command [] received
03-Apr-2026 22:06:00.853 WARNING [main] org.apache.catalina.core.StandardServer.await Invalid shutdown command [] received
03-Apr-2026 22:06:07.326 WARNING [main] org.apache.catalina.core.StandardServer.await Invalid shutdown command [] received
03-Apr-2026 22:06:13.794 WARNING [main] org.apache.catalina.core.StandardServer.await Invalid shutdown command [] received
03-Apr-2026 22:06:20.269 WARNING [main] org.apache.catalina.core.StandardServer.await Invalid shutdown command [] received
03-Apr-2026 22:06:26.734 WARNING [main] org.apache.catalina.core.StandardServer.await Invalid shutdown command [] received
03-Apr-2026 22:06:33.196 WARNING [main] org.apache.catalina.core.StandardServer.await Invalid shutdown command [] received
03-Apr-2026 22:06:39.668 WARNING [main] org.apache.catalina.core.StandardServer.await Invalid shutdown command [] received
03-Apr-2026 22:06:46.141 WARNING [main] org.apache.catalina.core.StandardServer.await Invalid shutdown command [] received
03-Apr-2026 22:06:52.637 WARNING [main] org.apache.catalina.core.StandardServer.await Invalid shutdown command [] received
03-Apr-2026 22:06:59.111 WARNING [main] org.apache.catalina.core.StandardServer.await Invalid shutdown command [] received
03-Apr-2026 22:07:05.578 WARNING [main] org.apache.catalina.core.StandardServer.await Invalid shutdown command [] received
03-Apr-2026 22:07:12.050 WARNING [main] org.apache.catalina.core.StandardServer.await Invalid shutdown command [] received
03-Apr-2026 22:07:18.519 WARNING [main] org.apache.catalina.core.StandardServer.await Invalid shutdown command [] received
03-Apr-2026 22:07:24.994 WARNING [main] org.apache.catalina.core.StandardServer.await Invalid shutdown command [] received
03-Apr-2026 22:07:31.460 WARNING [main] org.apache.catalina.core.StandardServer.await Invalid shutdown command [] received
03-Apr-2026 22:07:37.928 WARNING [main] org.apache.catalina.core.StandardServer.await Invalid shutdown command [] received
03-Apr-2026 22:07:44.400 WARNING [main] org.apache.catalina.core.StandardServer.await Invalid shutdown command [] received
03-Apr-2026 22:07:50.872 WARNING [main] org.apache.catalina.core.StandardServer.await Invalid shutdown command [] received
03-Apr-2026 22:07:57.345 WARNING [main] org.apache.catalina.core.StandardServer.await Invalid shutdown command [] received
03-Apr-2026 22:08:03.823 WARNING [main] org.apache.catalina.core.StandardServer.await Invalid shutdown command [] received
03-Apr-2026 22:08:10.291 WARNING [main] org.apache.catalina.core.StandardServer.await Invalid shutdown command [] received
03-Apr-2026 22:08:16.761 WARNING [main] org.apache.catalina.core.StandardServer.await Invalid shutdown command [] received
03-Apr-2026 22:08:23.230 WARNING [main] org.apache.catalina.core.StandardServer.await Invalid shutdown command [] received
03-Apr-2026 22:08:29.699 WARNING [main] org.apache.catalina.core.StandardServer.await Invalid shutdown command [] received
03-Apr-2026 22:08:36.170 WARNING [main] org.apache.catalina.core.StandardServer.await Invalid shutdown command [] received
03-Apr-2026 22:08:42.637 WARNING [main] org.apache.catalina.core.StandardServer.await Invalid shutdown command [] received
03-Apr-2026 22:08:49.101 WARNING [main] org.apache.catalina.core.StandardServer.await Invalid shutdown command [] received
03-Apr-2026 22:08:55.567 WARNING [main] org.apache.catalina.core.StandardServer.await Invalid shutdown command [] received
03-Apr-2026 22:09:02.040 WARNING [main] org.apache.catalina.core.StandardServer.await Invalid shutdown command [] received
03-Apr-2026 22:09:08.508 WARNING [main] org.apache.catalina.core.StandardServer.await Invalid shutdown command [] received
03-Apr-2026 22:09:14.971 WARNING [main] org.apache.catalina.core.StandardServer.await Invalid shutdown command [] received
03-Apr-2026 22:09:21.442 WARNING [main] org.apache.catalina.core.StandardServer.await Invalid shutdown command [] received
03-Apr-2026 22:09:27.909 WARNING [main] org.apache.catalina.core.StandardServer.await Invalid shutdown command [] received
03-Apr-2026 22:09:34.376 WARNING [main] org.apache.catalina.core.StandardServer.await Invalid shutdown command [] received
03-Apr-2026 22:09:40.848 WARNING [main] org.apache.catalina.core.StandardServer.await Invalid shutdown command [] received
03-Apr-2026 22:09:47.313 WARNING [main] org.apache.catalina.core.StandardServer.await Invalid shutdown command [] received
03-Apr-2026 22:09:53.781 WARNING [main] org.apache.catalina.core.StandardServer.await Invalid shutdown command [] received
03-Apr-2026 22:10:00.248 WARNING [main] org.apache.catalina.core.StandardServer.await Invalid shutdown command [] received
03-Apr-2026 22:10:06.719 WARNING [main] org.apache.catalina.core.StandardServer.await Invalid shutdown command [] received
03-Apr-2026 22:10:13.224 WARNING [main] org.apache.catalina.core.StandardServer.await Invalid shutdown command [] received
03-Apr-2026 22:10:19.695 WARNING [main] org.apache.catalina.core.StandardServer.await Invalid shutdown command [] received
03-Apr-2026 22:10:26.162 WARNING [main] org.apache.catalina.core.StandardServer.await Invalid shutdown command [] received
03-Apr-2026 22:10:32.630 WARNING [main] org.apache.catalina.core.StandardServer.await Invalid shutdown command [] received
03-Apr-2026 22:10:39.103 WARNING [main] org.apache.catalina.core.StandardServer.await Invalid shutdown command [] received
03-Apr-2026 22:10:45.573 WARNING [main] org.apache.catalina.core.StandardServer.await Invalid shutdown command [] received
03-Apr-2026 22:10:52.040 WARNING [main] org.apache.catalina.core.StandardServer.await Invalid shutdown command [] received
03-Apr-2026 22:10:58.511 WARNING [main] org.apache.catalina.core.StandardServer.await Invalid shutdown command [] received
03-Apr-2026 22:11:04.978 WARNING [main] org.apache.catalina.core.StandardServer.await Invalid shutdown command [] received
03-Apr-2026 22:11:11.451 WARNING [main] org.apache.catalina.core.StandardServer.await Invalid shutdown command [] received
03-Apr-2026 22:11:17.957 WARNING [main] org.apache.catalina.core.StandardServer.await Invalid shutdown command [] received
03-Apr-2026 22:11:24.430 WARNING [main] org.apache.catalina.core.StandardServer.await Invalid shutdown command [] received
03-Apr-2026 22:11:30.904 WARNING [main] org.apache.catalina.core.StandardServer.await Invalid shutdown command [] received
03-Apr-2026 22:11:37.374 WARNING [main] org.apache.catalina.core.StandardServer.await Invalid shutdown command [] received
03-Apr-2026 22:11:43.845 WARNING [main] org.apache.catalina.core.StandardServer.await Invalid shutdown command [] received
03-Apr-2026 22:11:50.341 WARNING [main] org.apache.catalina.core.StandardServer.await Invalid shutdown command [] received
03-Apr-2026 22:11:56.814 WARNING [main] org.apache.catalina.core.StandardServer.await Invalid shutdown command [] received
03-Apr-2026 22:12:03.282 WARNING [main] org.apache.catalina.core.StandardServer.await Invalid shutdown command [] received
03-Apr-2026 22:12:09.759 WARNING [main] org.apache.catalina.core.StandardServer.await Invalid shutdown command [] received
03-Apr-2026 22:12:16.224 WARNING [main] org.apache.catalina.core.StandardServer.await Invalid shutdown command [] received
03-Apr-2026 22:12:22.725 WARNING [main] org.apache.catalina.core.StandardServer.await Invalid shutdown command [] received
03-Apr-2026 22:12:29.195 WARNING [main] org.apache.catalina.core.StandardServer.await Invalid shutdown command [] received
03-Apr-2026 22:12:35.665 WARNING [main] org.apache.catalina.core.StandardServer.await Invalid shutdown command [] received
03-Apr-2026 22:12:42.143 WARNING [main] org.apache.catalina.core.StandardServer.await Invalid shutdown command [] received
03-Apr-2026 22:12:48.609 WARNING [main] org.apache.catalina.core.StandardServer.await Invalid shutdown command [] received
03-Apr-2026 22:12:55.083 WARNING [main] org.apache.catalina.core.StandardServer.await Invalid shutdown command [] received
03-Apr-2026 22:13:01.553 WARNING [main] org.apache.catalina.core.StandardServer.await Invalid shutdown command [] received
03-Apr-2026 22:13:08.030 WARNING [main] org.apache.catalina.core.StandardServer.await Invalid shutdown command [] received
03-Apr-2026 22:13:14.495 WARNING [main] org.apache.catalina.core.StandardServer.await Invalid shutdown command [] received
03-Apr-2026 22:13:20.963 WARNING [main] org.apache.catalina.core.StandardServer.await Invalid shutdown command [] received
03-Apr-2026 22:13:27.456 WARNING [main] org.apache.catalina.core.StandardServer.await Invalid shutdown command [] received
03-Apr-2026 22:13:33.923 WARNING [main] org.apache.catalina.core.StandardServer.await Invalid shutdown command [] received
03-Apr-2026 22:13:40.398 WARNING [main] org.apache.catalina.core.StandardServer.await Invalid shutdown command [] received
03-Apr-2026 22:13:46.859 WARNING [main] org.apache.catalina.core.StandardServer.await Invalid shutdown command [] received
03-Apr-2026 22:13:53.331 WARNING [main] org.apache.catalina.core.StandardServer.await Invalid shutdown command [] received
03-Apr-2026 22:13:59.797 WARNING [main] org.apache.catalina.core.StandardServer.await Invalid shutdown command [] received
03-Apr-2026 22:14:06.271 WARNING [main] org.apache.catalina.core.StandardServer.await Invalid shutdown command [] received
03-Apr-2026 22:14:12.739 WARNING [main] org.apache.catalina.core.StandardServer.await Invalid shutdown command [] received
03-Apr-2026 22:14:19.205 WARNING [main] org.apache.catalina.core.StandardServer.await Invalid shutdown command [] received
03-Apr-2026 22:14:25.672 WARNING [main] org.apache.catalina.core.StandardServer.await Invalid shutdown command [] received
03-Apr-2026 22:14:32.168 WARNING [main] org.apache.catalina.core.StandardServer.await Invalid shutdown command [] received
03-Apr-2026 22:14:38.645 WARNING [main] org.apache.catalina.core.StandardServer.await Invalid shutdown command [] received
03-Apr-2026 22:14:45.108 WARNING [main] org.apache.catalina.core.StandardServer.await Invalid shutdown command [] received
03-Apr-2026 22:14:51.578 WARNING [main] org.apache.catalina.core.StandardServer.await Invalid shutdown command [] received
03-Apr-2026 22:14:58.047 WARNING [main] org.apache.catalina.core.StandardServer.await Invalid shutdown command [] received
03-Apr-2026 22:15:04.519 WARNING [main] org.apache.catalina.core.StandardServer.await Invalid shutdown command [] received
03-Apr-2026 22:15:10.983 WARNING [main] org.apache.catalina.core.StandardServer.await Invalid shutdown command [] received
03-Apr-2026 22:15:17.453 WARNING [main] org.apache.catalina.core.StandardServer.await Invalid shutdown command [] received
03-Apr-2026 22:15:23.917 WARNING [main] org.apache.catalina.core.StandardServer.await Invalid shutdown command [] received
03-Apr-2026 22:15:30.392 WARNING [main] org.apache.catalina.core.StandardServer.await Invalid shutdown command [] received
03-Apr-2026 22:15:36.886 WARNING [main] org.apache.catalina.core.StandardServer.await Invalid shutdown command [] received
03-Apr-2026 22:15:43.371 WARNING [main] org.apache.catalina.core.StandardServer.await Invalid shutdown command [] received
03-Apr-2026 22:15:49.844 WARNING [main] org.apache.catalina.core.StandardServer.await Invalid shutdown command [] received
03-Apr-2026 22:15:56.312 WARNING [main] org.apache.catalina.core.StandardServer.await Invalid shutdown command [] received
03-Apr-2026 22:16:02.784 WARNING [main] org.apache.catalina.core.StandardServer.await Invalid shutdown command [] received
03-Apr-2026 22:16:09.253 WARNING [main] org.apache.catalina.core.StandardServer.await Invalid shutdown command [] received
03-Apr-2026 22:16:15.719 WARNING [main] org.apache.catalina.core.StandardServer.await Invalid shutdown command [] received
03-Apr-2026 22:16:22.192 WARNING [main] org.apache.catalina.core.StandardServer.await Invalid shutdown command [] received
03-Apr-2026 22:16:28.665 WARNING [main] org.apache.catalina.core.StandardServer.await Invalid shutdown command [] received
03-Apr-2026 22:16:35.137 WARNING [main] org.apache.catalina.core.StandardServer.await Invalid shutdown command [] received
03-Apr-2026 22:16:41.605 WARNING [main] org.apache.catalina.core.StandardServer.await Invalid shutdown command [] received
03-Apr-2026 22:16:48.096 WARNING [main] org.apache.catalina.core.StandardServer.await Invalid shutdown command [] received
03-Apr-2026 22:16:54.570 WARNING [main] org.apache.catalina.core.StandardServer.await Invalid shutdown command [] received
03-Apr-2026 22:17:01.039 WARNING [main] org.apache.catalina.core.StandardServer.await Invalid shutdown command [] received
03-Apr-2026 22:17:07.515 WARNING [main] org.apache.catalina.core.StandardServer.await Invalid shutdown command [] received
03-Apr-2026 22:17:13.982 WARNING [main] org.apache.catalina.core.StandardServer.await Invalid shutdown command [] received
03-Apr-2026 22:17:20.450 WARNING [main] org.apache.catalina.core.StandardServer.await Invalid shutdown command [] received
03-Apr-2026 22:17:26.919 WARNING [main] org.apache.catalina.core.StandardServer.await Invalid shutdown command [] received
03-Apr-2026 22:17:33.392 WARNING [main] org.apache.catalina.core.StandardServer.await Invalid shutdown command [] received
03-Apr-2026 22:17:39.865 WARNING [main] org.apache.catalina.core.StandardServer.await Invalid shutdown command [] received
03-Apr-2026 22:17:46.336 WARNING [main] org.apache.catalina.core.StandardServer.await Invalid shutdown command [] received
03-Apr-2026 22:17:52.829 WARNING [main] org.apache.catalina.core.StandardServer.await Invalid shutdown command [] received
03-Apr-2026 22:17:59.298 WARNING [main] org.apache.catalina.core.StandardServer.await Invalid shutdown command [] received
03-Apr-2026 22:18:05.764 WARNING [main] org.apache.catalina.core.StandardServer.await Invalid shutdown command [] received
03-Apr-2026 22:18:12.234 WARNING [main] org.apache.catalina.core.StandardServer.await Invalid shutdown command [] received
03-Apr-2026 22:18:18.712 WARNING [main] org.apache.catalina.core.StandardServer.await Invalid shutdown command [] received
03-Apr-2026 22:18:25.174 WARNING [main] org.apache.catalina.core.StandardServer.await Invalid shutdown command [] received
03-Apr-2026 22:18:31.650 WARNING [main] org.apache.catalina.core.StandardServer.await Invalid shutdown command [] received
03-Apr-2026 22:18:38.097 WARNING [main] org.apache.catalina.core.StandardServer.await Invalid shutdown command [] received
03-Apr-2026 22:18:44.560 WARNING [main] org.apache.catalina.core.StandardServer.await Invalid shutdown command [] received
03-Apr-2026 22:18:51.033 WARNING [main] org.apache.catalina.core.StandardServer.await Invalid shutdown command [] received
03-Apr-2026 22:18:57.518 WARNING [main] org.apache.catalina.core.StandardServer.await Invalid shutdown command [] received
03-Apr-2026 22:19:04.082 WARNING [main] org.apache.catalina.core.StandardServer.await Invalid shutdown command [] received
03-Apr-2026 22:19:10.555 WARNING [main] org.apache.catalina.core.StandardServer.await Invalid shutdown command [] received
03-Apr-2026 22:19:17.021 WARNING [main] org.apache.catalina.core.StandardServer.await Invalid shutdown command [] received
03-Apr-2026 22:19:23.501 WARNING [main] org.apache.catalina.core.StandardServer.await Invalid shutdown command [] received
03-Apr-2026 22:19:29.964 WARNING [main] org.apache.catalina.core.StandardServer.await Invalid shutdown command [] received
03-Apr-2026 22:19:36.461 WARNING [main] org.apache.catalina.core.StandardServer.await Invalid shutdown command [] received
03-Apr-2026 22:19:42.923 WARNING [main] org.apache.catalina.core.StandardServer.await Invalid shutdown command [] received
03-Apr-2026 22:19:49.412 WARNING [main] org.apache.catalina.core.StandardServer.await Invalid shutdown command [] received
03-Apr-2026 22:19:55.894 WARNING [main] org.apache.catalina.core.StandardServer.await Invalid shutdown command [] received
03-Apr-2026 22:20:02.391 WARNING [main] org.apache.catalina.core.StandardServer.await Invalid shutdown command [] received
03-Apr-2026 22:20:08.858 WARNING [main] org.apache.catalina.core.StandardServer.await Invalid shutdown command [] received
03-Apr-2026 22:20:15.326 WARNING [main] org.apache.catalina.core.StandardServer.await Invalid shutdown command [] received
03-Apr-2026 22:20:21.795 WARNING [main] org.apache.catalina.core.StandardServer.await Invalid shutdown command [] received
03-Apr-2026 22:20:28.266 WARNING [main] org.apache.catalina.core.StandardServer.await Invalid shutdown command [] received
03-Apr-2026 22:20:34.736 WARNING [main] org.apache.catalina.core.StandardServer.await Invalid shutdown command [] received
03-Apr-2026 22:20:41.205 WARNING [main] org.apache.catalina.core.StandardServer.await Invalid shutdown command [] received
03-Apr-2026 22:20:47.675 WARNING [main] org.apache.catalina.core.StandardServer.await Invalid shutdown command [] received
03-Apr-2026 22:20:54.144 WARNING [main] org.apache.catalina.core.StandardServer.await Invalid shutdown command [] received
03-Apr-2026 22:21:00.627 WARNING [main] org.apache.catalina.core.StandardServer.await Invalid shutdown command [] received
03-Apr-2026 22:21:07.129 WARNING [main] org.apache.catalina.core.StandardServer.await Invalid shutdown command [] received
03-Apr-2026 22:21:13.598 WARNING [main] org.apache.catalina.core.StandardServer.await Invalid shutdown command [] received
03-Apr-2026 22:21:20.067 WARNING [main] org.apache.catalina.core.StandardServer.await Invalid shutdown command [] received
03-Apr-2026 22:21:26.542 WARNING [main] org.apache.catalina.core.StandardServer.await Invalid shutdown command [] received
03-Apr-2026 22:21:33.014 WARNING [main] org.apache.catalina.core.StandardServer.await Invalid shutdown command [] received
03-Apr-2026 22:21:39.484 WARNING [main] org.apache.catalina.core.StandardServer.await Invalid shutdown command [] received
03-Apr-2026 22:21:45.953 WARNING [main] org.apache.catalina.core.StandardServer.await Invalid shutdown command [] received
03-Apr-2026 22:21:52.424 WARNING [main] org.apache.catalina.core.StandardServer.await Invalid shutdown command [] received
03-Apr-2026 22:21:58.897 WARNING [main] org.apache.catalina.core.StandardServer.await Invalid shutdown command [] received
03-Apr-2026 22:22:05.368 WARNING [main] org.apache.catalina.core.StandardServer.await Invalid shutdown command [] received
03-Apr-2026 22:22:11.851 WARNING [main] org.apache.catalina.core.StandardServer.await Invalid shutdown command [] received
03-Apr-2026 22:22:18.330 WARNING [main] org.apache.catalina.core.StandardServer.await Invalid shutdown command [] received
03-Apr-2026 22:22:24.795 WARNING [main] org.apache.catalina.core.StandardServer.await Invalid shutdown command [] received
03-Apr-2026 22:22:31.265 WARNING [main] org.apache.catalina.core.StandardServer.await Invalid shutdown command [] received
03-Apr-2026 22:22:37.753 WARNING [main] org.apache.catalina.core.StandardServer.await Invalid shutdown command [] received
03-Apr-2026 22:22:44.217 WARNING [main] org.apache.catalina.core.StandardServer.await Invalid shutdown command [] received
03-Apr-2026 22:22:50.683 WARNING [main] org.apache.catalina.core.StandardServer.await Invalid shutdown command [] received
03-Apr-2026 22:22:57.156 WARNING [main] org.apache.catalina.core.StandardServer.await Invalid shutdown command [] received
03-Apr-2026 22:23:03.628 WARNING [main] org.apache.catalina.core.StandardServer.await Invalid shutdown command [] received
03-Apr-2026 22:23:10.096 WARNING [main] org.apache.catalina.core.StandardServer.await Invalid shutdown command [] received
03-Apr-2026 22:23:16.563 WARNING [main] org.apache.catalina.core.StandardServer.await Invalid shutdown command [] received
03-Apr-2026 22:23:23.029 WARNING [main] org.apache.catalina.core.StandardServer.await Invalid shutdown command [] received
03-Apr-2026 22:23:29.500 WARNING [main] org.apache.catalina.core.StandardServer.await Invalid shutdown command [] received
03-Apr-2026 22:23:35.970 WARNING [main] org.apache.catalina.core.StandardServer.await Invalid shutdown command [] received
03-Apr-2026 22:23:42.438 WARNING [main] org.apache.catalina.core.StandardServer.await Invalid shutdown command [] received
03-Apr-2026 22:23:48.906 WARNING [main] org.apache.catalina.core.StandardServer.await Invalid shutdown command [] received
03-Apr-2026 22:23:55.377 WARNING [main] org.apache.catalina.core.StandardServer.await Invalid shutdown command [] received
03-Apr-2026 22:24:01.845 WARNING [main] org.apache.catalina.core.StandardServer.await Invalid shutdown command [] received
03-Apr-2026 22:24:08.315 WARNING [main] org.apache.catalina.core.StandardServer.await Invalid shutdown command [] received
03-Apr-2026 22:24:14.783 WARNING [main] org.apache.catalina.core.StandardServer.await Invalid shutdown command [] received
03-Apr-2026 22:24:21.250 WARNING [main] org.apache.catalina.core.StandardServer.await Invalid shutdown command [] received
03-Apr-2026 22:24:27.750 WARNING [main] org.apache.catalina.core.StandardServer.await Invalid shutdown command [] received
03-Apr-2026 22:24:34.224 WARNING [main] org.apache.catalina.core.StandardServer.await Invalid shutdown command [] received
03-Apr-2026 22:24:40.694 WARNING [main] org.apache.catalina.core.StandardServer.await Invalid shutdown command [] received
03-Apr-2026 22:24:47.161 WARNING [main] org.apache.catalina.core.StandardServer.await Invalid shutdown command [] received
03-Apr-2026 22:24:53.629 WARNING [main] org.apache.catalina.core.StandardServer.await Invalid shutdown command [] received
03-Apr-2026 22:25:00.096 WARNING [main] org.apache.catalina.core.StandardServer.await Invalid shutdown command [] received
03-Apr-2026 22:25:06.564 WARNING [main] org.apache.catalina.core.StandardServer.await Invalid shutdown command [] received
03-Apr-2026 22:25:13.031 WARNING [main] org.apache.catalina.core.StandardServer.await Invalid shutdown command [] received
03-Apr-2026 22:25:19.499 WARNING [main] org.apache.catalina.core.StandardServer.await Invalid shutdown command [] received
03-Apr-2026 22:25:25.973 WARNING [main] org.apache.catalina.core.StandardServer.await Invalid shutdown command [] received
03-Apr-2026 22:25:32.481 WARNING [main] org.apache.catalina.core.StandardServer.await Invalid shutdown command [] received
03-Apr-2026 22:25:38.943 WARNING [main] org.apache.catalina.core.StandardServer.await Invalid shutdown command [] received
03-Apr-2026 22:25:45.409 WARNING [main] org.apache.catalina.core.StandardServer.await Invalid shutdown command [] received
03-Apr-2026 22:25:51.877 WARNING [main] org.apache.catalina.core.StandardServer.await Invalid shutdown command [] received
03-Apr-2026 22:25:58.350 WARNING [main] org.apache.catalina.core.StandardServer.await Invalid shutdown command [] received
03-Apr-2026 22:26:04.820 WARNING [main] org.apache.catalina.core.StandardServer.await Invalid shutdown command [] received
03-Apr-2026 22:26:11.288 WARNING [main] org.apache.catalina.core.StandardServer.await Invalid shutdown command [] received
03-Apr-2026 22:26:17.753 WARNING [main] org.apache.catalina.core.StandardServer.await Invalid shutdown command [] received
03-Apr-2026 22:26:24.220 WARNING [main] org.apache.catalina.core.StandardServer.await Invalid shutdown command [] received
03-Apr-2026 22:26:30.692 WARNING [main] org.apache.catalina.core.StandardServer.await Invalid shutdown command [] received
03-Apr-2026 22:26:37.189 WARNING [main] org.apache.catalina.core.StandardServer.await Invalid shutdown command [] received
03-Apr-2026 22:26:43.659 WARNING [main] org.apache.catalina.core.StandardServer.await Invalid shutdown command [] received
03-Apr-2026 22:26:50.132 WARNING [main] org.apache.catalina.core.StandardServer.await Invalid shutdown command [] received
03-Apr-2026 22:26:56.603 WARNING [main] org.apache.catalina.core.StandardServer.await Invalid shutdown command [] received
03-Apr-2026 22:27:03.074 WARNING [main] org.apache.catalina.core.StandardServer.await Invalid shutdown command [] received
03-Apr-2026 22:27:09.544 WARNING [main] org.apache.catalina.core.StandardServer.await Invalid shutdown command [] received
03-Apr-2026 22:27:16.015 WARNING [main] org.apache.catalina.core.StandardServer.await Invalid shutdown command [] received
03-Apr-2026 22:27:22.480 WARNING [main] org.apache.catalina.core.StandardServer.await Invalid shutdown command [] received
03-Apr-2026 22:27:28.952 WARNING [main] org.apache.catalina.core.StandardServer.await Invalid shutdown command [] received
03-Apr-2026 22:27:35.424 WARNING [main] org.apache.catalina.core.StandardServer.await Invalid shutdown command [] received
03-Apr-2026 22:27:41.916 WARNING [main] org.apache.catalina.core.StandardServer.await Invalid shutdown command [] received
03-Apr-2026 22:27:48.389 WARNING [main] org.apache.catalina.core.StandardServer.await Invalid shutdown command [] received
03-Apr-2026 22:27:54.860 WARNING [main] org.apache.catalina.core.StandardServer.await Invalid shutdown command [] received
03-Apr-2026 22:28:01.326 WARNING [main] org.apache.catalina.core.StandardServer.await Invalid shutdown command [] received
03-Apr-2026 22:28:07.791 WARNING [main] org.apache.catalina.core.StandardServer.await Invalid shutdown command [] received
03-Apr-2026 22:28:14.264 WARNING [main] org.apache.catalina.core.StandardServer.await Invalid shutdown command [] received
03-Apr-2026 22:28:20.733 WARNING [main] org.apache.catalina.core.StandardServer.await Invalid shutdown command [] received
03-Apr-2026 22:28:27.202 WARNING [main] org.apache.catalina.core.StandardServer.await Invalid shutdown command [] received
03-Apr-2026 22:28:33.666 WARNING [main] org.apache.catalina.core.StandardServer.await Invalid shutdown command [] received
03-Apr-2026 22:28:40.134 WARNING [main] org.apache.catalina.core.StandardServer.await Invalid shutdown command [] received
03-Apr-2026 22:28:46.632 WARNING [main] org.apache.catalina.core.StandardServer.await Invalid shutdown command [] received
03-Apr-2026 22:28:53.107 WARNING [main] org.apache.catalina.core.StandardServer.await Invalid shutdown command [] received
03-Apr-2026 22:28:59.575 WARNING [main] org.apache.catalina.core.StandardServer.await Invalid shutdown command [] received
03-Apr-2026 22:29:06.046 WARNING [main] org.apache.catalina.core.StandardServer.await Invalid shutdown command [] received
03-Apr-2026 22:29:12.520 WARNING [main] org.apache.catalina.core.StandardServer.await Invalid shutdown command [] received
03-Apr-2026 22:29:18.991 WARNING [main] org.apache.catalina.core.StandardServer.await Invalid shutdown command [] received
03-Apr-2026 22:29:25.460 WARNING [main] org.apache.catalina.core.StandardServer.await Invalid shutdown command [] received
03-Apr-2026 22:29:31.927 WARNING [main] org.apache.catalina.core.StandardServer.await Invalid shutdown command [] received
03-Apr-2026 22:29:38.397 WARNING [main] org.apache.catalina.core.StandardServer.await Invalid shutdown command [] received
03-Apr-2026 22:29:44.863 WARNING [main] org.apache.catalina.core.StandardServer.await Invalid shutdown command [] received
03-Apr-2026 22:29:51.337 WARNING [main] org.apache.catalina.core.StandardServer.await Invalid shutdown command [] received
03-Apr-2026 22:29:57.809 WARNING [main] org.apache.catalina.core.StandardServer.await Invalid shutdown command [] received
03-Apr-2026 22:30:04.277 WARNING [main] org.apache.catalina.core.StandardServer.await Invalid shutdown command [] received
03-Apr-2026 22:30:10.750 WARNING [main] org.apache.catalina.core.StandardServer.await Invalid shutdown command [] received
03-Apr-2026 22:30:17.215 WARNING [main] org.apache.catalina.core.StandardServer.await Invalid shutdown command [] received
03-Apr-2026 22:30:23.678 WARNING [main] org.apache.catalina.core.StandardServer.await Invalid shutdown command [] received
03-Apr-2026 22:30:30.142 WARNING [main] org.apache.catalina.core.StandardServer.await Invalid shutdown command [] received
03-Apr-2026 22:30:36.613 WARNING [main] org.apache.catalina.core.StandardServer.await Invalid shutdown command [] received
03-Apr-2026 22:30:43.087 WARNING [main] org.apache.catalina.core.StandardServer.await Invalid shutdown command [] received
03-Apr-2026 22:30:49.565 WARNING [main] org.apache.catalina.core.StandardServer.await Invalid shutdown command [] received
03-Apr-2026 22:30:56.028 WARNING [main] org.apache.catalina.core.StandardServer.await Invalid shutdown command [] received
03-Apr-2026 22:31:02.523 WARNING [main] org.apache.catalina.core.StandardServer.await Invalid shutdown command [] received
03-Apr-2026 22:31:08.983 WARNING [main] org.apache.catalina.core.StandardServer.await Invalid shutdown command [] received
03-Apr-2026 22:31:15.461 WARNING [main] org.apache.catalina.core.StandardServer.await Invalid shutdown command [] received
03-Apr-2026 22:31:21.923 WARNING [main] org.apache.catalina.core.StandardServer.await Invalid shutdown command [] received
03-Apr-2026 22:31:28.396 WARNING [main] org.apache.catalina.core.StandardServer.await Invalid shutdown command [] received
03-Apr-2026 22:31:34.860 WARNING [main] org.apache.catalina.core.StandardServer.await Invalid shutdown command [] received
03-Apr-2026 22:31:41.330 WARNING [main] org.apache.catalina.core.StandardServer.await Invalid shutdown command [] received
03-Apr-2026 22:31:47.799 WARNING [main] org.apache.catalina.core.StandardServer.await Invalid shutdown command [] received
03-Apr-2026 22:31:54.253 WARNING [main] org.apache.catalina.core.StandardServer.await Invalid shutdown command [] received
03-Apr-2026 22:32:00.718 WARNING [main] org.apache.catalina.core.StandardServer.await Invalid shutdown command [] received
03-Apr-2026 22:32:07.212 WARNING [main] org.apache.catalina.core.StandardServer.await Invalid shutdown command [] received
03-Apr-2026 22:32:13.687 WARNING [main] org.apache.catalina.core.StandardServer.await Invalid shutdown command [] received
03-Apr-2026 22:32:20.158 WARNING [main] org.apache.catalina.core.StandardServer.await Invalid shutdown command [] received
03-Apr-2026 22:32:26.634 WARNING [main] org.apache.catalina.core.StandardServer.await Invalid shutdown command [] received
03-Apr-2026 22:32:33.108 WARNING [main] org.apache.catalina.core.StandardServer.await Invalid shutdown command [] received
03-Apr-2026 22:32:39.583 WARNING [main] org.apache.catalina.core.StandardServer.await Invalid shutdown command [] received
03-Apr-2026 22:32:46.050 WARNING [main] org.apache.catalina.core.StandardServer.await Invalid shutdown command [] received
03-Apr-2026 22:32:52.520 WARNING [main] org.apache.catalina.core.StandardServer.await Invalid shutdown command [] received
03-Apr-2026 22:32:58.987 WARNING [main] org.apache.catalina.core.StandardServer.await Invalid shutdown command [] received
03-Apr-2026 22:33:05.453 WARNING [main] org.apache.catalina.core.StandardServer.await Invalid shutdown command [] received
03-Apr-2026 22:33:11.944 WARNING [main] org.apache.catalina.core.StandardServer.await Invalid shutdown command [] received
03-Apr-2026 22:33:18.406 WARNING [main] org.apache.catalina.core.StandardServer.await Invalid shutdown command [] received
03-Apr-2026 22:33:24.879 WARNING [main] org.apache.catalina.core.StandardServer.await Invalid shutdown command [] received
03-Apr-2026 22:33:31.344 WARNING [main] org.apache.catalina.core.StandardServer.await Invalid shutdown command [] received
03-Apr-2026 22:33:37.811 WARNING [main] org.apache.catalina.core.StandardServer.await Invalid shutdown command [] received
03-Apr-2026 22:33:44.285 WARNING [main] org.apache.catalina.core.StandardServer.await Invalid shutdown command [] received
03-Apr-2026 22:33:50.751 WARNING [main] org.apache.catalina.core.StandardServer.await Invalid shutdown command [] received
03-Apr-2026 22:33:57.216 WARNING [main] org.apache.catalina.core.StandardServer.await Invalid shutdown command [] received
03-Apr-2026 22:34:03.687 WARNING [main] org.apache.catalina.core.StandardServer.await Invalid shutdown command [] received
03-Apr-2026 22:34:10.157 WARNING [main] org.apache.catalina.core.StandardServer.await Invalid shutdown command [] received
03-Apr-2026 22:34:16.675 WARNING [main] org.apache.catalina.core.StandardServer.await Invalid shutdown command [] received
03-Apr-2026 22:34:23.141 WARNING [main] org.apache.catalina.core.StandardServer.await Invalid shutdown command [] received
03-Apr-2026 22:34:29.611 WARNING [main] org.apache.catalina.core.StandardServer.await Invalid shutdown command [] received
03-Apr-2026 22:34:36.078 WARNING [main] org.apache.catalina.core.StandardServer.await Invalid shutdown command [] received
03-Apr-2026 22:34:42.554 WARNING [main] org.apache.catalina.core.StandardServer.await Invalid shutdown command [] received
03-Apr-2026 22:34:49.018 WARNING [main] org.apache.catalina.core.StandardServer.await Invalid shutdown command [] received
03-Apr-2026 22:34:55.480 WARNING [main] org.apache.catalina.core.StandardServer.await Invalid shutdown command [] received
03-Apr-2026 22:35:01.951 WARNING [main] org.apache.catalina.core.StandardServer.await Invalid shutdown command [] received
03-Apr-2026 22:35:08.419 WARNING [main] org.apache.catalina.core.StandardServer.await Invalid shutdown command [] received
03-Apr-2026 22:35:14.883 WARNING [main] org.apache.catalina.core.StandardServer.await Invalid shutdown command [] received
03-Apr-2026 22:35:21.376 WARNING [main] org.apache.catalina.core.StandardServer.await Invalid shutdown command [] received
03-Apr-2026 22:35:27.841 WARNING [main] org.apache.catalina.core.StandardServer.await Invalid shutdown command [] received
03-Apr-2026 22:35:34.297 WARNING [main] org.apache.catalina.core.StandardServer.await Invalid shutdown command [] received
03-Apr-2026 22:35:40.762 WARNING [main] org.apache.catalina.core.StandardServer.await Invalid shutdown command [] received
03-Apr-2026 22:35:47.236 WARNING [main] org.apache.catalina.core.StandardServer.await Invalid shutdown command [] received
03-Apr-2026 22:35:53.707 WARNING [main] org.apache.catalina.core.StandardServer.await Invalid shutdown command [] received
03-Apr-2026 22:36:00.179 WARNING [main] org.apache.catalina.core.StandardServer.await Invalid shutdown command [] received
03-Apr-2026 22:36:06.642 WARNING [main] org.apache.catalina.core.StandardServer.await Invalid shutdown command [] received
03-Apr-2026 22:36:13.116 WARNING [main] org.apache.catalina.core.StandardServer.await Invalid shutdown command [] received
03-Apr-2026 22:36:19.588 WARNING [main] org.apache.catalina.core.StandardServer.await Invalid shutdown command [] received
03-Apr-2026 22:36:26.077 WARNING [main] org.apache.catalina.core.StandardServer.await Invalid shutdown command [] received
03-Apr-2026 22:36:32.535 WARNING [main] org.apache.catalina.core.StandardServer.await Invalid shutdown command [] received
03-Apr-2026 22:36:39.010 WARNING [main] org.apache.catalina.core.StandardServer.await Invalid shutdown command [] received
03-Apr-2026 22:36:45.481 WARNING [main] org.apache.catalina.core.StandardServer.await Invalid shutdown command [] received
03-Apr-2026 22:36:51.946 WARNING [main] org.apache.catalina.core.StandardServer.await Invalid shutdown command [] received
03-Apr-2026 22:36:58.414 WARNING [main] org.apache.catalina.core.StandardServer.await Invalid shutdown command [] received
03-Apr-2026 22:37:04.885 WARNING [main] org.apache.catalina.core.StandardServer.await Invalid shutdown command [] received
03-Apr-2026 22:37:11.352 WARNING [main] org.apache.catalina.core.StandardServer.await Invalid shutdown command [] received
03-Apr-2026 22:37:17.825 WARNING [main] org.apache.catalina.core.StandardServer.await Invalid shutdown command [] received
03-Apr-2026 22:37:24.289 WARNING [main] org.apache.catalina.core.StandardServer.await Invalid shutdown command [] received
03-Apr-2026 22:37:30.759 WARNING [main] org.apache.catalina.core.StandardServer.await Invalid shutdown command [] received
03-Apr-2026 22:37:37.224 WARNING [main] org.apache.catalina.core.StandardServer.await Invalid shutdown command [] received
03-Apr-2026 22:37:43.697 WARNING [main] org.apache.catalina.core.StandardServer.await Invalid shutdown command [] received
03-Apr-2026 22:37:50.173 WARNING [main] org.apache.catalina.core.StandardServer.await Invalid shutdown command [] received
03-Apr-2026 22:37:56.638 WARNING [main] org.apache.catalina.core.StandardServer.await Invalid shutdown command [] received
03-Apr-2026 22:38:03.106 WARNING [main] org.apache.catalina.core.StandardServer.await Invalid shutdown command [] received
03-Apr-2026 22:38:09.582 WARNING [main] org.apache.catalina.core.StandardServer.await Invalid shutdown command [] received
03-Apr-2026 22:38:16.048 WARNING [main] org.apache.catalina.core.StandardServer.await Invalid shutdown command [] received
03-Apr-2026 22:38:22.519 WARNING [main] org.apache.catalina.core.StandardServer.await Invalid shutdown command [] received
03-Apr-2026 22:38:28.982 WARNING [main] org.apache.catalina.core.StandardServer.await Invalid shutdown command [] received
03-Apr-2026 22:38:35.463 WARNING [main] org.apache.catalina.core.StandardServer.await Invalid shutdown command [] received
03-Apr-2026 22:38:41.950 WARNING [main] org.apache.catalina.core.StandardServer.await Invalid shutdown command [] received
03-Apr-2026 22:38:48.422 WARNING [main] org.apache.catalina.core.StandardServer.await Invalid shutdown command [] received
03-Apr-2026 22:38:54.895 WARNING [main] org.apache.catalina.core.StandardServer.await Invalid shutdown command [] received
03-Apr-2026 22:39:01.366 WARNING [main] org.apache.catalina.core.StandardServer.await Invalid shutdown command [] received
03-Apr-2026 22:39:07.841 WARNING [main] org.apache.catalina.core.StandardServer.await Invalid shutdown command [] received
03-Apr-2026 22:39:14.306 WARNING [main] org.apache.catalina.core.StandardServer.await Invalid shutdown command [] received
03-Apr-2026 22:39:20.770 WARNING [main] org.apache.catalina.core.StandardServer.await Invalid shutdown command [] received
03-Apr-2026 22:39:27.241 WARNING [main] org.apache.catalina.core.StandardServer.await Invalid shutdown command [] received
03-Apr-2026 22:39:33.713 WARNING [main] org.apache.catalina.core.StandardServer.await Invalid shutdown command [] received
03-Apr-2026 22:39:40.186 WARNING [main] org.apache.catalina.core.StandardServer.await Invalid shutdown command [] received
03-Apr-2026 22:39:46.683 WARNING [main] org.apache.catalina.core.StandardServer.await Invalid shutdown command [] received
03-Apr-2026 22:39:53.160 WARNING [main] org.apache.catalina.core.StandardServer.await Invalid shutdown command [] received
03-Apr-2026 22:39:59.631 WARNING [main] org.apache.catalina.core.StandardServer.await Invalid shutdown command [] received
03-Apr-2026 22:40:06.094 WARNING [main] org.apache.catalina.core.StandardServer.await Invalid shutdown command [] received
03-Apr-2026 22:40:12.562 WARNING [main] org.apache.catalina.core.StandardServer.await Invalid shutdown command [] received
03-Apr-2026 22:40:19.032 WARNING [main] org.apache.catalina.core.StandardServer.await Invalid shutdown command [] received
03-Apr-2026 22:40:25.501 WARNING [main] org.apache.catalina.core.StandardServer.await Invalid shutdown command [] received
03-Apr-2026 22:40:31.972 WARNING [main] org.apache.catalina.core.StandardServer.await Invalid shutdown command [] received
03-Apr-2026 22:40:38.443 WARNING [main] org.apache.catalina.core.StandardServer.await Invalid shutdown command [] received
03-Apr-2026 22:40:44.914 WARNING [main] org.apache.catalina.core.StandardServer.await Invalid shutdown command [] received
03-Apr-2026 22:40:51.431 WARNING [main] org.apache.catalina.core.StandardServer.await Invalid shutdown command [] received
03-Apr-2026 22:40:57.898 WARNING [main] org.apache.catalina.core.StandardServer.await Invalid shutdown command [] received
03-Apr-2026 22:41:04.372 WARNING [main] org.apache.catalina.core.StandardServer.await Invalid shutdown command [] received
03-Apr-2026 22:41:10.839 WARNING [main] org.apache.catalina.core.StandardServer.await Invalid shutdown command [] received
03-Apr-2026 22:41:17.307 WARNING [main] org.apache.catalina.core.StandardServer.await Invalid shutdown command [] received
03-Apr-2026 22:41:23.774 WARNING [main] org.apache.catalina.core.StandardServer.await Invalid shutdown command [] received
03-Apr-2026 22:41:30.245 WARNING [main] org.apache.catalina.core.StandardServer.await Invalid shutdown command [] received
03-Apr-2026 22:41:36.711 WARNING [main] org.apache.catalina.core.StandardServer.await Invalid shutdown command [] received
03-Apr-2026 22:41:43.187 WARNING [main] org.apache.catalina.core.StandardServer.await Invalid shutdown command [] received
03-Apr-2026 22:41:49.651 WARNING [main] org.apache.catalina.core.StandardServer.await Invalid shutdown command [] received
03-Apr-2026 22:41:56.152 WARNING [main] org.apache.catalina.core.StandardServer.await Invalid shutdown command [] received
03-Apr-2026 22:42:02.622 WARNING [main] org.apache.catalina.core.StandardServer.await Invalid shutdown command [] received
03-Apr-2026 22:42:09.092 WARNING [main] org.apache.catalina.core.StandardServer.await Invalid shutdown command [] received
03-Apr-2026 22:42:15.562 WARNING [main] org.apache.catalina.core.StandardServer.await Invalid shutdown command [] received
03-Apr-2026 22:42:22.029 WARNING [main] org.apache.catalina.core.StandardServer.await Invalid shutdown command [] received
03-Apr-2026 22:42:28.499 WARNING [main] org.apache.catalina.core.StandardServer.await Invalid shutdown command [] received
03-Apr-2026 22:42:34.972 WARNING [main] org.apache.catalina.core.StandardServer.await Invalid shutdown command [] received
03-Apr-2026 22:42:41.444 WARNING [main] org.apache.catalina.core.StandardServer.await Invalid shutdown command [] received
03-Apr-2026 22:42:47.921 WARNING [main] org.apache.catalina.core.StandardServer.await Invalid shutdown command [] received
03-Apr-2026 22:42:54.396 WARNING [main] org.apache.catalina.core.StandardServer.await Invalid shutdown command [] received
03-Apr-2026 22:43:00.889 WARNING [main] org.apache.catalina.core.StandardServer.await Invalid shutdown command [] received
03-Apr-2026 22:43:07.352 WARNING [main] org.apache.catalina.core.StandardServer.await Invalid shutdown command [] received
03-Apr-2026 22:43:13.816 WARNING [main] org.apache.catalina.core.StandardServer.await Invalid shutdown command [] received
03-Apr-2026 22:43:20.284 WARNING [main] org.apache.catalina.core.StandardServer.await Invalid shutdown command [] received
03-Apr-2026 22:43:26.755 WARNING [main] org.apache.catalina.core.StandardServer.await Invalid shutdown command [] received
03-Apr-2026 22:43:33.224 WARNING [main] org.apache.catalina.core.StandardServer.await Invalid shutdown command [] received
03-Apr-2026 22:43:39.699 WARNING [main] org.apache.catalina.core.StandardServer.await Invalid shutdown command [] received
03-Apr-2026 22:43:46.170 WARNING [main] org.apache.catalina.core.StandardServer.await Invalid shutdown command [] received
03-Apr-2026 22:43:52.640 WARNING [main] org.apache.catalina.core.StandardServer.await Invalid shutdown command [] received
03-Apr-2026 22:43:59.110 WARNING [main] org.apache.catalina.core.StandardServer.await Invalid shutdown command [] received
03-Apr-2026 22:44:05.579 WARNING [main] org.apache.catalina.core.StandardServer.await Invalid shutdown command [] received
03-Apr-2026 22:44:12.042 WARNING [main] org.apache.catalina.core.StandardServer.await Invalid shutdown command [] received
03-Apr-2026 22:44:18.514 WARNING [main] org.apache.catalina.core.StandardServer.await Invalid shutdown command [] received
03-Apr-2026 22:44:24.978 WARNING [main] org.apache.catalina.core.StandardServer.await Invalid shutdown command [] received
03-Apr-2026 22:44:31.449 WARNING [main] org.apache.catalina.core.StandardServer.await Invalid shutdown command [] received
03-Apr-2026 22:44:37.913 WARNING [main] org.apache.catalina.core.StandardServer.await Invalid shutdown command [] received
03-Apr-2026 22:44:44.380 WARNING [main] org.apache.catalina.core.StandardServer.await Invalid shutdown command [] received
03-Apr-2026 22:44:50.853 WARNING [main] org.apache.catalina.core.StandardServer.await Invalid shutdown command [] received
03-Apr-2026 22:44:57.319 WARNING [main] org.apache.catalina.core.StandardServer.await Invalid shutdown command [] received
03-Apr-2026 22:45:03.787 WARNING [main] org.apache.catalina.core.StandardServer.await Invalid shutdown command [] received
03-Apr-2026 22:45:10.250 WARNING [main] org.apache.catalina.core.StandardServer.await Invalid shutdown command [] received
03-Apr-2026 22:45:16.728 WARNING [main] org.apache.catalina.core.StandardServer.await Invalid shutdown command [] received
03-Apr-2026 22:45:23.189 WARNING [main] org.apache.catalina.core.StandardServer.await Invalid shutdown command [] received
03-Apr-2026 22:45:29.655 WARNING [main] org.apache.catalina.core.StandardServer.await Invalid shutdown command [] received
03-Apr-2026 22:45:36.127 WARNING [main] org.apache.catalina.core.StandardServer.await Invalid shutdown command [] received
03-Apr-2026 22:45:42.594 WARNING [main] org.apache.catalina.core.StandardServer.await Invalid shutdown command [] received
03-Apr-2026 22:45:49.058 WARNING [main] org.apache.catalina.core.StandardServer.await Invalid shutdown command [] received
03-Apr-2026 22:45:55.527 WARNING [main] org.apache.catalina.core.StandardServer.await Invalid shutdown command [] received
03-Apr-2026 22:46:02.010 WARNING [main] org.apache.catalina.core.StandardServer.await Invalid shutdown command [] received
03-Apr-2026 22:46:08.479 WARNING [main] org.apache.catalina.core.StandardServer.await Invalid shutdown command [] received
03-Apr-2026 22:46:14.949 WARNING [main] org.apache.catalina.core.StandardServer.await Invalid shutdown command [] received
03-Apr-2026 22:46:21.445 WARNING [main] org.apache.catalina.core.StandardServer.await Invalid shutdown command [] received
03-Apr-2026 22:46:27.921 WARNING [main] org.apache.catalina.core.StandardServer.await Invalid shutdown command [] received
03-Apr-2026 22:46:34.389 WARNING [main] org.apache.catalina.core.StandardServer.await Invalid shutdown command [] received
03-Apr-2026 22:46:40.861 WARNING [main] org.apache.catalina.core.StandardServer.await Invalid shutdown command [] received
03-Apr-2026 22:46:47.328 WARNING [main] org.apache.catalina.core.StandardServer.await Invalid shutdown command [] received
03-Apr-2026 22:46:53.796 WARNING [main] org.apache.catalina.core.StandardServer.await Invalid shutdown command [] received
03-Apr-2026 22:47:00.265 WARNING [main] org.apache.catalina.core.StandardServer.await Invalid shutdown command [] received
03-Apr-2026 22:47:06.730 WARNING [main] org.apache.catalina.core.StandardServer.await Invalid shutdown command [] received
03-Apr-2026 22:47:13.202 WARNING [main] org.apache.catalina.core.StandardServer.await Invalid shutdown command [] received
03-Apr-2026 22:47:19.672 WARNING [main] org.apache.catalina.core.StandardServer.await Invalid shutdown command [] received
03-Apr-2026 22:47:26.183 WARNING [main] org.apache.catalina.core.StandardServer.await Invalid shutdown command [] received
03-Apr-2026 22:47:32.651 WARNING [main] org.apache.catalina.core.StandardServer.await Invalid shutdown command [] received
03-Apr-2026 22:47:39.122 WARNING [main] org.apache.catalina.core.StandardServer.await Invalid shutdown command [] received
03-Apr-2026 22:47:45.594 WARNING [main] org.apache.catalina.core.StandardServer.await Invalid shutdown command [] received
03-Apr-2026 22:47:52.062 WARNING [main] org.apache.catalina.core.StandardServer.await Invalid shutdown command [] received
03-Apr-2026 22:47:58.530 WARNING [main] org.apache.catalina.core.StandardServer.await Invalid shutdown command [] received
03-Apr-2026 22:48:05.000 WARNING [main] org.apache.catalina.core.StandardServer.await Invalid shutdown command [] received
03-Apr-2026 22:48:11.477 WARNING [main] org.apache.catalina.core.StandardServer.await Invalid shutdown command [] received
03-Apr-2026 22:48:17.943 WARNING [main] org.apache.catalina.core.StandardServer.await Invalid shutdown command [] received
03-Apr-2026 22:48:24.408 WARNING [main] org.apache.catalina.core.StandardServer.await Invalid shutdown command [] received
03-Apr-2026 22:48:30.911 WARNING [main] org.apache.catalina.core.StandardServer.await Invalid shutdown command [] received
03-Apr-2026 22:48:37.374 WARNING [main] org.apache.catalina.core.StandardServer.await Invalid shutdown command [] received
03-Apr-2026 22:48:43.845 WARNING [main] org.apache.catalina.core.StandardServer.await Invalid shutdown command [] received
03-Apr-2026 22:48:50.332 WARNING [main] org.apache.catalina.core.StandardServer.await Invalid shutdown command [] received
03-Apr-2026 22:48:56.778 WARNING [main] org.apache.catalina.core.StandardServer.await Invalid shutdown command [] received
03-Apr-2026 22:49:03.254 WARNING [main] org.apache.catalina.core.StandardServer.await Invalid shutdown command [] received
03-Apr-2026 22:49:09.732 WARNING [main] org.apache.catalina.core.StandardServer.await Invalid shutdown command [] received
03-Apr-2026 22:49:16.199 WARNING [main] org.apache.catalina.core.StandardServer.await Invalid shutdown command [] received
03-Apr-2026 22:49:22.679 WARNING [main] org.apache.catalina.core.StandardServer.await Invalid shutdown command [] received
03-Apr-2026 22:49:29.138 WARNING [main] org.apache.catalina.core.StandardServer.await Invalid shutdown command [] received
03-Apr-2026 22:49:35.654 WARNING [main] org.apache.catalina.core.StandardServer.await Invalid shutdown command [] received
03-Apr-2026 22:49:42.143 WARNING [main] org.apache.catalina.core.StandardServer.await Invalid shutdown command [] received
03-Apr-2026 22:49:48.618 WARNING [main] org.apache.catalina.core.StandardServer.await Invalid shutdown command [] received
03-Apr-2026 22:49:55.086 WARNING [main] org.apache.catalina.core.StandardServer.await Invalid shutdown command [] received
03-Apr-2026 22:50:01.558 WARNING [main] org.apache.catalina.core.StandardServer.await Invalid shutdown command [] received
03-Apr-2026 22:50:08.031 WARNING [main] org.apache.catalina.core.StandardServer.await Invalid shutdown command [] received
03-Apr-2026 22:50:14.496 WARNING [main] org.apache.catalina.core.StandardServer.await Invalid shutdown command [] received
03-Apr-2026 22:50:20.970 WARNING [main] org.apache.catalina.core.StandardServer.await Invalid shutdown command [] received
03-Apr-2026 22:50:27.440 WARNING [main] org.apache.catalina.core.StandardServer.await Invalid shutdown command [] received
03-Apr-2026 22:50:33.914 WARNING [main] org.apache.catalina.core.StandardServer.await Invalid shutdown command [] received
03-Apr-2026 22:50:40.415 WARNING [main] org.apache.catalina.core.StandardServer.await Invalid shutdown command [] received
03-Apr-2026 22:50:46.874 WARNING [main] org.apache.catalina.core.StandardServer.await Invalid shutdown command [] received
03-Apr-2026 22:50:53.343 WARNING [main] org.apache.catalina.core.StandardServer.await Invalid shutdown command [] received
03-Apr-2026 22:50:59.811 WARNING [main] org.apache.catalina.core.StandardServer.await Invalid shutdown command [] received
03-Apr-2026 22:51:06.285 WARNING [main] org.apache.catalina.core.StandardServer.await Invalid shutdown command [] received
03-Apr-2026 22:51:12.746 WARNING [main] org.apache.catalina.core.StandardServer.await Invalid shutdown command [] received
03-Apr-2026 22:51:19.219 WARNING [main] org.apache.catalina.core.StandardServer.await Invalid shutdown command [] received
03-Apr-2026 22:51:25.686 WARNING [main] org.apache.catalina.core.StandardServer.await Invalid shutdown command [] received
03-Apr-2026 22:51:32.161 WARNING [main] org.apache.catalina.core.StandardServer.await Invalid shutdown command [] received
03-Apr-2026 22:51:38.632 WARNING [main] org.apache.catalina.core.StandardServer.await Invalid shutdown command [] received
03-Apr-2026 22:51:45.108 WARNING [main] org.apache.catalina.core.StandardServer.await Invalid shutdown command [] received
03-Apr-2026 22:51:51.571 WARNING [main] org.apache.catalina.core.StandardServer.await Invalid shutdown command [] received
03-Apr-2026 22:51:58.042 WARNING [main] org.apache.catalina.core.StandardServer.await Invalid shutdown command [] received
03-Apr-2026 22:52:04.510 WARNING [main] org.apache.catalina.core.StandardServer.await Invalid shutdown command [] received
03-Apr-2026 22:52:10.981 WARNING [main] org.apache.catalina.core.StandardServer.await Invalid shutdown command [] received
03-Apr-2026 22:52:17.451 WARNING [main] org.apache.catalina.core.StandardServer.await Invalid shutdown command [] received
03-Apr-2026 22:52:23.922 WARNING [main] org.apache.catalina.core.StandardServer.await Invalid shutdown command [] received
03-Apr-2026 22:52:30.388 WARNING [main] org.apache.catalina.core.StandardServer.await Invalid shutdown command [] received
03-Apr-2026 22:52:36.855 WARNING [main] org.apache.catalina.core.StandardServer.await Invalid shutdown command [] received
03-Apr-2026 22:52:43.324 WARNING [main] org.apache.catalina.core.StandardServer.await Invalid shutdown command [] received
03-Apr-2026 22:52:49.793 WARNING [main] org.apache.catalina.core.StandardServer.await Invalid shutdown command [] received
03-Apr-2026 22:52:56.282 WARNING [main] org.apache.catalina.core.StandardServer.await Invalid shutdown command [] received
03-Apr-2026 22:53:02.749 WARNING [main] org.apache.catalina.core.StandardServer.await Invalid shutdown command [] received
03-Apr-2026 22:53:09.217 WARNING [main] org.apache.catalina.core.StandardServer.await Invalid shutdown command [] received
03-Apr-2026 22:53:15.692 WARNING [main] org.apache.catalina.core.StandardServer.await Invalid shutdown command [] received
03-Apr-2026 22:53:22.161 WARNING [main] org.apache.catalina.core.StandardServer.await Invalid shutdown command [] received
03-Apr-2026 22:53:28.635 WARNING [main] org.apache.catalina.core.StandardServer.await Invalid shutdown command [] received
03-Apr-2026 22:53:35.107 WARNING [main] org.apache.catalina.core.StandardServer.await Invalid shutdown command [] received
03-Apr-2026 22:53:41.573 WARNING [main] org.apache.catalina.core.StandardServer.await Invalid shutdown command [] received
03-Apr-2026 22:53:48.039 WARNING [main] org.apache.catalina.core.StandardServer.await Invalid shutdown command [] received
03-Apr-2026 22:53:54.515 WARNING [main] org.apache.catalina.core.StandardServer.await Invalid shutdown command [] received
03-Apr-2026 22:54:01.007 WARNING [main] org.apache.catalina.core.StandardServer.await Invalid shutdown command [] received
03-Apr-2026 22:54:07.486 WARNING [main] org.apache.catalina.core.StandardServer.await Invalid shutdown command [] received
03-Apr-2026 22:54:13.954 WARNING [main] org.apache.catalina.core.StandardServer.await Invalid shutdown command [] received
03-Apr-2026 22:54:20.432 WARNING [main] org.apache.catalina.core.StandardServer.await Invalid shutdown command [] received
03-Apr-2026 22:54:26.893 WARNING [main] org.apache.catalina.core.StandardServer.await Invalid shutdown command [] received
03-Apr-2026 22:54:33.366 WARNING [main] org.apache.catalina.core.StandardServer.await Invalid shutdown command [] received
03-Apr-2026 22:54:39.835 WARNING [main] org.apache.catalina.core.StandardServer.await Invalid shutdown command [] received
03-Apr-2026 22:54:46.301 WARNING [main] org.apache.catalina.core.StandardServer.await Invalid shutdown command [] received
03-Apr-2026 22:54:52.768 WARNING [main] org.apache.catalina.core.StandardServer.await Invalid shutdown command [] received
03-Apr-2026 22:54:59.242 WARNING [main] org.apache.catalina.core.StandardServer.await Invalid shutdown command [] received
03-Apr-2026 22:55:05.739 WARNING [main] org.apache.catalina.core.StandardServer.await Invalid shutdown command [] received
03-Apr-2026 22:55:12.213 WARNING [main] org.apache.catalina.core.StandardServer.await Invalid shutdown command [] received
03-Apr-2026 22:55:18.689 WARNING [main] org.apache.catalina.core.StandardServer.await Invalid shutdown command [] received
03-Apr-2026 22:55:25.154 WARNING [main] org.apache.catalina.core.StandardServer.await Invalid shutdown command [] received
03-Apr-2026 22:55:31.627 WARNING [main] org.apache.catalina.core.StandardServer.await Invalid shutdown command [] received
03-Apr-2026 22:55:38.094 WARNING [main] org.apache.catalina.core.StandardServer.await Invalid shutdown command [] received
03-Apr-2026 22:55:44.565 WARNING [main] org.apache.catalina.core.StandardServer.await Invalid shutdown command [] received
03-Apr-2026 22:55:51.034 WARNING [main] org.apache.catalina.core.StandardServer.await Invalid shutdown command [] received
03-Apr-2026 22:55:57.507 WARNING [main] org.apache.catalina.core.StandardServer.await Invalid shutdown command [] received
03-Apr-2026 22:56:03.978 WARNING [main] org.apache.catalina.core.StandardServer.await Invalid shutdown command [] received
03-Apr-2026 22:56:10.473 WARNING [main] org.apache.catalina.core.StandardServer.await Invalid shutdown command [] received
03-Apr-2026 22:56:16.945 WARNING [main] org.apache.catalina.core.StandardServer.await Invalid shutdown command [] received
03-Apr-2026 22:56:23.418 WARNING [main] org.apache.catalina.core.StandardServer.await Invalid shutdown command [] received
03-Apr-2026 22:56:29.886 WARNING [main] org.apache.catalina.core.StandardServer.await Invalid shutdown command [] received
03-Apr-2026 22:56:36.355 WARNING [main] org.apache.catalina.core.StandardServer.await Invalid shutdown command [] received
03-Apr-2026 22:56:42.821 WARNING [main] org.apache.catalina.core.StandardServer.await Invalid shutdown command [] received
03-Apr-2026 22:56:49.292 WARNING [main] org.apache.catalina.core.StandardServer.await Invalid shutdown command [] received
03-Apr-2026 22:56:55.759 WARNING [main] org.apache.catalina.core.StandardServer.await Invalid shutdown command [] received
03-Apr-2026 22:57:02.225 WARNING [main] org.apache.catalina.core.StandardServer.await Invalid shutdown command [] received
03-Apr-2026 22:57:08.700 WARNING [main] org.apache.catalina.core.StandardServer.await Invalid shutdown command [] received
03-Apr-2026 22:57:15.210 WARNING [main] org.apache.catalina.core.StandardServer.await Invalid shutdown command [] received
03-Apr-2026 22:57:21.682 WARNING [main] org.apache.catalina.core.StandardServer.await Invalid shutdown command [] received
03-Apr-2026 22:57:28.155 WARNING [main] org.apache.catalina.core.StandardServer.await Invalid shutdown command [] received
03-Apr-2026 22:57:34.622 WARNING [main] org.apache.catalina.core.StandardServer.await Invalid shutdown command [] received
03-Apr-2026 22:57:41.095 WARNING [main] org.apache.catalina.core.StandardServer.await Invalid shutdown command [] received
03-Apr-2026 22:57:47.561 WARNING [main] org.apache.catalina.core.StandardServer.await Invalid shutdown command [] received
03-Apr-2026 22:57:54.030 WARNING [main] org.apache.catalina.core.StandardServer.await Invalid shutdown command [] received
03-Apr-2026 22:58:00.494 WARNING [main] org.apache.catalina.core.StandardServer.await Invalid shutdown command [] received
03-Apr-2026 22:58:06.962 WARNING [main] org.apache.catalina.core.StandardServer.await Invalid shutdown command [] received
03-Apr-2026 22:58:13.422 WARNING [main] org.apache.catalina.core.StandardServer.await Invalid shutdown command [] received
03-Apr-2026 22:58:19.894 WARNING [main] org.apache.catalina.core.StandardServer.await Invalid shutdown command [] received
03-Apr-2026 22:58:26.361 WARNING [main] org.apache.catalina.core.StandardServer.await Invalid shutdown command [] received
03-Apr-2026 22:58:32.829 WARNING [main] org.apache.catalina.core.StandardServer.await Invalid shutdown command [] received
03-Apr-2026 22:58:39.298 WARNING [main] org.apache.catalina.core.StandardServer.await Invalid shutdown command [] received
03-Apr-2026 22:58:45.770 WARNING [main] org.apache.catalina.core.StandardServer.await Invalid shutdown command [] received
03-Apr-2026 22:58:52.236 WARNING [main] org.apache.catalina.core.StandardServer.await Invalid shutdown command [] received
03-Apr-2026 22:58:58.712 WARNING [main] org.apache.catalina.core.StandardServer.await Invalid shutdown command [] received
03-Apr-2026 22:59:05.168 WARNING [main] org.apache.catalina.core.StandardServer.await Invalid shutdown command [] received
03-Apr-2026 22:59:11.643 WARNING [main] org.apache.catalina.core.StandardServer.await Invalid shutdown command [] received
03-Apr-2026 22:59:18.113 WARNING [main] org.apache.catalina.core.StandardServer.await Invalid shutdown command [] received
03-Apr-2026 22:59:24.579 WARNING [main] org.apache.catalina.core.StandardServer.await Invalid shutdown command [] received
03-Apr-2026 22:59:31.069 WARNING [main] org.apache.catalina.core.StandardServer.await Invalid shutdown command [] received
03-Apr-2026 22:59:37.539 WARNING [main] org.apache.catalina.core.StandardServer.await Invalid shutdown command [] received
03-Apr-2026 22:59:44.003 WARNING [main] org.apache.catalina.core.StandardServer.await Invalid shutdown command [] received
03-Apr-2026 22:59:50.486 WARNING [main] org.apache.catalina.core.StandardServer.await Invalid shutdown command [] received
03-Apr-2026 22:59:56.962 WARNING [main] org.apache.catalina.core.StandardServer.await Invalid shutdown command [] received
03-Apr-2026 23:00:03.430 WARNING [main] org.apache.catalina.core.StandardServer.await Invalid shutdown command [] received
03-Apr-2026 23:00:09.899 WARNING [main] org.apache.catalina.core.StandardServer.await Invalid shutdown command [] received
03-Apr-2026 23:00:16.366 WARNING [main] org.apache.catalina.core.StandardServer.await Invalid shutdown command [] received
03-Apr-2026 23:00:22.833 WARNING [main] org.apache.catalina.core.StandardServer.await Invalid shutdown command [] received
03-Apr-2026 23:00:29.300 WARNING [main] org.apache.catalina.core.StandardServer.await Invalid shutdown command [] received
03-Apr-2026 23:00:35.814 WARNING [main] org.apache.catalina.core.StandardServer.await Invalid shutdown command [] received
03-Apr-2026 23:00:42.283 WARNING [main] org.apache.catalina.core.StandardServer.await Invalid shutdown command [] received
03-Apr-2026 23:00:48.754 WARNING [main] org.apache.catalina.core.StandardServer.await Invalid shutdown command [] received
03-Apr-2026 23:00:55.226 WARNING [main] org.apache.catalina.core.StandardServer.await Invalid shutdown command [] received
03-Apr-2026 23:01:01.700 WARNING [main] org.apache.catalina.core.StandardServer.await Invalid shutdown command [] received
03-Apr-2026 23:01:08.161 WARNING [main] org.apache.catalina.core.StandardServer.await Invalid shutdown command [] received
03-Apr-2026 23:01:14.639 WARNING [main] org.apache.catalina.core.StandardServer.await Invalid shutdown command [] received
03-Apr-2026 23:01:21.105 WARNING [main] org.apache.catalina.core.StandardServer.await Invalid shutdown command [] received
03-Apr-2026 23:01:27.573 WARNING [main] org.apache.catalina.core.StandardServer.await Invalid shutdown command [] received
03-Apr-2026 23:01:34.054 WARNING [main] org.apache.catalina.core.StandardServer.await Invalid shutdown command [] received
03-Apr-2026 23:01:40.540 WARNING [main] org.apache.catalina.core.StandardServer.await Invalid shutdown command [] received
03-Apr-2026 23:01:47.009 WARNING [main] org.apache.catalina.core.StandardServer.await Invalid shutdown command [] received
03-Apr-2026 23:01:53.473 WARNING [main] org.apache.catalina.core.StandardServer.await Invalid shutdown command [] received
03-Apr-2026 23:01:59.945 WARNING [main] org.apache.catalina.core.StandardServer.await Invalid shutdown command [] received
03-Apr-2026 23:02:06.412 WARNING [main] org.apache.catalina.core.StandardServer.await Invalid shutdown command [] received
03-Apr-2026 23:02:12.889 WARNING [main] org.apache.catalina.core.StandardServer.await Invalid shutdown command [] received
03-Apr-2026 23:02:19.352 WARNING [main] org.apache.catalina.core.StandardServer.await Invalid shutdown command [] received
03-Apr-2026 23:02:25.829 WARNING [main] org.apache.catalina.core.StandardServer.await Invalid shutdown command [] received
03-Apr-2026 23:02:32.295 WARNING [main] org.apache.catalina.core.StandardServer.await Invalid shutdown command [] received
03-Apr-2026 23:02:38.768 WARNING [main] org.apache.catalina.core.StandardServer.await Invalid shutdown command [] received
03-Apr-2026 23:02:45.255 WARNING [main] org.apache.catalina.core.StandardServer.await Invalid shutdown command [] received
03-Apr-2026 23:02:51.725 WARNING [main] org.apache.catalina.core.StandardServer.await Invalid shutdown command [] received
03-Apr-2026 23:02:58.199 WARNING [main] org.apache.catalina.core.StandardServer.await Invalid shutdown command [] received
03-Apr-2026 23:03:04.669 WARNING [main] org.apache.catalina.core.StandardServer.await Invalid shutdown command [] received
03-Apr-2026 23:03:11.139 WARNING [main] org.apache.catalina.core.StandardServer.await Invalid shutdown command [] received
03-Apr-2026 23:03:17.606 WARNING [main] org.apache.catalina.core.StandardServer.await Invalid shutdown command [] received
03-Apr-2026 23:03:24.074 WARNING [main] org.apache.catalina.core.StandardServer.await Invalid shutdown command [] received
03-Apr-2026 23:03:30.545 WARNING [main] org.apache.catalina.core.StandardServer.await Invalid shutdown command [] received
03-Apr-2026 23:03:37.011 WARNING [main] org.apache.catalina.core.StandardServer.await Invalid shutdown command [] received
03-Apr-2026 23:03:43.486 WARNING [main] org.apache.catalina.core.StandardServer.await Invalid shutdown command [] received
03-Apr-2026 23:03:49.979 WARNING [main] org.apache.catalina.core.StandardServer.await Invalid shutdown command [] received
03-Apr-2026 23:03:56.451 WARNING [main] org.apache.catalina.core.StandardServer.await Invalid shutdown command [] received
03-Apr-2026 23:04:02.925 WARNING [main] org.apache.catalina.core.StandardServer.await Invalid shutdown command [] received
03-Apr-2026 23:04:09.388 WARNING [main] org.apache.catalina.core.StandardServer.await Invalid shutdown command [] received
03-Apr-2026 23:04:15.860 WARNING [main] org.apache.catalina.core.StandardServer.await Invalid shutdown command [] received
03-Apr-2026 23:04:22.326 WARNING [main] org.apache.catalina.core.StandardServer.await Invalid shutdown command [] received
03-Apr-2026 23:04:28.794 WARNING [main] org.apache.catalina.core.StandardServer.await Invalid shutdown command [] received
03-Apr-2026 23:04:35.265 WARNING [main] org.apache.catalina.core.StandardServer.await Invalid shutdown command [] received
03-Apr-2026 23:04:41.737 WARNING [main] org.apache.catalina.core.StandardServer.await Invalid shutdown command [] received
03-Apr-2026 23:04:48.205 WARNING [main] org.apache.catalina.core.StandardServer.await Invalid shutdown command [] received
03-Apr-2026 23:04:54.690 WARNING [main] org.apache.catalina.core.StandardServer.await Invalid shutdown command [] received
03-Apr-2026 23:05:01.162 WARNING [main] org.apache.catalina.core.StandardServer.await Invalid shutdown command [] received
03-Apr-2026 23:05:07.638 WARNING [main] org.apache.catalina.core.StandardServer.await Invalid shutdown command [] received
03-Apr-2026 23:05:14.106 WARNING [main] org.apache.catalina.core.StandardServer.await Invalid shutdown command [] received
03-Apr-2026 23:05:20.573 WARNING [main] org.apache.catalina.core.StandardServer.await Invalid shutdown command [] received
03-Apr-2026 23:05:27.046 WARNING [main] org.apache.catalina.core.StandardServer.await Invalid shutdown command [] received
03-Apr-2026 23:05:33.516 WARNING [main] org.apache.catalina.core.StandardServer.await Invalid shutdown command [] received
03-Apr-2026 23:05:39.984 WARNING [main] org.apache.catalina.core.StandardServer.await Invalid shutdown command [] received
03-Apr-2026 23:05:46.457 WARNING [main] org.apache.catalina.core.StandardServer.await Invalid shutdown command [] received
03-Apr-2026 23:05:52.924 WARNING [main] org.apache.catalina.core.StandardServer.await Invalid shutdown command [] received
03-Apr-2026 23:05:59.392 WARNING [main] org.apache.catalina.core.StandardServer.await Invalid shutdown command [] received
03-Apr-2026 23:06:05.860 WARNING [main] org.apache.catalina.core.StandardServer.await Invalid shutdown command [] received
03-Apr-2026 23:06:12.331 WARNING [main] org.apache.catalina.core.StandardServer.await Invalid shutdown command [] received
03-Apr-2026 23:06:18.801 WARNING [main] org.apache.catalina.core.StandardServer.await Invalid shutdown command [] received
03-Apr-2026 23:06:25.266 WARNING [main] org.apache.catalina.core.StandardServer.await Invalid shutdown command [] received
03-Apr-2026 23:06:31.737 WARNING [main] org.apache.catalina.core.StandardServer.await Invalid shutdown command [] received
03-Apr-2026 23:06:38.205 WARNING [main] org.apache.catalina.core.StandardServer.await Invalid shutdown command [] received
03-Apr-2026 23:06:44.675 WARNING [main] org.apache.catalina.core.StandardServer.await Invalid shutdown command [] received
03-Apr-2026 23:06:51.143 WARNING [main] org.apache.catalina.core.StandardServer.await Invalid shutdown command [] received
03-Apr-2026 23:06:57.619 WARNING [main] org.apache.catalina.core.StandardServer.await Invalid shutdown command [] received
03-Apr-2026 23:07:04.083 WARNING [main] org.apache.catalina.core.StandardServer.await Invalid shutdown command [] received
03-Apr-2026 23:07:10.581 WARNING [main] org.apache.catalina.core.StandardServer.await Invalid shutdown command [] received
03-Apr-2026 23:07:17.046 WARNING [main] org.apache.catalina.core.StandardServer.await Invalid shutdown command [] received
03-Apr-2026 23:07:23.511 WARNING [main] org.apache.catalina.core.StandardServer.await Invalid shutdown command [] received
03-Apr-2026 23:07:29.981 WARNING [main] org.apache.catalina.core.StandardServer.await Invalid shutdown command [] received
03-Apr-2026 23:07:36.451 WARNING [main] org.apache.catalina.core.StandardServer.await Invalid shutdown command [] received
03-Apr-2026 23:07:42.925 WARNING [main] org.apache.catalina.core.StandardServer.await Invalid shutdown command [] received
03-Apr-2026 23:07:49.397 WARNING [main] org.apache.catalina.core.StandardServer.await Invalid shutdown command [] received
03-Apr-2026 23:07:55.860 WARNING [main] org.apache.catalina.core.StandardServer.await Invalid shutdown command [] received
03-Apr-2026 23:08:02.329 WARNING [main] org.apache.catalina.core.StandardServer.await Invalid shutdown command [] received
03-Apr-2026 23:08:08.798 WARNING [main] org.apache.catalina.core.StandardServer.await Invalid shutdown command [] received
03-Apr-2026 23:08:15.290 WARNING [main] org.apache.catalina.core.StandardServer.await Invalid shutdown command [] received
03-Apr-2026 23:08:21.769 WARNING [main] org.apache.catalina.core.StandardServer.await Invalid shutdown command [] received
03-Apr-2026 23:08:28.235 WARNING [main] org.apache.catalina.core.StandardServer.await Invalid shutdown command [] received
03-Apr-2026 23:08:34.710 WARNING [main] org.apache.catalina.core.StandardServer.await Invalid shutdown command [] received
03-Apr-2026 23:08:41.178 WARNING [main] org.apache.catalina.core.StandardServer.await Invalid shutdown command [] received
03-Apr-2026 23:08:47.654 WARNING [main] org.apache.catalina.core.StandardServer.await Invalid shutdown command [] received
03-Apr-2026 23:08:54.125 WARNING [main] org.apache.catalina.core.StandardServer.await Invalid shutdown command [] received
03-Apr-2026 23:09:00.595 WARNING [main] org.apache.catalina.core.StandardServer.await Invalid shutdown command [] received
03-Apr-2026 23:09:07.064 WARNING [main] org.apache.catalina.core.StandardServer.await Invalid shutdown command [] received
03-Apr-2026 23:09:13.536 WARNING [main] org.apache.catalina.core.StandardServer.await Invalid shutdown command [] received
03-Apr-2026 23:09:20.035 WARNING [main] org.apache.catalina.core.StandardServer.await Invalid shutdown command [] received
03-Apr-2026 23:09:26.509 WARNING [main] org.apache.catalina.core.StandardServer.await Invalid shutdown command [] received
03-Apr-2026 23:09:32.973 WARNING [main] org.apache.catalina.core.StandardServer.await Invalid shutdown command [] received
03-Apr-2026 23:09:39.450 WARNING [main] org.apache.catalina.core.StandardServer.await Invalid shutdown command [] received
03-Apr-2026 23:09:45.916 WARNING [main] org.apache.catalina.core.StandardServer.await Invalid shutdown command [] received
03-Apr-2026 23:09:52.390 WARNING [main] org.apache.catalina.core.StandardServer.await Invalid shutdown command [] received
03-Apr-2026 23:09:58.867 WARNING [main] org.apache.catalina.core.StandardServer.await Invalid shutdown command [] received
03-Apr-2026 23:10:05.342 WARNING [main] org.apache.catalina.core.StandardServer.await Invalid shutdown command [] received
03-Apr-2026 23:10:11.812 WARNING [main] org.apache.catalina.core.StandardServer.await Invalid shutdown command [] received
03-Apr-2026 23:10:18.262 WARNING [main] org.apache.catalina.core.StandardServer.await Invalid shutdown command [] received
03-Apr-2026 23:10:24.770 WARNING [main] org.apache.catalina.core.StandardServer.await Invalid shutdown command [] received
03-Apr-2026 23:10:31.236 WARNING [main] org.apache.catalina.core.StandardServer.await Invalid shutdown command [] received
03-Apr-2026 23:10:37.707 WARNING [main] org.apache.catalina.core.StandardServer.await Invalid shutdown command [] received
03-Apr-2026 23:10:44.178 WARNING [main] org.apache.catalina.core.StandardServer.await Invalid shutdown command [] received
03-Apr-2026 23:10:50.647 WARNING [main] org.apache.catalina.core.StandardServer.await Invalid shutdown command [] received
03-Apr-2026 23:10:57.117 WARNING [main] org.apache.catalina.core.StandardServer.await Invalid shutdown command [] received
03-Apr-2026 23:11:03.589 WARNING [main] org.apache.catalina.core.StandardServer.await Invalid shutdown command [] received
03-Apr-2026 23:11:10.057 WARNING [main] org.apache.catalina.core.StandardServer.await Invalid shutdown command [] received
03-Apr-2026 23:11:16.524 WARNING [main] org.apache.catalina.core.StandardServer.await Invalid shutdown command [] received
03-Apr-2026 23:11:23.000 WARNING [main] org.apache.catalina.core.StandardServer.await Invalid shutdown command [] received
03-Apr-2026 23:11:29.499 WARNING [main] org.apache.catalina.core.StandardServer.await Invalid shutdown command [] received
03-Apr-2026 23:11:35.966 WARNING [main] org.apache.catalina.core.StandardServer.await Invalid shutdown command [] received
03-Apr-2026 23:11:42.432 WARNING [main] org.apache.catalina.core.StandardServer.await Invalid shutdown command [] received
03-Apr-2026 23:11:48.898 WARNING [main] org.apache.catalina.core.StandardServer.await Invalid shutdown command [] received
03-Apr-2026 23:11:55.369 WARNING [main] org.apache.catalina.core.StandardServer.await Invalid shutdown command [] received
03-Apr-2026 23:12:01.840 WARNING [main] org.apache.catalina.core.StandardServer.await Invalid shutdown command [] received
03-Apr-2026 23:12:08.309 WARNING [main] org.apache.catalina.core.StandardServer.await Invalid shutdown command [] received
03-Apr-2026 23:12:14.781 WARNING [main] org.apache.catalina.core.StandardServer.await Invalid shutdown command [] received
03-Apr-2026 23:12:21.258 WARNING [main] org.apache.catalina.core.StandardServer.await Invalid shutdown command [] received
03-Apr-2026 23:12:27.731 WARNING [main] org.apache.catalina.core.StandardServer.await Invalid shutdown command [] received
03-Apr-2026 23:12:34.201 WARNING [main] org.apache.catalina.core.StandardServer.await Invalid shutdown command [] received
03-Apr-2026 23:12:40.673 WARNING [main] org.apache.catalina.core.StandardServer.await Invalid shutdown command [] received
03-Apr-2026 23:12:47.140 WARNING [main] org.apache.catalina.core.StandardServer.await Invalid shutdown command [] received
03-Apr-2026 23:12:53.609 WARNING [main] org.apache.catalina.core.StandardServer.await Invalid shutdown command [] received
03-Apr-2026 23:13:00.085 WARNING [main] org.apache.catalina.core.StandardServer.await Invalid shutdown command [] received
03-Apr-2026 23:13:06.554 WARNING [main] org.apache.catalina.core.StandardServer.await Invalid shutdown command [] received
03-Apr-2026 23:13:13.021 WARNING [main] org.apache.catalina.core.StandardServer.await Invalid shutdown command [] received
03-Apr-2026 23:13:19.490 WARNING [main] org.apache.catalina.core.StandardServer.await Invalid shutdown command [] received
03-Apr-2026 23:13:25.955 WARNING [main] org.apache.catalina.core.StandardServer.await Invalid shutdown command [] received
03-Apr-2026 23:13:32.424 WARNING [main] org.apache.catalina.core.StandardServer.await Invalid shutdown command [] received
03-Apr-2026 23:13:38.894 WARNING [main] org.apache.catalina.core.StandardServer.await Invalid shutdown command [] received
03-Apr-2026 23:13:45.385 WARNING [main] org.apache.catalina.core.StandardServer.await Invalid shutdown command [] received
03-Apr-2026 23:13:51.854 WARNING [main] org.apache.catalina.core.StandardServer.await Invalid shutdown command [] received
03-Apr-2026 23:13:58.329 WARNING [main] org.apache.catalina.core.StandardServer.await Invalid shutdown command [] received
03-Apr-2026 23:14:04.794 WARNING [main] org.apache.catalina.core.StandardServer.await Invalid shutdown command [] received
03-Apr-2026 23:14:11.257 WARNING [main] org.apache.catalina.core.StandardServer.await Invalid shutdown command [] received
03-Apr-2026 23:14:17.728 WARNING [main] org.apache.catalina.core.StandardServer.await Invalid shutdown command [] received
03-Apr-2026 23:14:24.190 WARNING [main] org.apache.catalina.core.StandardServer.await Invalid shutdown command [] received
03-Apr-2026 23:14:30.661 WARNING [main] org.apache.catalina.core.StandardServer.await Invalid shutdown command [] received
03-Apr-2026 23:14:37.134 WARNING [main] org.apache.catalina.core.StandardServer.await Invalid shutdown command [] received
03-Apr-2026 23:14:43.607 WARNING [main] org.apache.catalina.core.StandardServer.await Invalid shutdown command [] received
03-Apr-2026 23:14:50.108 WARNING [main] org.apache.catalina.core.StandardServer.await Invalid shutdown command [] received
03-Apr-2026 23:14:56.571 WARNING [main] org.apache.catalina.core.StandardServer.await Invalid shutdown command [] received
03-Apr-2026 23:15:03.045 WARNING [main] org.apache.catalina.core.StandardServer.await Invalid shutdown command [] received
03-Apr-2026 23:15:09.519 WARNING [main] org.apache.catalina.core.StandardServer.await Invalid shutdown command [] received
03-Apr-2026 23:15:15.982 WARNING [main] org.apache.catalina.core.StandardServer.await Invalid shutdown command [] received
03-Apr-2026 23:15:22.452 WARNING [main] org.apache.catalina.core.StandardServer.await Invalid shutdown command [] received
03-Apr-2026 23:15:28.924 WARNING [main] org.apache.catalina.core.StandardServer.await Invalid shutdown command [] received
03-Apr-2026 23:15:35.393 WARNING [main] org.apache.catalina.core.StandardServer.await Invalid shutdown command [] received
03-Apr-2026 23:15:41.855 WARNING [main] org.apache.catalina.core.StandardServer.await Invalid shutdown command [] received
03-Apr-2026 23:15:48.326 WARNING [main] org.apache.catalina.core.StandardServer.await Invalid shutdown command [] received
03-Apr-2026 23:15:54.824 WARNING [main] org.apache.catalina.core.StandardServer.await Invalid shutdown command [] received
03-Apr-2026 23:16:01.300 WARNING [main] org.apache.catalina.core.StandardServer.await Invalid shutdown command [] received
03-Apr-2026 23:16:07.765 WARNING [main] org.apache.catalina.core.StandardServer.await Invalid shutdown command [] received
03-Apr-2026 23:16:14.232 WARNING [main] org.apache.catalina.core.StandardServer.await Invalid shutdown command [] received
03-Apr-2026 23:16:20.700 WARNING [main] org.apache.catalina.core.StandardServer.await Invalid shutdown command [] received
03-Apr-2026 23:16:27.171 WARNING [main] org.apache.catalina.core.StandardServer.await Invalid shutdown command [] received
03-Apr-2026 23:16:33.644 WARNING [main] org.apache.catalina.core.StandardServer.await Invalid shutdown command [] received
03-Apr-2026 23:16:40.108 WARNING [main] org.apache.catalina.core.StandardServer.await Invalid shutdown command [] received
03-Apr-2026 23:16:46.579 WARNING [main] org.apache.catalina.core.StandardServer.await Invalid shutdown command [] received
03-Apr-2026 23:16:53.048 WARNING [main] org.apache.catalina.core.StandardServer.await Invalid shutdown command [] received
03-Apr-2026 23:16:59.549 WARNING [main] org.apache.catalina.core.StandardServer.await Invalid shutdown command [] received
03-Apr-2026 23:17:06.021 WARNING [main] org.apache.catalina.core.StandardServer.await Invalid shutdown command [] received
03-Apr-2026 23:17:12.490 WARNING [main] org.apache.catalina.core.StandardServer.await Invalid shutdown command [] received
03-Apr-2026 23:17:18.970 WARNING [main] org.apache.catalina.core.StandardServer.await Invalid shutdown command [] received
03-Apr-2026 23:17:25.450 WARNING [main] org.apache.catalina.core.StandardServer.await Invalid shutdown command [] received
03-Apr-2026 23:17:31.913 WARNING [main] org.apache.catalina.core.StandardServer.await Invalid shutdown command [] received
03-Apr-2026 23:17:38.384 WARNING [main] org.apache.catalina.core.StandardServer.await Invalid shutdown command [] received
03-Apr-2026 23:17:44.850 WARNING [main] org.apache.catalina.core.StandardServer.await Invalid shutdown command [] received
03-Apr-2026 23:17:51.325 WARNING [main] org.apache.catalina.core.StandardServer.await Invalid shutdown command [] received
03-Apr-2026 23:17:57.791 WARNING [main] org.apache.catalina.core.StandardServer.await Invalid shutdown command [] received
03-Apr-2026 23:18:04.293 WARNING [main] org.apache.catalina.core.StandardServer.await Invalid shutdown command [] received
03-Apr-2026 23:18:10.763 WARNING [main] org.apache.catalina.core.StandardServer.await Invalid shutdown command [] received
03-Apr-2026 23:18:17.227 WARNING [main] org.apache.catalina.core.StandardServer.await Invalid shutdown command [] received
03-Apr-2026 23:18:23.697 WARNING [main] org.apache.catalina.core.StandardServer.await Invalid shutdown command [] received
03-Apr-2026 23:18:30.158 WARNING [main] org.apache.catalina.core.StandardServer.await Invalid shutdown command [] received
03-Apr-2026 23:18:36.630 WARNING [main] org.apache.catalina.core.StandardServer.await Invalid shutdown command [] received
03-Apr-2026 23:18:43.100 WARNING [main] org.apache.catalina.core.StandardServer.await Invalid shutdown command [] received
03-Apr-2026 23:18:49.565 WARNING [main] org.apache.catalina.core.StandardServer.await Invalid shutdown command [] received
03-Apr-2026 23:18:56.042 WARNING [main] org.apache.catalina.core.StandardServer.await Invalid shutdown command [] received
03-Apr-2026 23:19:02.509 WARNING [main] org.apache.catalina.core.StandardServer.await Invalid shutdown command [] received
03-Apr-2026 23:19:09.008 WARNING [main] org.apache.catalina.core.StandardServer.await Invalid shutdown command [] received
03-Apr-2026 23:19:15.468 WARNING [main] org.apache.catalina.core.StandardServer.await Invalid shutdown command [] received
03-Apr-2026 23:19:22.016 WARNING [main] org.apache.catalina.core.StandardServer.await Invalid shutdown command [] received
03-Apr-2026 23:19:28.490 WARNING [main] org.apache.catalina.core.StandardServer.await Invalid shutdown command [] received
03-Apr-2026 23:19:34.966 WARNING [main] org.apache.catalina.core.StandardServer.await Invalid shutdown command [] received
03-Apr-2026 23:19:41.431 WARNING [main] org.apache.catalina.core.StandardServer.await Invalid shutdown command [] received
03-Apr-2026 23:19:47.902 WARNING [main] org.apache.catalina.core.StandardServer.await Invalid shutdown command [] received
03-Apr-2026 23:19:54.399 WARNING [main] org.apache.catalina.core.StandardServer.await Invalid shutdown command [] received
03-Apr-2026 23:20:00.868 WARNING [main] org.apache.catalina.core.StandardServer.await Invalid shutdown command [] received
03-Apr-2026 23:20:07.332 WARNING [main] org.apache.catalina.core.StandardServer.await Invalid shutdown command [] received
03-Apr-2026 23:20:13.806 WARNING [main] org.apache.catalina.core.StandardServer.await Invalid shutdown command [] received
03-Apr-2026 23:20:20.269 WARNING [main] org.apache.catalina.core.StandardServer.await Invalid shutdown command [] received
03-Apr-2026 23:20:26.738 WARNING [main] org.apache.catalina.core.StandardServer.await Invalid shutdown command [] received
03-Apr-2026 23:20:33.207 WARNING [main] org.apache.catalina.core.StandardServer.await Invalid shutdown command [] received
03-Apr-2026 23:20:39.676 WARNING [main] org.apache.catalina.core.StandardServer.await Invalid shutdown command [] received
03-Apr-2026 23:20:46.148 WARNING [main] org.apache.catalina.core.StandardServer.await Invalid shutdown command [] received
03-Apr-2026 23:20:52.614 WARNING [main] org.apache.catalina.core.StandardServer.await Invalid shutdown command [] received
03-Apr-2026 23:20:59.084 WARNING [main] org.apache.catalina.core.StandardServer.await Invalid shutdown command [] received
03-Apr-2026 23:21:05.554 WARNING [main] org.apache.catalina.core.StandardServer.await Invalid shutdown command [] received
03-Apr-2026 23:21:12.024 WARNING [main] org.apache.catalina.core.StandardServer.await Invalid shutdown command [] received
03-Apr-2026 23:21:18.492 WARNING [main] org.apache.catalina.core.StandardServer.await Invalid shutdown command [] received
03-Apr-2026 23:21:24.987 WARNING [main] org.apache.catalina.core.StandardServer.await Invalid shutdown command [] received
03-Apr-2026 23:21:31.463 WARNING [main] org.apache.catalina.core.StandardServer.await Invalid shutdown command [] received
03-Apr-2026 23:21:37.928 WARNING [main] org.apache.catalina.core.StandardServer.await Invalid shutdown command [] received
03-Apr-2026 23:21:44.397 WARNING [main] org.apache.catalina.core.StandardServer.await Invalid shutdown command [] received
03-Apr-2026 23:21:50.863 WARNING [main] org.apache.catalina.core.StandardServer.await Invalid shutdown command [] received
03-Apr-2026 23:21:57.329 WARNING [main] org.apache.catalina.core.StandardServer.await Invalid shutdown command [] received
03-Apr-2026 23:22:03.800 WARNING [main] org.apache.catalina.core.StandardServer.await Invalid shutdown command [] received
03-Apr-2026 23:22:10.282 WARNING [main] org.apache.catalina.core.StandardServer.await Invalid shutdown command [] received
03-Apr-2026 23:22:16.746 WARNING [main] org.apache.catalina.core.StandardServer.await Invalid shutdown command [] received
03-Apr-2026 23:22:23.217 WARNING [main] org.apache.catalina.core.StandardServer.await Invalid shutdown command [] received
03-Apr-2026 23:22:29.712 WARNING [main] org.apache.catalina.core.StandardServer.await Invalid shutdown command [] received
03-Apr-2026 23:22:36.173 WARNING [main] org.apache.catalina.core.StandardServer.await Invalid shutdown command [] received
03-Apr-2026 23:22:42.644 WARNING [main] org.apache.catalina.core.StandardServer.await Invalid shutdown command [] received
03-Apr-2026 23:22:49.116 WARNING [main] org.apache.catalina.core.StandardServer.await Invalid shutdown command [] received
03-Apr-2026 23:22:55.589 WARNING [main] org.apache.catalina.core.StandardServer.await Invalid shutdown command [] received
03-Apr-2026 23:23:02.054 WARNING [main] org.apache.catalina.core.StandardServer.await Invalid shutdown command [] received
03-Apr-2026 23:23:08.523 WARNING [main] org.apache.catalina.core.StandardServer.await Invalid shutdown command [] received
03-Apr-2026 23:23:14.990 WARNING [main] org.apache.catalina.core.StandardServer.await Invalid shutdown command [] received
03-Apr-2026 23:23:21.457 WARNING [main] org.apache.catalina.core.StandardServer.await Invalid shutdown command [] received
03-Apr-2026 23:23:27.928 WARNING [main] org.apache.catalina.core.StandardServer.await Invalid shutdown command [] received
03-Apr-2026 23:23:34.449 WARNING [main] org.apache.catalina.core.StandardServer.await Invalid shutdown command [] received
03-Apr-2026 23:23:40.914 WARNING [main] org.apache.catalina.core.StandardServer.await Invalid shutdown command [] received
03-Apr-2026 23:23:47.386 WARNING [main] org.apache.catalina.core.StandardServer.await Invalid shutdown command [] received
03-Apr-2026 23:23:53.856 WARNING [main] org.apache.catalina.core.StandardServer.await Invalid shutdown command [] received
03-Apr-2026 23:24:00.331 WARNING [main] org.apache.catalina.core.StandardServer.await Invalid shutdown command [] received
03-Apr-2026 23:24:06.798 WARNING [main] org.apache.catalina.core.StandardServer.await Invalid shutdown command [] received
03-Apr-2026 23:24:13.269 WARNING [main] org.apache.catalina.core.StandardServer.await Invalid shutdown command [] received
03-Apr-2026 23:24:19.739 WARNING [main] org.apache.catalina.core.StandardServer.await Invalid shutdown command [] received
03-Apr-2026 23:24:26.210 WARNING [main] org.apache.catalina.core.StandardServer.await Invalid shutdown command [] received
03-Apr-2026 23:24:32.677 WARNING [main] org.apache.catalina.core.StandardServer.await Invalid shutdown command [] received
03-Apr-2026 23:24:39.176 WARNING [main] org.apache.catalina.core.StandardServer.await Invalid shutdown command [] received
03-Apr-2026 23:24:45.646 WARNING [main] org.apache.catalina.core.StandardServer.await Invalid shutdown command [] received
03-Apr-2026 23:24:52.121 WARNING [main] org.apache.catalina.core.StandardServer.await Invalid shutdown command [] received
03-Apr-2026 23:24:58.586 WARNING [main] org.apache.catalina.core.StandardServer.await Invalid shutdown command [] received
03-Apr-2026 23:25:05.061 WARNING [main] org.apache.catalina.core.StandardServer.await Invalid shutdown command [] received
03-Apr-2026 23:25:11.525 WARNING [main] org.apache.catalina.core.StandardServer.await Invalid shutdown command [] received
03-Apr-2026 23:25:18.000 WARNING [main] org.apache.catalina.core.StandardServer.await Invalid shutdown command [] received
03-Apr-2026 23:25:24.469 WARNING [main] org.apache.catalina.core.StandardServer.await Invalid shutdown command [] received
03-Apr-2026 23:25:30.943 WARNING [main] org.apache.catalina.core.StandardServer.await Invalid shutdown command [] received
03-Apr-2026 23:25:37.408 WARNING [main] org.apache.catalina.core.StandardServer.await Invalid shutdown command [] received
03-Apr-2026 23:25:43.905 WARNING [main] org.apache.catalina.core.StandardServer.await Invalid shutdown command [] received
03-Apr-2026 23:25:50.393 WARNING [main] org.apache.catalina.core.StandardServer.await Invalid shutdown command [] received
03-Apr-2026 23:25:56.852 WARNING [main] org.apache.catalina.core.StandardServer.await Invalid shutdown command [] received
03-Apr-2026 23:26:03.322 WARNING [main] org.apache.catalina.core.StandardServer.await Invalid shutdown command [] received
03-Apr-2026 23:26:09.792 WARNING [main] org.apache.catalina.core.StandardServer.await Invalid shutdown command [] received
03-Apr-2026 23:26:16.261 WARNING [main] org.apache.catalina.core.StandardServer.await Invalid shutdown command [] received
03-Apr-2026 23:26:22.721 WARNING [main] org.apache.catalina.core.StandardServer.await Invalid shutdown command [] received
03-Apr-2026 23:26:29.192 WARNING [main] org.apache.catalina.core.StandardServer.await Invalid shutdown command [] received
03-Apr-2026 23:26:35.669 WARNING [main] org.apache.catalina.core.StandardServer.await Invalid shutdown command [] received
03-Apr-2026 23:26:42.132 WARNING [main] org.apache.catalina.core.StandardServer.await Invalid shutdown command [] received
03-Apr-2026 23:26:48.608 WARNING [main] org.apache.catalina.core.StandardServer.await Invalid shutdown command [] received
03-Apr-2026 23:26:55.078 WARNING [main] org.apache.catalina.core.StandardServer.await Invalid shutdown command [] received
03-Apr-2026 23:27:01.555 WARNING [main] org.apache.catalina.core.StandardServer.await Invalid shutdown command [] received
03-Apr-2026 23:27:08.021 WARNING [main] org.apache.catalina.core.StandardServer.await Invalid shutdown command [] received
03-Apr-2026 23:27:14.492 WARNING [main] org.apache.catalina.core.StandardServer.await Invalid shutdown command [] received
03-Apr-2026 23:27:20.954 WARNING [main] org.apache.catalina.core.StandardServer.await Invalid shutdown command [] received
03-Apr-2026 23:27:27.423 WARNING [main] org.apache.catalina.core.StandardServer.await Invalid shutdown command [] received
03-Apr-2026 23:27:33.899 WARNING [main] org.apache.catalina.core.StandardServer.await Invalid shutdown command [] received
03-Apr-2026 23:27:40.365 WARNING [main] org.apache.catalina.core.StandardServer.await Invalid shutdown command [] received
03-Apr-2026 23:27:46.838 WARNING [main] org.apache.catalina.core.StandardServer.await Invalid shutdown command [] received
03-Apr-2026 23:27:53.304 WARNING [main] org.apache.catalina.core.StandardServer.await Invalid shutdown command [] received
03-Apr-2026 23:27:59.775 WARNING [main] org.apache.catalina.core.StandardServer.await Invalid shutdown command [] received
03-Apr-2026 23:28:06.249 WARNING [main] org.apache.catalina.core.StandardServer.await Invalid shutdown command [] received
03-Apr-2026 23:28:12.715 WARNING [main] org.apache.catalina.core.StandardServer.await Invalid shutdown command [] received
03-Apr-2026 23:28:19.185 WARNING [main] org.apache.catalina.core.StandardServer.await Invalid shutdown command [] received
03-Apr-2026 23:28:25.653 WARNING [main] org.apache.catalina.core.StandardServer.await Invalid shutdown command [] received
03-Apr-2026 23:28:32.121 WARNING [main] org.apache.catalina.core.StandardServer.await Invalid shutdown command [] received
03-Apr-2026 23:28:38.591 WARNING [main] org.apache.catalina.core.StandardServer.await Invalid shutdown command [] received
03-Apr-2026 23:28:45.060 WARNING [main] org.apache.catalina.core.StandardServer.await Invalid shutdown command [] received
03-Apr-2026 23:28:51.530 WARNING [main] org.apache.catalina.core.StandardServer.await Invalid shutdown command [] received
03-Apr-2026 23:28:58.000 WARNING [main] org.apache.catalina.core.StandardServer.await Invalid shutdown command [] received
03-Apr-2026 23:29:04.501 WARNING [main] org.apache.catalina.core.StandardServer.await Invalid shutdown command [] received
03-Apr-2026 23:29:10.969 WARNING [main] org.apache.catalina.core.StandardServer.await Invalid shutdown command [] received
03-Apr-2026 23:29:17.434 WARNING [main] org.apache.catalina.core.StandardServer.await Invalid shutdown command [] received
03-Apr-2026 23:29:23.903 WARNING [main] org.apache.catalina.core.StandardServer.await Invalid shutdown command [] received
03-Apr-2026 23:29:30.374 WARNING [main] org.apache.catalina.core.StandardServer.await Invalid shutdown command [] received
03-Apr-2026 23:29:36.844 WARNING [main] org.apache.catalina.core.StandardServer.await Invalid shutdown command [] received
03-Apr-2026 23:29:43.315 WARNING [main] org.apache.catalina.core.StandardServer.await Invalid shutdown command [] received
03-Apr-2026 23:29:49.791 WARNING [main] org.apache.catalina.core.StandardServer.await Invalid shutdown command [] received
03-Apr-2026 23:29:56.255 WARNING [main] org.apache.catalina.core.StandardServer.await Invalid shutdown command [] received
03-Apr-2026 23:30:02.728 WARNING [main] org.apache.catalina.core.StandardServer.await Invalid shutdown command [] received
03-Apr-2026 23:30:09.239 WARNING [main] org.apache.catalina.core.StandardServer.await Invalid shutdown command [] received
03-Apr-2026 23:30:15.703 WARNING [main] org.apache.catalina.core.StandardServer.await Invalid shutdown command [] received
03-Apr-2026 23:30:22.176 WARNING [main] org.apache.catalina.core.StandardServer.await Invalid shutdown command [] received
03-Apr-2026 23:30:28.644 WARNING [main] org.apache.catalina.core.StandardServer.await Invalid shutdown command [] received
03-Apr-2026 23:30:35.116 WARNING [main] org.apache.catalina.core.StandardServer.await Invalid shutdown command [] received
03-Apr-2026 23:30:41.584 WARNING [main] org.apache.catalina.core.StandardServer.await Invalid shutdown command [] received
03-Apr-2026 23:30:48.054 WARNING [main] org.apache.catalina.core.StandardServer.await Invalid shutdown command [] received
03-Apr-2026 23:30:54.523 WARNING [main] org.apache.catalina.core.StandardServer.await Invalid shutdown command [] received
03-Apr-2026 23:31:00.995 WARNING [main] org.apache.catalina.core.StandardServer.await Invalid shutdown command [] received
03-Apr-2026 23:31:07.460 WARNING [main] org.apache.catalina.core.StandardServer.await Invalid shutdown command [] received
03-Apr-2026 23:31:13.982 WARNING [main] org.apache.catalina.core.StandardServer.await Invalid shutdown command [] received
03-Apr-2026 23:31:20.448 WARNING [main] org.apache.catalina.core.StandardServer.await Invalid shutdown command [] received
03-Apr-2026 23:31:26.918 WARNING [main] org.apache.catalina.core.StandardServer.await Invalid shutdown command [] received
03-Apr-2026 23:31:33.384 WARNING [main] org.apache.catalina.core.StandardServer.await Invalid shutdown command [] received
03-Apr-2026 23:31:39.850 WARNING [main] org.apache.catalina.core.StandardServer.await Invalid shutdown command [] received
03-Apr-2026 23:31:46.321 WARNING [main] org.apache.catalina.core.StandardServer.await Invalid shutdown command [] received
03-Apr-2026 23:31:52.797 WARNING [main] org.apache.catalina.core.StandardServer.await Invalid shutdown command [] received
03-Apr-2026 23:31:59.267 WARNING [main] org.apache.catalina.core.StandardServer.await Invalid shutdown command [] received
03-Apr-2026 23:32:05.733 WARNING [main] org.apache.catalina.core.StandardServer.await Invalid shutdown command [] received
03-Apr-2026 23:32:12.206 WARNING [main] org.apache.catalina.core.StandardServer.await Invalid shutdown command [] received
03-Apr-2026 23:32:18.695 WARNING [main] org.apache.catalina.core.StandardServer.await Invalid shutdown command [] received
03-Apr-2026 23:32:25.174 WARNING [main] org.apache.catalina.core.StandardServer.await Invalid shutdown command [] received
03-Apr-2026 23:32:31.646 WARNING [main] org.apache.catalina.core.StandardServer.await Invalid shutdown command [] received
03-Apr-2026 23:32:38.125 WARNING [main] org.apache.catalina.core.StandardServer.await Invalid shutdown command [] received
03-Apr-2026 23:32:44.588 WARNING [main] org.apache.catalina.core.StandardServer.await Invalid shutdown command [] received
03-Apr-2026 23:32:51.053 WARNING [main] org.apache.catalina.core.StandardServer.await Invalid shutdown command [] received
03-Apr-2026 23:32:57.532 WARNING [main] org.apache.catalina.core.StandardServer.await Invalid shutdown command [] received
03-Apr-2026 23:33:04.000 WARNING [main] org.apache.catalina.core.StandardServer.await Invalid shutdown command [] received
03-Apr-2026 23:33:10.466 WARNING [main] org.apache.catalina.core.StandardServer.await Invalid shutdown command [] received
03-Apr-2026 23:33:16.932 WARNING [main] org.apache.catalina.core.StandardServer.await Invalid shutdown command [] received
03-Apr-2026 23:33:23.457 WARNING [main] org.apache.catalina.core.StandardServer.await Invalid shutdown command [] received
03-Apr-2026 23:33:29.918 WARNING [main] org.apache.catalina.core.StandardServer.await Invalid shutdown command [] received
03-Apr-2026 23:33:36.385 WARNING [main] org.apache.catalina.core.StandardServer.await Invalid shutdown command [] received
03-Apr-2026 23:33:42.857 WARNING [main] org.apache.catalina.core.StandardServer.await Invalid shutdown command [] received
03-Apr-2026 23:33:49.332 WARNING [main] org.apache.catalina.core.StandardServer.await Invalid shutdown command [] received
03-Apr-2026 23:33:55.800 WARNING [main] org.apache.catalina.core.StandardServer.await Invalid shutdown command [] received
03-Apr-2026 23:34:02.275 WARNING [main] org.apache.catalina.core.StandardServer.await Invalid shutdown command [] received
03-Apr-2026 23:34:08.739 WARNING [main] org.apache.catalina.core.StandardServer.await Invalid shutdown command [] received
03-Apr-2026 23:34:15.204 WARNING [main] org.apache.catalina.core.StandardServer.await Invalid shutdown command [] received
03-Apr-2026 23:34:21.684 WARNING [main] org.apache.catalina.core.StandardServer.await Invalid shutdown command [] received
03-Apr-2026 23:34:28.156 WARNING [main] org.apache.catalina.core.StandardServer.await Invalid shutdown command [] received
03-Apr-2026 23:34:34.628 WARNING [main] org.apache.catalina.core.StandardServer.await Invalid shutdown command [] received
03-Apr-2026 23:34:41.098 WARNING [main] org.apache.catalina.core.StandardServer.await Invalid shutdown command [] received
03-Apr-2026 23:34:47.571 WARNING [main] org.apache.catalina.core.StandardServer.await Invalid shutdown command [] received
03-Apr-2026 23:34:54.042 WARNING [main] org.apache.catalina.core.StandardServer.await Invalid shutdown command [] received
03-Apr-2026 23:35:00.521 WARNING [main] org.apache.catalina.core.StandardServer.await Invalid shutdown command [] received
03-Apr-2026 23:35:06.998 WARNING [main] org.apache.catalina.core.StandardServer.await Invalid shutdown command [] received
03-Apr-2026 23:35:13.467 WARNING [main] org.apache.catalina.core.StandardServer.await Invalid shutdown command [] received
03-Apr-2026 23:35:19.935 WARNING [main] org.apache.catalina.core.StandardServer.await Invalid shutdown command [] received
03-Apr-2026 23:35:26.406 WARNING [main] org.apache.catalina.core.StandardServer.await Invalid shutdown command [] received
03-Apr-2026 23:35:32.872 WARNING [main] org.apache.catalina.core.StandardServer.await Invalid shutdown command [] received
03-Apr-2026 23:35:39.377 WARNING [main] org.apache.catalina.core.StandardServer.await Invalid shutdown command [] received
03-Apr-2026 23:35:45.846 WARNING [main] org.apache.catalina.core.StandardServer.await Invalid shutdown command [] received
03-Apr-2026 23:35:52.317 WARNING [main] org.apache.catalina.core.StandardServer.await Invalid shutdown command [] received
03-Apr-2026 23:35:58.784 WARNING [main] org.apache.catalina.core.StandardServer.await Invalid shutdown command [] received
03-Apr-2026 23:36:05.253 WARNING [main] org.apache.catalina.core.StandardServer.await Invalid shutdown command [] received
03-Apr-2026 23:36:11.722 WARNING [main] org.apache.catalina.core.StandardServer.await Invalid shutdown command [] received
03-Apr-2026 23:36:18.189 WARNING [main] org.apache.catalina.core.StandardServer.await Invalid shutdown command [] received
03-Apr-2026 23:36:24.677 WARNING [main] org.apache.catalina.core.StandardServer.await Invalid shutdown command [] received
03-Apr-2026 23:36:31.125 WARNING [main] org.apache.catalina.core.StandardServer.await Invalid shutdown command [] received
03-Apr-2026 23:36:37.601 WARNING [main] org.apache.catalina.core.StandardServer.await Invalid shutdown command [] received
03-Apr-2026 23:36:44.096 WARNING [main] org.apache.catalina.core.StandardServer.await Invalid shutdown command [] received
03-Apr-2026 23:36:50.570 WARNING [main] org.apache.catalina.core.StandardServer.await Invalid shutdown command [] received
03-Apr-2026 23:36:57.042 WARNING [main] org.apache.catalina.core.StandardServer.await Invalid shutdown command [] received
03-Apr-2026 23:37:03.509 WARNING [main] org.apache.catalina.core.StandardServer.await Invalid shutdown command [] received
03-Apr-2026 23:37:09.978 WARNING [main] org.apache.catalina.core.StandardServer.await Invalid shutdown command [] received
03-Apr-2026 23:37:16.452 WARNING [main] org.apache.catalina.core.StandardServer.await Invalid shutdown command [] received
03-Apr-2026 23:37:22.922 WARNING [main] org.apache.catalina.core.StandardServer.await Invalid shutdown command [] received
03-Apr-2026 23:37:29.394 WARNING [main] org.apache.catalina.core.StandardServer.await Invalid shutdown command [] received
03-Apr-2026 23:37:35.861 WARNING [main] org.apache.catalina.core.StandardServer.await Invalid shutdown command [] received
03-Apr-2026 23:37:42.327 WARNING [main] org.apache.catalina.core.StandardServer.await Invalid shutdown command [] received
03-Apr-2026 23:37:48.829 WARNING [main] org.apache.catalina.core.StandardServer.await Invalid shutdown command [] received
03-Apr-2026 23:37:55.304 WARNING [main] org.apache.catalina.core.StandardServer.await Invalid shutdown command [] received
03-Apr-2026 23:38:01.781 WARNING [main] org.apache.catalina.core.StandardServer.await Invalid shutdown command [] received
03-Apr-2026 23:38:08.247 WARNING [main] org.apache.catalina.core.StandardServer.await Invalid shutdown command [] received
03-Apr-2026 23:38:14.716 WARNING [main] org.apache.catalina.core.StandardServer.await Invalid shutdown command [] received
03-Apr-2026 23:38:21.186 WARNING [main] org.apache.catalina.core.StandardServer.await Invalid shutdown command [] received
03-Apr-2026 23:38:27.665 WARNING [main] org.apache.catalina.core.StandardServer.await Invalid shutdown command [] received
03-Apr-2026 23:38:34.132 WARNING [main] org.apache.catalina.core.StandardServer.await Invalid shutdown command [] received
03-Apr-2026 23:38:40.602 WARNING [main] org.apache.catalina.core.StandardServer.await Invalid shutdown command [] received
03-Apr-2026 23:38:47.065 WARNING [main] org.apache.catalina.core.StandardServer.await Invalid shutdown command [] received
03-Apr-2026 23:38:53.573 WARNING [main] org.apache.catalina.core.StandardServer.await Invalid shutdown command [] received
03-Apr-2026 23:39:00.045 WARNING [main] org.apache.catalina.core.StandardServer.await Invalid shutdown command [] received
03-Apr-2026 23:39:06.519 WARNING [main] org.apache.catalina.core.StandardServer.await Invalid shutdown command [] received
03-Apr-2026 23:39:12.994 WARNING [main] org.apache.catalina.core.StandardServer.await Invalid shutdown command [] received
03-Apr-2026 23:39:19.459 WARNING [main] org.apache.catalina.core.StandardServer.await Invalid shutdown command [] received
03-Apr-2026 23:39:25.927 WARNING [main] org.apache.catalina.core.StandardServer.await Invalid shutdown command [] received
03-Apr-2026 23:39:32.402 WARNING [main] org.apache.catalina.core.StandardServer.await Invalid shutdown command [] received
03-Apr-2026 23:39:38.867 WARNING [main] org.apache.catalina.core.StandardServer.await Invalid shutdown command [] received
03-Apr-2026 23:39:45.340 WARNING [main] org.apache.catalina.core.StandardServer.await Invalid shutdown command [] received
03-Apr-2026 23:39:51.808 WARNING [main] org.apache.catalina.core.StandardServer.await Invalid shutdown command [] received
03-Apr-2026 23:39:58.303 WARNING [main] org.apache.catalina.core.StandardServer.await Invalid shutdown command [] received
03-Apr-2026 23:40:04.778 WARNING [main] org.apache.catalina.core.StandardServer.await Invalid shutdown command [] received
03-Apr-2026 23:40:11.250 WARNING [main] org.apache.catalina.core.StandardServer.await Invalid shutdown command [] received
03-Apr-2026 23:40:17.714 WARNING [main] org.apache.catalina.core.StandardServer.await Invalid shutdown command [] received
03-Apr-2026 23:40:24.183 WARNING [main] org.apache.catalina.core.StandardServer.await Invalid shutdown command [] received
03-Apr-2026 23:40:30.654 WARNING [main] org.apache.catalina.core.StandardServer.await Invalid shutdown command [] received
03-Apr-2026 23:40:37.119 WARNING [main] org.apache.catalina.core.StandardServer.await Invalid shutdown command [] received
03-Apr-2026 23:40:43.586 WARNING [main] org.apache.catalina.core.StandardServer.await Invalid shutdown command [] received
03-Apr-2026 23:40:50.051 WARNING [main] org.apache.catalina.core.StandardServer.await Invalid shutdown command [] received
03-Apr-2026 23:40:56.522 WARNING [main] org.apache.catalina.core.StandardServer.await Invalid shutdown command [] received
03-Apr-2026 23:41:02.990 WARNING [main] org.apache.catalina.core.StandardServer.await Invalid shutdown command [] received
03-Apr-2026 23:41:09.452 WARNING [main] org.apache.catalina.core.StandardServer.await Invalid shutdown command [] received
03-Apr-2026 23:41:15.928 WARNING [main] org.apache.catalina.core.StandardServer.await Invalid shutdown command [] received
03-Apr-2026 23:41:22.396 WARNING [main] org.apache.catalina.core.StandardServer.await Invalid shutdown command [] received
03-Apr-2026 23:41:28.869 WARNING [main] org.apache.catalina.core.StandardServer.await Invalid shutdown command [] received
03-Apr-2026 23:41:35.335 WARNING [main] org.apache.catalina.core.StandardServer.await Invalid shutdown command [] received
03-Apr-2026 23:41:41.796 WARNING [main] org.apache.catalina.core.StandardServer.await Invalid shutdown command [] received
03-Apr-2026 23:41:48.267 WARNING [main] org.apache.catalina.core.StandardServer.await Invalid shutdown command [] received
03-Apr-2026 23:41:54.738 WARNING [main] org.apache.catalina.core.StandardServer.await Invalid shutdown command [] received
03-Apr-2026 23:42:01.213 WARNING [main] org.apache.catalina.core.StandardServer.await Invalid shutdown command [] received
03-Apr-2026 23:42:07.689 WARNING [main] org.apache.catalina.core.StandardServer.await Invalid shutdown command [] received
03-Apr-2026 23:42:14.168 WARNING [main] org.apache.catalina.core.StandardServer.await Invalid shutdown command [] received
03-Apr-2026 23:42:20.629 WARNING [main] org.apache.catalina.core.StandardServer.await Invalid shutdown command [] received
03-Apr-2026 23:42:27.104 WARNING [main] org.apache.catalina.core.StandardServer.await Invalid shutdown command [] received
03-Apr-2026 23:42:33.566 WARNING [main] org.apache.catalina.core.StandardServer.await Invalid shutdown command [] received
03-Apr-2026 23:42:40.053 WARNING [main] org.apache.catalina.core.StandardServer.await Invalid shutdown command [] received
03-Apr-2026 23:42:46.525 WARNING [main] org.apache.catalina.core.StandardServer.await Invalid shutdown command [] received
03-Apr-2026 23:42:52.995 WARNING [main] org.apache.catalina.core.StandardServer.await Invalid shutdown command [] received
03-Apr-2026 23:42:59.462 WARNING [main] org.apache.catalina.core.StandardServer.await Invalid shutdown command [] received
03-Apr-2026 23:43:05.930 WARNING [main] org.apache.catalina.core.StandardServer.await Invalid shutdown command [] received
03-Apr-2026 23:43:12.402 WARNING [main] org.apache.catalina.core.StandardServer.await Invalid shutdown command [] received
03-Apr-2026 23:43:18.898 WARNING [main] org.apache.catalina.core.StandardServer.await Invalid shutdown command [] received
03-Apr-2026 23:43:25.378 WARNING [main] org.apache.catalina.core.StandardServer.await Invalid shutdown command [] received
03-Apr-2026 23:43:31.849 WARNING [main] org.apache.catalina.core.StandardServer.await Invalid shutdown command [] received
03-Apr-2026 23:43:38.314 WARNING [main] org.apache.catalina.core.StandardServer.await Invalid shutdown command [] received
03-Apr-2026 23:43:44.785 WARNING [main] org.apache.catalina.core.StandardServer.await Invalid shutdown command [] received
03-Apr-2026 23:43:51.256 WARNING [main] org.apache.catalina.core.StandardServer.await Invalid shutdown command [] received
03-Apr-2026 23:43:57.727 WARNING [main] org.apache.catalina.core.StandardServer.await Invalid shutdown command [] received
03-Apr-2026 23:44:04.194 WARNING [main] org.apache.catalina.core.StandardServer.await Invalid shutdown command [] received
03-Apr-2026 23:44:10.664 WARNING [main] org.apache.catalina.core.StandardServer.await Invalid shutdown command [] received
03-Apr-2026 23:44:17.126 WARNING [main] org.apache.catalina.core.StandardServer.await Invalid shutdown command [] received
03-Apr-2026 23:44:23.630 WARNING [main] org.apache.catalina.core.StandardServer.await Invalid shutdown command [] received
03-Apr-2026 23:44:30.102 WARNING [main] org.apache.catalina.core.StandardServer.await Invalid shutdown command [] received
03-Apr-2026 23:44:36.569 WARNING [main] org.apache.catalina.core.StandardServer.await Invalid shutdown command [] received
03-Apr-2026 23:44:43.039 WARNING [main] org.apache.catalina.core.StandardServer.await Invalid shutdown command [] received
03-Apr-2026 23:44:49.512 WARNING [main] org.apache.catalina.core.StandardServer.await Invalid shutdown command [] received
03-Apr-2026 23:44:55.980 WARNING [main] org.apache.catalina.core.StandardServer.await Invalid shutdown command [] received
03-Apr-2026 23:45:02.454 WARNING [main] org.apache.catalina.core.StandardServer.await Invalid shutdown command [] received
03-Apr-2026 23:45:08.925 WARNING [main] org.apache.catalina.core.StandardServer.await Invalid shutdown command [] received
03-Apr-2026 23:45:15.395 WARNING [main] org.apache.catalina.core.StandardServer.await Invalid shutdown command [] received
03-Apr-2026 23:45:21.861 WARNING [main] org.apache.catalina.core.StandardServer.await Invalid shutdown command [] received
03-Apr-2026 23:45:28.355 WARNING [main] org.apache.catalina.core.StandardServer.await Invalid shutdown command [] received
03-Apr-2026 23:45:34.830 WARNING [main] org.apache.catalina.core.StandardServer.await Invalid shutdown command [] received
03-Apr-2026 23:45:41.303 WARNING [main] org.apache.catalina.core.StandardServer.await Invalid shutdown command [] received
03-Apr-2026 23:45:47.772 WARNING [main] org.apache.catalina.core.StandardServer.await Invalid shutdown command [] received
03-Apr-2026 23:45:54.246 WARNING [main] org.apache.catalina.core.StandardServer.await Invalid shutdown command [] received
03-Apr-2026 23:46:00.715 WARNING [main] org.apache.catalina.core.StandardServer.await Invalid shutdown command [] received
03-Apr-2026 23:46:07.189 WARNING [main] org.apache.catalina.core.StandardServer.await Invalid shutdown command [] received
03-Apr-2026 23:46:13.656 WARNING [main] org.apache.catalina.core.StandardServer.await Invalid shutdown command [] received
03-Apr-2026 23:46:20.131 WARNING [main] org.apache.catalina.core.StandardServer.await Invalid shutdown command [] received
03-Apr-2026 23:46:26.599 WARNING [main] org.apache.catalina.core.StandardServer.await Invalid shutdown command [] received
03-Apr-2026 23:46:33.094 WARNING [main] org.apache.catalina.core.StandardServer.await Invalid shutdown command [] received
03-Apr-2026 23:46:39.556 WARNING [main] org.apache.catalina.core.StandardServer.await Invalid shutdown command [] received
03-Apr-2026 23:46:46.025 WARNING [main] org.apache.catalina.core.StandardServer.await Invalid shutdown command [] received
03-Apr-2026 23:46:52.503 WARNING [main] org.apache.catalina.core.StandardServer.await Invalid shutdown command [] received
03-Apr-2026 23:46:58.965 WARNING [main] org.apache.catalina.core.StandardServer.await Invalid shutdown command [] received
03-Apr-2026 23:47:05.436 WARNING [main] org.apache.catalina.core.StandardServer.await Invalid shutdown command [] received
03-Apr-2026 23:47:11.902 WARNING [main] org.apache.catalina.core.StandardServer.await Invalid shutdown command [] received
03-Apr-2026 23:47:18.378 WARNING [main] org.apache.catalina.core.StandardServer.await Invalid shutdown command [] received
03-Apr-2026 23:47:24.846 WARNING [main] org.apache.catalina.core.StandardServer.await Invalid shutdown command [] received
03-Apr-2026 23:47:31.319 WARNING [main] org.apache.catalina.core.StandardServer.await Invalid shutdown command [] received
03-Apr-2026 23:47:37.807 WARNING [main] org.apache.catalina.core.StandardServer.await Invalid shutdown command [] received
03-Apr-2026 23:47:44.287 WARNING [main] org.apache.catalina.core.StandardServer.await Invalid shutdown command [] received
03-Apr-2026 23:47:50.753 WARNING [main] org.apache.catalina.core.StandardServer.await Invalid shutdown command [] received
03-Apr-2026 23:47:57.215 WARNING [main] org.apache.catalina.core.StandardServer.await Invalid shutdown command [] received
03-Apr-2026 23:48:03.696 WARNING [main] org.apache.catalina.core.StandardServer.await Invalid shutdown command [] received
03-Apr-2026 23:48:10.172 WARNING [main] org.apache.catalina.core.StandardServer.await Invalid shutdown command [] received
03-Apr-2026 23:48:16.641 WARNING [main] org.apache.catalina.core.StandardServer.await Invalid shutdown command [] received
03-Apr-2026 23:48:23.105 WARNING [main] org.apache.catalina.core.StandardServer.await Invalid shutdown command [] received
03-Apr-2026 23:48:29.574 WARNING [main] org.apache.catalina.core.StandardServer.await Invalid shutdown command [] received
03-Apr-2026 23:48:36.039 WARNING [main] org.apache.catalina.core.StandardServer.await Invalid shutdown command [] received
03-Apr-2026 23:48:42.510 WARNING [main] org.apache.catalina.core.StandardServer.await Invalid shutdown command [] received
03-Apr-2026 23:48:48.985 WARNING [main] org.apache.catalina.core.StandardServer.await Invalid shutdown command [] received
03-Apr-2026 23:48:55.455 WARNING [main] org.apache.catalina.core.StandardServer.await Invalid shutdown command [] received
03-Apr-2026 23:49:01.927 WARNING [main] org.apache.catalina.core.StandardServer.await Invalid shutdown command [] received
03-Apr-2026 23:49:08.395 WARNING [main] org.apache.catalina.core.StandardServer.await Invalid shutdown command [] received
03-Apr-2026 23:49:14.868 WARNING [main] org.apache.catalina.core.StandardServer.await Invalid shutdown command [] received
03-Apr-2026 23:49:21.412 WARNING [main] org.apache.catalina.core.StandardServer.await Invalid shutdown command [] received
03-Apr-2026 23:49:27.880 WARNING [main] org.apache.catalina.core.StandardServer.await Invalid shutdown command [] received
03-Apr-2026 23:49:34.348 WARNING [main] org.apache.catalina.core.StandardServer.await Invalid shutdown command [] received
03-Apr-2026 23:49:40.820 WARNING [main] org.apache.catalina.core.StandardServer.await Invalid shutdown command [] received
03-Apr-2026 23:49:47.286 WARNING [main] org.apache.catalina.core.StandardServer.await Invalid shutdown command [] received
03-Apr-2026 23:49:53.786 WARNING [main] org.apache.catalina.core.StandardServer.await Invalid shutdown command [] received
03-Apr-2026 23:50:00.272 WARNING [main] org.apache.catalina.core.StandardServer.await Invalid shutdown command [] received
03-Apr-2026 23:50:06.747 WARNING [main] org.apache.catalina.core.StandardServer.await Invalid shutdown command [] received
03-Apr-2026 23:50:13.220 WARNING [main] org.apache.catalina.core.StandardServer.await Invalid shutdown command [] received
03-Apr-2026 23:50:19.690 WARNING [main] org.apache.catalina.core.StandardServer.await Invalid shutdown command [] received
03-Apr-2026 23:50:26.156 WARNING [main] org.apache.catalina.core.StandardServer.await Invalid shutdown command [] received
03-Apr-2026 23:50:32.628 WARNING [main] org.apache.catalina.core.StandardServer.await Invalid shutdown command [] received
03-Apr-2026 23:50:39.102 WARNING [main] org.apache.catalina.core.StandardServer.await Invalid shutdown command [] received
03-Apr-2026 23:50:45.578 WARNING [main] org.apache.catalina.core.StandardServer.await Invalid shutdown command [] received
03-Apr-2026 23:50:52.054 WARNING [main] org.apache.catalina.core.StandardServer.await Invalid shutdown command [] received
03-Apr-2026 23:50:58.552 WARNING [main] org.apache.catalina.core.StandardServer.await Invalid shutdown command [] received
03-Apr-2026 23:51:05.016 WARNING [main] org.apache.catalina.core.StandardServer.await Invalid shutdown command [] received
03-Apr-2026 23:51:11.492 WARNING [main] org.apache.catalina.core.StandardServer.await Invalid shutdown command [] received
03-Apr-2026 23:51:17.940 WARNING [main] org.apache.catalina.core.StandardServer.await Invalid shutdown command [] received
03-Apr-2026 23:51:24.415 WARNING [main] org.apache.catalina.core.StandardServer.await Invalid shutdown command [] received
03-Apr-2026 23:51:30.887 WARNING [main] org.apache.catalina.core.StandardServer.await Invalid shutdown command [] received
03-Apr-2026 23:51:37.357 WARNING [main] org.apache.catalina.core.StandardServer.await Invalid shutdown command [] received
03-Apr-2026 23:51:43.826 WARNING [main] org.apache.catalina.core.StandardServer.await Invalid shutdown command [] received
03-Apr-2026 23:51:50.318 WARNING [main] org.apache.catalina.core.StandardServer.await Invalid shutdown command [] received
03-Apr-2026 23:51:56.782 WARNING [main] org.apache.catalina.core.StandardServer.await Invalid shutdown command [] received
03-Apr-2026 23:52:03.277 WARNING [main] org.apache.catalina.core.StandardServer.await Invalid shutdown command [] received
03-Apr-2026 23:52:09.749 WARNING [main] org.apache.catalina.core.StandardServer.await Invalid shutdown command [] received
03-Apr-2026 23:52:16.218 WARNING [main] org.apache.catalina.core.StandardServer.await Invalid shutdown command [] received
03-Apr-2026 23:52:22.687 WARNING [main] org.apache.catalina.core.StandardServer.await Invalid shutdown command [] received
03-Apr-2026 23:52:29.154 WARNING [main] org.apache.catalina.core.StandardServer.await Invalid shutdown command [] received
03-Apr-2026 23:52:35.628 WARNING [main] org.apache.catalina.core.StandardServer.await Invalid shutdown command [] received
03-Apr-2026 23:52:42.092 WARNING [main] org.apache.catalina.core.StandardServer.await Invalid shutdown command [] received
03-Apr-2026 23:52:48.567 WARNING [main] org.apache.catalina.core.StandardServer.await Invalid shutdown command [] received
03-Apr-2026 23:52:55.036 WARNING [main] org.apache.catalina.core.StandardServer.await Invalid shutdown command [] received
03-Apr-2026 23:53:01.500 WARNING [main] org.apache.catalina.core.StandardServer.await Invalid shutdown command [] received
03-Apr-2026 23:53:07.998 WARNING [main] org.apache.catalina.core.StandardServer.await Invalid shutdown command [] received
03-Apr-2026 23:53:14.476 WARNING [main] org.apache.catalina.core.StandardServer.await Invalid shutdown command [] received
03-Apr-2026 23:53:20.937 WARNING [main] org.apache.catalina.core.StandardServer.await Invalid shutdown command [] received
03-Apr-2026 23:53:27.406 WARNING [main] org.apache.catalina.core.StandardServer.await Invalid shutdown command [] received
03-Apr-2026 23:53:33.879 WARNING [main] org.apache.catalina.core.StandardServer.await Invalid shutdown command [] received
03-Apr-2026 23:53:40.357 WARNING [main] org.apache.catalina.core.StandardServer.await Invalid shutdown command [] received
03-Apr-2026 23:53:46.826 WARNING [main] org.apache.catalina.core.StandardServer.await Invalid shutdown command [] received
03-Apr-2026 23:53:53.292 WARNING [main] org.apache.catalina.core.StandardServer.await Invalid shutdown command [] received
03-Apr-2026 23:53:59.759 WARNING [main] org.apache.catalina.core.StandardServer.await Invalid shutdown command [] received
03-Apr-2026 23:54:06.226 WARNING [main] org.apache.catalina.core.StandardServer.await Invalid shutdown command [] received
03-Apr-2026 23:54:12.723 WARNING [main] org.apache.catalina.core.StandardServer.await Invalid shutdown command [] received
03-Apr-2026 23:54:19.195 WARNING [main] org.apache.catalina.core.StandardServer.await Invalid shutdown command [] received
03-Apr-2026 23:54:25.680 WARNING [main] org.apache.catalina.core.StandardServer.await Invalid shutdown command [] received
03-Apr-2026 23:54:32.147 WARNING [main] org.apache.catalina.core.StandardServer.await Invalid shutdown command [] received
03-Apr-2026 23:54:38.622 WARNING [main] org.apache.catalina.core.StandardServer.await Invalid shutdown command [] received
03-Apr-2026 23:54:45.088 WARNING [main] org.apache.catalina.core.StandardServer.await Invalid shutdown command [] received
03-Apr-2026 23:54:51.551 WARNING [main] org.apache.catalina.core.StandardServer.await Invalid shutdown command [] received
03-Apr-2026 23:54:58.022 WARNING [main] org.apache.catalina.core.StandardServer.await Invalid shutdown command [] received
03-Apr-2026 23:55:04.496 WARNING [main] org.apache.catalina.core.StandardServer.await Invalid shutdown command [] received
03-Apr-2026 23:55:10.973 WARNING [main] org.apache.catalina.core.StandardServer.await Invalid shutdown command [] received
03-Apr-2026 23:55:17.453 WARNING [main] org.apache.catalina.core.StandardServer.await Invalid shutdown command [] received
03-Apr-2026 23:55:23.925 WARNING [main] org.apache.catalina.core.StandardServer.await Invalid shutdown command [] received
03-Apr-2026 23:55:30.387 WARNING [main] org.apache.catalina.core.StandardServer.await Invalid shutdown command [] received
03-Apr-2026 23:55:36.848 WARNING [main] org.apache.catalina.core.StandardServer.await Invalid shutdown command [] received
03-Apr-2026 23:55:43.316 WARNING [main] org.apache.catalina.core.StandardServer.await Invalid shutdown command [] received
03-Apr-2026 23:55:49.784 WARNING [main] org.apache.catalina.core.StandardServer.await Invalid shutdown command [] received
03-Apr-2026 23:55:56.255 WARNING [main] org.apache.catalina.core.StandardServer.await Invalid shutdown command [] received
03-Apr-2026 23:56:02.728 WARNING [main] org.apache.catalina.core.StandardServer.await Invalid shutdown command [] received
03-Apr-2026 23:56:09.194 WARNING [main] org.apache.catalina.core.StandardServer.await Invalid shutdown command [] received
03-Apr-2026 23:56:15.675 WARNING [main] org.apache.catalina.core.StandardServer.await Invalid shutdown command [] received
03-Apr-2026 23:56:22.139 WARNING [main] org.apache.catalina.core.StandardServer.await Invalid shutdown command [] received
03-Apr-2026 23:56:28.605 WARNING [main] org.apache.catalina.core.StandardServer.await Invalid shutdown command [] received
03-Apr-2026 23:56:35.079 WARNING [main] org.apache.catalina.core.StandardServer.await Invalid shutdown command [] received
03-Apr-2026 23:56:41.548 WARNING [main] org.apache.catalina.core.StandardServer.await Invalid shutdown command [] received
03-Apr-2026 23:56:48.022 WARNING [main] org.apache.catalina.core.StandardServer.await Invalid shutdown command [] received
03-Apr-2026 23:56:54.485 WARNING [main] org.apache.catalina.core.StandardServer.await Invalid shutdown command [] received
03-Apr-2026 23:57:00.956 WARNING [main] org.apache.catalina.core.StandardServer.await Invalid shutdown command [] received
03-Apr-2026 23:57:07.426 WARNING [main] org.apache.catalina.core.StandardServer.await Invalid shutdown command [] received
03-Apr-2026 23:57:13.888 WARNING [main] org.apache.catalina.core.StandardServer.await Invalid shutdown command [] received
03-Apr-2026 23:57:20.357 WARNING [main] org.apache.catalina.core.StandardServer.await Invalid shutdown command [] received
03-Apr-2026 23:57:26.825 WARNING [main] org.apache.catalina.core.StandardServer.await Invalid shutdown command [] received
03-Apr-2026 23:57:33.339 WARNING [main] org.apache.catalina.core.StandardServer.await Invalid shutdown command [] received
03-Apr-2026 23:57:39.813 WARNING [main] org.apache.catalina.core.StandardServer.await Invalid shutdown command [] received
03-Apr-2026 23:57:46.281 WARNING [main] org.apache.catalina.core.StandardServer.await Invalid shutdown command [] received
03-Apr-2026 23:57:52.752 WARNING [main] org.apache.catalina.core.StandardServer.await Invalid shutdown command [] received
03-Apr-2026 23:57:59.216 WARNING [main] org.apache.catalina.core.StandardServer.await Invalid shutdown command [] received
03-Apr-2026 23:58:05.684 WARNING [main] org.apache.catalina.core.StandardServer.await Invalid shutdown command [] received
03-Apr-2026 23:58:12.160 WARNING [main] org.apache.catalina.core.StandardServer.await Invalid shutdown command [] received
03-Apr-2026 23:58:18.628 WARNING [main] org.apache.catalina.core.StandardServer.await Invalid shutdown command [] received
03-Apr-2026 23:58:25.102 WARNING [main] org.apache.catalina.core.StandardServer.await Invalid shutdown command [] received
03-Apr-2026 23:58:31.581 WARNING [main] org.apache.catalina.core.StandardServer.await Invalid shutdown command [] received
03-Apr-2026 23:58:38.093 WARNING [main] org.apache.catalina.core.StandardServer.await Invalid shutdown command [] received
03-Apr-2026 23:58:44.562 WARNING [main] org.apache.catalina.core.StandardServer.await Invalid shutdown command [] received
03-Apr-2026 23:58:51.031 WARNING [main] org.apache.catalina.core.StandardServer.await Invalid shutdown command [] received
03-Apr-2026 23:58:57.492 WARNING [main] org.apache.catalina.core.StandardServer.await Invalid shutdown command [] received
03-Apr-2026 23:59:03.967 WARNING [main] org.apache.catalina.core.StandardServer.await Invalid shutdown command [] received
03-Apr-2026 23:59:10.441 WARNING [main] org.apache.catalina.core.StandardServer.await Invalid shutdown command [] received
03-Apr-2026 23:59:16.908 WARNING [main] org.apache.catalina.core.StandardServer.await Invalid shutdown command [] received
03-Apr-2026 23:59:23.378 WARNING [main] org.apache.catalina.core.StandardServer.await Invalid shutdown command [] received
03-Apr-2026 23:59:29.851 WARNING [main] org.apache.catalina.core.StandardServer.await Invalid shutdown command [] received
03-Apr-2026 23:59:36.326 WARNING [main] org.apache.catalina.core.StandardServer.await Invalid shutdown command [] received
03-Apr-2026 23:59:42.821 WARNING [main] org.apache.catalina.core.StandardServer.await Invalid shutdown command [] received
03-Apr-2026 23:59:49.291 WARNING [main] org.apache.catalina.core.StandardServer.await Invalid shutdown command [] received
03-Apr-2026 23:59:55.771 WARNING [main] org.apache.catalina.core.StandardServer.await Invalid shutdown command [] received
