04-Apr-2026 08:38:04.390 INFO [main] org.apache.catalina.core.ApplicationContext.log No Spring WebApplicationInitializer types detected on classpath
04-Apr-2026 08:38:04.497 INFO [main] org.apache.catalina.core.ApplicationContext.log Initializing Spring root WebApplicationContext
04-Apr-2026 08:38:07.656 INFO [main] org.apache.catalina.core.ApplicationContext.log Initializing Spring FrameworkServlet 'dispatcher'
04-Apr-2026 08:38:09.641 INFO [main] org.apache.catalina.core.ApplicationContext.log ContextListener: contextInitialized()
04-Apr-2026 08:38:09.641 INFO [main] org.apache.catalina.core.ApplicationContext.log SessionListener: contextInitialized()
04-Apr-2026 08:38:09.641 INFO [main] org.apache.catalina.core.ApplicationContext.log ContextListener: attributeAdded('StockTicker', 'async.Stockticker@308d8de8')
04-Apr-2026 08:57:01.941 INFO [main] org.apache.catalina.core.ApplicationContext.log No Spring WebApplicationInitializer types detected on classpath
04-Apr-2026 08:57:02.053 INFO [main] org.apache.catalina.core.ApplicationContext.log Initializing Spring root WebApplicationContext
04-Apr-2026 08:57:05.136 INFO [main] org.apache.catalina.core.ApplicationContext.log Initializing Spring FrameworkServlet 'dispatcher'
04-Apr-2026 08:57:06.746 INFO [main] org.apache.catalina.core.ApplicationContext.log ContextListener: contextInitialized()
04-Apr-2026 08:57:06.748 INFO [main] org.apache.catalina.core.ApplicationContext.log SessionListener: contextInitialized()
04-Apr-2026 08:57:06.750 INFO [main] org.apache.catalina.core.ApplicationContext.log ContextListener: attributeAdded('StockTicker', 'async.Stockticker@5d72da0b')
04-Apr-2026 08:57:07.071 INFO [main] org.apache.catalina.core.ApplicationContext.log SessionListener: contextDestroyed()
04-Apr-2026 08:57:07.071 INFO [main] org.apache.catalina.core.ApplicationContext.log ContextListener: contextDestroyed()
04-Apr-2026 08:57:07.077 INFO [main] org.apache.catalina.core.ApplicationContext.log Destroying Spring FrameworkServlet 'dispatcher'
04-Apr-2026 08:57:07.089 INFO [main] org.apache.catalina.core.ApplicationContext.log Closing Spring root WebApplicationContext
04-Apr-2026 08:57:16.810 INFO [main] org.apache.catalina.core.ApplicationContext.log No Spring WebApplicationInitializer types detected on classpath
04-Apr-2026 08:57:16.887 INFO [main] org.apache.catalina.core.ApplicationContext.log Initializing Spring root WebApplicationContext
04-Apr-2026 08:57:19.681 INFO [main] org.apache.catalina.core.ApplicationContext.log Initializing Spring FrameworkServlet 'dispatcher'
04-Apr-2026 08:57:20.758 INFO [main] org.apache.catalina.core.ApplicationContext.log ContextListener: contextInitialized()
04-Apr-2026 08:57:20.758 INFO [main] org.apache.catalina.core.ApplicationContext.log SessionListener: contextInitialized()
04-Apr-2026 08:57:20.758 INFO [main] org.apache.catalina.core.ApplicationContext.log ContextListener: attributeAdded('StockTicker', 'async.Stockticker@5d72da0b')
04-Apr-2026 08:57:21.026 INFO [main] org.apache.catalina.core.ApplicationContext.log SessionListener: contextDestroyed()
04-Apr-2026 08:57:21.026 INFO [main] org.apache.catalina.core.ApplicationContext.log ContextListener: contextDestroyed()
04-Apr-2026 08:57:21.030 INFO [main] org.apache.catalina.core.ApplicationContext.log Destroying Spring FrameworkServlet 'dispatcher'
04-Apr-2026 08:57:21.098 INFO [main] org.apache.catalina.core.ApplicationContext.log Closing Spring root WebApplicationContext
04-Apr-2026 08:57:24.600 INFO [main] org.apache.catalina.core.ApplicationContext.log No Spring WebApplicationInitializer types detected on classpath
04-Apr-2026 08:57:24.681 INFO [main] org.apache.catalina.core.ApplicationContext.log Initializing Spring root WebApplicationContext
04-Apr-2026 08:57:27.546 INFO [main] org.apache.catalina.core.ApplicationContext.log Initializing Spring FrameworkServlet 'dispatcher'
04-Apr-2026 08:57:28.948 INFO [main] org.apache.catalina.core.ApplicationContext.log ContextListener: contextInitialized()
04-Apr-2026 08:57:28.948 INFO [main] org.apache.catalina.core.ApplicationContext.log SessionListener: contextInitialized()
04-Apr-2026 08:57:28.950 INFO [main] org.apache.catalina.core.ApplicationContext.log ContextListener: attributeAdded('StockTicker', 'async.Stockticker@5d72da0b')
04-Apr-2026 08:57:29.331 INFO [main] org.apache.catalina.core.ApplicationContext.log SessionListener: contextDestroyed()
04-Apr-2026 08:57:29.331 INFO [main] org.apache.catalina.core.ApplicationContext.log ContextListener: contextDestroyed()
04-Apr-2026 08:57:29.337 INFO [main] org.apache.catalina.core.ApplicationContext.log Destroying Spring FrameworkServlet 'dispatcher'
04-Apr-2026 08:57:29.585 INFO [main] org.apache.catalina.core.ApplicationContext.log Closing Spring root WebApplicationContext
04-Apr-2026 08:57:33.589 INFO [main] org.apache.catalina.core.ApplicationContext.log No Spring WebApplicationInitializer types detected on classpath
04-Apr-2026 08:57:33.685 INFO [main] org.apache.catalina.core.ApplicationContext.log Initializing Spring root WebApplicationContext
04-Apr-2026 08:57:37.189 INFO [main] org.apache.catalina.core.ApplicationContext.log Initializing Spring FrameworkServlet 'dispatcher'
04-Apr-2026 08:57:38.363 INFO [main] org.apache.catalina.core.ApplicationContext.log ContextListener: contextInitialized()
04-Apr-2026 08:57:38.363 INFO [main] org.apache.catalina.core.ApplicationContext.log SessionListener: contextInitialized()
04-Apr-2026 08:57:38.363 INFO [main] org.apache.catalina.core.ApplicationContext.log ContextListener: attributeAdded('StockTicker', 'async.Stockticker@5a983f8a')
04-Apr-2026 08:57:38.644 INFO [main] org.apache.catalina.core.ApplicationContext.log SessionListener: contextDestroyed()
04-Apr-2026 08:57:38.644 INFO [main] org.apache.catalina.core.ApplicationContext.log ContextListener: contextDestroyed()
04-Apr-2026 08:57:38.648 INFO [main] org.apache.catalina.core.ApplicationContext.log Destroying Spring FrameworkServlet 'dispatcher'
04-Apr-2026 08:57:38.701 INFO [main] org.apache.catalina.core.ApplicationContext.log Closing Spring root WebApplicationContext
04-Apr-2026 08:57:48.826 INFO [main] org.apache.catalina.core.ApplicationContext.log No Spring WebApplicationInitializer types detected on classpath
04-Apr-2026 08:57:48.921 INFO [main] org.apache.catalina.core.ApplicationContext.log Initializing Spring root WebApplicationContext
04-Apr-2026 08:57:51.648 INFO [main] org.apache.catalina.core.ApplicationContext.log Initializing Spring FrameworkServlet 'dispatcher'
04-Apr-2026 08:57:52.756 INFO [main] org.apache.catalina.core.ApplicationContext.log ContextListener: contextInitialized()
04-Apr-2026 08:57:52.756 INFO [main] org.apache.catalina.core.ApplicationContext.log SessionListener: contextInitialized()
04-Apr-2026 08:57:52.758 INFO [main] org.apache.catalina.core.ApplicationContext.log ContextListener: attributeAdded('StockTicker', 'async.Stockticker@5d72da0b')
04-Apr-2026 08:57:53.081 INFO [main] org.apache.catalina.core.ApplicationContext.log SessionListener: contextDestroyed()
04-Apr-2026 08:57:53.081 INFO [main] org.apache.catalina.core.ApplicationContext.log ContextListener: contextDestroyed()
04-Apr-2026 08:57:53.087 INFO [main] org.apache.catalina.core.ApplicationContext.log Destroying Spring FrameworkServlet 'dispatcher'
04-Apr-2026 08:57:53.336 INFO [main] org.apache.catalina.core.ApplicationContext.log Closing Spring root WebApplicationContext
04-Apr-2026 08:58:43.846 INFO [main] org.apache.catalina.core.ApplicationContext.log No Spring WebApplicationInitializer types detected on classpath
04-Apr-2026 08:58:43.971 INFO [main] org.apache.catalina.core.ApplicationContext.log Initializing Spring root WebApplicationContext
04-Apr-2026 08:58:46.858 INFO [main] org.apache.catalina.core.ApplicationContext.log Initializing Spring FrameworkServlet 'dispatcher'
04-Apr-2026 08:58:47.870 INFO [main] org.apache.catalina.core.ApplicationContext.log ContextListener: contextInitialized()
04-Apr-2026 08:58:47.870 INFO [main] org.apache.catalina.core.ApplicationContext.log SessionListener: contextInitialized()
04-Apr-2026 08:58:47.871 INFO [main] org.apache.catalina.core.ApplicationContext.log ContextListener: attributeAdded('StockTicker', 'async.Stockticker@5d72da0b')
04-Apr-2026 08:58:48.169 INFO [main] org.apache.catalina.core.ApplicationContext.log SessionListener: contextDestroyed()
04-Apr-2026 08:58:48.169 INFO [main] org.apache.catalina.core.ApplicationContext.log ContextListener: contextDestroyed()
04-Apr-2026 08:58:48.173 INFO [main] org.apache.catalina.core.ApplicationContext.log Destroying Spring FrameworkServlet 'dispatcher'
04-Apr-2026 08:58:48.213 INFO [main] org.apache.catalina.core.ApplicationContext.log Closing Spring root WebApplicationContext
04-Apr-2026 08:58:52.109 INFO [main] org.apache.catalina.core.ApplicationContext.log No Spring WebApplicationInitializer types detected on classpath
04-Apr-2026 08:58:52.202 INFO [main] org.apache.catalina.core.ApplicationContext.log Initializing Spring root WebApplicationContext
04-Apr-2026 08:58:55.015 INFO [main] org.apache.catalina.core.ApplicationContext.log Initializing Spring FrameworkServlet 'dispatcher'
04-Apr-2026 08:58:56.086 INFO [main] org.apache.catalina.core.ApplicationContext.log ContextListener: contextInitialized()
04-Apr-2026 08:58:56.086 INFO [main] org.apache.catalina.core.ApplicationContext.log SessionListener: contextInitialized()
04-Apr-2026 08:58:56.086 INFO [main] org.apache.catalina.core.ApplicationContext.log ContextListener: attributeAdded('StockTicker', 'async.Stockticker@5d72da0b')
04-Apr-2026 08:58:56.416 INFO [main] org.apache.catalina.core.ApplicationContext.log SessionListener: contextDestroyed()
04-Apr-2026 08:58:56.416 INFO [main] org.apache.catalina.core.ApplicationContext.log ContextListener: contextDestroyed()
04-Apr-2026 08:58:56.420 INFO [main] org.apache.catalina.core.ApplicationContext.log Destroying Spring FrameworkServlet 'dispatcher'
04-Apr-2026 08:58:56.436 INFO [main] org.apache.catalina.core.ApplicationContext.log Closing Spring root WebApplicationContext
04-Apr-2026 08:59:00.728 INFO [main] org.apache.catalina.core.ApplicationContext.log No Spring WebApplicationInitializer types detected on classpath
04-Apr-2026 08:59:00.827 INFO [main] org.apache.catalina.core.ApplicationContext.log Initializing Spring root WebApplicationContext
04-Apr-2026 08:59:03.881 INFO [main] org.apache.catalina.core.ApplicationContext.log Initializing Spring FrameworkServlet 'dispatcher'
04-Apr-2026 08:59:04.849 INFO [main] org.apache.catalina.core.ApplicationContext.log ContextListener: contextInitialized()
04-Apr-2026 08:59:04.849 INFO [main] org.apache.catalina.core.ApplicationContext.log SessionListener: contextInitialized()
04-Apr-2026 08:59:04.851 INFO [main] org.apache.catalina.core.ApplicationContext.log ContextListener: attributeAdded('StockTicker', 'async.Stockticker@5d72da0b')
04-Apr-2026 08:59:05.171 INFO [main] org.apache.catalina.core.ApplicationContext.log SessionListener: contextDestroyed()
04-Apr-2026 08:59:05.171 INFO [main] org.apache.catalina.core.ApplicationContext.log ContextListener: contextDestroyed()
04-Apr-2026 08:59:05.175 INFO [main] org.apache.catalina.core.ApplicationContext.log Destroying Spring FrameworkServlet 'dispatcher'
04-Apr-2026 08:59:05.232 INFO [main] org.apache.catalina.core.ApplicationContext.log Closing Spring root WebApplicationContext
04-Apr-2026 08:59:09.172 INFO [main] org.apache.catalina.core.ApplicationContext.log No Spring WebApplicationInitializer types detected on classpath
04-Apr-2026 08:59:09.282 INFO [main] org.apache.catalina.core.ApplicationContext.log Initializing Spring root WebApplicationContext
04-Apr-2026 08:59:12.792 INFO [main] org.apache.catalina.core.ApplicationContext.log Initializing Spring FrameworkServlet 'dispatcher'
04-Apr-2026 08:59:13.796 INFO [main] org.apache.catalina.core.ApplicationContext.log ContextListener: contextInitialized()
04-Apr-2026 08:59:13.796 INFO [main] org.apache.catalina.core.ApplicationContext.log SessionListener: contextInitialized()
04-Apr-2026 08:59:13.798 INFO [main] org.apache.catalina.core.ApplicationContext.log ContextListener: attributeAdded('StockTicker', 'async.Stockticker@5a983f8a')
04-Apr-2026 08:59:14.302 INFO [main] org.apache.catalina.core.ApplicationContext.log SessionListener: contextDestroyed()
04-Apr-2026 08:59:14.302 INFO [main] org.apache.catalina.core.ApplicationContext.log ContextListener: contextDestroyed()
04-Apr-2026 08:59:14.306 INFO [main] org.apache.catalina.core.ApplicationContext.log Destroying Spring FrameworkServlet 'dispatcher'
04-Apr-2026 08:59:14.360 INFO [main] org.apache.catalina.core.ApplicationContext.log Closing Spring root WebApplicationContext
04-Apr-2026 08:59:24.716 INFO [main] org.apache.catalina.core.ApplicationContext.log No Spring WebApplicationInitializer types detected on classpath
04-Apr-2026 08:59:24.810 INFO [main] org.apache.catalina.core.ApplicationContext.log Initializing Spring root WebApplicationContext
04-Apr-2026 08:59:28.054 INFO [main] org.apache.catalina.core.ApplicationContext.log Initializing Spring FrameworkServlet 'dispatcher'
04-Apr-2026 08:59:29.010 INFO [main] org.apache.catalina.core.ApplicationContext.log ContextListener: contextInitialized()
04-Apr-2026 08:59:29.010 INFO [main] org.apache.catalina.core.ApplicationContext.log SessionListener: contextInitialized()
04-Apr-2026 08:59:29.014 INFO [main] org.apache.catalina.core.ApplicationContext.log ContextListener: attributeAdded('StockTicker', 'async.Stockticker@5a983f8a')
04-Apr-2026 08:59:29.386 INFO [main] org.apache.catalina.core.ApplicationContext.log SessionListener: contextDestroyed()
04-Apr-2026 08:59:29.386 INFO [main] org.apache.catalina.core.ApplicationContext.log ContextListener: contextDestroyed()
04-Apr-2026 08:59:29.388 INFO [main] org.apache.catalina.core.ApplicationContext.log Destroying Spring FrameworkServlet 'dispatcher'
04-Apr-2026 08:59:29.446 INFO [main] org.apache.catalina.core.ApplicationContext.log Closing Spring root WebApplicationContext
04-Apr-2026 09:00:09.282 INFO [main] org.apache.catalina.core.ApplicationContext.log No Spring WebApplicationInitializer types detected on classpath
04-Apr-2026 09:00:09.379 INFO [main] org.apache.catalina.core.ApplicationContext.log Initializing Spring root WebApplicationContext
04-Apr-2026 09:00:12.077 INFO [main] org.apache.catalina.core.ApplicationContext.log Initializing Spring FrameworkServlet 'dispatcher'
04-Apr-2026 09:00:13.112 INFO [main] org.apache.catalina.core.ApplicationContext.log ContextListener: contextInitialized()
04-Apr-2026 09:00:13.114 INFO [main] org.apache.catalina.core.ApplicationContext.log SessionListener: contextInitialized()
04-Apr-2026 09:00:13.114 INFO [main] org.apache.catalina.core.ApplicationContext.log ContextListener: attributeAdded('StockTicker', 'async.Stockticker@5d72da0b')
04-Apr-2026 09:00:13.248 INFO [main] org.apache.catalina.core.ApplicationContext.log SessionListener: contextDestroyed()
04-Apr-2026 09:00:13.248 INFO [main] org.apache.catalina.core.ApplicationContext.log ContextListener: contextDestroyed()
04-Apr-2026 09:00:13.252 INFO [main] org.apache.catalina.core.ApplicationContext.log Destroying Spring FrameworkServlet 'dispatcher'
04-Apr-2026 09:00:13.264 INFO [main] org.apache.catalina.core.ApplicationContext.log Closing Spring root WebApplicationContext
04-Apr-2026 09:01:04.488 INFO [main] org.apache.catalina.core.ApplicationContext.log No Spring WebApplicationInitializer types detected on classpath
04-Apr-2026 09:01:04.567 INFO [main] org.apache.catalina.core.ApplicationContext.log Initializing Spring root WebApplicationContext
04-Apr-2026 09:01:07.380 INFO [main] org.apache.catalina.core.ApplicationContext.log Initializing Spring FrameworkServlet 'dispatcher'
04-Apr-2026 09:01:08.414 INFO [main] org.apache.catalina.core.ApplicationContext.log ContextListener: contextInitialized()
04-Apr-2026 09:01:08.414 INFO [main] org.apache.catalina.core.ApplicationContext.log SessionListener: contextInitialized()
04-Apr-2026 09:01:08.416 INFO [main] org.apache.catalina.core.ApplicationContext.log ContextListener: attributeAdded('StockTicker', 'async.Stockticker@5d72da0b')
04-Apr-2026 09:01:08.752 INFO [main] org.apache.catalina.core.ApplicationContext.log SessionListener: contextDestroyed()
04-Apr-2026 09:01:08.752 INFO [main] org.apache.catalina.core.ApplicationContext.log ContextListener: contextDestroyed()
04-Apr-2026 09:01:08.756 INFO [main] org.apache.catalina.core.ApplicationContext.log Destroying Spring FrameworkServlet 'dispatcher'
04-Apr-2026 09:01:08.946 INFO [main] org.apache.catalina.core.ApplicationContext.log Closing Spring root WebApplicationContext
04-Apr-2026 09:01:12.885 INFO [main] org.apache.catalina.core.ApplicationContext.log No Spring WebApplicationInitializer types detected on classpath
04-Apr-2026 09:01:12.970 INFO [main] org.apache.catalina.core.ApplicationContext.log Initializing Spring root WebApplicationContext
04-Apr-2026 09:01:15.694 INFO [main] org.apache.catalina.core.ApplicationContext.log Initializing Spring FrameworkServlet 'dispatcher'
04-Apr-2026 09:01:16.654 INFO [main] org.apache.catalina.core.ApplicationContext.log ContextListener: contextInitialized()
04-Apr-2026 09:01:16.654 INFO [main] org.apache.catalina.core.ApplicationContext.log SessionListener: contextInitialized()
04-Apr-2026 09:01:16.656 INFO [main] org.apache.catalina.core.ApplicationContext.log ContextListener: attributeAdded('StockTicker', 'async.Stockticker@5d72da0b')
04-Apr-2026 09:01:16.915 INFO [main] org.apache.catalina.core.ApplicationContext.log SessionListener: contextDestroyed()
04-Apr-2026 09:01:16.915 INFO [main] org.apache.catalina.core.ApplicationContext.log ContextListener: contextDestroyed()
04-Apr-2026 09:01:16.919 INFO [main] org.apache.catalina.core.ApplicationContext.log Destroying Spring FrameworkServlet 'dispatcher'
04-Apr-2026 09:01:16.959 INFO [main] org.apache.catalina.core.ApplicationContext.log Closing Spring root WebApplicationContext
04-Apr-2026 09:01:21.190 INFO [main] org.apache.catalina.core.ApplicationContext.log No Spring WebApplicationInitializer types detected on classpath
04-Apr-2026 09:01:21.282 INFO [main] org.apache.catalina.core.ApplicationContext.log Initializing Spring root WebApplicationContext
04-Apr-2026 09:01:23.970 INFO [main] org.apache.catalina.core.ApplicationContext.log Initializing Spring FrameworkServlet 'dispatcher'
04-Apr-2026 09:01:25.004 INFO [main] org.apache.catalina.core.ApplicationContext.log ContextListener: contextInitialized()
04-Apr-2026 09:01:25.004 INFO [main] org.apache.catalina.core.ApplicationContext.log SessionListener: contextInitialized()
04-Apr-2026 09:01:25.006 INFO [main] org.apache.catalina.core.ApplicationContext.log ContextListener: attributeAdded('StockTicker', 'async.Stockticker@5d72da0b')
04-Apr-2026 09:01:25.338 INFO [main] org.apache.catalina.core.ApplicationContext.log SessionListener: contextDestroyed()
04-Apr-2026 09:01:25.338 INFO [main] org.apache.catalina.core.ApplicationContext.log ContextListener: contextDestroyed()
04-Apr-2026 09:01:25.342 INFO [main] org.apache.catalina.core.ApplicationContext.log Destroying Spring FrameworkServlet 'dispatcher'
04-Apr-2026 09:01:25.605 INFO [main] org.apache.catalina.core.ApplicationContext.log Closing Spring root WebApplicationContext
04-Apr-2026 09:01:29.531 INFO [main] org.apache.catalina.core.ApplicationContext.log No Spring WebApplicationInitializer types detected on classpath
04-Apr-2026 09:01:29.625 INFO [main] org.apache.catalina.core.ApplicationContext.log Initializing Spring root WebApplicationContext
04-Apr-2026 09:01:32.408 INFO [main] org.apache.catalina.core.ApplicationContext.log Initializing Spring FrameworkServlet 'dispatcher'
04-Apr-2026 09:01:33.275 INFO [main] org.apache.catalina.core.ApplicationContext.log ContextListener: contextInitialized()
04-Apr-2026 09:01:33.275 INFO [main] org.apache.catalina.core.ApplicationContext.log SessionListener: contextInitialized()
04-Apr-2026 09:01:33.277 INFO [main] org.apache.catalina.core.ApplicationContext.log ContextListener: attributeAdded('StockTicker', 'async.Stockticker@5d72da0b')
04-Apr-2026 09:01:33.577 INFO [main] org.apache.catalina.core.ApplicationContext.log SessionListener: contextDestroyed()
04-Apr-2026 09:01:33.577 INFO [main] org.apache.catalina.core.ApplicationContext.log ContextListener: contextDestroyed()
04-Apr-2026 09:01:33.579 INFO [main] org.apache.catalina.core.ApplicationContext.log Destroying Spring FrameworkServlet 'dispatcher'
04-Apr-2026 09:01:33.650 INFO [main] org.apache.catalina.core.ApplicationContext.log Closing Spring root WebApplicationContext
04-Apr-2026 09:01:37.861 INFO [main] org.apache.catalina.core.ApplicationContext.log No Spring WebApplicationInitializer types detected on classpath
04-Apr-2026 09:01:37.946 INFO [main] org.apache.catalina.core.ApplicationContext.log Initializing Spring root WebApplicationContext
04-Apr-2026 09:01:40.684 INFO [main] org.apache.catalina.core.ApplicationContext.log Initializing Spring FrameworkServlet 'dispatcher'
04-Apr-2026 09:01:41.862 INFO [main] org.apache.catalina.core.ApplicationContext.log ContextListener: contextInitialized()
04-Apr-2026 09:01:41.862 INFO [main] org.apache.catalina.core.ApplicationContext.log SessionListener: contextInitialized()
04-Apr-2026 09:01:41.864 INFO [main] org.apache.catalina.core.ApplicationContext.log ContextListener: attributeAdded('StockTicker', 'async.Stockticker@5d72da0b')
04-Apr-2026 09:01:42.257 INFO [main] org.apache.catalina.core.ApplicationContext.log SessionListener: contextDestroyed()
04-Apr-2026 09:01:42.257 INFO [main] org.apache.catalina.core.ApplicationContext.log ContextListener: contextDestroyed()
04-Apr-2026 09:01:42.261 INFO [main] org.apache.catalina.core.ApplicationContext.log Destroying Spring FrameworkServlet 'dispatcher'
04-Apr-2026 09:01:42.531 INFO [main] org.apache.catalina.core.ApplicationContext.log Closing Spring root WebApplicationContext
04-Apr-2026 09:01:46.302 INFO [main] org.apache.catalina.core.ApplicationContext.log No Spring WebApplicationInitializer types detected on classpath
04-Apr-2026 09:01:46.383 INFO [main] org.apache.catalina.core.ApplicationContext.log Initializing Spring root WebApplicationContext
04-Apr-2026 09:01:49.179 INFO [main] org.apache.catalina.core.ApplicationContext.log Initializing Spring FrameworkServlet 'dispatcher'
04-Apr-2026 09:01:50.157 INFO [main] org.apache.catalina.core.ApplicationContext.log ContextListener: contextInitialized()
04-Apr-2026 09:01:50.157 INFO [main] org.apache.catalina.core.ApplicationContext.log SessionListener: contextInitialized()
04-Apr-2026 09:01:50.157 INFO [main] org.apache.catalina.core.ApplicationContext.log ContextListener: attributeAdded('StockTicker', 'async.Stockticker@5d72da0b')
04-Apr-2026 09:01:50.433 INFO [main] org.apache.catalina.core.ApplicationContext.log SessionListener: contextDestroyed()
04-Apr-2026 09:01:50.433 INFO [main] org.apache.catalina.core.ApplicationContext.log ContextListener: contextDestroyed()
04-Apr-2026 09:01:50.437 INFO [main] org.apache.catalina.core.ApplicationContext.log Destroying Spring FrameworkServlet 'dispatcher'
04-Apr-2026 09:01:50.463 INFO [main] org.apache.catalina.core.ApplicationContext.log Closing Spring root WebApplicationContext
04-Apr-2026 09:01:54.785 INFO [main] org.apache.catalina.core.ApplicationContext.log No Spring WebApplicationInitializer types detected on classpath
04-Apr-2026 09:01:54.879 INFO [main] org.apache.catalina.core.ApplicationContext.log Initializing Spring root WebApplicationContext
04-Apr-2026 09:01:57.668 INFO [main] org.apache.catalina.core.ApplicationContext.log Initializing Spring FrameworkServlet 'dispatcher'
04-Apr-2026 09:01:58.715 INFO [main] org.apache.catalina.core.ApplicationContext.log ContextListener: contextInitialized()
04-Apr-2026 09:01:58.715 INFO [main] org.apache.catalina.core.ApplicationContext.log SessionListener: contextInitialized()
04-Apr-2026 09:01:58.717 INFO [main] org.apache.catalina.core.ApplicationContext.log ContextListener: attributeAdded('StockTicker', 'async.Stockticker@5d72da0b')
04-Apr-2026 09:01:59.016 INFO [main] org.apache.catalina.core.ApplicationContext.log SessionListener: contextDestroyed()
04-Apr-2026 09:01:59.016 INFO [main] org.apache.catalina.core.ApplicationContext.log ContextListener: contextDestroyed()
04-Apr-2026 09:01:59.020 INFO [main] org.apache.catalina.core.ApplicationContext.log Destroying Spring FrameworkServlet 'dispatcher'
04-Apr-2026 09:01:59.185 INFO [main] org.apache.catalina.core.ApplicationContext.log Closing Spring root WebApplicationContext
04-Apr-2026 09:02:03.143 INFO [main] org.apache.catalina.core.ApplicationContext.log No Spring WebApplicationInitializer types detected on classpath
04-Apr-2026 09:02:03.231 INFO [main] org.apache.catalina.core.ApplicationContext.log Initializing Spring root WebApplicationContext
04-Apr-2026 09:02:06.025 INFO [main] org.apache.catalina.core.ApplicationContext.log Initializing Spring FrameworkServlet 'dispatcher'
04-Apr-2026 09:02:07.008 INFO [main] org.apache.catalina.core.ApplicationContext.log ContextListener: contextInitialized()
04-Apr-2026 09:02:07.008 INFO [main] org.apache.catalina.core.ApplicationContext.log SessionListener: contextInitialized()
04-Apr-2026 09:02:07.010 INFO [main] org.apache.catalina.core.ApplicationContext.log ContextListener: attributeAdded('StockTicker', 'async.Stockticker@5d72da0b')
04-Apr-2026 09:02:07.279 INFO [main] org.apache.catalina.core.ApplicationContext.log SessionListener: contextDestroyed()
04-Apr-2026 09:02:07.279 INFO [main] org.apache.catalina.core.ApplicationContext.log ContextListener: contextDestroyed()
04-Apr-2026 09:02:07.282 INFO [main] org.apache.catalina.core.ApplicationContext.log Destroying Spring FrameworkServlet 'dispatcher'
04-Apr-2026 09:02:07.489 INFO [main] org.apache.catalina.core.ApplicationContext.log Closing Spring root WebApplicationContext
04-Apr-2026 09:02:11.542 INFO [main] org.apache.catalina.core.ApplicationContext.log No Spring WebApplicationInitializer types detected on classpath
04-Apr-2026 09:02:11.673 INFO [main] org.apache.catalina.core.ApplicationContext.log Initializing Spring root WebApplicationContext
04-Apr-2026 09:02:14.462 INFO [main] org.apache.catalina.core.ApplicationContext.log Initializing Spring FrameworkServlet 'dispatcher'
04-Apr-2026 09:02:15.385 INFO [main] org.apache.catalina.core.ApplicationContext.log ContextListener: contextInitialized()
04-Apr-2026 09:02:15.385 INFO [main] org.apache.catalina.core.ApplicationContext.log SessionListener: contextInitialized()
04-Apr-2026 09:02:15.385 INFO [main] org.apache.catalina.core.ApplicationContext.log ContextListener: attributeAdded('StockTicker', 'async.Stockticker@5d72da0b')
04-Apr-2026 09:02:15.656 INFO [main] org.apache.catalina.core.ApplicationContext.log SessionListener: contextDestroyed()
04-Apr-2026 09:02:15.656 INFO [main] org.apache.catalina.core.ApplicationContext.log ContextListener: contextDestroyed()
04-Apr-2026 09:02:15.660 INFO [main] org.apache.catalina.core.ApplicationContext.log Destroying Spring FrameworkServlet 'dispatcher'
04-Apr-2026 09:02:15.726 INFO [main] org.apache.catalina.core.ApplicationContext.log Closing Spring root WebApplicationContext
04-Apr-2026 09:02:19.737 INFO [main] org.apache.catalina.core.ApplicationContext.log No Spring WebApplicationInitializer types detected on classpath
04-Apr-2026 09:02:19.816 INFO [main] org.apache.catalina.core.ApplicationContext.log Initializing Spring root WebApplicationContext
04-Apr-2026 09:02:22.469 INFO [main] org.apache.catalina.core.ApplicationContext.log Initializing Spring FrameworkServlet 'dispatcher'
04-Apr-2026 09:02:23.547 INFO [main] org.apache.catalina.core.ApplicationContext.log ContextListener: contextInitialized()
04-Apr-2026 09:02:23.547 INFO [main] org.apache.catalina.core.ApplicationContext.log SessionListener: contextInitialized()
04-Apr-2026 09:02:23.549 INFO [main] org.apache.catalina.core.ApplicationContext.log ContextListener: attributeAdded('StockTicker', 'async.Stockticker@5d72da0b')
04-Apr-2026 09:02:23.669 INFO [main] org.apache.catalina.core.ApplicationContext.log SessionListener: contextDestroyed()
04-Apr-2026 09:02:23.670 INFO [main] org.apache.catalina.core.ApplicationContext.log ContextListener: contextDestroyed()
04-Apr-2026 09:02:23.673 INFO [main] org.apache.catalina.core.ApplicationContext.log Destroying Spring FrameworkServlet 'dispatcher'
04-Apr-2026 09:02:24.001 INFO [main] org.apache.catalina.core.ApplicationContext.log Closing Spring root WebApplicationContext
04-Apr-2026 09:02:28.086 INFO [main] org.apache.catalina.core.ApplicationContext.log No Spring WebApplicationInitializer types detected on classpath
04-Apr-2026 09:02:28.172 INFO [main] org.apache.catalina.core.ApplicationContext.log Initializing Spring root WebApplicationContext
04-Apr-2026 09:02:31.016 INFO [main] org.apache.catalina.core.ApplicationContext.log Initializing Spring FrameworkServlet 'dispatcher'
04-Apr-2026 09:02:31.937 INFO [main] org.apache.catalina.core.ApplicationContext.log ContextListener: contextInitialized()
04-Apr-2026 09:02:31.937 INFO [main] org.apache.catalina.core.ApplicationContext.log SessionListener: contextInitialized()
04-Apr-2026 09:02:31.939 INFO [main] org.apache.catalina.core.ApplicationContext.log ContextListener: attributeAdded('StockTicker', 'async.Stockticker@5d72da0b')
04-Apr-2026 09:02:32.222 INFO [main] org.apache.catalina.core.ApplicationContext.log SessionListener: contextDestroyed()
04-Apr-2026 09:02:32.222 INFO [main] org.apache.catalina.core.ApplicationContext.log ContextListener: contextDestroyed()
04-Apr-2026 09:02:32.224 INFO [main] org.apache.catalina.core.ApplicationContext.log Destroying Spring FrameworkServlet 'dispatcher'
04-Apr-2026 09:02:32.281 INFO [main] org.apache.catalina.core.ApplicationContext.log Closing Spring root WebApplicationContext
04-Apr-2026 09:02:36.424 INFO [main] org.apache.catalina.core.ApplicationContext.log No Spring WebApplicationInitializer types detected on classpath
04-Apr-2026 09:02:36.515 INFO [main] org.apache.catalina.core.ApplicationContext.log Initializing Spring root WebApplicationContext
04-Apr-2026 09:02:39.226 INFO [main] org.apache.catalina.core.ApplicationContext.log Initializing Spring FrameworkServlet 'dispatcher'
04-Apr-2026 09:02:40.179 INFO [main] org.apache.catalina.core.ApplicationContext.log ContextListener: contextInitialized()
04-Apr-2026 09:02:40.179 INFO [main] org.apache.catalina.core.ApplicationContext.log SessionListener: contextInitialized()
04-Apr-2026 09:02:40.179 INFO [main] org.apache.catalina.core.ApplicationContext.log ContextListener: attributeAdded('StockTicker', 'async.Stockticker@5d72da0b')
04-Apr-2026 09:02:40.473 INFO [main] org.apache.catalina.core.ApplicationContext.log SessionListener: contextDestroyed()
04-Apr-2026 09:02:40.473 INFO [main] org.apache.catalina.core.ApplicationContext.log ContextListener: contextDestroyed()
04-Apr-2026 09:02:40.478 INFO [main] org.apache.catalina.core.ApplicationContext.log Destroying Spring FrameworkServlet 'dispatcher'
04-Apr-2026 09:02:40.546 INFO [main] org.apache.catalina.core.ApplicationContext.log Closing Spring root WebApplicationContext
04-Apr-2026 09:02:44.823 INFO [main] org.apache.catalina.core.ApplicationContext.log No Spring WebApplicationInitializer types detected on classpath
04-Apr-2026 09:02:44.912 INFO [main] org.apache.catalina.core.ApplicationContext.log Initializing Spring root WebApplicationContext
04-Apr-2026 09:02:47.622 INFO [main] org.apache.catalina.core.ApplicationContext.log Initializing Spring FrameworkServlet 'dispatcher'
04-Apr-2026 09:02:48.610 INFO [main] org.apache.catalina.core.ApplicationContext.log ContextListener: contextInitialized()
04-Apr-2026 09:02:48.612 INFO [main] org.apache.catalina.core.ApplicationContext.log SessionListener: contextInitialized()
04-Apr-2026 09:02:48.614 INFO [main] org.apache.catalina.core.ApplicationContext.log ContextListener: attributeAdded('StockTicker', 'async.Stockticker@5d72da0b')
04-Apr-2026 09:02:48.896 INFO [main] org.apache.catalina.core.ApplicationContext.log SessionListener: contextDestroyed()
04-Apr-2026 09:02:48.896 INFO [main] org.apache.catalina.core.ApplicationContext.log ContextListener: contextDestroyed()
04-Apr-2026 09:02:48.900 INFO [main] org.apache.catalina.core.ApplicationContext.log Destroying Spring FrameworkServlet 'dispatcher'
04-Apr-2026 09:02:48.961 INFO [main] org.apache.catalina.core.ApplicationContext.log Closing Spring root WebApplicationContext
04-Apr-2026 09:02:53.117 INFO [main] org.apache.catalina.core.ApplicationContext.log No Spring WebApplicationInitializer types detected on classpath
04-Apr-2026 09:02:53.205 INFO [main] org.apache.catalina.core.ApplicationContext.log Initializing Spring root WebApplicationContext
04-Apr-2026 09:02:55.951 INFO [main] org.apache.catalina.core.ApplicationContext.log Initializing Spring FrameworkServlet 'dispatcher'
04-Apr-2026 09:02:56.915 INFO [main] org.apache.catalina.core.ApplicationContext.log ContextListener: contextInitialized()
04-Apr-2026 09:02:56.915 INFO [main] org.apache.catalina.core.ApplicationContext.log SessionListener: contextInitialized()
04-Apr-2026 09:02:56.917 INFO [main] org.apache.catalina.core.ApplicationContext.log ContextListener: attributeAdded('StockTicker', 'async.Stockticker@5d72da0b')
04-Apr-2026 09:02:57.189 INFO [main] org.apache.catalina.core.ApplicationContext.log SessionListener: contextDestroyed()
04-Apr-2026 09:02:57.189 INFO [main] org.apache.catalina.core.ApplicationContext.log ContextListener: contextDestroyed()
04-Apr-2026 09:02:57.193 INFO [main] org.apache.catalina.core.ApplicationContext.log Destroying Spring FrameworkServlet 'dispatcher'
04-Apr-2026 09:02:57.220 INFO [main] org.apache.catalina.core.ApplicationContext.log Closing Spring root WebApplicationContext
04-Apr-2026 09:03:01.461 INFO [main] org.apache.catalina.core.ApplicationContext.log No Spring WebApplicationInitializer types detected on classpath
04-Apr-2026 09:03:01.563 INFO [main] org.apache.catalina.core.ApplicationContext.log Initializing Spring root WebApplicationContext
04-Apr-2026 09:03:04.241 INFO [main] org.apache.catalina.core.ApplicationContext.log Initializing Spring FrameworkServlet 'dispatcher'
04-Apr-2026 09:03:05.264 INFO [main] org.apache.catalina.core.ApplicationContext.log ContextListener: contextInitialized()
04-Apr-2026 09:03:05.264 INFO [main] org.apache.catalina.core.ApplicationContext.log SessionListener: contextInitialized()
04-Apr-2026 09:03:05.266 INFO [main] org.apache.catalina.core.ApplicationContext.log ContextListener: attributeAdded('StockTicker', 'async.Stockticker@5d72da0b')
04-Apr-2026 09:03:05.556 INFO [main] org.apache.catalina.core.ApplicationContext.log SessionListener: contextDestroyed()
04-Apr-2026 09:03:05.556 INFO [main] org.apache.catalina.core.ApplicationContext.log ContextListener: contextDestroyed()
04-Apr-2026 09:03:05.560 INFO [main] org.apache.catalina.core.ApplicationContext.log Destroying Spring FrameworkServlet 'dispatcher'
04-Apr-2026 09:03:05.655 INFO [main] org.apache.catalina.core.ApplicationContext.log Closing Spring root WebApplicationContext
04-Apr-2026 09:03:09.759 INFO [main] org.apache.catalina.core.ApplicationContext.log No Spring WebApplicationInitializer types detected on classpath
04-Apr-2026 09:03:09.855 INFO [main] org.apache.catalina.core.ApplicationContext.log Initializing Spring root WebApplicationContext
04-Apr-2026 09:03:12.557 INFO [main] org.apache.catalina.core.ApplicationContext.log Initializing Spring FrameworkServlet 'dispatcher'
04-Apr-2026 09:03:13.480 INFO [main] org.apache.catalina.core.ApplicationContext.log ContextListener: contextInitialized()
04-Apr-2026 09:03:13.480 INFO [main] org.apache.catalina.core.ApplicationContext.log SessionListener: contextInitialized()
04-Apr-2026 09:03:13.482 INFO [main] org.apache.catalina.core.ApplicationContext.log ContextListener: attributeAdded('StockTicker', 'async.Stockticker@5d72da0b')
04-Apr-2026 09:03:13.787 INFO [main] org.apache.catalina.core.ApplicationContext.log SessionListener: contextDestroyed()
04-Apr-2026 09:03:13.787 INFO [main] org.apache.catalina.core.ApplicationContext.log ContextListener: contextDestroyed()
04-Apr-2026 09:03:13.791 INFO [main] org.apache.catalina.core.ApplicationContext.log Destroying Spring FrameworkServlet 'dispatcher'
04-Apr-2026 09:03:13.827 INFO [main] org.apache.catalina.core.ApplicationContext.log Closing Spring root WebApplicationContext
04-Apr-2026 09:03:18.072 INFO [main] org.apache.catalina.core.ApplicationContext.log No Spring WebApplicationInitializer types detected on classpath
04-Apr-2026 09:03:18.162 INFO [main] org.apache.catalina.core.ApplicationContext.log Initializing Spring root WebApplicationContext
04-Apr-2026 09:03:20.843 INFO [main] org.apache.catalina.core.ApplicationContext.log Initializing Spring FrameworkServlet 'dispatcher'
04-Apr-2026 09:03:21.745 INFO [main] org.apache.catalina.core.ApplicationContext.log ContextListener: contextInitialized()
04-Apr-2026 09:03:21.745 INFO [main] org.apache.catalina.core.ApplicationContext.log SessionListener: contextInitialized()
04-Apr-2026 09:03:21.747 INFO [main] org.apache.catalina.core.ApplicationContext.log ContextListener: attributeAdded('StockTicker', 'async.Stockticker@5d72da0b')
04-Apr-2026 09:03:22.046 INFO [main] org.apache.catalina.core.ApplicationContext.log SessionListener: contextDestroyed()
04-Apr-2026 09:03:22.046 INFO [main] org.apache.catalina.core.ApplicationContext.log ContextListener: contextDestroyed()
04-Apr-2026 09:03:22.051 INFO [main] org.apache.catalina.core.ApplicationContext.log Destroying Spring FrameworkServlet 'dispatcher'
04-Apr-2026 09:03:22.069 INFO [main] org.apache.catalina.core.ApplicationContext.log Closing Spring root WebApplicationContext
04-Apr-2026 09:03:26.405 INFO [main] org.apache.catalina.core.ApplicationContext.log No Spring WebApplicationInitializer types detected on classpath
04-Apr-2026 09:03:26.500 INFO [main] org.apache.catalina.core.ApplicationContext.log Initializing Spring root WebApplicationContext
04-Apr-2026 09:03:29.286 INFO [main] org.apache.catalina.core.ApplicationContext.log Initializing Spring FrameworkServlet 'dispatcher'
04-Apr-2026 09:03:30.366 INFO [main] org.apache.catalina.core.ApplicationContext.log ContextListener: contextInitialized()
04-Apr-2026 09:03:30.366 INFO [main] org.apache.catalina.core.ApplicationContext.log SessionListener: contextInitialized()
04-Apr-2026 09:03:30.368 INFO [main] org.apache.catalina.core.ApplicationContext.log ContextListener: attributeAdded('StockTicker', 'async.Stockticker@5d72da0b')
04-Apr-2026 09:03:30.656 INFO [main] org.apache.catalina.core.ApplicationContext.log SessionListener: contextDestroyed()
04-Apr-2026 09:03:30.656 INFO [main] org.apache.catalina.core.ApplicationContext.log ContextListener: contextDestroyed()
04-Apr-2026 09:03:30.658 INFO [main] org.apache.catalina.core.ApplicationContext.log Destroying Spring FrameworkServlet 'dispatcher'
04-Apr-2026 09:03:31.195 INFO [main] org.apache.catalina.core.ApplicationContext.log Closing Spring root WebApplicationContext
04-Apr-2026 09:04:21.714 INFO [main] org.apache.catalina.core.ApplicationContext.log No Spring WebApplicationInitializer types detected on classpath
04-Apr-2026 09:04:21.798 INFO [main] org.apache.catalina.core.ApplicationContext.log Initializing Spring root WebApplicationContext
04-Apr-2026 09:04:24.541 INFO [main] org.apache.catalina.core.ApplicationContext.log Initializing Spring FrameworkServlet 'dispatcher'
04-Apr-2026 09:04:25.526 INFO [main] org.apache.catalina.core.ApplicationContext.log ContextListener: contextInitialized()
04-Apr-2026 09:04:25.526 INFO [main] org.apache.catalina.core.ApplicationContext.log SessionListener: contextInitialized()
04-Apr-2026 09:04:25.528 INFO [main] org.apache.catalina.core.ApplicationContext.log ContextListener: attributeAdded('StockTicker', 'async.Stockticker@5d72da0b')
04-Apr-2026 09:04:25.810 INFO [main] org.apache.catalina.core.ApplicationContext.log SessionListener: contextDestroyed()
04-Apr-2026 09:04:25.810 INFO [main] org.apache.catalina.core.ApplicationContext.log ContextListener: contextDestroyed()
04-Apr-2026 09:04:25.814 INFO [main] org.apache.catalina.core.ApplicationContext.log Destroying Spring FrameworkServlet 'dispatcher'
04-Apr-2026 09:04:25.829 INFO [main] org.apache.catalina.core.ApplicationContext.log Closing Spring root WebApplicationContext
04-Apr-2026 09:04:30.080 INFO [main] org.apache.catalina.core.ApplicationContext.log No Spring WebApplicationInitializer types detected on classpath
04-Apr-2026 09:04:30.166 INFO [main] org.apache.catalina.core.ApplicationContext.log Initializing Spring root WebApplicationContext
04-Apr-2026 09:04:32.802 INFO [main] org.apache.catalina.core.ApplicationContext.log Initializing Spring FrameworkServlet 'dispatcher'
04-Apr-2026 09:04:33.687 INFO [main] org.apache.catalina.core.ApplicationContext.log ContextListener: contextInitialized()
04-Apr-2026 09:04:33.687 INFO [main] org.apache.catalina.core.ApplicationContext.log SessionListener: contextInitialized()
04-Apr-2026 09:04:33.689 INFO [main] org.apache.catalina.core.ApplicationContext.log ContextListener: attributeAdded('StockTicker', 'async.Stockticker@5d72da0b')
04-Apr-2026 09:04:33.975 INFO [main] org.apache.catalina.core.ApplicationContext.log SessionListener: contextDestroyed()
04-Apr-2026 09:04:33.975 INFO [main] org.apache.catalina.core.ApplicationContext.log ContextListener: contextDestroyed()
04-Apr-2026 09:04:33.980 INFO [main] org.apache.catalina.core.ApplicationContext.log Destroying Spring FrameworkServlet 'dispatcher'
04-Apr-2026 09:04:33.986 INFO [main] org.apache.catalina.core.ApplicationContext.log Closing Spring root WebApplicationContext
04-Apr-2026 09:04:38.470 INFO [main] org.apache.catalina.core.ApplicationContext.log No Spring WebApplicationInitializer types detected on classpath
04-Apr-2026 09:04:38.562 INFO [main] org.apache.catalina.core.ApplicationContext.log Initializing Spring root WebApplicationContext
04-Apr-2026 09:04:41.312 INFO [main] org.apache.catalina.core.ApplicationContext.log Initializing Spring FrameworkServlet 'dispatcher'
04-Apr-2026 09:04:42.264 INFO [main] org.apache.catalina.core.ApplicationContext.log ContextListener: contextInitialized()
04-Apr-2026 09:04:42.264 INFO [main] org.apache.catalina.core.ApplicationContext.log SessionListener: contextInitialized()
04-Apr-2026 09:04:42.266 INFO [main] org.apache.catalina.core.ApplicationContext.log ContextListener: attributeAdded('StockTicker', 'async.Stockticker@5d72da0b')
04-Apr-2026 09:04:42.548 INFO [main] org.apache.catalina.core.ApplicationContext.log SessionListener: contextDestroyed()
04-Apr-2026 09:04:42.548 INFO [main] org.apache.catalina.core.ApplicationContext.log ContextListener: contextDestroyed()
04-Apr-2026 09:04:42.550 INFO [main] org.apache.catalina.core.ApplicationContext.log Destroying Spring FrameworkServlet 'dispatcher'
04-Apr-2026 09:04:42.606 INFO [main] org.apache.catalina.core.ApplicationContext.log Closing Spring root WebApplicationContext
04-Apr-2026 09:04:46.655 INFO [main] org.apache.catalina.core.ApplicationContext.log No Spring WebApplicationInitializer types detected on classpath
04-Apr-2026 09:04:46.737 INFO [main] org.apache.catalina.core.ApplicationContext.log Initializing Spring root WebApplicationContext
04-Apr-2026 09:04:49.467 INFO [main] org.apache.catalina.core.ApplicationContext.log Initializing Spring FrameworkServlet 'dispatcher'
04-Apr-2026 09:04:50.451 INFO [main] org.apache.catalina.core.ApplicationContext.log ContextListener: contextInitialized()
04-Apr-2026 09:04:50.451 INFO [main] org.apache.catalina.core.ApplicationContext.log SessionListener: contextInitialized()
04-Apr-2026 09:04:50.453 INFO [main] org.apache.catalina.core.ApplicationContext.log ContextListener: attributeAdded('StockTicker', 'async.Stockticker@5d72da0b')
04-Apr-2026 09:04:50.752 INFO [main] org.apache.catalina.core.ApplicationContext.log SessionListener: contextDestroyed()
04-Apr-2026 09:04:50.753 INFO [main] org.apache.catalina.core.ApplicationContext.log ContextListener: contextDestroyed()
04-Apr-2026 09:04:50.755 INFO [main] org.apache.catalina.core.ApplicationContext.log Destroying Spring FrameworkServlet 'dispatcher'
04-Apr-2026 09:04:50.893 INFO [main] org.apache.catalina.core.ApplicationContext.log Closing Spring root WebApplicationContext
04-Apr-2026 09:04:55.076 INFO [main] org.apache.catalina.core.ApplicationContext.log No Spring WebApplicationInitializer types detected on classpath
04-Apr-2026 09:04:55.173 INFO [main] org.apache.catalina.core.ApplicationContext.log Initializing Spring root WebApplicationContext
04-Apr-2026 09:04:57.772 INFO [main] org.apache.catalina.core.ApplicationContext.log Initializing Spring FrameworkServlet 'dispatcher'
04-Apr-2026 09:04:58.676 INFO [main] org.apache.catalina.core.ApplicationContext.log ContextListener: contextInitialized()
04-Apr-2026 09:04:58.676 INFO [main] org.apache.catalina.core.ApplicationContext.log SessionListener: contextInitialized()
04-Apr-2026 09:04:58.678 INFO [main] org.apache.catalina.core.ApplicationContext.log ContextListener: attributeAdded('StockTicker', 'async.Stockticker@5d72da0b')
04-Apr-2026 09:04:58.963 INFO [main] org.apache.catalina.core.ApplicationContext.log SessionListener: contextDestroyed()
04-Apr-2026 09:04:58.963 INFO [main] org.apache.catalina.core.ApplicationContext.log ContextListener: contextDestroyed()
04-Apr-2026 09:04:58.967 INFO [main] org.apache.catalina.core.ApplicationContext.log Destroying Spring FrameworkServlet 'dispatcher'
04-Apr-2026 09:04:58.987 INFO [main] org.apache.catalina.core.ApplicationContext.log Closing Spring root WebApplicationContext
04-Apr-2026 09:05:03.392 INFO [main] org.apache.catalina.core.ApplicationContext.log No Spring WebApplicationInitializer types detected on classpath
04-Apr-2026 09:05:03.482 INFO [main] org.apache.catalina.core.ApplicationContext.log Initializing Spring root WebApplicationContext
04-Apr-2026 09:05:06.182 INFO [main] org.apache.catalina.core.ApplicationContext.log Initializing Spring FrameworkServlet 'dispatcher'
04-Apr-2026 09:05:07.139 INFO [main] org.apache.catalina.core.ApplicationContext.log ContextListener: contextInitialized()
04-Apr-2026 09:05:07.140 INFO [main] org.apache.catalina.core.ApplicationContext.log SessionListener: contextInitialized()
04-Apr-2026 09:05:07.142 INFO [main] org.apache.catalina.core.ApplicationContext.log ContextListener: attributeAdded('StockTicker', 'async.Stockticker@285b63eb')
04-Apr-2026 09:05:07.458 INFO [main] org.apache.catalina.core.ApplicationContext.log SessionListener: contextDestroyed()
04-Apr-2026 09:05:07.459 INFO [main] org.apache.catalina.core.ApplicationContext.log ContextListener: contextDestroyed()
04-Apr-2026 09:05:07.463 INFO [main] org.apache.catalina.core.ApplicationContext.log Destroying Spring FrameworkServlet 'dispatcher'
04-Apr-2026 09:05:07.523 INFO [main] org.apache.catalina.core.ApplicationContext.log Closing Spring root WebApplicationContext
04-Apr-2026 09:05:12.392 INFO [main] org.apache.catalina.core.ApplicationContext.log No Spring WebApplicationInitializer types detected on classpath
04-Apr-2026 09:05:12.490 INFO [main] org.apache.catalina.core.ApplicationContext.log Initializing Spring root WebApplicationContext
04-Apr-2026 09:05:15.355 INFO [main] org.apache.catalina.core.ApplicationContext.log Initializing Spring FrameworkServlet 'dispatcher'
04-Apr-2026 09:05:16.260 INFO [main] org.apache.catalina.core.ApplicationContext.log ContextListener: contextInitialized()
04-Apr-2026 09:05:16.260 INFO [main] org.apache.catalina.core.ApplicationContext.log SessionListener: contextInitialized()
04-Apr-2026 09:05:16.262 INFO [main] org.apache.catalina.core.ApplicationContext.log ContextListener: attributeAdded('StockTicker', 'async.Stockticker@5d72da0b')
04-Apr-2026 09:05:16.530 INFO [main] org.apache.catalina.core.ApplicationContext.log SessionListener: contextDestroyed()
04-Apr-2026 09:05:16.530 INFO [main] org.apache.catalina.core.ApplicationContext.log ContextListener: contextDestroyed()
04-Apr-2026 09:05:16.534 INFO [main] org.apache.catalina.core.ApplicationContext.log Destroying Spring FrameworkServlet 'dispatcher'
04-Apr-2026 09:05:16.574 INFO [main] org.apache.catalina.core.ApplicationContext.log Closing Spring root WebApplicationContext
04-Apr-2026 09:05:20.296 INFO [main] org.apache.catalina.core.ApplicationContext.log No Spring WebApplicationInitializer types detected on classpath
04-Apr-2026 09:05:20.397 INFO [main] org.apache.catalina.core.ApplicationContext.log Initializing Spring root WebApplicationContext
04-Apr-2026 09:05:23.115 INFO [main] org.apache.catalina.core.ApplicationContext.log Initializing Spring FrameworkServlet 'dispatcher'
04-Apr-2026 09:05:24.085 INFO [main] org.apache.catalina.core.ApplicationContext.log ContextListener: contextInitialized()
04-Apr-2026 09:05:24.085 INFO [main] org.apache.catalina.core.ApplicationContext.log SessionListener: contextInitialized()
04-Apr-2026 09:05:24.087 INFO [main] org.apache.catalina.core.ApplicationContext.log ContextListener: attributeAdded('StockTicker', 'async.Stockticker@5d72da0b')
04-Apr-2026 09:05:24.398 INFO [main] org.apache.catalina.core.ApplicationContext.log SessionListener: contextDestroyed()
04-Apr-2026 09:05:24.398 INFO [main] org.apache.catalina.core.ApplicationContext.log ContextListener: contextDestroyed()
04-Apr-2026 09:05:24.401 INFO [main] org.apache.catalina.core.ApplicationContext.log Destroying Spring FrameworkServlet 'dispatcher'
04-Apr-2026 09:05:25.109 INFO [main] org.apache.catalina.core.ApplicationContext.log Closing Spring root WebApplicationContext
04-Apr-2026 09:05:28.571 INFO [main] org.apache.catalina.core.ApplicationContext.log No Spring WebApplicationInitializer types detected on classpath
04-Apr-2026 09:05:28.668 INFO [main] org.apache.catalina.core.ApplicationContext.log Initializing Spring root WebApplicationContext
04-Apr-2026 09:05:31.450 INFO [main] org.apache.catalina.core.ApplicationContext.log Initializing Spring FrameworkServlet 'dispatcher'
04-Apr-2026 09:05:32.447 INFO [main] org.apache.catalina.core.ApplicationContext.log ContextListener: contextInitialized()
04-Apr-2026 09:05:32.447 INFO [main] org.apache.catalina.core.ApplicationContext.log SessionListener: contextInitialized()
04-Apr-2026 09:05:32.449 INFO [main] org.apache.catalina.core.ApplicationContext.log ContextListener: attributeAdded('StockTicker', 'async.Stockticker@5d72da0b')
04-Apr-2026 09:05:32.752 INFO [main] org.apache.catalina.core.ApplicationContext.log SessionListener: contextDestroyed()
04-Apr-2026 09:05:32.752 INFO [main] org.apache.catalina.core.ApplicationContext.log ContextListener: contextDestroyed()
04-Apr-2026 09:05:32.756 INFO [main] org.apache.catalina.core.ApplicationContext.log Destroying Spring FrameworkServlet 'dispatcher'
04-Apr-2026 09:05:32.806 INFO [main] org.apache.catalina.core.ApplicationContext.log Closing Spring root WebApplicationContext
04-Apr-2026 09:05:36.979 INFO [main] org.apache.catalina.core.ApplicationContext.log No Spring WebApplicationInitializer types detected on classpath
04-Apr-2026 09:05:37.061 INFO [main] org.apache.catalina.core.ApplicationContext.log Initializing Spring root WebApplicationContext
04-Apr-2026 09:05:39.818 INFO [main] org.apache.catalina.core.ApplicationContext.log Initializing Spring FrameworkServlet 'dispatcher'
04-Apr-2026 09:05:40.809 INFO [main] org.apache.catalina.core.ApplicationContext.log ContextListener: contextInitialized()
04-Apr-2026 09:05:40.809 INFO [main] org.apache.catalina.core.ApplicationContext.log SessionListener: contextInitialized()
04-Apr-2026 09:05:40.811 INFO [main] org.apache.catalina.core.ApplicationContext.log ContextListener: attributeAdded('StockTicker', 'async.Stockticker@5d72da0b')
04-Apr-2026 09:05:41.117 INFO [main] org.apache.catalina.core.ApplicationContext.log SessionListener: contextDestroyed()
04-Apr-2026 09:05:41.117 INFO [main] org.apache.catalina.core.ApplicationContext.log ContextListener: contextDestroyed()
04-Apr-2026 09:05:41.121 INFO [main] org.apache.catalina.core.ApplicationContext.log Destroying Spring FrameworkServlet 'dispatcher'
04-Apr-2026 09:05:41.169 INFO [main] org.apache.catalina.core.ApplicationContext.log Closing Spring root WebApplicationContext
04-Apr-2026 09:05:45.339 INFO [main] org.apache.catalina.core.ApplicationContext.log No Spring WebApplicationInitializer types detected on classpath
04-Apr-2026 09:05:45.419 INFO [main] org.apache.catalina.core.ApplicationContext.log Initializing Spring root WebApplicationContext
04-Apr-2026 09:05:48.112 INFO [main] org.apache.catalina.core.ApplicationContext.log Initializing Spring FrameworkServlet 'dispatcher'
04-Apr-2026 09:05:49.018 INFO [main] org.apache.catalina.core.ApplicationContext.log ContextListener: contextInitialized()
04-Apr-2026 09:05:49.018 INFO [main] org.apache.catalina.core.ApplicationContext.log SessionListener: contextInitialized()
04-Apr-2026 09:05:49.020 INFO [main] org.apache.catalina.core.ApplicationContext.log ContextListener: attributeAdded('StockTicker', 'async.Stockticker@5d72da0b')
04-Apr-2026 09:05:49.285 INFO [main] org.apache.catalina.core.ApplicationContext.log SessionListener: contextDestroyed()
04-Apr-2026 09:05:49.285 INFO [main] org.apache.catalina.core.ApplicationContext.log ContextListener: contextDestroyed()
04-Apr-2026 09:05:49.289 INFO [main] org.apache.catalina.core.ApplicationContext.log Destroying Spring FrameworkServlet 'dispatcher'
04-Apr-2026 09:05:49.352 INFO [main] org.apache.catalina.core.ApplicationContext.log Closing Spring root WebApplicationContext
04-Apr-2026 09:05:53.598 INFO [main] org.apache.catalina.core.ApplicationContext.log No Spring WebApplicationInitializer types detected on classpath
04-Apr-2026 09:05:53.681 INFO [main] org.apache.catalina.core.ApplicationContext.log Initializing Spring root WebApplicationContext
04-Apr-2026 09:05:56.325 INFO [main] org.apache.catalina.core.ApplicationContext.log Initializing Spring FrameworkServlet 'dispatcher'
04-Apr-2026 09:05:57.398 INFO [main] org.apache.catalina.core.ApplicationContext.log ContextListener: contextInitialized()
04-Apr-2026 09:05:57.398 INFO [main] org.apache.catalina.core.ApplicationContext.log SessionListener: contextInitialized()
04-Apr-2026 09:05:57.400 INFO [main] org.apache.catalina.core.ApplicationContext.log ContextListener: attributeAdded('StockTicker', 'async.Stockticker@5d72da0b')
04-Apr-2026 09:05:57.697 INFO [main] org.apache.catalina.core.ApplicationContext.log SessionListener: contextDestroyed()
04-Apr-2026 09:05:57.697 INFO [main] org.apache.catalina.core.ApplicationContext.log ContextListener: contextDestroyed()
04-Apr-2026 09:05:57.701 INFO [main] org.apache.catalina.core.ApplicationContext.log Destroying Spring FrameworkServlet 'dispatcher'
04-Apr-2026 09:05:57.841 INFO [main] org.apache.catalina.core.ApplicationContext.log Closing Spring root WebApplicationContext
04-Apr-2026 09:06:01.962 INFO [main] org.apache.catalina.core.ApplicationContext.log No Spring WebApplicationInitializer types detected on classpath
04-Apr-2026 09:06:02.057 INFO [main] org.apache.catalina.core.ApplicationContext.log Initializing Spring root WebApplicationContext
04-Apr-2026 09:06:04.700 INFO [main] org.apache.catalina.core.ApplicationContext.log Initializing Spring FrameworkServlet 'dispatcher'
04-Apr-2026 09:06:05.670 INFO [main] org.apache.catalina.core.ApplicationContext.log ContextListener: contextInitialized()
04-Apr-2026 09:06:05.670 INFO [main] org.apache.catalina.core.ApplicationContext.log SessionListener: contextInitialized()
04-Apr-2026 09:06:05.673 INFO [main] org.apache.catalina.core.ApplicationContext.log ContextListener: attributeAdded('StockTicker', 'async.Stockticker@5d72da0b')
04-Apr-2026 09:06:05.983 INFO [main] org.apache.catalina.core.ApplicationContext.log SessionListener: contextDestroyed()
04-Apr-2026 09:06:05.983 INFO [main] org.apache.catalina.core.ApplicationContext.log ContextListener: contextDestroyed()
04-Apr-2026 09:06:05.985 INFO [main] org.apache.catalina.core.ApplicationContext.log Destroying Spring FrameworkServlet 'dispatcher'
04-Apr-2026 09:06:06.026 INFO [main] org.apache.catalina.core.ApplicationContext.log Closing Spring root WebApplicationContext
04-Apr-2026 09:06:10.305 INFO [main] org.apache.catalina.core.ApplicationContext.log No Spring WebApplicationInitializer types detected on classpath
04-Apr-2026 09:06:10.395 INFO [main] org.apache.catalina.core.ApplicationContext.log Initializing Spring root WebApplicationContext
04-Apr-2026 09:06:13.131 INFO [main] org.apache.catalina.core.ApplicationContext.log Initializing Spring FrameworkServlet 'dispatcher'
04-Apr-2026 09:06:14.171 INFO [main] org.apache.catalina.core.ApplicationContext.log ContextListener: contextInitialized()
04-Apr-2026 09:06:14.171 INFO [main] org.apache.catalina.core.ApplicationContext.log SessionListener: contextInitialized()
04-Apr-2026 09:06:14.173 INFO [main] org.apache.catalina.core.ApplicationContext.log ContextListener: attributeAdded('StockTicker', 'async.Stockticker@5d72da0b')
04-Apr-2026 09:06:14.466 INFO [main] org.apache.catalina.core.ApplicationContext.log SessionListener: contextDestroyed()
04-Apr-2026 09:06:14.466 INFO [main] org.apache.catalina.core.ApplicationContext.log ContextListener: contextDestroyed()
04-Apr-2026 09:06:14.471 INFO [main] org.apache.catalina.core.ApplicationContext.log Destroying Spring FrameworkServlet 'dispatcher'
04-Apr-2026 09:06:14.535 INFO [main] org.apache.catalina.core.ApplicationContext.log Closing Spring root WebApplicationContext
04-Apr-2026 09:06:19.009 INFO [main] org.apache.catalina.core.ApplicationContext.log No Spring WebApplicationInitializer types detected on classpath
04-Apr-2026 09:06:19.097 INFO [main] org.apache.catalina.core.ApplicationContext.log Initializing Spring root WebApplicationContext
04-Apr-2026 09:06:21.890 INFO [main] org.apache.catalina.core.ApplicationContext.log Initializing Spring FrameworkServlet 'dispatcher'
04-Apr-2026 09:06:22.930 INFO [main] org.apache.catalina.core.ApplicationContext.log ContextListener: contextInitialized()
04-Apr-2026 09:06:22.930 INFO [main] org.apache.catalina.core.ApplicationContext.log SessionListener: contextInitialized()
04-Apr-2026 09:06:22.933 INFO [main] org.apache.catalina.core.ApplicationContext.log ContextListener: attributeAdded('StockTicker', 'async.Stockticker@5d72da0b')
04-Apr-2026 09:06:23.273 INFO [main] org.apache.catalina.core.ApplicationContext.log SessionListener: contextDestroyed()
04-Apr-2026 09:06:23.273 INFO [main] org.apache.catalina.core.ApplicationContext.log ContextListener: contextDestroyed()
04-Apr-2026 09:06:23.277 INFO [main] org.apache.catalina.core.ApplicationContext.log Destroying Spring FrameworkServlet 'dispatcher'
04-Apr-2026 09:06:23.396 INFO [main] org.apache.catalina.core.ApplicationContext.log Closing Spring root WebApplicationContext
04-Apr-2026 09:06:27.053 INFO [main] org.apache.catalina.core.ApplicationContext.log No Spring WebApplicationInitializer types detected on classpath
04-Apr-2026 09:06:27.139 INFO [main] org.apache.catalina.core.ApplicationContext.log Initializing Spring root WebApplicationContext
04-Apr-2026 09:06:29.879 INFO [main] org.apache.catalina.core.ApplicationContext.log Initializing Spring FrameworkServlet 'dispatcher'
04-Apr-2026 09:06:30.891 INFO [main] org.apache.catalina.core.ApplicationContext.log ContextListener: contextInitialized()
04-Apr-2026 09:06:30.891 INFO [main] org.apache.catalina.core.ApplicationContext.log SessionListener: contextInitialized()
04-Apr-2026 09:06:30.893 INFO [main] org.apache.catalina.core.ApplicationContext.log ContextListener: attributeAdded('StockTicker', 'async.Stockticker@5d72da0b')
04-Apr-2026 09:06:31.161 INFO [main] org.apache.catalina.core.ApplicationContext.log SessionListener: contextDestroyed()
04-Apr-2026 09:06:31.161 INFO [main] org.apache.catalina.core.ApplicationContext.log ContextListener: contextDestroyed()
04-Apr-2026 09:06:31.173 INFO [main] org.apache.catalina.core.ApplicationContext.log Destroying Spring FrameworkServlet 'dispatcher'
04-Apr-2026 09:06:31.186 INFO [main] org.apache.catalina.core.ApplicationContext.log Closing Spring root WebApplicationContext
04-Apr-2026 09:06:35.379 INFO [main] org.apache.catalina.core.ApplicationContext.log No Spring WebApplicationInitializer types detected on classpath
04-Apr-2026 09:06:35.466 INFO [main] org.apache.catalina.core.ApplicationContext.log Initializing Spring root WebApplicationContext
04-Apr-2026 09:06:38.180 INFO [main] org.apache.catalina.core.ApplicationContext.log Initializing Spring FrameworkServlet 'dispatcher'
04-Apr-2026 09:06:39.176 INFO [main] org.apache.catalina.core.ApplicationContext.log ContextListener: contextInitialized()
04-Apr-2026 09:06:39.176 INFO [main] org.apache.catalina.core.ApplicationContext.log SessionListener: contextInitialized()
04-Apr-2026 09:06:39.178 INFO [main] org.apache.catalina.core.ApplicationContext.log ContextListener: attributeAdded('StockTicker', 'async.Stockticker@5d72da0b')
04-Apr-2026 09:06:39.493 INFO [main] org.apache.catalina.core.ApplicationContext.log SessionListener: contextDestroyed()
04-Apr-2026 09:06:39.493 INFO [main] org.apache.catalina.core.ApplicationContext.log ContextListener: contextDestroyed()
04-Apr-2026 09:06:39.497 INFO [main] org.apache.catalina.core.ApplicationContext.log Destroying Spring FrameworkServlet 'dispatcher'
04-Apr-2026 09:06:39.505 INFO [main] org.apache.catalina.core.ApplicationContext.log Closing Spring root WebApplicationContext
04-Apr-2026 09:06:43.786 INFO [main] org.apache.catalina.core.ApplicationContext.log No Spring WebApplicationInitializer types detected on classpath
04-Apr-2026 09:06:43.884 INFO [main] org.apache.catalina.core.ApplicationContext.log Initializing Spring root WebApplicationContext
04-Apr-2026 09:06:46.703 INFO [main] org.apache.catalina.core.ApplicationContext.log Initializing Spring FrameworkServlet 'dispatcher'
04-Apr-2026 09:06:47.626 INFO [main] org.apache.catalina.core.ApplicationContext.log ContextListener: contextInitialized()
04-Apr-2026 09:06:47.626 INFO [main] org.apache.catalina.core.ApplicationContext.log SessionListener: contextInitialized()
04-Apr-2026 09:06:47.628 INFO [main] org.apache.catalina.core.ApplicationContext.log ContextListener: attributeAdded('StockTicker', 'async.Stockticker@5d72da0b')
04-Apr-2026 09:06:47.894 INFO [main] org.apache.catalina.core.ApplicationContext.log SessionListener: contextDestroyed()
04-Apr-2026 09:06:47.894 INFO [main] org.apache.catalina.core.ApplicationContext.log ContextListener: contextDestroyed()
04-Apr-2026 09:06:47.898 INFO [main] org.apache.catalina.core.ApplicationContext.log Destroying Spring FrameworkServlet 'dispatcher'
04-Apr-2026 09:06:47.920 INFO [main] org.apache.catalina.core.ApplicationContext.log Closing Spring root WebApplicationContext
04-Apr-2026 09:06:52.125 INFO [main] org.apache.catalina.core.ApplicationContext.log No Spring WebApplicationInitializer types detected on classpath
04-Apr-2026 09:06:52.212 INFO [main] org.apache.catalina.core.ApplicationContext.log Initializing Spring root WebApplicationContext
04-Apr-2026 09:06:54.838 INFO [main] org.apache.catalina.core.ApplicationContext.log Initializing Spring FrameworkServlet 'dispatcher'
04-Apr-2026 09:06:55.782 INFO [main] org.apache.catalina.core.ApplicationContext.log ContextListener: contextInitialized()
04-Apr-2026 09:06:55.782 INFO [main] org.apache.catalina.core.ApplicationContext.log SessionListener: contextInitialized()
04-Apr-2026 09:06:55.784 INFO [main] org.apache.catalina.core.ApplicationContext.log ContextListener: attributeAdded('StockTicker', 'async.Stockticker@5d72da0b')
04-Apr-2026 09:06:56.155 INFO [main] org.apache.catalina.core.ApplicationContext.log SessionListener: contextDestroyed()
04-Apr-2026 09:06:56.155 INFO [main] org.apache.catalina.core.ApplicationContext.log ContextListener: contextDestroyed()
04-Apr-2026 09:06:56.157 INFO [main] org.apache.catalina.core.ApplicationContext.log Destroying Spring FrameworkServlet 'dispatcher'
04-Apr-2026 09:06:56.165 INFO [main] org.apache.catalina.core.ApplicationContext.log Closing Spring root WebApplicationContext
04-Apr-2026 09:07:47.403 INFO [main] org.apache.catalina.core.ApplicationContext.log No Spring WebApplicationInitializer types detected on classpath
04-Apr-2026 09:07:47.492 INFO [main] org.apache.catalina.core.ApplicationContext.log Initializing Spring root WebApplicationContext
04-Apr-2026 09:07:50.356 INFO [main] org.apache.catalina.core.ApplicationContext.log Initializing Spring FrameworkServlet 'dispatcher'
04-Apr-2026 09:07:51.393 INFO [main] org.apache.catalina.core.ApplicationContext.log ContextListener: contextInitialized()
04-Apr-2026 09:07:51.393 INFO [main] org.apache.catalina.core.ApplicationContext.log SessionListener: contextInitialized()
04-Apr-2026 09:07:51.393 INFO [main] org.apache.catalina.core.ApplicationContext.log ContextListener: attributeAdded('StockTicker', 'async.Stockticker@5d72da0b')
04-Apr-2026 09:07:51.496 INFO [main] org.apache.catalina.core.ApplicationContext.log SessionListener: contextDestroyed()
04-Apr-2026 09:07:51.496 INFO [main] org.apache.catalina.core.ApplicationContext.log ContextListener: contextDestroyed()
04-Apr-2026 09:07:51.500 INFO [main] org.apache.catalina.core.ApplicationContext.log Destroying Spring FrameworkServlet 'dispatcher'
04-Apr-2026 09:07:51.736 INFO [main] org.apache.catalina.core.ApplicationContext.log Closing Spring root WebApplicationContext
04-Apr-2026 09:07:55.739 INFO [main] org.apache.catalina.core.ApplicationContext.log No Spring WebApplicationInitializer types detected on classpath
04-Apr-2026 09:07:55.830 INFO [main] org.apache.catalina.core.ApplicationContext.log Initializing Spring root WebApplicationContext
04-Apr-2026 09:07:58.515 INFO [main] org.apache.catalina.core.ApplicationContext.log Initializing Spring FrameworkServlet 'dispatcher'
04-Apr-2026 09:07:59.389 INFO [main] org.apache.catalina.core.ApplicationContext.log ContextListener: contextInitialized()
04-Apr-2026 09:07:59.389 INFO [main] org.apache.catalina.core.ApplicationContext.log SessionListener: contextInitialized()
04-Apr-2026 09:07:59.391 INFO [main] org.apache.catalina.core.ApplicationContext.log ContextListener: attributeAdded('StockTicker', 'async.Stockticker@5d72da0b')
04-Apr-2026 09:07:59.684 INFO [main] org.apache.catalina.core.ApplicationContext.log SessionListener: contextDestroyed()
04-Apr-2026 09:07:59.684 INFO [main] org.apache.catalina.core.ApplicationContext.log ContextListener: contextDestroyed()
04-Apr-2026 09:07:59.688 INFO [main] org.apache.catalina.core.ApplicationContext.log Destroying Spring FrameworkServlet 'dispatcher'
04-Apr-2026 09:07:59.744 INFO [main] org.apache.catalina.core.ApplicationContext.log Closing Spring root WebApplicationContext
04-Apr-2026 09:08:04.032 INFO [main] org.apache.catalina.core.ApplicationContext.log No Spring WebApplicationInitializer types detected on classpath
04-Apr-2026 09:08:04.122 INFO [main] org.apache.catalina.core.ApplicationContext.log Initializing Spring root WebApplicationContext
04-Apr-2026 09:08:06.885 INFO [main] org.apache.catalina.core.ApplicationContext.log Initializing Spring FrameworkServlet 'dispatcher'
04-Apr-2026 09:08:07.968 INFO [main] org.apache.catalina.core.ApplicationContext.log ContextListener: contextInitialized()
04-Apr-2026 09:08:07.968 INFO [main] org.apache.catalina.core.ApplicationContext.log SessionListener: contextInitialized()
04-Apr-2026 09:08:07.970 INFO [main] org.apache.catalina.core.ApplicationContext.log ContextListener: attributeAdded('StockTicker', 'async.Stockticker@5d72da0b')
04-Apr-2026 09:08:08.300 INFO [main] org.apache.catalina.core.ApplicationContext.log SessionListener: contextDestroyed()
04-Apr-2026 09:08:08.300 INFO [main] org.apache.catalina.core.ApplicationContext.log ContextListener: contextDestroyed()
04-Apr-2026 09:08:08.304 INFO [main] org.apache.catalina.core.ApplicationContext.log Destroying Spring FrameworkServlet 'dispatcher'
04-Apr-2026 09:08:08.459 INFO [main] org.apache.catalina.core.ApplicationContext.log Closing Spring root WebApplicationContext
04-Apr-2026 09:08:12.358 INFO [main] org.apache.catalina.core.ApplicationContext.log No Spring WebApplicationInitializer types detected on classpath
04-Apr-2026 09:08:12.464 INFO [main] org.apache.catalina.core.ApplicationContext.log Initializing Spring root WebApplicationContext
04-Apr-2026 09:08:15.161 INFO [main] org.apache.catalina.core.ApplicationContext.log Initializing Spring FrameworkServlet 'dispatcher'
04-Apr-2026 09:08:16.125 INFO [main] org.apache.catalina.core.ApplicationContext.log ContextListener: contextInitialized()
04-Apr-2026 09:08:16.125 INFO [main] org.apache.catalina.core.ApplicationContext.log SessionListener: contextInitialized()
04-Apr-2026 09:08:16.127 INFO [main] org.apache.catalina.core.ApplicationContext.log ContextListener: attributeAdded('StockTicker', 'async.Stockticker@5d72da0b')
04-Apr-2026 09:08:16.416 INFO [main] org.apache.catalina.core.ApplicationContext.log SessionListener: contextDestroyed()
04-Apr-2026 09:08:16.416 INFO [main] org.apache.catalina.core.ApplicationContext.log ContextListener: contextDestroyed()
04-Apr-2026 09:08:16.420 INFO [main] org.apache.catalina.core.ApplicationContext.log Destroying Spring FrameworkServlet 'dispatcher'
04-Apr-2026 09:08:16.702 INFO [main] org.apache.catalina.core.ApplicationContext.log Closing Spring root WebApplicationContext
04-Apr-2026 09:08:20.688 INFO [main] org.apache.catalina.core.ApplicationContext.log No Spring WebApplicationInitializer types detected on classpath
04-Apr-2026 09:08:20.787 INFO [main] org.apache.catalina.core.ApplicationContext.log Initializing Spring root WebApplicationContext
04-Apr-2026 09:08:23.516 INFO [main] org.apache.catalina.core.ApplicationContext.log Initializing Spring FrameworkServlet 'dispatcher'
04-Apr-2026 09:08:24.550 INFO [main] org.apache.catalina.core.ApplicationContext.log ContextListener: contextInitialized()
04-Apr-2026 09:08:24.550 INFO [main] org.apache.catalina.core.ApplicationContext.log SessionListener: contextInitialized()
04-Apr-2026 09:08:24.550 INFO [main] org.apache.catalina.core.ApplicationContext.log ContextListener: attributeAdded('StockTicker', 'async.Stockticker@5d72da0b')
04-Apr-2026 09:08:24.841 INFO [main] org.apache.catalina.core.ApplicationContext.log SessionListener: contextDestroyed()
04-Apr-2026 09:08:24.841 INFO [main] org.apache.catalina.core.ApplicationContext.log ContextListener: contextDestroyed()
04-Apr-2026 09:08:24.845 INFO [main] org.apache.catalina.core.ApplicationContext.log Destroying Spring FrameworkServlet 'dispatcher'
04-Apr-2026 09:08:24.852 INFO [main] org.apache.catalina.core.ApplicationContext.log Closing Spring root WebApplicationContext
04-Apr-2026 09:09:15.959 INFO [main] org.apache.catalina.core.ApplicationContext.log No Spring WebApplicationInitializer types detected on classpath
04-Apr-2026 09:09:16.047 INFO [main] org.apache.catalina.core.ApplicationContext.log Initializing Spring root WebApplicationContext
04-Apr-2026 09:09:18.862 INFO [main] org.apache.catalina.core.ApplicationContext.log Initializing Spring FrameworkServlet 'dispatcher'
04-Apr-2026 09:09:19.893 INFO [main] org.apache.catalina.core.ApplicationContext.log ContextListener: contextInitialized()
04-Apr-2026 09:09:19.893 INFO [main] org.apache.catalina.core.ApplicationContext.log SessionListener: contextInitialized()
04-Apr-2026 09:09:19.895 INFO [main] org.apache.catalina.core.ApplicationContext.log ContextListener: attributeAdded('StockTicker', 'async.Stockticker@5d72da0b')
04-Apr-2026 09:09:20.230 INFO [main] org.apache.catalina.core.ApplicationContext.log SessionListener: contextDestroyed()
04-Apr-2026 09:09:20.230 INFO [main] org.apache.catalina.core.ApplicationContext.log ContextListener: contextDestroyed()
04-Apr-2026 09:09:20.234 INFO [main] org.apache.catalina.core.ApplicationContext.log Destroying Spring FrameworkServlet 'dispatcher'
04-Apr-2026 09:09:25.275 INFO [main] org.apache.catalina.core.ApplicationContext.log Closing Spring root WebApplicationContext
04-Apr-2026 09:09:30.738 INFO [main] org.apache.catalina.core.ApplicationContext.log No Spring WebApplicationInitializer types detected on classpath
04-Apr-2026 09:09:30.827 INFO [main] org.apache.catalina.core.ApplicationContext.log Initializing Spring root WebApplicationContext
04-Apr-2026 09:09:34.268 INFO [main] org.apache.catalina.core.ApplicationContext.log Initializing Spring FrameworkServlet 'dispatcher'
04-Apr-2026 09:09:35.846 INFO [main] org.apache.catalina.core.ApplicationContext.log ContextListener: contextInitialized()
04-Apr-2026 09:09:35.846 INFO [main] org.apache.catalina.core.ApplicationContext.log SessionListener: contextInitialized()
04-Apr-2026 09:09:35.848 INFO [main] org.apache.catalina.core.ApplicationContext.log ContextListener: attributeAdded('StockTicker', 'async.Stockticker@5d72da0b')
04-Apr-2026 09:09:36.496 INFO [main] org.apache.catalina.core.ApplicationContext.log SessionListener: contextDestroyed()
04-Apr-2026 09:09:36.496 INFO [main] org.apache.catalina.core.ApplicationContext.log ContextListener: contextDestroyed()
04-Apr-2026 09:09:36.500 INFO [main] org.apache.catalina.core.ApplicationContext.log Destroying Spring FrameworkServlet 'dispatcher'
04-Apr-2026 09:09:36.745 INFO [main] org.apache.catalina.core.ApplicationContext.log Closing Spring root WebApplicationContext
04-Apr-2026 09:09:45.982 INFO [main] org.apache.catalina.core.ApplicationContext.log No Spring WebApplicationInitializer types detected on classpath
04-Apr-2026 09:09:46.067 INFO [main] org.apache.catalina.core.ApplicationContext.log Initializing Spring root WebApplicationContext
04-Apr-2026 09:09:48.797 INFO [main] org.apache.catalina.core.ApplicationContext.log Initializing Spring FrameworkServlet 'dispatcher'
04-Apr-2026 09:09:49.818 INFO [main] org.apache.catalina.core.ApplicationContext.log ContextListener: contextInitialized()
04-Apr-2026 09:09:49.818 INFO [main] org.apache.catalina.core.ApplicationContext.log SessionListener: contextInitialized()
04-Apr-2026 09:09:49.820 INFO [main] org.apache.catalina.core.ApplicationContext.log ContextListener: attributeAdded('StockTicker', 'async.Stockticker@5d72da0b')
04-Apr-2026 09:09:50.158 INFO [main] org.apache.catalina.core.ApplicationContext.log SessionListener: contextDestroyed()
04-Apr-2026 09:09:50.158 INFO [main] org.apache.catalina.core.ApplicationContext.log ContextListener: contextDestroyed()
04-Apr-2026 09:09:50.163 INFO [main] org.apache.catalina.core.ApplicationContext.log Destroying Spring FrameworkServlet 'dispatcher'
04-Apr-2026 09:09:50.436 INFO [main] org.apache.catalina.core.ApplicationContext.log Closing Spring root WebApplicationContext
04-Apr-2026 09:09:54.286 INFO [main] org.apache.catalina.core.ApplicationContext.log No Spring WebApplicationInitializer types detected on classpath
04-Apr-2026 09:09:54.376 INFO [main] org.apache.catalina.core.ApplicationContext.log Initializing Spring root WebApplicationContext
04-Apr-2026 09:09:57.025 INFO [main] org.apache.catalina.core.ApplicationContext.log Initializing Spring FrameworkServlet 'dispatcher'
04-Apr-2026 09:09:57.887 INFO [main] org.apache.catalina.core.ApplicationContext.log ContextListener: contextInitialized()
04-Apr-2026 09:09:57.887 INFO [main] org.apache.catalina.core.ApplicationContext.log SessionListener: contextInitialized()
04-Apr-2026 09:09:57.889 INFO [main] org.apache.catalina.core.ApplicationContext.log ContextListener: attributeAdded('StockTicker', 'async.Stockticker@5d72da0b')
04-Apr-2026 09:09:58.166 INFO [main] org.apache.catalina.core.ApplicationContext.log SessionListener: contextDestroyed()
04-Apr-2026 09:09:58.166 INFO [main] org.apache.catalina.core.ApplicationContext.log ContextListener: contextDestroyed()
04-Apr-2026 09:09:58.170 INFO [main] org.apache.catalina.core.ApplicationContext.log Destroying Spring FrameworkServlet 'dispatcher'
04-Apr-2026 09:09:58.229 INFO [main] org.apache.catalina.core.ApplicationContext.log Closing Spring root WebApplicationContext
04-Apr-2026 09:10:02.609 INFO [main] org.apache.catalina.core.ApplicationContext.log No Spring WebApplicationInitializer types detected on classpath
04-Apr-2026 09:10:02.700 INFO [main] org.apache.catalina.core.ApplicationContext.log Initializing Spring root WebApplicationContext
04-Apr-2026 09:10:05.350 INFO [main] org.apache.catalina.core.ApplicationContext.log Initializing Spring FrameworkServlet 'dispatcher'
04-Apr-2026 09:10:06.305 INFO [main] org.apache.catalina.core.ApplicationContext.log ContextListener: contextInitialized()
04-Apr-2026 09:10:06.305 INFO [main] org.apache.catalina.core.ApplicationContext.log SessionListener: contextInitialized()
04-Apr-2026 09:10:06.309 INFO [main] org.apache.catalina.core.ApplicationContext.log ContextListener: attributeAdded('StockTicker', 'async.Stockticker@5d72da0b')
04-Apr-2026 09:10:06.748 INFO [main] org.apache.catalina.core.ApplicationContext.log SessionListener: contextDestroyed()
04-Apr-2026 09:10:06.748 INFO [main] org.apache.catalina.core.ApplicationContext.log ContextListener: contextDestroyed()
04-Apr-2026 09:10:06.752 INFO [main] org.apache.catalina.core.ApplicationContext.log Destroying Spring FrameworkServlet 'dispatcher'
04-Apr-2026 09:10:06.935 INFO [main] org.apache.catalina.core.ApplicationContext.log Closing Spring root WebApplicationContext
04-Apr-2026 09:10:10.938 INFO [main] org.apache.catalina.core.ApplicationContext.log No Spring WebApplicationInitializer types detected on classpath
04-Apr-2026 09:10:11.019 INFO [main] org.apache.catalina.core.ApplicationContext.log Initializing Spring root WebApplicationContext
04-Apr-2026 09:10:13.654 INFO [main] org.apache.catalina.core.ApplicationContext.log Initializing Spring FrameworkServlet 'dispatcher'
04-Apr-2026 09:10:14.510 INFO [main] org.apache.catalina.core.ApplicationContext.log ContextListener: contextInitialized()
04-Apr-2026 09:10:14.510 INFO [main] org.apache.catalina.core.ApplicationContext.log SessionListener: contextInitialized()
04-Apr-2026 09:10:14.510 INFO [main] org.apache.catalina.core.ApplicationContext.log ContextListener: attributeAdded('StockTicker', 'async.Stockticker@5d72da0b')
04-Apr-2026 09:10:14.775 INFO [main] org.apache.catalina.core.ApplicationContext.log SessionListener: contextDestroyed()
04-Apr-2026 09:10:14.775 INFO [main] org.apache.catalina.core.ApplicationContext.log ContextListener: contextDestroyed()
04-Apr-2026 09:10:14.779 INFO [main] org.apache.catalina.core.ApplicationContext.log Destroying Spring FrameworkServlet 'dispatcher'
04-Apr-2026 09:10:14.844 INFO [main] org.apache.catalina.core.ApplicationContext.log Closing Spring root WebApplicationContext
04-Apr-2026 09:10:19.241 INFO [main] org.apache.catalina.core.ApplicationContext.log No Spring WebApplicationInitializer types detected on classpath
04-Apr-2026 09:10:19.321 INFO [main] org.apache.catalina.core.ApplicationContext.log Initializing Spring root WebApplicationContext
04-Apr-2026 09:10:21.950 INFO [main] org.apache.catalina.core.ApplicationContext.log Initializing Spring FrameworkServlet 'dispatcher'
04-Apr-2026 09:10:22.970 INFO [main] org.apache.catalina.core.ApplicationContext.log ContextListener: contextInitialized()
04-Apr-2026 09:10:22.970 INFO [main] org.apache.catalina.core.ApplicationContext.log SessionListener: contextInitialized()
04-Apr-2026 09:10:22.972 INFO [main] org.apache.catalina.core.ApplicationContext.log ContextListener: attributeAdded('StockTicker', 'async.Stockticker@5d72da0b')
04-Apr-2026 09:10:23.368 INFO [main] org.apache.catalina.core.ApplicationContext.log SessionListener: contextDestroyed()
04-Apr-2026 09:10:23.370 INFO [main] org.apache.catalina.core.ApplicationContext.log ContextListener: contextDestroyed()
04-Apr-2026 09:10:23.372 INFO [main] org.apache.catalina.core.ApplicationContext.log Destroying Spring FrameworkServlet 'dispatcher'
04-Apr-2026 09:10:23.650 INFO [main] org.apache.catalina.core.ApplicationContext.log Closing Spring root WebApplicationContext
04-Apr-2026 09:10:27.557 INFO [main] org.apache.catalina.core.ApplicationContext.log No Spring WebApplicationInitializer types detected on classpath
04-Apr-2026 09:10:27.639 INFO [main] org.apache.catalina.core.ApplicationContext.log Initializing Spring root WebApplicationContext
04-Apr-2026 09:10:30.277 INFO [main] org.apache.catalina.core.ApplicationContext.log Initializing Spring FrameworkServlet 'dispatcher'
04-Apr-2026 09:10:31.165 INFO [main] org.apache.catalina.core.ApplicationContext.log ContextListener: contextInitialized()
04-Apr-2026 09:10:31.165 INFO [main] org.apache.catalina.core.ApplicationContext.log SessionListener: contextInitialized()
04-Apr-2026 09:10:31.167 INFO [main] org.apache.catalina.core.ApplicationContext.log ContextListener: attributeAdded('StockTicker', 'async.Stockticker@5d72da0b')
04-Apr-2026 09:10:31.443 INFO [main] org.apache.catalina.core.ApplicationContext.log SessionListener: contextDestroyed()
04-Apr-2026 09:10:31.443 INFO [main] org.apache.catalina.core.ApplicationContext.log ContextListener: contextDestroyed()
04-Apr-2026 09:10:31.447 INFO [main] org.apache.catalina.core.ApplicationContext.log Destroying Spring FrameworkServlet 'dispatcher'
04-Apr-2026 09:10:31.504 INFO [main] org.apache.catalina.core.ApplicationContext.log Closing Spring root WebApplicationContext
04-Apr-2026 09:10:35.940 INFO [main] org.apache.catalina.core.ApplicationContext.log No Spring WebApplicationInitializer types detected on classpath
04-Apr-2026 09:10:36.060 INFO [main] org.apache.catalina.core.ApplicationContext.log Initializing Spring root WebApplicationContext
04-Apr-2026 09:10:39.074 INFO [main] org.apache.catalina.core.ApplicationContext.log Initializing Spring FrameworkServlet 'dispatcher'
04-Apr-2026 09:10:40.087 INFO [main] org.apache.catalina.core.ApplicationContext.log ContextListener: contextInitialized()
04-Apr-2026 09:10:40.087 INFO [main] org.apache.catalina.core.ApplicationContext.log SessionListener: contextInitialized()
04-Apr-2026 09:10:40.089 INFO [main] org.apache.catalina.core.ApplicationContext.log ContextListener: attributeAdded('StockTicker', 'async.Stockticker@5d72da0b')
04-Apr-2026 09:10:40.395 INFO [main] org.apache.catalina.core.ApplicationContext.log SessionListener: contextDestroyed()
04-Apr-2026 09:10:40.395 INFO [main] org.apache.catalina.core.ApplicationContext.log ContextListener: contextDestroyed()
04-Apr-2026 09:10:40.399 INFO [main] org.apache.catalina.core.ApplicationContext.log Destroying Spring FrameworkServlet 'dispatcher'
04-Apr-2026 09:10:40.464 INFO [main] org.apache.catalina.core.ApplicationContext.log Closing Spring root WebApplicationContext
04-Apr-2026 09:10:44.200 INFO [main] org.apache.catalina.core.ApplicationContext.log No Spring WebApplicationInitializer types detected on classpath
04-Apr-2026 09:10:44.281 INFO [main] org.apache.catalina.core.ApplicationContext.log Initializing Spring root WebApplicationContext
04-Apr-2026 09:10:46.933 INFO [main] org.apache.catalina.core.ApplicationContext.log Initializing Spring FrameworkServlet 'dispatcher'
04-Apr-2026 09:10:47.794 INFO [main] org.apache.catalina.core.ApplicationContext.log ContextListener: contextInitialized()
04-Apr-2026 09:10:47.794 INFO [main] org.apache.catalina.core.ApplicationContext.log SessionListener: contextInitialized()
04-Apr-2026 09:10:47.796 INFO [main] org.apache.catalina.core.ApplicationContext.log ContextListener: attributeAdded('StockTicker', 'async.Stockticker@5d72da0b')
04-Apr-2026 09:10:48.136 INFO [main] org.apache.catalina.core.ApplicationContext.log SessionListener: contextDestroyed()
04-Apr-2026 09:10:48.138 INFO [main] org.apache.catalina.core.ApplicationContext.log ContextListener: contextDestroyed()
04-Apr-2026 09:10:48.140 INFO [main] org.apache.catalina.core.ApplicationContext.log Destroying Spring FrameworkServlet 'dispatcher'
04-Apr-2026 09:10:48.462 INFO [main] org.apache.catalina.core.ApplicationContext.log Closing Spring root WebApplicationContext
04-Apr-2026 09:10:52.524 INFO [main] org.apache.catalina.core.ApplicationContext.log No Spring WebApplicationInitializer types detected on classpath
04-Apr-2026 09:10:52.597 INFO [main] org.apache.catalina.core.ApplicationContext.log Initializing Spring root WebApplicationContext
04-Apr-2026 09:10:55.239 INFO [main] org.apache.catalina.core.ApplicationContext.log Initializing Spring FrameworkServlet 'dispatcher'
04-Apr-2026 09:10:56.114 INFO [main] org.apache.catalina.core.ApplicationContext.log ContextListener: contextInitialized()
04-Apr-2026 09:10:56.114 INFO [main] org.apache.catalina.core.ApplicationContext.log SessionListener: contextInitialized()
04-Apr-2026 09:10:56.116 INFO [main] org.apache.catalina.core.ApplicationContext.log ContextListener: attributeAdded('StockTicker', 'async.Stockticker@5d72da0b')
04-Apr-2026 09:10:56.390 INFO [main] org.apache.catalina.core.ApplicationContext.log SessionListener: contextDestroyed()
04-Apr-2026 09:10:56.390 INFO [main] org.apache.catalina.core.ApplicationContext.log ContextListener: contextDestroyed()
04-Apr-2026 09:10:56.392 INFO [main] org.apache.catalina.core.ApplicationContext.log Destroying Spring FrameworkServlet 'dispatcher'
04-Apr-2026 09:10:56.457 INFO [main] org.apache.catalina.core.ApplicationContext.log Closing Spring root WebApplicationContext
04-Apr-2026 09:11:00.843 INFO [main] org.apache.catalina.core.ApplicationContext.log No Spring WebApplicationInitializer types detected on classpath
04-Apr-2026 09:11:00.925 INFO [main] org.apache.catalina.core.ApplicationContext.log Initializing Spring root WebApplicationContext
04-Apr-2026 09:11:03.599 INFO [main] org.apache.catalina.core.ApplicationContext.log Initializing Spring FrameworkServlet 'dispatcher'
04-Apr-2026 09:11:04.643 INFO [main] org.apache.catalina.core.ApplicationContext.log ContextListener: contextInitialized()
04-Apr-2026 09:11:04.643 INFO [main] org.apache.catalina.core.ApplicationContext.log SessionListener: contextInitialized()
04-Apr-2026 09:11:04.645 INFO [main] org.apache.catalina.core.ApplicationContext.log ContextListener: attributeAdded('StockTicker', 'async.Stockticker@5d72da0b')
04-Apr-2026 09:11:04.803 INFO [main] org.apache.catalina.core.ApplicationContext.log SessionListener: contextDestroyed()
04-Apr-2026 09:11:04.803 INFO [main] org.apache.catalina.core.ApplicationContext.log ContextListener: contextDestroyed()
04-Apr-2026 09:11:04.810 INFO [main] org.apache.catalina.core.ApplicationContext.log Destroying Spring FrameworkServlet 'dispatcher'
04-Apr-2026 09:11:04.981 INFO [main] org.apache.catalina.core.ApplicationContext.log Closing Spring root WebApplicationContext
04-Apr-2026 09:11:09.219 INFO [main] org.apache.catalina.core.ApplicationContext.log No Spring WebApplicationInitializer types detected on classpath
04-Apr-2026 09:11:09.311 INFO [main] org.apache.catalina.core.ApplicationContext.log Initializing Spring root WebApplicationContext
04-Apr-2026 09:11:12.003 INFO [main] org.apache.catalina.core.ApplicationContext.log Initializing Spring FrameworkServlet 'dispatcher'
04-Apr-2026 09:11:12.901 INFO [main] org.apache.catalina.core.ApplicationContext.log ContextListener: contextInitialized()
04-Apr-2026 09:11:12.901 INFO [main] org.apache.catalina.core.ApplicationContext.log SessionListener: contextInitialized()
04-Apr-2026 09:11:12.901 INFO [main] org.apache.catalina.core.ApplicationContext.log ContextListener: attributeAdded('StockTicker', 'async.Stockticker@285b63eb')
04-Apr-2026 09:11:13.182 INFO [main] org.apache.catalina.core.ApplicationContext.log SessionListener: contextDestroyed()
04-Apr-2026 09:11:13.182 INFO [main] org.apache.catalina.core.ApplicationContext.log ContextListener: contextDestroyed()
04-Apr-2026 09:11:13.184 INFO [main] org.apache.catalina.core.ApplicationContext.log Destroying Spring FrameworkServlet 'dispatcher'
04-Apr-2026 09:11:13.237 INFO [main] org.apache.catalina.core.ApplicationContext.log Closing Spring root WebApplicationContext
04-Apr-2026 09:11:17.473 INFO [main] org.apache.catalina.core.ApplicationContext.log No Spring WebApplicationInitializer types detected on classpath
04-Apr-2026 09:11:17.548 INFO [main] org.apache.catalina.core.ApplicationContext.log Initializing Spring root WebApplicationContext
04-Apr-2026 09:11:20.201 INFO [main] org.apache.catalina.core.ApplicationContext.log Initializing Spring FrameworkServlet 'dispatcher'
04-Apr-2026 09:11:21.081 INFO [main] org.apache.catalina.core.ApplicationContext.log ContextListener: contextInitialized()
04-Apr-2026 09:11:21.081 INFO [main] org.apache.catalina.core.ApplicationContext.log SessionListener: contextInitialized()
04-Apr-2026 09:11:21.081 INFO [main] org.apache.catalina.core.ApplicationContext.log ContextListener: attributeAdded('StockTicker', 'async.Stockticker@5d72da0b')
04-Apr-2026 09:11:21.354 INFO [main] org.apache.catalina.core.ApplicationContext.log SessionListener: contextDestroyed()
04-Apr-2026 09:11:21.354 INFO [main] org.apache.catalina.core.ApplicationContext.log ContextListener: contextDestroyed()
04-Apr-2026 09:11:21.358 INFO [main] org.apache.catalina.core.ApplicationContext.log Destroying Spring FrameworkServlet 'dispatcher'
04-Apr-2026 09:11:21.383 INFO [main] org.apache.catalina.core.ApplicationContext.log Closing Spring root WebApplicationContext
04-Apr-2026 09:11:25.824 INFO [main] org.apache.catalina.core.ApplicationContext.log No Spring WebApplicationInitializer types detected on classpath
04-Apr-2026 09:11:25.913 INFO [main] org.apache.catalina.core.ApplicationContext.log Initializing Spring root WebApplicationContext
04-Apr-2026 09:11:28.544 INFO [main] org.apache.catalina.core.ApplicationContext.log Initializing Spring FrameworkServlet 'dispatcher'
04-Apr-2026 09:11:29.476 INFO [main] org.apache.catalina.core.ApplicationContext.log ContextListener: contextInitialized()
04-Apr-2026 09:11:29.476 INFO [main] org.apache.catalina.core.ApplicationContext.log SessionListener: contextInitialized()
04-Apr-2026 09:11:29.478 INFO [main] org.apache.catalina.core.ApplicationContext.log ContextListener: attributeAdded('StockTicker', 'async.Stockticker@5d72da0b')
04-Apr-2026 09:11:29.775 INFO [main] org.apache.catalina.core.ApplicationContext.log SessionListener: contextDestroyed()
04-Apr-2026 09:11:29.775 INFO [main] org.apache.catalina.core.ApplicationContext.log ContextListener: contextDestroyed()
04-Apr-2026 09:11:29.777 INFO [main] org.apache.catalina.core.ApplicationContext.log Destroying Spring FrameworkServlet 'dispatcher'
04-Apr-2026 09:11:29.807 INFO [main] org.apache.catalina.core.ApplicationContext.log Closing Spring root WebApplicationContext
04-Apr-2026 09:11:34.131 INFO [main] org.apache.catalina.core.ApplicationContext.log No Spring WebApplicationInitializer types detected on classpath
04-Apr-2026 09:11:34.218 INFO [main] org.apache.catalina.core.ApplicationContext.log Initializing Spring root WebApplicationContext
04-Apr-2026 09:11:36.862 INFO [main] org.apache.catalina.core.ApplicationContext.log Initializing Spring FrameworkServlet 'dispatcher'
04-Apr-2026 09:11:37.761 INFO [main] org.apache.catalina.core.ApplicationContext.log ContextListener: contextInitialized()
04-Apr-2026 09:11:37.761 INFO [main] org.apache.catalina.core.ApplicationContext.log SessionListener: contextInitialized()
04-Apr-2026 09:11:37.761 INFO [main] org.apache.catalina.core.ApplicationContext.log ContextListener: attributeAdded('StockTicker', 'async.Stockticker@5d72da0b')
04-Apr-2026 09:11:38.056 INFO [main] org.apache.catalina.core.ApplicationContext.log SessionListener: contextDestroyed()
04-Apr-2026 09:11:38.056 INFO [main] org.apache.catalina.core.ApplicationContext.log ContextListener: contextDestroyed()
04-Apr-2026 09:11:38.060 INFO [main] org.apache.catalina.core.ApplicationContext.log Destroying Spring FrameworkServlet 'dispatcher'
04-Apr-2026 09:11:38.115 INFO [main] org.apache.catalina.core.ApplicationContext.log Closing Spring root WebApplicationContext
04-Apr-2026 09:11:42.450 INFO [main] org.apache.catalina.core.ApplicationContext.log No Spring WebApplicationInitializer types detected on classpath
04-Apr-2026 09:11:42.529 INFO [main] org.apache.catalina.core.ApplicationContext.log Initializing Spring root WebApplicationContext
04-Apr-2026 09:11:45.593 INFO [main] org.apache.catalina.core.ApplicationContext.log Initializing Spring FrameworkServlet 'dispatcher'
04-Apr-2026 09:11:46.609 INFO [main] org.apache.catalina.core.ApplicationContext.log ContextListener: contextInitialized()
04-Apr-2026 09:11:46.609 INFO [main] org.apache.catalina.core.ApplicationContext.log SessionListener: contextInitialized()
04-Apr-2026 09:11:46.609 INFO [main] org.apache.catalina.core.ApplicationContext.log ContextListener: attributeAdded('StockTicker', 'async.Stockticker@5d72da0b')
04-Apr-2026 09:11:46.892 INFO [main] org.apache.catalina.core.ApplicationContext.log SessionListener: contextDestroyed()
04-Apr-2026 09:11:46.892 INFO [main] org.apache.catalina.core.ApplicationContext.log ContextListener: contextDestroyed()
04-Apr-2026 09:11:46.896 INFO [main] org.apache.catalina.core.ApplicationContext.log Destroying Spring FrameworkServlet 'dispatcher'
04-Apr-2026 09:11:46.955 INFO [main] org.apache.catalina.core.ApplicationContext.log Closing Spring root WebApplicationContext
04-Apr-2026 09:11:50.741 INFO [main] org.apache.catalina.core.ApplicationContext.log No Spring WebApplicationInitializer types detected on classpath
04-Apr-2026 09:11:50.822 INFO [main] org.apache.catalina.core.ApplicationContext.log Initializing Spring root WebApplicationContext
04-Apr-2026 09:11:53.473 INFO [main] org.apache.catalina.core.ApplicationContext.log Initializing Spring FrameworkServlet 'dispatcher'
04-Apr-2026 09:11:54.450 INFO [main] org.apache.catalina.core.ApplicationContext.log ContextListener: contextInitialized()
04-Apr-2026 09:11:54.450 INFO [main] org.apache.catalina.core.ApplicationContext.log SessionListener: contextInitialized()
04-Apr-2026 09:11:54.452 INFO [main] org.apache.catalina.core.ApplicationContext.log ContextListener: attributeAdded('StockTicker', 'async.Stockticker@5d72da0b')
04-Apr-2026 09:11:54.759 INFO [main] org.apache.catalina.core.ApplicationContext.log SessionListener: contextDestroyed()
04-Apr-2026 09:11:54.759 INFO [main] org.apache.catalina.core.ApplicationContext.log ContextListener: contextDestroyed()
04-Apr-2026 09:11:54.763 INFO [main] org.apache.catalina.core.ApplicationContext.log Destroying Spring FrameworkServlet 'dispatcher'
04-Apr-2026 09:11:54.870 INFO [main] org.apache.catalina.core.ApplicationContext.log Closing Spring root WebApplicationContext
04-Apr-2026 09:11:59.048 INFO [main] org.apache.catalina.core.ApplicationContext.log No Spring WebApplicationInitializer types detected on classpath
04-Apr-2026 09:11:59.119 INFO [main] org.apache.catalina.core.ApplicationContext.log Initializing Spring root WebApplicationContext
04-Apr-2026 09:12:01.810 INFO [main] org.apache.catalina.core.ApplicationContext.log Initializing Spring FrameworkServlet 'dispatcher'
04-Apr-2026 09:12:02.679 INFO [main] org.apache.catalina.core.ApplicationContext.log ContextListener: contextInitialized()
04-Apr-2026 09:12:02.679 INFO [main] org.apache.catalina.core.ApplicationContext.log SessionListener: contextInitialized()
04-Apr-2026 09:12:02.679 INFO [main] org.apache.catalina.core.ApplicationContext.log ContextListener: attributeAdded('StockTicker', 'async.Stockticker@5d72da0b')
04-Apr-2026 09:12:02.972 INFO [main] org.apache.catalina.core.ApplicationContext.log SessionListener: contextDestroyed()
04-Apr-2026 09:12:02.972 INFO [main] org.apache.catalina.core.ApplicationContext.log ContextListener: contextDestroyed()
04-Apr-2026 09:12:02.976 INFO [main] org.apache.catalina.core.ApplicationContext.log Destroying Spring FrameworkServlet 'dispatcher'
04-Apr-2026 09:12:03.025 INFO [main] org.apache.catalina.core.ApplicationContext.log Closing Spring root WebApplicationContext
04-Apr-2026 09:12:07.381 INFO [main] org.apache.catalina.core.ApplicationContext.log No Spring WebApplicationInitializer types detected on classpath
04-Apr-2026 09:12:07.465 INFO [main] org.apache.catalina.core.ApplicationContext.log Initializing Spring root WebApplicationContext
04-Apr-2026 09:12:10.157 INFO [main] org.apache.catalina.core.ApplicationContext.log Initializing Spring FrameworkServlet 'dispatcher'
04-Apr-2026 09:12:11.459 INFO [main] org.apache.catalina.core.ApplicationContext.log ContextListener: contextInitialized()
04-Apr-2026 09:12:11.459 INFO [main] org.apache.catalina.core.ApplicationContext.log SessionListener: contextInitialized()
04-Apr-2026 09:12:11.461 INFO [main] org.apache.catalina.core.ApplicationContext.log ContextListener: attributeAdded('StockTicker', 'async.Stockticker@59f56892')
04-Apr-2026 09:12:11.738 INFO [main] org.apache.catalina.core.ApplicationContext.log SessionListener: contextDestroyed()
04-Apr-2026 09:12:11.738 INFO [main] org.apache.catalina.core.ApplicationContext.log ContextListener: contextDestroyed()
04-Apr-2026 09:12:11.742 INFO [main] org.apache.catalina.core.ApplicationContext.log Destroying Spring FrameworkServlet 'dispatcher'
04-Apr-2026 09:12:11.804 INFO [main] org.apache.catalina.core.ApplicationContext.log Closing Spring root WebApplicationContext
04-Apr-2026 09:12:15.757 INFO [main] org.apache.catalina.core.ApplicationContext.log No Spring WebApplicationInitializer types detected on classpath
04-Apr-2026 09:12:15.853 INFO [main] org.apache.catalina.core.ApplicationContext.log Initializing Spring root WebApplicationContext
04-Apr-2026 09:12:18.603 INFO [main] org.apache.catalina.core.ApplicationContext.log Initializing Spring FrameworkServlet 'dispatcher'
04-Apr-2026 09:12:19.546 INFO [main] org.apache.catalina.core.ApplicationContext.log ContextListener: contextInitialized()
04-Apr-2026 09:12:19.546 INFO [main] org.apache.catalina.core.ApplicationContext.log SessionListener: contextInitialized()
04-Apr-2026 09:12:19.546 INFO [main] org.apache.catalina.core.ApplicationContext.log ContextListener: attributeAdded('StockTicker', 'async.Stockticker@5d72da0b')
04-Apr-2026 09:12:19.828 INFO [main] org.apache.catalina.core.ApplicationContext.log SessionListener: contextDestroyed()
04-Apr-2026 09:12:19.828 INFO [main] org.apache.catalina.core.ApplicationContext.log ContextListener: contextDestroyed()
04-Apr-2026 09:12:19.832 INFO [main] org.apache.catalina.core.ApplicationContext.log Destroying Spring FrameworkServlet 'dispatcher'
04-Apr-2026 09:12:19.966 INFO [main] org.apache.catalina.core.ApplicationContext.log Closing Spring root WebApplicationContext
04-Apr-2026 09:12:24.422 INFO [main] org.apache.catalina.core.ApplicationContext.log No Spring WebApplicationInitializer types detected on classpath
04-Apr-2026 09:12:24.540 INFO [main] org.apache.catalina.core.ApplicationContext.log Initializing Spring root WebApplicationContext
04-Apr-2026 09:12:27.144 INFO [main] org.apache.catalina.core.ApplicationContext.log Initializing Spring FrameworkServlet 'dispatcher'
04-Apr-2026 09:12:28.065 INFO [main] org.apache.catalina.core.ApplicationContext.log ContextListener: contextInitialized()
04-Apr-2026 09:12:28.065 INFO [main] org.apache.catalina.core.ApplicationContext.log SessionListener: contextInitialized()
04-Apr-2026 09:12:28.065 INFO [main] org.apache.catalina.core.ApplicationContext.log ContextListener: attributeAdded('StockTicker', 'async.Stockticker@285b63eb')
04-Apr-2026 09:12:28.319 INFO [main] org.apache.catalina.core.ApplicationContext.log SessionListener: contextDestroyed()
04-Apr-2026 09:12:28.319 INFO [main] org.apache.catalina.core.ApplicationContext.log ContextListener: contextDestroyed()
04-Apr-2026 09:12:28.321 INFO [main] org.apache.catalina.core.ApplicationContext.log Destroying Spring FrameworkServlet 'dispatcher'
04-Apr-2026 09:12:28.378 INFO [main] org.apache.catalina.core.ApplicationContext.log Closing Spring root WebApplicationContext
04-Apr-2026 09:12:32.295 INFO [main] org.apache.catalina.core.ApplicationContext.log No Spring WebApplicationInitializer types detected on classpath
04-Apr-2026 09:12:32.374 INFO [main] org.apache.catalina.core.ApplicationContext.log Initializing Spring root WebApplicationContext
04-Apr-2026 09:12:35.072 INFO [main] org.apache.catalina.core.ApplicationContext.log Initializing Spring FrameworkServlet 'dispatcher'
04-Apr-2026 09:12:36.064 INFO [main] org.apache.catalina.core.ApplicationContext.log ContextListener: contextInitialized()
04-Apr-2026 09:12:36.064 INFO [main] org.apache.catalina.core.ApplicationContext.log SessionListener: contextInitialized()
04-Apr-2026 09:12:36.066 INFO [main] org.apache.catalina.core.ApplicationContext.log ContextListener: attributeAdded('StockTicker', 'async.Stockticker@5d72da0b')
04-Apr-2026 09:12:36.461 INFO [main] org.apache.catalina.core.ApplicationContext.log SessionListener: contextDestroyed()
04-Apr-2026 09:12:36.461 INFO [main] org.apache.catalina.core.ApplicationContext.log ContextListener: contextDestroyed()
04-Apr-2026 09:12:36.465 INFO [main] org.apache.catalina.core.ApplicationContext.log Destroying Spring FrameworkServlet 'dispatcher'
04-Apr-2026 09:12:36.662 INFO [main] org.apache.catalina.core.ApplicationContext.log Closing Spring root WebApplicationContext
04-Apr-2026 09:12:40.823 INFO [main] org.apache.catalina.core.ApplicationContext.log No Spring WebApplicationInitializer types detected on classpath
04-Apr-2026 09:12:40.899 INFO [main] org.apache.catalina.core.ApplicationContext.log Initializing Spring root WebApplicationContext
04-Apr-2026 09:12:43.553 INFO [main] org.apache.catalina.core.ApplicationContext.log Initializing Spring FrameworkServlet 'dispatcher'
04-Apr-2026 09:12:44.439 INFO [main] org.apache.catalina.core.ApplicationContext.log ContextListener: contextInitialized()
04-Apr-2026 09:12:44.439 INFO [main] org.apache.catalina.core.ApplicationContext.log SessionListener: contextInitialized()
04-Apr-2026 09:12:44.439 INFO [main] org.apache.catalina.core.ApplicationContext.log ContextListener: attributeAdded('StockTicker', 'async.Stockticker@5d72da0b')
04-Apr-2026 09:12:44.726 INFO [main] org.apache.catalina.core.ApplicationContext.log SessionListener: contextDestroyed()
04-Apr-2026 09:12:44.726 INFO [main] org.apache.catalina.core.ApplicationContext.log ContextListener: contextDestroyed()
04-Apr-2026 09:12:44.728 INFO [main] org.apache.catalina.core.ApplicationContext.log Destroying Spring FrameworkServlet 'dispatcher'
04-Apr-2026 09:12:44.751 INFO [main] org.apache.catalina.core.ApplicationContext.log Closing Spring root WebApplicationContext
04-Apr-2026 09:12:48.957 INFO [main] org.apache.catalina.core.ApplicationContext.log No Spring WebApplicationInitializer types detected on classpath
04-Apr-2026 09:12:49.045 INFO [main] org.apache.catalina.core.ApplicationContext.log Initializing Spring root WebApplicationContext
04-Apr-2026 09:12:52.061 INFO [main] org.apache.catalina.core.ApplicationContext.log Initializing Spring FrameworkServlet 'dispatcher'
04-Apr-2026 09:12:53.121 INFO [main] org.apache.catalina.core.ApplicationContext.log ContextListener: contextInitialized()
04-Apr-2026 09:12:53.121 INFO [main] org.apache.catalina.core.ApplicationContext.log SessionListener: contextInitialized()
04-Apr-2026 09:12:53.123 INFO [main] org.apache.catalina.core.ApplicationContext.log ContextListener: attributeAdded('StockTicker', 'async.Stockticker@5d72da0b')
04-Apr-2026 09:12:53.422 INFO [main] org.apache.catalina.core.ApplicationContext.log SessionListener: contextDestroyed()
04-Apr-2026 09:12:53.422 INFO [main] org.apache.catalina.core.ApplicationContext.log ContextListener: contextDestroyed()
04-Apr-2026 09:12:53.428 INFO [main] org.apache.catalina.core.ApplicationContext.log Destroying Spring FrameworkServlet 'dispatcher'
04-Apr-2026 09:12:53.486 INFO [main] org.apache.catalina.core.ApplicationContext.log Closing Spring root WebApplicationContext
04-Apr-2026 09:12:57.553 INFO [main] org.apache.catalina.core.ApplicationContext.log No Spring WebApplicationInitializer types detected on classpath
04-Apr-2026 09:12:57.642 INFO [main] org.apache.catalina.core.ApplicationContext.log Initializing Spring root WebApplicationContext
04-Apr-2026 09:13:00.328 INFO [main] org.apache.catalina.core.ApplicationContext.log Initializing Spring FrameworkServlet 'dispatcher'
04-Apr-2026 09:13:01.277 INFO [main] org.apache.catalina.core.ApplicationContext.log ContextListener: contextInitialized()
04-Apr-2026 09:13:01.277 INFO [main] org.apache.catalina.core.ApplicationContext.log SessionListener: contextInitialized()
04-Apr-2026 09:13:01.279 INFO [main] org.apache.catalina.core.ApplicationContext.log ContextListener: attributeAdded('StockTicker', 'async.Stockticker@5d72da0b')
04-Apr-2026 09:13:01.606 INFO [main] org.apache.catalina.core.ApplicationContext.log SessionListener: contextDestroyed()
04-Apr-2026 09:13:01.606 INFO [main] org.apache.catalina.core.ApplicationContext.log ContextListener: contextDestroyed()
04-Apr-2026 09:13:01.608 INFO [main] org.apache.catalina.core.ApplicationContext.log Destroying Spring FrameworkServlet 'dispatcher'
04-Apr-2026 09:13:01.618 INFO [main] org.apache.catalina.core.ApplicationContext.log Closing Spring root WebApplicationContext
04-Apr-2026 09:13:52.729 INFO [main] org.apache.catalina.core.ApplicationContext.log No Spring WebApplicationInitializer types detected on classpath
04-Apr-2026 09:13:52.820 INFO [main] org.apache.catalina.core.ApplicationContext.log Initializing Spring root WebApplicationContext
04-Apr-2026 09:13:55.672 INFO [main] org.apache.catalina.core.ApplicationContext.log Initializing Spring FrameworkServlet 'dispatcher'
04-Apr-2026 09:13:56.808 INFO [main] org.apache.catalina.core.ApplicationContext.log ContextListener: contextInitialized()
04-Apr-2026 09:13:56.808 INFO [main] org.apache.catalina.core.ApplicationContext.log SessionListener: contextInitialized()
04-Apr-2026 09:13:56.810 INFO [main] org.apache.catalina.core.ApplicationContext.log ContextListener: attributeAdded('StockTicker', 'async.Stockticker@5d72da0b')
04-Apr-2026 09:13:57.175 INFO [main] org.apache.catalina.core.ApplicationContext.log SessionListener: contextDestroyed()
04-Apr-2026 09:13:57.175 INFO [main] org.apache.catalina.core.ApplicationContext.log ContextListener: contextDestroyed()
04-Apr-2026 09:13:57.179 INFO [main] org.apache.catalina.core.ApplicationContext.log Destroying Spring FrameworkServlet 'dispatcher'
04-Apr-2026 09:13:57.191 INFO [main] org.apache.catalina.core.ApplicationContext.log Closing Spring root WebApplicationContext
04-Apr-2026 09:14:48.171 INFO [main] org.apache.catalina.core.ApplicationContext.log No Spring WebApplicationInitializer types detected on classpath
04-Apr-2026 09:14:48.248 INFO [main] org.apache.catalina.core.ApplicationContext.log Initializing Spring root WebApplicationContext
04-Apr-2026 09:14:51.071 INFO [main] org.apache.catalina.core.ApplicationContext.log Initializing Spring FrameworkServlet 'dispatcher'
04-Apr-2026 09:14:52.016 INFO [main] org.apache.catalina.core.ApplicationContext.log ContextListener: contextInitialized()
04-Apr-2026 09:14:52.016 INFO [main] org.apache.catalina.core.ApplicationContext.log SessionListener: contextInitialized()
04-Apr-2026 09:14:52.018 INFO [main] org.apache.catalina.core.ApplicationContext.log ContextListener: attributeAdded('StockTicker', 'async.Stockticker@5d72da0b')
04-Apr-2026 09:14:52.351 INFO [main] org.apache.catalina.core.ApplicationContext.log SessionListener: contextDestroyed()
04-Apr-2026 09:14:52.351 INFO [main] org.apache.catalina.core.ApplicationContext.log ContextListener: contextDestroyed()
04-Apr-2026 09:14:52.355 INFO [main] org.apache.catalina.core.ApplicationContext.log Destroying Spring FrameworkServlet 'dispatcher'
04-Apr-2026 09:14:52.361 INFO [main] org.apache.catalina.core.ApplicationContext.log Closing Spring root WebApplicationContext
04-Apr-2026 09:15:43.637 INFO [main] org.apache.catalina.core.ApplicationContext.log No Spring WebApplicationInitializer types detected on classpath
04-Apr-2026 09:15:43.714 INFO [main] org.apache.catalina.core.ApplicationContext.log Initializing Spring root WebApplicationContext
04-Apr-2026 09:15:46.479 INFO [main] org.apache.catalina.core.ApplicationContext.log Initializing Spring FrameworkServlet 'dispatcher'
04-Apr-2026 09:15:47.369 INFO [main] org.apache.catalina.core.ApplicationContext.log ContextListener: contextInitialized()
04-Apr-2026 09:15:47.369 INFO [main] org.apache.catalina.core.ApplicationContext.log SessionListener: contextInitialized()
04-Apr-2026 09:15:47.369 INFO [main] org.apache.catalina.core.ApplicationContext.log ContextListener: attributeAdded('StockTicker', 'async.Stockticker@5d72da0b')
04-Apr-2026 09:15:47.714 INFO [main] org.apache.catalina.core.ApplicationContext.log SessionListener: contextDestroyed()
04-Apr-2026 09:15:47.714 INFO [main] org.apache.catalina.core.ApplicationContext.log ContextListener: contextDestroyed()
04-Apr-2026 09:15:47.718 INFO [main] org.apache.catalina.core.ApplicationContext.log Destroying Spring FrameworkServlet 'dispatcher'
04-Apr-2026 09:15:48.160 INFO [main] org.apache.catalina.core.ApplicationContext.log Closing Spring root WebApplicationContext
04-Apr-2026 09:15:51.929 INFO [main] org.apache.catalina.core.ApplicationContext.log No Spring WebApplicationInitializer types detected on classpath
04-Apr-2026 09:15:52.019 INFO [main] org.apache.catalina.core.ApplicationContext.log Initializing Spring root WebApplicationContext
04-Apr-2026 09:15:54.713 INFO [main] org.apache.catalina.core.ApplicationContext.log Initializing Spring FrameworkServlet 'dispatcher'
04-Apr-2026 09:15:55.584 INFO [main] org.apache.catalina.core.ApplicationContext.log ContextListener: contextInitialized()
04-Apr-2026 09:15:55.584 INFO [main] org.apache.catalina.core.ApplicationContext.log SessionListener: contextInitialized()
04-Apr-2026 09:15:55.584 INFO [main] org.apache.catalina.core.ApplicationContext.log ContextListener: attributeAdded('StockTicker', 'async.Stockticker@5d72da0b')
04-Apr-2026 09:15:55.860 INFO [main] org.apache.catalina.core.ApplicationContext.log SessionListener: contextDestroyed()
04-Apr-2026 09:15:55.860 INFO [main] org.apache.catalina.core.ApplicationContext.log ContextListener: contextDestroyed()
04-Apr-2026 09:15:55.864 INFO [main] org.apache.catalina.core.ApplicationContext.log Destroying Spring FrameworkServlet 'dispatcher'
04-Apr-2026 09:15:55.918 INFO [main] org.apache.catalina.core.ApplicationContext.log Closing Spring root WebApplicationContext
04-Apr-2026 09:16:00.215 INFO [main] org.apache.catalina.core.ApplicationContext.log No Spring WebApplicationInitializer types detected on classpath
04-Apr-2026 09:16:00.304 INFO [main] org.apache.catalina.core.ApplicationContext.log Initializing Spring root WebApplicationContext
04-Apr-2026 09:16:02.883 INFO [main] org.apache.catalina.core.ApplicationContext.log Initializing Spring FrameworkServlet 'dispatcher'
04-Apr-2026 09:16:03.827 INFO [main] org.apache.catalina.core.ApplicationContext.log ContextListener: contextInitialized()
04-Apr-2026 09:16:03.827 INFO [main] org.apache.catalina.core.ApplicationContext.log SessionListener: contextInitialized()
04-Apr-2026 09:16:03.827 INFO [main] org.apache.catalina.core.ApplicationContext.log ContextListener: attributeAdded('StockTicker', 'async.Stockticker@5d72da0b')
04-Apr-2026 09:16:04.141 INFO [main] org.apache.catalina.core.ApplicationContext.log SessionListener: contextDestroyed()
04-Apr-2026 09:16:04.141 INFO [main] org.apache.catalina.core.ApplicationContext.log ContextListener: contextDestroyed()
04-Apr-2026 09:16:04.145 INFO [main] org.apache.catalina.core.ApplicationContext.log Destroying Spring FrameworkServlet 'dispatcher'
04-Apr-2026 09:16:04.180 INFO [main] org.apache.catalina.core.ApplicationContext.log Closing Spring root WebApplicationContext
04-Apr-2026 09:16:08.663 INFO [main] org.apache.catalina.core.ApplicationContext.log No Spring WebApplicationInitializer types detected on classpath
04-Apr-2026 09:16:08.774 INFO [main] org.apache.catalina.core.ApplicationContext.log Initializing Spring root WebApplicationContext
04-Apr-2026 09:16:11.809 INFO [main] org.apache.catalina.core.ApplicationContext.log Initializing Spring FrameworkServlet 'dispatcher'
04-Apr-2026 09:16:12.861 INFO [main] org.apache.catalina.core.ApplicationContext.log ContextListener: contextInitialized()
04-Apr-2026 09:16:12.861 INFO [main] org.apache.catalina.core.ApplicationContext.log SessionListener: contextInitialized()
04-Apr-2026 09:16:12.863 INFO [main] org.apache.catalina.core.ApplicationContext.log ContextListener: attributeAdded('StockTicker', 'async.Stockticker@5d72da0b')
04-Apr-2026 09:16:13.167 INFO [main] org.apache.catalina.core.ApplicationContext.log SessionListener: contextDestroyed()
04-Apr-2026 09:16:13.167 INFO [main] org.apache.catalina.core.ApplicationContext.log ContextListener: contextDestroyed()
04-Apr-2026 09:16:13.171 INFO [main] org.apache.catalina.core.ApplicationContext.log Destroying Spring FrameworkServlet 'dispatcher'
04-Apr-2026 09:16:13.213 INFO [main] org.apache.catalina.core.ApplicationContext.log Closing Spring root WebApplicationContext
04-Apr-2026 09:16:16.916 INFO [main] org.apache.catalina.core.ApplicationContext.log No Spring WebApplicationInitializer types detected on classpath
04-Apr-2026 09:16:17.003 INFO [main] org.apache.catalina.core.ApplicationContext.log Initializing Spring root WebApplicationContext
04-Apr-2026 09:16:19.608 INFO [main] org.apache.catalina.core.ApplicationContext.log Initializing Spring FrameworkServlet 'dispatcher'
04-Apr-2026 09:16:20.472 INFO [main] org.apache.catalina.core.ApplicationContext.log ContextListener: contextInitialized()
04-Apr-2026 09:16:20.472 INFO [main] org.apache.catalina.core.ApplicationContext.log SessionListener: contextInitialized()
04-Apr-2026 09:16:20.473 INFO [main] org.apache.catalina.core.ApplicationContext.log ContextListener: attributeAdded('StockTicker', 'async.Stockticker@5d72da0b')
04-Apr-2026 09:16:20.746 INFO [main] org.apache.catalina.core.ApplicationContext.log SessionListener: contextDestroyed()
04-Apr-2026 09:16:20.746 INFO [main] org.apache.catalina.core.ApplicationContext.log ContextListener: contextDestroyed()
04-Apr-2026 09:16:20.749 INFO [main] org.apache.catalina.core.ApplicationContext.log Destroying Spring FrameworkServlet 'dispatcher'
04-Apr-2026 09:16:20.813 INFO [main] org.apache.catalina.core.ApplicationContext.log Closing Spring root WebApplicationContext
04-Apr-2026 09:16:25.236 INFO [main] org.apache.catalina.core.ApplicationContext.log No Spring WebApplicationInitializer types detected on classpath
04-Apr-2026 09:16:25.323 INFO [main] org.apache.catalina.core.ApplicationContext.log Initializing Spring root WebApplicationContext
04-Apr-2026 09:16:27.959 INFO [main] org.apache.catalina.core.ApplicationContext.log Initializing Spring FrameworkServlet 'dispatcher'
04-Apr-2026 09:16:28.887 INFO [main] org.apache.catalina.core.ApplicationContext.log ContextListener: contextInitialized()
04-Apr-2026 09:16:28.887 INFO [main] org.apache.catalina.core.ApplicationContext.log SessionListener: contextInitialized()
04-Apr-2026 09:16:28.887 INFO [main] org.apache.catalina.core.ApplicationContext.log ContextListener: attributeAdded('StockTicker', 'async.Stockticker@5d72da0b')
04-Apr-2026 09:16:29.239 INFO [main] org.apache.catalina.core.ApplicationContext.log SessionListener: contextDestroyed()
04-Apr-2026 09:16:29.239 INFO [main] org.apache.catalina.core.ApplicationContext.log ContextListener: contextDestroyed()
04-Apr-2026 09:16:29.243 INFO [main] org.apache.catalina.core.ApplicationContext.log Destroying Spring FrameworkServlet 'dispatcher'
04-Apr-2026 09:16:29.253 INFO [main] org.apache.catalina.core.ApplicationContext.log Closing Spring root WebApplicationContext
04-Apr-2026 09:16:33.564 INFO [main] org.apache.catalina.core.ApplicationContext.log No Spring WebApplicationInitializer types detected on classpath
04-Apr-2026 09:16:33.651 INFO [main] org.apache.catalina.core.ApplicationContext.log Initializing Spring root WebApplicationContext
04-Apr-2026 09:16:36.323 INFO [main] org.apache.catalina.core.ApplicationContext.log Initializing Spring FrameworkServlet 'dispatcher'
04-Apr-2026 09:16:37.231 INFO [main] org.apache.catalina.core.ApplicationContext.log ContextListener: contextInitialized()
04-Apr-2026 09:16:37.231 INFO [main] org.apache.catalina.core.ApplicationContext.log SessionListener: contextInitialized()
04-Apr-2026 09:16:37.233 INFO [main] org.apache.catalina.core.ApplicationContext.log ContextListener: attributeAdded('StockTicker', 'async.Stockticker@5d72da0b')
04-Apr-2026 09:16:37.502 INFO [main] org.apache.catalina.core.ApplicationContext.log SessionListener: contextDestroyed()
04-Apr-2026 09:16:37.502 INFO [main] org.apache.catalina.core.ApplicationContext.log ContextListener: contextDestroyed()
04-Apr-2026 09:16:37.506 INFO [main] org.apache.catalina.core.ApplicationContext.log Destroying Spring FrameworkServlet 'dispatcher'
04-Apr-2026 09:16:37.544 INFO [main] org.apache.catalina.core.ApplicationContext.log Closing Spring root WebApplicationContext
04-Apr-2026 09:16:41.929 INFO [main] org.apache.catalina.core.ApplicationContext.log No Spring WebApplicationInitializer types detected on classpath
04-Apr-2026 09:16:42.022 INFO [main] org.apache.catalina.core.ApplicationContext.log Initializing Spring root WebApplicationContext
04-Apr-2026 09:16:44.725 INFO [main] org.apache.catalina.core.ApplicationContext.log Initializing Spring FrameworkServlet 'dispatcher'
04-Apr-2026 09:16:45.772 INFO [main] org.apache.catalina.core.ApplicationContext.log ContextListener: contextInitialized()
04-Apr-2026 09:16:45.772 INFO [main] org.apache.catalina.core.ApplicationContext.log SessionListener: contextInitialized()
04-Apr-2026 09:16:45.774 INFO [main] org.apache.catalina.core.ApplicationContext.log ContextListener: attributeAdded('StockTicker', 'async.Stockticker@5d72da0b')
04-Apr-2026 09:16:46.060 INFO [main] org.apache.catalina.core.ApplicationContext.log SessionListener: contextDestroyed()
04-Apr-2026 09:16:46.060 INFO [main] org.apache.catalina.core.ApplicationContext.log ContextListener: contextDestroyed()
04-Apr-2026 09:16:46.064 INFO [main] org.apache.catalina.core.ApplicationContext.log Destroying Spring FrameworkServlet 'dispatcher'
04-Apr-2026 09:16:46.135 INFO [main] org.apache.catalina.core.ApplicationContext.log Closing Spring root WebApplicationContext
04-Apr-2026 09:16:50.222 INFO [main] org.apache.catalina.core.ApplicationContext.log No Spring WebApplicationInitializer types detected on classpath
04-Apr-2026 09:16:50.298 INFO [main] org.apache.catalina.core.ApplicationContext.log Initializing Spring root WebApplicationContext
04-Apr-2026 09:16:52.933 INFO [main] org.apache.catalina.core.ApplicationContext.log Initializing Spring FrameworkServlet 'dispatcher'
04-Apr-2026 09:16:53.871 INFO [main] org.apache.catalina.core.ApplicationContext.log ContextListener: contextInitialized()
04-Apr-2026 09:16:53.871 INFO [main] org.apache.catalina.core.ApplicationContext.log SessionListener: contextInitialized()
04-Apr-2026 09:16:53.873 INFO [main] org.apache.catalina.core.ApplicationContext.log ContextListener: attributeAdded('StockTicker', 'async.Stockticker@5d72da0b')
04-Apr-2026 09:16:54.232 INFO [main] org.apache.catalina.core.ApplicationContext.log SessionListener: contextDestroyed()
04-Apr-2026 09:16:54.232 INFO [main] org.apache.catalina.core.ApplicationContext.log ContextListener: contextDestroyed()
04-Apr-2026 09:16:54.237 INFO [main] org.apache.catalina.core.ApplicationContext.log Destroying Spring FrameworkServlet 'dispatcher'
04-Apr-2026 09:16:54.244 INFO [main] org.apache.catalina.core.ApplicationContext.log Closing Spring root WebApplicationContext
04-Apr-2026 09:16:58.571 INFO [main] org.apache.catalina.core.ApplicationContext.log No Spring WebApplicationInitializer types detected on classpath
04-Apr-2026 09:16:58.666 INFO [main] org.apache.catalina.core.ApplicationContext.log Initializing Spring root WebApplicationContext
04-Apr-2026 09:17:01.383 INFO [main] org.apache.catalina.core.ApplicationContext.log Initializing Spring FrameworkServlet 'dispatcher'
04-Apr-2026 09:17:02.317 INFO [main] org.apache.catalina.core.ApplicationContext.log ContextListener: contextInitialized()
04-Apr-2026 09:17:02.317 INFO [main] org.apache.catalina.core.ApplicationContext.log SessionListener: contextInitialized()
04-Apr-2026 09:17:02.319 INFO [main] org.apache.catalina.core.ApplicationContext.log ContextListener: attributeAdded('StockTicker', 'async.Stockticker@5d72da0b')
04-Apr-2026 09:17:02.613 INFO [main] org.apache.catalina.core.ApplicationContext.log SessionListener: contextDestroyed()
04-Apr-2026 09:17:02.613 INFO [main] org.apache.catalina.core.ApplicationContext.log ContextListener: contextDestroyed()
04-Apr-2026 09:17:02.615 INFO [main] org.apache.catalina.core.ApplicationContext.log Destroying Spring FrameworkServlet 'dispatcher'
04-Apr-2026 09:17:02.663 INFO [main] org.apache.catalina.core.ApplicationContext.log Closing Spring root WebApplicationContext
04-Apr-2026 09:17:06.886 INFO [main] org.apache.catalina.core.ApplicationContext.log No Spring WebApplicationInitializer types detected on classpath
04-Apr-2026 09:17:06.970 INFO [main] org.apache.catalina.core.ApplicationContext.log Initializing Spring root WebApplicationContext
04-Apr-2026 09:17:09.666 INFO [main] org.apache.catalina.core.ApplicationContext.log Initializing Spring FrameworkServlet 'dispatcher'
04-Apr-2026 09:17:10.557 INFO [main] org.apache.catalina.core.ApplicationContext.log ContextListener: contextInitialized()
04-Apr-2026 09:17:10.557 INFO [main] org.apache.catalina.core.ApplicationContext.log SessionListener: contextInitialized()
04-Apr-2026 09:17:10.559 INFO [main] org.apache.catalina.core.ApplicationContext.log ContextListener: attributeAdded('StockTicker', 'async.Stockticker@5d72da0b')
04-Apr-2026 09:17:10.862 INFO [main] org.apache.catalina.core.ApplicationContext.log SessionListener: contextDestroyed()
04-Apr-2026 09:17:10.862 INFO [main] org.apache.catalina.core.ApplicationContext.log ContextListener: contextDestroyed()
04-Apr-2026 09:17:10.866 INFO [main] org.apache.catalina.core.ApplicationContext.log Destroying Spring FrameworkServlet 'dispatcher'
04-Apr-2026 09:17:10.955 INFO [main] org.apache.catalina.core.ApplicationContext.log Closing Spring root WebApplicationContext
04-Apr-2026 09:17:15.193 INFO [main] org.apache.catalina.core.ApplicationContext.log No Spring WebApplicationInitializer types detected on classpath
04-Apr-2026 09:17:15.309 INFO [main] org.apache.catalina.core.ApplicationContext.log Initializing Spring root WebApplicationContext
04-Apr-2026 09:17:18.365 INFO [main] org.apache.catalina.core.ApplicationContext.log Initializing Spring FrameworkServlet 'dispatcher'
04-Apr-2026 09:17:19.490 INFO [main] org.apache.catalina.core.ApplicationContext.log ContextListener: contextInitialized()
04-Apr-2026 09:17:19.490 INFO [main] org.apache.catalina.core.ApplicationContext.log SessionListener: contextInitialized()
04-Apr-2026 09:17:19.491 INFO [main] org.apache.catalina.core.ApplicationContext.log ContextListener: attributeAdded('StockTicker', 'async.Stockticker@5d72da0b')
04-Apr-2026 09:17:19.629 INFO [main] org.apache.catalina.core.ApplicationContext.log SessionListener: contextDestroyed()
04-Apr-2026 09:17:19.629 INFO [main] org.apache.catalina.core.ApplicationContext.log ContextListener: contextDestroyed()
04-Apr-2026 09:17:19.633 INFO [main] org.apache.catalina.core.ApplicationContext.log Destroying Spring FrameworkServlet 'dispatcher'
04-Apr-2026 09:17:19.797 INFO [main] org.apache.catalina.core.ApplicationContext.log Closing Spring root WebApplicationContext
04-Apr-2026 09:17:23.485 INFO [main] org.apache.catalina.core.ApplicationContext.log No Spring WebApplicationInitializer types detected on classpath
04-Apr-2026 09:17:23.569 INFO [main] org.apache.catalina.core.ApplicationContext.log Initializing Spring root WebApplicationContext
04-Apr-2026 09:17:26.322 INFO [main] org.apache.catalina.core.ApplicationContext.log Initializing Spring FrameworkServlet 'dispatcher'
04-Apr-2026 09:17:27.392 INFO [main] org.apache.catalina.core.ApplicationContext.log ContextListener: contextInitialized()
04-Apr-2026 09:17:27.392 INFO [main] org.apache.catalina.core.ApplicationContext.log SessionListener: contextInitialized()
04-Apr-2026 09:17:27.394 INFO [main] org.apache.catalina.core.ApplicationContext.log ContextListener: attributeAdded('StockTicker', 'async.Stockticker@5d72da0b')
04-Apr-2026 09:17:27.697 INFO [main] org.apache.catalina.core.ApplicationContext.log SessionListener: contextDestroyed()
04-Apr-2026 09:17:27.697 INFO [main] org.apache.catalina.core.ApplicationContext.log ContextListener: contextDestroyed()
04-Apr-2026 09:17:27.699 INFO [main] org.apache.catalina.core.ApplicationContext.log Destroying Spring FrameworkServlet 'dispatcher'
04-Apr-2026 09:17:27.745 INFO [main] org.apache.catalina.core.ApplicationContext.log Closing Spring root WebApplicationContext
04-Apr-2026 09:17:32.236 INFO [main] org.apache.catalina.core.ApplicationContext.log No Spring WebApplicationInitializer types detected on classpath
04-Apr-2026 09:17:32.330 INFO [main] org.apache.catalina.core.ApplicationContext.log Initializing Spring root WebApplicationContext
04-Apr-2026 09:17:35.124 INFO [main] org.apache.catalina.core.ApplicationContext.log Initializing Spring FrameworkServlet 'dispatcher'
04-Apr-2026 09:17:36.058 INFO [main] org.apache.catalina.core.ApplicationContext.log ContextListener: contextInitialized()
04-Apr-2026 09:17:36.058 INFO [main] org.apache.catalina.core.ApplicationContext.log SessionListener: contextInitialized()
04-Apr-2026 09:17:36.058 INFO [main] org.apache.catalina.core.ApplicationContext.log ContextListener: attributeAdded('StockTicker', 'async.Stockticker@5d72da0b')
04-Apr-2026 09:17:36.325 INFO [main] org.apache.catalina.core.ApplicationContext.log SessionListener: contextDestroyed()
04-Apr-2026 09:17:36.325 INFO [main] org.apache.catalina.core.ApplicationContext.log ContextListener: contextDestroyed()
04-Apr-2026 09:17:36.327 INFO [main] org.apache.catalina.core.ApplicationContext.log Destroying Spring FrameworkServlet 'dispatcher'
04-Apr-2026 09:17:36.409 INFO [main] org.apache.catalina.core.ApplicationContext.log Closing Spring root WebApplicationContext
04-Apr-2026 09:17:40.939 INFO [main] org.apache.catalina.core.ApplicationContext.log No Spring WebApplicationInitializer types detected on classpath
04-Apr-2026 09:17:41.027 INFO [main] org.apache.catalina.core.ApplicationContext.log Initializing Spring root WebApplicationContext
04-Apr-2026 09:17:43.817 INFO [main] org.apache.catalina.core.ApplicationContext.log Initializing Spring FrameworkServlet 'dispatcher'
04-Apr-2026 09:17:44.798 INFO [main] org.apache.catalina.core.ApplicationContext.log ContextListener: contextInitialized()
04-Apr-2026 09:17:44.798 INFO [main] org.apache.catalina.core.ApplicationContext.log SessionListener: contextInitialized()
04-Apr-2026 09:17:44.800 INFO [main] org.apache.catalina.core.ApplicationContext.log ContextListener: attributeAdded('StockTicker', 'async.Stockticker@5d72da0b')
04-Apr-2026 09:17:45.173 INFO [main] org.apache.catalina.core.ApplicationContext.log SessionListener: contextDestroyed()
04-Apr-2026 09:17:45.173 INFO [main] org.apache.catalina.core.ApplicationContext.log ContextListener: contextDestroyed()
04-Apr-2026 09:17:45.175 INFO [main] org.apache.catalina.core.ApplicationContext.log Destroying Spring FrameworkServlet 'dispatcher'
04-Apr-2026 09:17:45.280 INFO [main] org.apache.catalina.core.ApplicationContext.log Closing Spring root WebApplicationContext
04-Apr-2026 09:17:48.758 INFO [main] org.apache.catalina.core.ApplicationContext.log No Spring WebApplicationInitializer types detected on classpath
04-Apr-2026 09:17:48.843 INFO [main] org.apache.catalina.core.ApplicationContext.log Initializing Spring root WebApplicationContext
04-Apr-2026 09:17:51.496 INFO [main] org.apache.catalina.core.ApplicationContext.log Initializing Spring FrameworkServlet 'dispatcher'
04-Apr-2026 09:17:52.466 INFO [main] org.apache.catalina.core.ApplicationContext.log ContextListener: contextInitialized()
04-Apr-2026 09:17:52.466 INFO [main] org.apache.catalina.core.ApplicationContext.log SessionListener: contextInitialized()
04-Apr-2026 09:17:52.468 INFO [main] org.apache.catalina.core.ApplicationContext.log ContextListener: attributeAdded('StockTicker', 'async.Stockticker@5d72da0b')
04-Apr-2026 09:17:52.758 INFO [main] org.apache.catalina.core.ApplicationContext.log SessionListener: contextDestroyed()
04-Apr-2026 09:17:52.758 INFO [main] org.apache.catalina.core.ApplicationContext.log ContextListener: contextDestroyed()
04-Apr-2026 09:17:52.762 INFO [main] org.apache.catalina.core.ApplicationContext.log Destroying Spring FrameworkServlet 'dispatcher'
04-Apr-2026 09:17:52.886 INFO [main] org.apache.catalina.core.ApplicationContext.log Closing Spring root WebApplicationContext
04-Apr-2026 09:17:56.970 INFO [main] org.apache.catalina.core.ApplicationContext.log No Spring WebApplicationInitializer types detected on classpath
04-Apr-2026 09:17:57.057 INFO [main] org.apache.catalina.core.ApplicationContext.log Initializing Spring root WebApplicationContext
04-Apr-2026 09:17:59.692 INFO [main] org.apache.catalina.core.ApplicationContext.log Initializing Spring FrameworkServlet 'dispatcher'
04-Apr-2026 09:18:00.620 INFO [main] org.apache.catalina.core.ApplicationContext.log ContextListener: contextInitialized()
04-Apr-2026 09:18:00.620 INFO [main] org.apache.catalina.core.ApplicationContext.log SessionListener: contextInitialized()
04-Apr-2026 09:18:00.622 INFO [main] org.apache.catalina.core.ApplicationContext.log ContextListener: attributeAdded('StockTicker', 'async.Stockticker@5d72da0b')
04-Apr-2026 09:18:00.916 INFO [main] org.apache.catalina.core.ApplicationContext.log SessionListener: contextDestroyed()
04-Apr-2026 09:18:00.916 INFO [main] org.apache.catalina.core.ApplicationContext.log ContextListener: contextDestroyed()
04-Apr-2026 09:18:00.920 INFO [main] org.apache.catalina.core.ApplicationContext.log Destroying Spring FrameworkServlet 'dispatcher'
04-Apr-2026 09:18:01.032 INFO [main] org.apache.catalina.core.ApplicationContext.log Closing Spring root WebApplicationContext
04-Apr-2026 09:18:05.275 INFO [main] org.apache.catalina.core.ApplicationContext.log No Spring WebApplicationInitializer types detected on classpath
04-Apr-2026 09:18:05.366 INFO [main] org.apache.catalina.core.ApplicationContext.log Initializing Spring root WebApplicationContext
04-Apr-2026 09:18:08.034 INFO [main] org.apache.catalina.core.ApplicationContext.log Initializing Spring FrameworkServlet 'dispatcher'
04-Apr-2026 09:18:08.911 INFO [main] org.apache.catalina.core.ApplicationContext.log ContextListener: contextInitialized()
04-Apr-2026 09:18:08.911 INFO [main] org.apache.catalina.core.ApplicationContext.log SessionListener: contextInitialized()
04-Apr-2026 09:18:08.913 INFO [main] org.apache.catalina.core.ApplicationContext.log ContextListener: attributeAdded('StockTicker', 'async.Stockticker@5d72da0b')
04-Apr-2026 09:18:09.184 INFO [main] org.apache.catalina.core.ApplicationContext.log SessionListener: contextDestroyed()
04-Apr-2026 09:18:09.184 INFO [main] org.apache.catalina.core.ApplicationContext.log ContextListener: contextDestroyed()
04-Apr-2026 09:18:09.186 INFO [main] org.apache.catalina.core.ApplicationContext.log Destroying Spring FrameworkServlet 'dispatcher'
04-Apr-2026 09:18:09.210 INFO [main] org.apache.catalina.core.ApplicationContext.log Closing Spring root WebApplicationContext
04-Apr-2026 09:18:13.655 INFO [main] org.apache.catalina.core.ApplicationContext.log No Spring WebApplicationInitializer types detected on classpath
04-Apr-2026 09:18:13.738 INFO [main] org.apache.catalina.core.ApplicationContext.log Initializing Spring root WebApplicationContext
04-Apr-2026 09:18:16.371 INFO [main] org.apache.catalina.core.ApplicationContext.log Initializing Spring FrameworkServlet 'dispatcher'
04-Apr-2026 09:18:17.316 INFO [main] org.apache.catalina.core.ApplicationContext.log ContextListener: contextInitialized()
04-Apr-2026 09:18:17.318 INFO [main] org.apache.catalina.core.ApplicationContext.log SessionListener: contextInitialized()
04-Apr-2026 09:18:17.318 INFO [main] org.apache.catalina.core.ApplicationContext.log ContextListener: attributeAdded('StockTicker', 'async.Stockticker@5d72da0b')
04-Apr-2026 09:18:17.625 INFO [main] org.apache.catalina.core.ApplicationContext.log SessionListener: contextDestroyed()
04-Apr-2026 09:18:17.625 INFO [main] org.apache.catalina.core.ApplicationContext.log ContextListener: contextDestroyed()
04-Apr-2026 09:18:17.628 INFO [main] org.apache.catalina.core.ApplicationContext.log Destroying Spring FrameworkServlet 'dispatcher'
04-Apr-2026 09:18:18.052 INFO [main] org.apache.catalina.core.ApplicationContext.log Closing Spring root WebApplicationContext
04-Apr-2026 09:18:22.241 INFO [main] org.apache.catalina.core.ApplicationContext.log No Spring WebApplicationInitializer types detected on classpath
04-Apr-2026 09:18:22.318 INFO [main] org.apache.catalina.core.ApplicationContext.log Initializing Spring root WebApplicationContext
04-Apr-2026 09:18:25.362 INFO [main] org.apache.catalina.core.ApplicationContext.log Initializing Spring FrameworkServlet 'dispatcher'
04-Apr-2026 09:18:26.283 INFO [main] org.apache.catalina.core.ApplicationContext.log ContextListener: contextInitialized()
04-Apr-2026 09:18:26.283 INFO [main] org.apache.catalina.core.ApplicationContext.log SessionListener: contextInitialized()
04-Apr-2026 09:18:26.285 INFO [main] org.apache.catalina.core.ApplicationContext.log ContextListener: attributeAdded('StockTicker', 'async.Stockticker@5d72da0b')
04-Apr-2026 09:18:26.563 INFO [main] org.apache.catalina.core.ApplicationContext.log SessionListener: contextDestroyed()
04-Apr-2026 09:18:26.563 INFO [main] org.apache.catalina.core.ApplicationContext.log ContextListener: contextDestroyed()
04-Apr-2026 09:18:26.567 INFO [main] org.apache.catalina.core.ApplicationContext.log Destroying Spring FrameworkServlet 'dispatcher'
04-Apr-2026 09:18:26.632 INFO [main] org.apache.catalina.core.ApplicationContext.log Closing Spring root WebApplicationContext
04-Apr-2026 09:18:30.278 INFO [main] org.apache.catalina.core.ApplicationContext.log No Spring WebApplicationInitializer types detected on classpath
04-Apr-2026 09:18:30.364 INFO [main] org.apache.catalina.core.ApplicationContext.log Initializing Spring root WebApplicationContext
04-Apr-2026 09:18:33.029 INFO [main] org.apache.catalina.core.ApplicationContext.log Initializing Spring FrameworkServlet 'dispatcher'
04-Apr-2026 09:18:34.043 INFO [main] org.apache.catalina.core.ApplicationContext.log ContextListener: contextInitialized()
04-Apr-2026 09:18:34.043 INFO [main] org.apache.catalina.core.ApplicationContext.log SessionListener: contextInitialized()
04-Apr-2026 09:18:34.045 INFO [main] org.apache.catalina.core.ApplicationContext.log ContextListener: attributeAdded('StockTicker', 'async.Stockticker@5d72da0b')
04-Apr-2026 09:18:34.395 INFO [main] org.apache.catalina.core.ApplicationContext.log SessionListener: contextDestroyed()
04-Apr-2026 09:18:34.395 INFO [main] org.apache.catalina.core.ApplicationContext.log ContextListener: contextDestroyed()
04-Apr-2026 09:18:34.399 INFO [main] org.apache.catalina.core.ApplicationContext.log Destroying Spring FrameworkServlet 'dispatcher'
04-Apr-2026 09:18:34.535 INFO [main] org.apache.catalina.core.ApplicationContext.log Closing Spring root WebApplicationContext
04-Apr-2026 09:18:38.595 INFO [main] org.apache.catalina.core.ApplicationContext.log No Spring WebApplicationInitializer types detected on classpath
04-Apr-2026 09:18:38.673 INFO [main] org.apache.catalina.core.ApplicationContext.log Initializing Spring root WebApplicationContext
04-Apr-2026 09:18:41.318 INFO [main] org.apache.catalina.core.ApplicationContext.log Initializing Spring FrameworkServlet 'dispatcher'
04-Apr-2026 09:18:42.191 INFO [main] org.apache.catalina.core.ApplicationContext.log ContextListener: contextInitialized()
04-Apr-2026 09:18:42.191 INFO [main] org.apache.catalina.core.ApplicationContext.log SessionListener: contextInitialized()
04-Apr-2026 09:18:42.193 INFO [main] org.apache.catalina.core.ApplicationContext.log ContextListener: attributeAdded('StockTicker', 'async.Stockticker@5d72da0b')
04-Apr-2026 09:18:42.482 INFO [main] org.apache.catalina.core.ApplicationContext.log SessionListener: contextDestroyed()
04-Apr-2026 09:18:42.482 INFO [main] org.apache.catalina.core.ApplicationContext.log ContextListener: contextDestroyed()
04-Apr-2026 09:18:42.486 INFO [main] org.apache.catalina.core.ApplicationContext.log Destroying Spring FrameworkServlet 'dispatcher'
04-Apr-2026 09:18:42.544 INFO [main] org.apache.catalina.core.ApplicationContext.log Closing Spring root WebApplicationContext
04-Apr-2026 09:18:46.927 INFO [main] org.apache.catalina.core.ApplicationContext.log No Spring WebApplicationInitializer types detected on classpath
04-Apr-2026 09:18:47.012 INFO [main] org.apache.catalina.core.ApplicationContext.log Initializing Spring root WebApplicationContext
04-Apr-2026 09:18:49.738 INFO [main] org.apache.catalina.core.ApplicationContext.log Initializing Spring FrameworkServlet 'dispatcher'
04-Apr-2026 09:18:50.735 INFO [main] org.apache.catalina.core.ApplicationContext.log ContextListener: contextInitialized()
04-Apr-2026 09:18:50.735 INFO [main] org.apache.catalina.core.ApplicationContext.log SessionListener: contextInitialized()
04-Apr-2026 09:18:50.737 INFO [main] org.apache.catalina.core.ApplicationContext.log ContextListener: attributeAdded('StockTicker', 'async.Stockticker@5d72da0b')
04-Apr-2026 09:18:51.049 INFO [main] org.apache.catalina.core.ApplicationContext.log SessionListener: contextDestroyed()
04-Apr-2026 09:18:51.049 INFO [main] org.apache.catalina.core.ApplicationContext.log ContextListener: contextDestroyed()
04-Apr-2026 09:18:51.053 INFO [main] org.apache.catalina.core.ApplicationContext.log Destroying Spring FrameworkServlet 'dispatcher'
04-Apr-2026 09:18:51.238 INFO [main] org.apache.catalina.core.ApplicationContext.log Closing Spring root WebApplicationContext
04-Apr-2026 09:18:55.240 INFO [main] org.apache.catalina.core.ApplicationContext.log No Spring WebApplicationInitializer types detected on classpath
04-Apr-2026 09:18:55.331 INFO [main] org.apache.catalina.core.ApplicationContext.log Initializing Spring root WebApplicationContext
04-Apr-2026 09:18:57.966 INFO [main] org.apache.catalina.core.ApplicationContext.log Initializing Spring FrameworkServlet 'dispatcher'
04-Apr-2026 09:18:58.897 INFO [main] org.apache.catalina.core.ApplicationContext.log ContextListener: contextInitialized()
04-Apr-2026 09:18:58.897 INFO [main] org.apache.catalina.core.ApplicationContext.log SessionListener: contextInitialized()
04-Apr-2026 09:18:58.899 INFO [main] org.apache.catalina.core.ApplicationContext.log ContextListener: attributeAdded('StockTicker', 'async.Stockticker@5d72da0b')
04-Apr-2026 09:18:59.181 INFO [main] org.apache.catalina.core.ApplicationContext.log SessionListener: contextDestroyed()
04-Apr-2026 09:18:59.181 INFO [main] org.apache.catalina.core.ApplicationContext.log ContextListener: contextDestroyed()
04-Apr-2026 09:18:59.185 INFO [main] org.apache.catalina.core.ApplicationContext.log Destroying Spring FrameworkServlet 'dispatcher'
04-Apr-2026 09:18:59.372 INFO [main] org.apache.catalina.core.ApplicationContext.log Closing Spring root WebApplicationContext
04-Apr-2026 09:19:03.590 INFO [main] org.apache.catalina.core.ApplicationContext.log No Spring WebApplicationInitializer types detected on classpath
04-Apr-2026 09:19:03.675 INFO [main] org.apache.catalina.core.ApplicationContext.log Initializing Spring root WebApplicationContext
04-Apr-2026 09:19:06.376 INFO [main] org.apache.catalina.core.ApplicationContext.log Initializing Spring FrameworkServlet 'dispatcher'
04-Apr-2026 09:19:07.369 INFO [main] org.apache.catalina.core.ApplicationContext.log ContextListener: contextInitialized()
04-Apr-2026 09:19:07.369 INFO [main] org.apache.catalina.core.ApplicationContext.log SessionListener: contextInitialized()
04-Apr-2026 09:19:07.371 INFO [main] org.apache.catalina.core.ApplicationContext.log ContextListener: attributeAdded('StockTicker', 'async.Stockticker@5d72da0b')
04-Apr-2026 09:19:07.657 INFO [main] org.apache.catalina.core.ApplicationContext.log SessionListener: contextDestroyed()
04-Apr-2026 09:19:07.657 INFO [main] org.apache.catalina.core.ApplicationContext.log ContextListener: contextDestroyed()
04-Apr-2026 09:19:07.661 INFO [main] org.apache.catalina.core.ApplicationContext.log Destroying Spring FrameworkServlet 'dispatcher'
04-Apr-2026 09:19:07.823 INFO [main] org.apache.catalina.core.ApplicationContext.log Closing Spring root WebApplicationContext
04-Apr-2026 09:19:11.895 INFO [main] org.apache.catalina.core.ApplicationContext.log No Spring WebApplicationInitializer types detected on classpath
04-Apr-2026 09:19:11.986 INFO [main] org.apache.catalina.core.ApplicationContext.log Initializing Spring root WebApplicationContext
04-Apr-2026 09:19:14.644 INFO [main] org.apache.catalina.core.ApplicationContext.log Initializing Spring FrameworkServlet 'dispatcher'
04-Apr-2026 09:19:15.550 INFO [main] org.apache.catalina.core.ApplicationContext.log ContextListener: contextInitialized()
04-Apr-2026 09:19:15.550 INFO [main] org.apache.catalina.core.ApplicationContext.log SessionListener: contextInitialized()
04-Apr-2026 09:19:15.552 INFO [main] org.apache.catalina.core.ApplicationContext.log ContextListener: attributeAdded('StockTicker', 'async.Stockticker@5d72da0b')
04-Apr-2026 09:19:15.822 INFO [main] org.apache.catalina.core.ApplicationContext.log SessionListener: contextDestroyed()
04-Apr-2026 09:19:15.822 INFO [main] org.apache.catalina.core.ApplicationContext.log ContextListener: contextDestroyed()
04-Apr-2026 09:19:15.824 INFO [main] org.apache.catalina.core.ApplicationContext.log Destroying Spring FrameworkServlet 'dispatcher'
04-Apr-2026 09:19:15.849 INFO [main] org.apache.catalina.core.ApplicationContext.log Closing Spring root WebApplicationContext
04-Apr-2026 09:19:20.182 INFO [main] org.apache.catalina.core.ApplicationContext.log No Spring WebApplicationInitializer types detected on classpath
04-Apr-2026 09:19:20.267 INFO [main] org.apache.catalina.core.ApplicationContext.log Initializing Spring root WebApplicationContext
04-Apr-2026 09:19:22.925 INFO [main] org.apache.catalina.core.ApplicationContext.log Initializing Spring FrameworkServlet 'dispatcher'
04-Apr-2026 09:19:23.914 INFO [main] org.apache.catalina.core.ApplicationContext.log ContextListener: contextInitialized()
04-Apr-2026 09:19:23.914 INFO [main] org.apache.catalina.core.ApplicationContext.log SessionListener: contextInitialized()
04-Apr-2026 09:19:23.916 INFO [main] org.apache.catalina.core.ApplicationContext.log ContextListener: attributeAdded('StockTicker', 'async.Stockticker@5d72da0b')
04-Apr-2026 09:19:24.054 INFO [main] org.apache.catalina.core.ApplicationContext.log SessionListener: contextDestroyed()
04-Apr-2026 09:19:24.054 INFO [main] org.apache.catalina.core.ApplicationContext.log ContextListener: contextDestroyed()
04-Apr-2026 09:19:24.058 INFO [main] org.apache.catalina.core.ApplicationContext.log Destroying Spring FrameworkServlet 'dispatcher'
04-Apr-2026 09:19:24.396 INFO [main] org.apache.catalina.core.ApplicationContext.log Closing Spring root WebApplicationContext
04-Apr-2026 09:19:28.844 INFO [main] org.apache.catalina.core.ApplicationContext.log No Spring WebApplicationInitializer types detected on classpath
04-Apr-2026 09:19:28.943 INFO [main] org.apache.catalina.core.ApplicationContext.log Initializing Spring root WebApplicationContext
04-Apr-2026 09:19:31.879 INFO [main] org.apache.catalina.core.ApplicationContext.log Initializing Spring FrameworkServlet 'dispatcher'
04-Apr-2026 09:19:32.797 INFO [main] org.apache.catalina.core.ApplicationContext.log ContextListener: contextInitialized()
04-Apr-2026 09:19:32.797 INFO [main] org.apache.catalina.core.ApplicationContext.log SessionListener: contextInitialized()
04-Apr-2026 09:19:32.799 INFO [main] org.apache.catalina.core.ApplicationContext.log ContextListener: attributeAdded('StockTicker', 'async.Stockticker@5d72da0b')
04-Apr-2026 09:19:33.062 INFO [main] org.apache.catalina.core.ApplicationContext.log SessionListener: contextDestroyed()
04-Apr-2026 09:19:33.062 INFO [main] org.apache.catalina.core.ApplicationContext.log ContextListener: contextDestroyed()
04-Apr-2026 09:19:33.067 INFO [main] org.apache.catalina.core.ApplicationContext.log Destroying Spring FrameworkServlet 'dispatcher'
04-Apr-2026 09:19:33.126 INFO [main] org.apache.catalina.core.ApplicationContext.log Closing Spring root WebApplicationContext
04-Apr-2026 09:19:36.813 INFO [main] org.apache.catalina.core.ApplicationContext.log No Spring WebApplicationInitializer types detected on classpath
04-Apr-2026 09:19:36.896 INFO [main] org.apache.catalina.core.ApplicationContext.log Initializing Spring root WebApplicationContext
04-Apr-2026 09:19:39.547 INFO [main] org.apache.catalina.core.ApplicationContext.log Initializing Spring FrameworkServlet 'dispatcher'
04-Apr-2026 09:19:40.574 INFO [main] org.apache.catalina.core.ApplicationContext.log ContextListener: contextInitialized()
04-Apr-2026 09:19:40.574 INFO [main] org.apache.catalina.core.ApplicationContext.log SessionListener: contextInitialized()
04-Apr-2026 09:19:40.576 INFO [main] org.apache.catalina.core.ApplicationContext.log ContextListener: attributeAdded('StockTicker', 'async.Stockticker@5d72da0b')
04-Apr-2026 09:19:40.895 INFO [main] org.apache.catalina.core.ApplicationContext.log SessionListener: contextDestroyed()
04-Apr-2026 09:19:40.897 INFO [main] org.apache.catalina.core.ApplicationContext.log ContextListener: contextDestroyed()
04-Apr-2026 09:19:40.899 INFO [main] org.apache.catalina.core.ApplicationContext.log Destroying Spring FrameworkServlet 'dispatcher'
04-Apr-2026 09:19:41.061 INFO [main] org.apache.catalina.core.ApplicationContext.log Closing Spring root WebApplicationContext
04-Apr-2026 09:19:45.179 INFO [main] org.apache.catalina.core.ApplicationContext.log No Spring WebApplicationInitializer types detected on classpath
04-Apr-2026 09:19:45.254 INFO [main] org.apache.catalina.core.ApplicationContext.log Initializing Spring root WebApplicationContext
04-Apr-2026 09:19:47.895 INFO [main] org.apache.catalina.core.ApplicationContext.log Initializing Spring FrameworkServlet 'dispatcher'
04-Apr-2026 09:19:48.810 INFO [main] org.apache.catalina.core.ApplicationContext.log ContextListener: contextInitialized()
04-Apr-2026 09:19:48.810 INFO [main] org.apache.catalina.core.ApplicationContext.log SessionListener: contextInitialized()
04-Apr-2026 09:19:48.812 INFO [main] org.apache.catalina.core.ApplicationContext.log ContextListener: attributeAdded('StockTicker', 'async.Stockticker@5d72da0b')
04-Apr-2026 09:19:49.080 INFO [main] org.apache.catalina.core.ApplicationContext.log SessionListener: contextDestroyed()
04-Apr-2026 09:19:49.080 INFO [main] org.apache.catalina.core.ApplicationContext.log ContextListener: contextDestroyed()
04-Apr-2026 09:19:49.084 INFO [main] org.apache.catalina.core.ApplicationContext.log Destroying Spring FrameworkServlet 'dispatcher'
04-Apr-2026 09:19:49.460 INFO [main] org.apache.catalina.core.ApplicationContext.log Closing Spring root WebApplicationContext
04-Apr-2026 09:19:53.531 INFO [main] org.apache.catalina.core.ApplicationContext.log No Spring WebApplicationInitializer types detected on classpath
04-Apr-2026 09:19:53.616 INFO [main] org.apache.catalina.core.ApplicationContext.log Initializing Spring root WebApplicationContext
04-Apr-2026 09:19:56.292 INFO [main] org.apache.catalina.core.ApplicationContext.log Initializing Spring FrameworkServlet 'dispatcher'
04-Apr-2026 09:19:57.183 INFO [main] org.apache.catalina.core.ApplicationContext.log ContextListener: contextInitialized()
04-Apr-2026 09:19:57.183 INFO [main] org.apache.catalina.core.ApplicationContext.log SessionListener: contextInitialized()
04-Apr-2026 09:19:57.183 INFO [main] org.apache.catalina.core.ApplicationContext.log ContextListener: attributeAdded('StockTicker', 'async.Stockticker@5d72da0b')
04-Apr-2026 09:19:57.479 INFO [main] org.apache.catalina.core.ApplicationContext.log SessionListener: contextDestroyed()
04-Apr-2026 09:19:57.479 INFO [main] org.apache.catalina.core.ApplicationContext.log ContextListener: contextDestroyed()
04-Apr-2026 09:19:57.481 INFO [main] org.apache.catalina.core.ApplicationContext.log Destroying Spring FrameworkServlet 'dispatcher'
04-Apr-2026 09:19:57.548 INFO [main] org.apache.catalina.core.ApplicationContext.log Closing Spring root WebApplicationContext
04-Apr-2026 09:20:01.824 INFO [main] org.apache.catalina.core.ApplicationContext.log No Spring WebApplicationInitializer types detected on classpath
04-Apr-2026 09:20:01.911 INFO [main] org.apache.catalina.core.ApplicationContext.log Initializing Spring root WebApplicationContext
04-Apr-2026 09:20:04.564 INFO [main] org.apache.catalina.core.ApplicationContext.log Initializing Spring FrameworkServlet 'dispatcher'
04-Apr-2026 09:20:05.603 INFO [main] org.apache.catalina.core.ApplicationContext.log ContextListener: contextInitialized()
04-Apr-2026 09:20:05.603 INFO [main] org.apache.catalina.core.ApplicationContext.log SessionListener: contextInitialized()
04-Apr-2026 09:20:05.605 INFO [main] org.apache.catalina.core.ApplicationContext.log ContextListener: attributeAdded('StockTicker', 'async.Stockticker@5d72da0b')
04-Apr-2026 09:20:05.958 INFO [main] org.apache.catalina.core.ApplicationContext.log SessionListener: contextDestroyed()
04-Apr-2026 09:20:05.958 INFO [main] org.apache.catalina.core.ApplicationContext.log ContextListener: contextDestroyed()
04-Apr-2026 09:20:05.960 INFO [main] org.apache.catalina.core.ApplicationContext.log Destroying Spring FrameworkServlet 'dispatcher'
04-Apr-2026 09:20:06.173 INFO [main] org.apache.catalina.core.ApplicationContext.log Closing Spring root WebApplicationContext
04-Apr-2026 09:20:10.095 INFO [main] org.apache.catalina.core.ApplicationContext.log No Spring WebApplicationInitializer types detected on classpath
04-Apr-2026 09:20:10.180 INFO [main] org.apache.catalina.core.ApplicationContext.log Initializing Spring root WebApplicationContext
04-Apr-2026 09:20:12.874 INFO [main] org.apache.catalina.core.ApplicationContext.log Initializing Spring FrameworkServlet 'dispatcher'
04-Apr-2026 09:20:13.733 INFO [main] org.apache.catalina.core.ApplicationContext.log ContextListener: contextInitialized()
04-Apr-2026 09:20:13.733 INFO [main] org.apache.catalina.core.ApplicationContext.log SessionListener: contextInitialized()
04-Apr-2026 09:20:13.735 INFO [main] org.apache.catalina.core.ApplicationContext.log ContextListener: attributeAdded('StockTicker', 'async.Stockticker@5d72da0b')
04-Apr-2026 09:20:14.012 INFO [main] org.apache.catalina.core.ApplicationContext.log SessionListener: contextDestroyed()
04-Apr-2026 09:20:14.012 INFO [main] org.apache.catalina.core.ApplicationContext.log ContextListener: contextDestroyed()
04-Apr-2026 09:20:14.016 INFO [main] org.apache.catalina.core.ApplicationContext.log Destroying Spring FrameworkServlet 'dispatcher'
04-Apr-2026 09:20:14.085 INFO [main] org.apache.catalina.core.ApplicationContext.log Closing Spring root WebApplicationContext
04-Apr-2026 09:20:18.447 INFO [main] org.apache.catalina.core.ApplicationContext.log No Spring WebApplicationInitializer types detected on classpath
04-Apr-2026 09:20:18.528 INFO [main] org.apache.catalina.core.ApplicationContext.log Initializing Spring root WebApplicationContext
04-Apr-2026 09:20:21.182 INFO [main] org.apache.catalina.core.ApplicationContext.log Initializing Spring FrameworkServlet 'dispatcher'
04-Apr-2026 09:20:22.210 INFO [main] org.apache.catalina.core.ApplicationContext.log ContextListener: contextInitialized()
04-Apr-2026 09:20:22.210 INFO [main] org.apache.catalina.core.ApplicationContext.log SessionListener: contextInitialized()
04-Apr-2026 09:20:22.212 INFO [main] org.apache.catalina.core.ApplicationContext.log ContextListener: attributeAdded('StockTicker', 'async.Stockticker@5d72da0b')
04-Apr-2026 09:20:22.569 INFO [main] org.apache.catalina.core.ApplicationContext.log SessionListener: contextDestroyed()
04-Apr-2026 09:20:22.569 INFO [main] org.apache.catalina.core.ApplicationContext.log ContextListener: contextDestroyed()
04-Apr-2026 09:20:22.573 INFO [main] org.apache.catalina.core.ApplicationContext.log Destroying Spring FrameworkServlet 'dispatcher'
04-Apr-2026 09:20:22.794 INFO [main] org.apache.catalina.core.ApplicationContext.log Closing Spring root WebApplicationContext
04-Apr-2026 09:20:26.784 INFO [main] org.apache.catalina.core.ApplicationContext.log No Spring WebApplicationInitializer types detected on classpath
04-Apr-2026 09:20:26.877 INFO [main] org.apache.catalina.core.ApplicationContext.log Initializing Spring root WebApplicationContext
04-Apr-2026 09:20:29.535 INFO [main] org.apache.catalina.core.ApplicationContext.log Initializing Spring FrameworkServlet 'dispatcher'
04-Apr-2026 09:20:30.402 INFO [main] org.apache.catalina.core.ApplicationContext.log ContextListener: contextInitialized()
04-Apr-2026 09:20:30.402 INFO [main] org.apache.catalina.core.ApplicationContext.log SessionListener: contextInitialized()
04-Apr-2026 09:20:30.404 INFO [main] org.apache.catalina.core.ApplicationContext.log ContextListener: attributeAdded('StockTicker', 'async.Stockticker@5d72da0b')
04-Apr-2026 09:20:30.681 INFO [main] org.apache.catalina.core.ApplicationContext.log SessionListener: contextDestroyed()
04-Apr-2026 09:20:30.681 INFO [main] org.apache.catalina.core.ApplicationContext.log ContextListener: contextDestroyed()
04-Apr-2026 09:20:30.685 INFO [main] org.apache.catalina.core.ApplicationContext.log Destroying Spring FrameworkServlet 'dispatcher'
04-Apr-2026 09:20:30.744 INFO [main] org.apache.catalina.core.ApplicationContext.log Closing Spring root WebApplicationContext
04-Apr-2026 09:20:35.573 INFO [main] org.apache.catalina.core.ApplicationContext.log No Spring WebApplicationInitializer types detected on classpath
04-Apr-2026 09:20:35.666 INFO [main] org.apache.catalina.core.ApplicationContext.log Initializing Spring root WebApplicationContext
04-Apr-2026 09:20:38.523 INFO [main] org.apache.catalina.core.ApplicationContext.log Initializing Spring FrameworkServlet 'dispatcher'
04-Apr-2026 09:20:39.403 INFO [main] org.apache.catalina.core.ApplicationContext.log ContextListener: contextInitialized()
04-Apr-2026 09:20:39.403 INFO [main] org.apache.catalina.core.ApplicationContext.log SessionListener: contextInitialized()
04-Apr-2026 09:20:39.405 INFO [main] org.apache.catalina.core.ApplicationContext.log ContextListener: attributeAdded('StockTicker', 'async.Stockticker@5d72da0b')
04-Apr-2026 09:20:39.664 INFO [main] org.apache.catalina.core.ApplicationContext.log SessionListener: contextDestroyed()
04-Apr-2026 09:20:39.664 INFO [main] org.apache.catalina.core.ApplicationContext.log ContextListener: contextDestroyed()
04-Apr-2026 09:20:39.666 INFO [main] org.apache.catalina.core.ApplicationContext.log Destroying Spring FrameworkServlet 'dispatcher'
04-Apr-2026 09:20:39.732 INFO [main] org.apache.catalina.core.ApplicationContext.log Closing Spring root WebApplicationContext
04-Apr-2026 09:20:43.516 INFO [main] org.apache.catalina.core.ApplicationContext.log No Spring WebApplicationInitializer types detected on classpath
04-Apr-2026 09:20:43.597 INFO [main] org.apache.catalina.core.ApplicationContext.log Initializing Spring root WebApplicationContext
04-Apr-2026 09:20:46.213 INFO [main] org.apache.catalina.core.ApplicationContext.log Initializing Spring FrameworkServlet 'dispatcher'
04-Apr-2026 09:20:47.109 INFO [main] org.apache.catalina.core.ApplicationContext.log ContextListener: contextInitialized()
04-Apr-2026 09:20:47.109 INFO [main] org.apache.catalina.core.ApplicationContext.log SessionListener: contextInitialized()
04-Apr-2026 09:20:47.111 INFO [main] org.apache.catalina.core.ApplicationContext.log ContextListener: attributeAdded('StockTicker', 'async.Stockticker@5d72da0b')
04-Apr-2026 09:20:47.414 INFO [main] org.apache.catalina.core.ApplicationContext.log SessionListener: contextDestroyed()
04-Apr-2026 09:20:47.414 INFO [main] org.apache.catalina.core.ApplicationContext.log ContextListener: contextDestroyed()
04-Apr-2026 09:20:47.420 INFO [main] org.apache.catalina.core.ApplicationContext.log Destroying Spring FrameworkServlet 'dispatcher'
04-Apr-2026 09:20:47.871 INFO [main] org.apache.catalina.core.ApplicationContext.log Closing Spring root WebApplicationContext
04-Apr-2026 09:20:51.824 INFO [main] org.apache.catalina.core.ApplicationContext.log No Spring WebApplicationInitializer types detected on classpath
04-Apr-2026 09:20:51.899 INFO [main] org.apache.catalina.core.ApplicationContext.log Initializing Spring root WebApplicationContext
04-Apr-2026 09:20:54.530 INFO [main] org.apache.catalina.core.ApplicationContext.log Initializing Spring FrameworkServlet 'dispatcher'
04-Apr-2026 09:20:55.418 INFO [main] org.apache.catalina.core.ApplicationContext.log ContextListener: contextInitialized()
04-Apr-2026 09:20:55.418 INFO [main] org.apache.catalina.core.ApplicationContext.log SessionListener: contextInitialized()
04-Apr-2026 09:20:55.420 INFO [main] org.apache.catalina.core.ApplicationContext.log ContextListener: attributeAdded('StockTicker', 'async.Stockticker@5d72da0b')
04-Apr-2026 09:20:55.694 INFO [main] org.apache.catalina.core.ApplicationContext.log SessionListener: contextDestroyed()
04-Apr-2026 09:20:55.694 INFO [main] org.apache.catalina.core.ApplicationContext.log ContextListener: contextDestroyed()
04-Apr-2026 09:20:55.698 INFO [main] org.apache.catalina.core.ApplicationContext.log Destroying Spring FrameworkServlet 'dispatcher'
04-Apr-2026 09:20:55.755 INFO [main] org.apache.catalina.core.ApplicationContext.log Closing Spring root WebApplicationContext
04-Apr-2026 09:21:00.137 INFO [main] org.apache.catalina.core.ApplicationContext.log No Spring WebApplicationInitializer types detected on classpath
04-Apr-2026 09:21:00.228 INFO [main] org.apache.catalina.core.ApplicationContext.log Initializing Spring root WebApplicationContext
04-Apr-2026 09:21:02.855 INFO [main] org.apache.catalina.core.ApplicationContext.log Initializing Spring FrameworkServlet 'dispatcher'
04-Apr-2026 09:21:03.858 INFO [main] org.apache.catalina.core.ApplicationContext.log ContextListener: contextInitialized()
04-Apr-2026 09:21:03.858 INFO [main] org.apache.catalina.core.ApplicationContext.log SessionListener: contextInitialized()
04-Apr-2026 09:21:03.860 INFO [main] org.apache.catalina.core.ApplicationContext.log ContextListener: attributeAdded('StockTicker', 'async.Stockticker@5d72da0b')
04-Apr-2026 09:21:04.278 INFO [main] org.apache.catalina.core.ApplicationContext.log SessionListener: contextDestroyed()
04-Apr-2026 09:21:04.278 INFO [main] org.apache.catalina.core.ApplicationContext.log ContextListener: contextDestroyed()
04-Apr-2026 09:21:04.280 INFO [main] org.apache.catalina.core.ApplicationContext.log Destroying Spring FrameworkServlet 'dispatcher'
04-Apr-2026 09:21:04.454 INFO [main] org.apache.catalina.core.ApplicationContext.log Closing Spring root WebApplicationContext
04-Apr-2026 09:21:08.470 INFO [main] org.apache.catalina.core.ApplicationContext.log No Spring WebApplicationInitializer types detected on classpath
04-Apr-2026 09:21:08.562 INFO [main] org.apache.catalina.core.ApplicationContext.log Initializing Spring root WebApplicationContext
04-Apr-2026 09:21:11.200 INFO [main] org.apache.catalina.core.ApplicationContext.log Initializing Spring FrameworkServlet 'dispatcher'
04-Apr-2026 09:21:12.061 INFO [main] org.apache.catalina.core.ApplicationContext.log ContextListener: contextInitialized()
04-Apr-2026 09:21:12.061 INFO [main] org.apache.catalina.core.ApplicationContext.log SessionListener: contextInitialized()
04-Apr-2026 09:21:12.063 INFO [main] org.apache.catalina.core.ApplicationContext.log ContextListener: attributeAdded('StockTicker', 'async.Stockticker@5d72da0b')
04-Apr-2026 09:21:12.334 INFO [main] org.apache.catalina.core.ApplicationContext.log SessionListener: contextDestroyed()
04-Apr-2026 09:21:12.334 INFO [main] org.apache.catalina.core.ApplicationContext.log ContextListener: contextDestroyed()
04-Apr-2026 09:21:12.338 INFO [main] org.apache.catalina.core.ApplicationContext.log Destroying Spring FrameworkServlet 'dispatcher'
04-Apr-2026 09:21:12.399 INFO [main] org.apache.catalina.core.ApplicationContext.log Closing Spring root WebApplicationContext
04-Apr-2026 09:21:16.809 INFO [main] org.apache.catalina.core.ApplicationContext.log No Spring WebApplicationInitializer types detected on classpath
04-Apr-2026 09:21:16.885 INFO [main] org.apache.catalina.core.ApplicationContext.log Initializing Spring root WebApplicationContext
04-Apr-2026 09:21:19.529 INFO [main] org.apache.catalina.core.ApplicationContext.log Initializing Spring FrameworkServlet 'dispatcher'
04-Apr-2026 09:21:20.528 INFO [main] org.apache.catalina.core.ApplicationContext.log ContextListener: contextInitialized()
04-Apr-2026 09:21:20.528 INFO [main] org.apache.catalina.core.ApplicationContext.log SessionListener: contextInitialized()
04-Apr-2026 09:21:20.532 INFO [main] org.apache.catalina.core.ApplicationContext.log ContextListener: attributeAdded('StockTicker', 'async.Stockticker@5d72da0b')
04-Apr-2026 09:21:20.937 INFO [main] org.apache.catalina.core.ApplicationContext.log SessionListener: contextDestroyed()
04-Apr-2026 09:21:20.937 INFO [main] org.apache.catalina.core.ApplicationContext.log ContextListener: contextDestroyed()
04-Apr-2026 09:21:20.941 INFO [main] org.apache.catalina.core.ApplicationContext.log Destroying Spring FrameworkServlet 'dispatcher'
04-Apr-2026 09:21:21.168 INFO [main] org.apache.catalina.core.ApplicationContext.log Closing Spring root WebApplicationContext
04-Apr-2026 09:21:25.157 INFO [main] org.apache.catalina.core.ApplicationContext.log No Spring WebApplicationInitializer types detected on classpath
04-Apr-2026 09:21:25.252 INFO [main] org.apache.catalina.core.ApplicationContext.log Initializing Spring root WebApplicationContext
04-Apr-2026 09:21:27.942 INFO [main] org.apache.catalina.core.ApplicationContext.log Initializing Spring FrameworkServlet 'dispatcher'
04-Apr-2026 09:21:28.864 INFO [main] org.apache.catalina.core.ApplicationContext.log ContextListener: contextInitialized()
04-Apr-2026 09:21:28.864 INFO [main] org.apache.catalina.core.ApplicationContext.log SessionListener: contextInitialized()
04-Apr-2026 09:21:28.866 INFO [main] org.apache.catalina.core.ApplicationContext.log ContextListener: attributeAdded('StockTicker', 'async.Stockticker@5d72da0b')
04-Apr-2026 09:21:29.022 INFO [main] org.apache.catalina.core.ApplicationContext.log SessionListener: contextDestroyed()
04-Apr-2026 09:21:29.022 INFO [main] org.apache.catalina.core.ApplicationContext.log ContextListener: contextDestroyed()
04-Apr-2026 09:21:29.028 INFO [main] org.apache.catalina.core.ApplicationContext.log Destroying Spring FrameworkServlet 'dispatcher'
04-Apr-2026 09:21:29.094 INFO [main] org.apache.catalina.core.ApplicationContext.log Closing Spring root WebApplicationContext
04-Apr-2026 09:21:33.532 INFO [main] org.apache.catalina.core.ApplicationContext.log No Spring WebApplicationInitializer types detected on classpath
04-Apr-2026 09:21:33.615 INFO [main] org.apache.catalina.core.ApplicationContext.log Initializing Spring root WebApplicationContext
04-Apr-2026 09:21:36.209 INFO [main] org.apache.catalina.core.ApplicationContext.log Initializing Spring FrameworkServlet 'dispatcher'
04-Apr-2026 09:21:37.191 INFO [main] org.apache.catalina.core.ApplicationContext.log ContextListener: contextInitialized()
04-Apr-2026 09:21:37.191 INFO [main] org.apache.catalina.core.ApplicationContext.log SessionListener: contextInitialized()
04-Apr-2026 09:21:37.193 INFO [main] org.apache.catalina.core.ApplicationContext.log ContextListener: attributeAdded('StockTicker', 'async.Stockticker@5d72da0b')
04-Apr-2026 09:21:37.582 INFO [main] org.apache.catalina.core.ApplicationContext.log SessionListener: contextDestroyed()
04-Apr-2026 09:21:37.582 INFO [main] org.apache.catalina.core.ApplicationContext.log ContextListener: contextDestroyed()
04-Apr-2026 09:21:37.586 INFO [main] org.apache.catalina.core.ApplicationContext.log Destroying Spring FrameworkServlet 'dispatcher'
04-Apr-2026 09:21:37.882 INFO [main] org.apache.catalina.core.ApplicationContext.log Closing Spring root WebApplicationContext
04-Apr-2026 09:21:42.351 INFO [main] org.apache.catalina.core.ApplicationContext.log No Spring WebApplicationInitializer types detected on classpath
04-Apr-2026 09:21:42.466 INFO [main] org.apache.catalina.core.ApplicationContext.log Initializing Spring root WebApplicationContext
04-Apr-2026 09:21:45.242 INFO [main] org.apache.catalina.core.ApplicationContext.log Initializing Spring FrameworkServlet 'dispatcher'
04-Apr-2026 09:21:46.177 INFO [main] org.apache.catalina.core.ApplicationContext.log ContextListener: contextInitialized()
04-Apr-2026 09:21:46.177 INFO [main] org.apache.catalina.core.ApplicationContext.log SessionListener: contextInitialized()
04-Apr-2026 09:21:46.177 INFO [main] org.apache.catalina.core.ApplicationContext.log ContextListener: attributeAdded('StockTicker', 'async.Stockticker@5d72da0b')
04-Apr-2026 09:21:46.463 INFO [main] org.apache.catalina.core.ApplicationContext.log SessionListener: contextDestroyed()
04-Apr-2026 09:21:46.463 INFO [main] org.apache.catalina.core.ApplicationContext.log ContextListener: contextDestroyed()
04-Apr-2026 09:21:46.467 INFO [main] org.apache.catalina.core.ApplicationContext.log Destroying Spring FrameworkServlet 'dispatcher'
04-Apr-2026 09:21:46.536 INFO [main] org.apache.catalina.core.ApplicationContext.log Closing Spring root WebApplicationContext
04-Apr-2026 09:21:50.319 INFO [main] org.apache.catalina.core.ApplicationContext.log No Spring WebApplicationInitializer types detected on classpath
04-Apr-2026 09:21:50.404 INFO [main] org.apache.catalina.core.ApplicationContext.log Initializing Spring root WebApplicationContext
04-Apr-2026 09:21:53.073 INFO [main] org.apache.catalina.core.ApplicationContext.log Initializing Spring FrameworkServlet 'dispatcher'
04-Apr-2026 09:21:54.194 INFO [main] org.apache.catalina.core.ApplicationContext.log ContextListener: contextInitialized()
04-Apr-2026 09:21:54.194 INFO [main] org.apache.catalina.core.ApplicationContext.log SessionListener: contextInitialized()
04-Apr-2026 09:21:54.196 INFO [main] org.apache.catalina.core.ApplicationContext.log ContextListener: attributeAdded('StockTicker', 'async.Stockticker@5d72da0b')
04-Apr-2026 09:21:54.494 INFO [main] org.apache.catalina.core.ApplicationContext.log SessionListener: contextDestroyed()
04-Apr-2026 09:21:54.494 INFO [main] org.apache.catalina.core.ApplicationContext.log ContextListener: contextDestroyed()
04-Apr-2026 09:21:54.500 INFO [main] org.apache.catalina.core.ApplicationContext.log Destroying Spring FrameworkServlet 'dispatcher'
04-Apr-2026 09:21:54.625 INFO [main] org.apache.catalina.core.ApplicationContext.log Closing Spring root WebApplicationContext
04-Apr-2026 09:21:58.634 INFO [main] org.apache.catalina.core.ApplicationContext.log No Spring WebApplicationInitializer types detected on classpath
04-Apr-2026 09:21:58.721 INFO [main] org.apache.catalina.core.ApplicationContext.log Initializing Spring root WebApplicationContext
04-Apr-2026 09:22:01.346 INFO [main] org.apache.catalina.core.ApplicationContext.log Initializing Spring FrameworkServlet 'dispatcher'
04-Apr-2026 09:22:02.254 INFO [main] org.apache.catalina.core.ApplicationContext.log ContextListener: contextInitialized()
04-Apr-2026 09:22:02.254 INFO [main] org.apache.catalina.core.ApplicationContext.log SessionListener: contextInitialized()
04-Apr-2026 09:22:02.256 INFO [main] org.apache.catalina.core.ApplicationContext.log ContextListener: attributeAdded('StockTicker', 'async.Stockticker@5d72da0b')
04-Apr-2026 09:22:02.544 INFO [main] org.apache.catalina.core.ApplicationContext.log SessionListener: contextDestroyed()
04-Apr-2026 09:22:02.544 INFO [main] org.apache.catalina.core.ApplicationContext.log ContextListener: contextDestroyed()
04-Apr-2026 09:22:02.548 INFO [main] org.apache.catalina.core.ApplicationContext.log Destroying Spring FrameworkServlet 'dispatcher'
04-Apr-2026 09:22:02.674 INFO [main] org.apache.catalina.core.ApplicationContext.log Closing Spring root WebApplicationContext
04-Apr-2026 09:22:06.929 INFO [main] org.apache.catalina.core.ApplicationContext.log No Spring WebApplicationInitializer types detected on classpath
04-Apr-2026 09:22:07.019 INFO [main] org.apache.catalina.core.ApplicationContext.log Initializing Spring root WebApplicationContext
04-Apr-2026 09:22:09.658 INFO [main] org.apache.catalina.core.ApplicationContext.log Initializing Spring FrameworkServlet 'dispatcher'
04-Apr-2026 09:22:10.646 INFO [main] org.apache.catalina.core.ApplicationContext.log ContextListener: contextInitialized()
04-Apr-2026 09:22:10.646 INFO [main] org.apache.catalina.core.ApplicationContext.log SessionListener: contextInitialized()
04-Apr-2026 09:22:10.646 INFO [main] org.apache.catalina.core.ApplicationContext.log ContextListener: attributeAdded('StockTicker', 'async.Stockticker@5d72da0b')
04-Apr-2026 09:22:10.757 INFO [main] org.apache.catalina.core.ApplicationContext.log SessionListener: contextDestroyed()
04-Apr-2026 09:22:10.757 INFO [main] org.apache.catalina.core.ApplicationContext.log ContextListener: contextDestroyed()
04-Apr-2026 09:22:10.761 INFO [main] org.apache.catalina.core.ApplicationContext.log Destroying Spring FrameworkServlet 'dispatcher'
04-Apr-2026 09:22:10.885 INFO [main] org.apache.catalina.core.ApplicationContext.log Closing Spring root WebApplicationContext
04-Apr-2026 09:22:15.264 INFO [main] org.apache.catalina.core.ApplicationContext.log No Spring WebApplicationInitializer types detected on classpath
04-Apr-2026 09:22:15.350 INFO [main] org.apache.catalina.core.ApplicationContext.log Initializing Spring root WebApplicationContext
04-Apr-2026 09:22:18.037 INFO [main] org.apache.catalina.core.ApplicationContext.log Initializing Spring FrameworkServlet 'dispatcher'
04-Apr-2026 09:22:18.965 INFO [main] org.apache.catalina.core.ApplicationContext.log ContextListener: contextInitialized()
04-Apr-2026 09:22:18.965 INFO [main] org.apache.catalina.core.ApplicationContext.log SessionListener: contextInitialized()
04-Apr-2026 09:22:18.967 INFO [main] org.apache.catalina.core.ApplicationContext.log ContextListener: attributeAdded('StockTicker', 'async.Stockticker@59f56892')
04-Apr-2026 09:22:19.249 INFO [main] org.apache.catalina.core.ApplicationContext.log SessionListener: contextDestroyed()
04-Apr-2026 09:22:19.249 INFO [main] org.apache.catalina.core.ApplicationContext.log ContextListener: contextDestroyed()
04-Apr-2026 09:22:19.251 INFO [main] org.apache.catalina.core.ApplicationContext.log Destroying Spring FrameworkServlet 'dispatcher'
04-Apr-2026 09:22:19.334 INFO [main] org.apache.catalina.core.ApplicationContext.log Closing Spring root WebApplicationContext
04-Apr-2026 09:22:23.619 INFO [main] org.apache.catalina.core.ApplicationContext.log No Spring WebApplicationInitializer types detected on classpath
04-Apr-2026 09:22:23.718 INFO [main] org.apache.catalina.core.ApplicationContext.log Initializing Spring root WebApplicationContext
04-Apr-2026 09:22:26.379 INFO [main] org.apache.catalina.core.ApplicationContext.log Initializing Spring FrameworkServlet 'dispatcher'
04-Apr-2026 09:22:27.297 INFO [main] org.apache.catalina.core.ApplicationContext.log ContextListener: contextInitialized()
04-Apr-2026 09:22:27.297 INFO [main] org.apache.catalina.core.ApplicationContext.log SessionListener: contextInitialized()
04-Apr-2026 09:22:27.299 INFO [main] org.apache.catalina.core.ApplicationContext.log ContextListener: attributeAdded('StockTicker', 'async.Stockticker@5d72da0b')
04-Apr-2026 09:22:27.608 INFO [main] org.apache.catalina.core.ApplicationContext.log SessionListener: contextDestroyed()
04-Apr-2026 09:22:27.608 INFO [main] org.apache.catalina.core.ApplicationContext.log ContextListener: contextDestroyed()
04-Apr-2026 09:22:27.612 INFO [main] org.apache.catalina.core.ApplicationContext.log Destroying Spring FrameworkServlet 'dispatcher'
04-Apr-2026 09:22:27.619 INFO [main] org.apache.catalina.core.ApplicationContext.log Closing Spring root WebApplicationContext
04-Apr-2026 09:22:31.991 INFO [main] org.apache.catalina.core.ApplicationContext.log No Spring WebApplicationInitializer types detected on classpath
04-Apr-2026 09:22:32.074 INFO [main] org.apache.catalina.core.ApplicationContext.log Initializing Spring root WebApplicationContext
04-Apr-2026 09:22:34.760 INFO [main] org.apache.catalina.core.ApplicationContext.log Initializing Spring FrameworkServlet 'dispatcher'
04-Apr-2026 09:22:35.715 INFO [main] org.apache.catalina.core.ApplicationContext.log ContextListener: contextInitialized()
04-Apr-2026 09:22:35.715 INFO [main] org.apache.catalina.core.ApplicationContext.log SessionListener: contextInitialized()
04-Apr-2026 09:22:35.715 INFO [main] org.apache.catalina.core.ApplicationContext.log ContextListener: attributeAdded('StockTicker', 'async.Stockticker@5d72da0b')
04-Apr-2026 09:22:36.046 INFO [main] org.apache.catalina.core.ApplicationContext.log SessionListener: contextDestroyed()
04-Apr-2026 09:22:36.046 INFO [main] org.apache.catalina.core.ApplicationContext.log ContextListener: contextDestroyed()
04-Apr-2026 09:22:36.048 INFO [main] org.apache.catalina.core.ApplicationContext.log Destroying Spring FrameworkServlet 'dispatcher'
04-Apr-2026 09:22:36.160 INFO [main] org.apache.catalina.core.ApplicationContext.log Closing Spring root WebApplicationContext
04-Apr-2026 09:22:40.285 INFO [main] org.apache.catalina.core.ApplicationContext.log No Spring WebApplicationInitializer types detected on classpath
04-Apr-2026 09:22:40.372 INFO [main] org.apache.catalina.core.ApplicationContext.log Initializing Spring root WebApplicationContext
04-Apr-2026 09:22:43.015 INFO [main] org.apache.catalina.core.ApplicationContext.log Initializing Spring FrameworkServlet 'dispatcher'
04-Apr-2026 09:22:44.060 INFO [main] org.apache.catalina.core.ApplicationContext.log ContextListener: contextInitialized()
04-Apr-2026 09:22:44.060 INFO [main] org.apache.catalina.core.ApplicationContext.log SessionListener: contextInitialized()
04-Apr-2026 09:22:44.062 INFO [main] org.apache.catalina.core.ApplicationContext.log ContextListener: attributeAdded('StockTicker', 'async.Stockticker@5d72da0b')
04-Apr-2026 09:22:44.369 INFO [main] org.apache.catalina.core.ApplicationContext.log SessionListener: contextDestroyed()
04-Apr-2026 09:22:44.369 INFO [main] org.apache.catalina.core.ApplicationContext.log ContextListener: contextDestroyed()
04-Apr-2026 09:22:44.371 INFO [main] org.apache.catalina.core.ApplicationContext.log Destroying Spring FrameworkServlet 'dispatcher'
04-Apr-2026 09:22:44.458 INFO [main] org.apache.catalina.core.ApplicationContext.log Closing Spring root WebApplicationContext
04-Apr-2026 09:22:48.888 INFO [main] org.apache.catalina.core.ApplicationContext.log No Spring WebApplicationInitializer types detected on classpath
04-Apr-2026 09:22:48.972 INFO [main] org.apache.catalina.core.ApplicationContext.log Initializing Spring root WebApplicationContext
04-Apr-2026 09:22:51.674 INFO [main] org.apache.catalina.core.ApplicationContext.log Initializing Spring FrameworkServlet 'dispatcher'
04-Apr-2026 09:22:52.710 INFO [main] org.apache.catalina.core.ApplicationContext.log ContextListener: contextInitialized()
04-Apr-2026 09:22:52.710 INFO [main] org.apache.catalina.core.ApplicationContext.log SessionListener: contextInitialized()
04-Apr-2026 09:22:52.712 INFO [main] org.apache.catalina.core.ApplicationContext.log ContextListener: attributeAdded('StockTicker', 'async.Stockticker@5d72da0b')
04-Apr-2026 09:22:53.010 INFO [main] org.apache.catalina.core.ApplicationContext.log SessionListener: contextDestroyed()
04-Apr-2026 09:22:53.010 INFO [main] org.apache.catalina.core.ApplicationContext.log ContextListener: contextDestroyed()
04-Apr-2026 09:22:53.014 INFO [main] org.apache.catalina.core.ApplicationContext.log Destroying Spring FrameworkServlet 'dispatcher'
04-Apr-2026 09:22:53.154 INFO [main] org.apache.catalina.core.ApplicationContext.log Closing Spring root WebApplicationContext
04-Apr-2026 09:22:56.955 INFO [main] org.apache.catalina.core.ApplicationContext.log No Spring WebApplicationInitializer types detected on classpath
04-Apr-2026 09:22:57.038 INFO [main] org.apache.catalina.core.ApplicationContext.log Initializing Spring root WebApplicationContext
04-Apr-2026 09:22:59.691 INFO [main] org.apache.catalina.core.ApplicationContext.log Initializing Spring FrameworkServlet 'dispatcher'
04-Apr-2026 09:23:00.618 INFO [main] org.apache.catalina.core.ApplicationContext.log ContextListener: contextInitialized()
04-Apr-2026 09:23:00.618 INFO [main] org.apache.catalina.core.ApplicationContext.log SessionListener: contextInitialized()
04-Apr-2026 09:23:00.620 INFO [main] org.apache.catalina.core.ApplicationContext.log ContextListener: attributeAdded('StockTicker', 'async.Stockticker@5d72da0b')
04-Apr-2026 09:23:00.917 INFO [main] org.apache.catalina.core.ApplicationContext.log SessionListener: contextDestroyed()
04-Apr-2026 09:23:00.917 INFO [main] org.apache.catalina.core.ApplicationContext.log ContextListener: contextDestroyed()
04-Apr-2026 09:23:00.919 INFO [main] org.apache.catalina.core.ApplicationContext.log Destroying Spring FrameworkServlet 'dispatcher'
04-Apr-2026 09:23:01.095 INFO [main] org.apache.catalina.core.ApplicationContext.log Closing Spring root WebApplicationContext
04-Apr-2026 09:23:05.306 INFO [main] org.apache.catalina.core.ApplicationContext.log No Spring WebApplicationInitializer types detected on classpath
04-Apr-2026 09:23:05.391 INFO [main] org.apache.catalina.core.ApplicationContext.log Initializing Spring root WebApplicationContext
04-Apr-2026 09:23:08.034 INFO [main] org.apache.catalina.core.ApplicationContext.log Initializing Spring FrameworkServlet 'dispatcher'
04-Apr-2026 09:23:08.995 INFO [main] org.apache.catalina.core.ApplicationContext.log ContextListener: contextInitialized()
04-Apr-2026 09:23:08.995 INFO [main] org.apache.catalina.core.ApplicationContext.log SessionListener: contextInitialized()
04-Apr-2026 09:23:08.997 INFO [main] org.apache.catalina.core.ApplicationContext.log ContextListener: attributeAdded('StockTicker', 'async.Stockticker@5d72da0b')
04-Apr-2026 09:23:09.298 INFO [main] org.apache.catalina.core.ApplicationContext.log SessionListener: contextDestroyed()
04-Apr-2026 09:23:09.298 INFO [main] org.apache.catalina.core.ApplicationContext.log ContextListener: contextDestroyed()
04-Apr-2026 09:23:09.304 INFO [main] org.apache.catalina.core.ApplicationContext.log Destroying Spring FrameworkServlet 'dispatcher'
04-Apr-2026 09:23:09.444 INFO [main] org.apache.catalina.core.ApplicationContext.log Closing Spring root WebApplicationContext
04-Apr-2026 09:23:13.622 INFO [main] org.apache.catalina.core.ApplicationContext.log No Spring WebApplicationInitializer types detected on classpath
04-Apr-2026 09:23:13.702 INFO [main] org.apache.catalina.core.ApplicationContext.log Initializing Spring root WebApplicationContext
04-Apr-2026 09:23:16.406 INFO [main] org.apache.catalina.core.ApplicationContext.log Initializing Spring FrameworkServlet 'dispatcher'
04-Apr-2026 09:23:17.331 INFO [main] org.apache.catalina.core.ApplicationContext.log ContextListener: contextInitialized()
04-Apr-2026 09:23:17.331 INFO [main] org.apache.catalina.core.ApplicationContext.log SessionListener: contextInitialized()
04-Apr-2026 09:23:17.333 INFO [main] org.apache.catalina.core.ApplicationContext.log ContextListener: attributeAdded('StockTicker', 'async.Stockticker@5d72da0b')
04-Apr-2026 09:23:17.605 INFO [main] org.apache.catalina.core.ApplicationContext.log SessionListener: contextDestroyed()
04-Apr-2026 09:23:17.605 INFO [main] org.apache.catalina.core.ApplicationContext.log ContextListener: contextDestroyed()
04-Apr-2026 09:23:17.611 INFO [main] org.apache.catalina.core.ApplicationContext.log Destroying Spring FrameworkServlet 'dispatcher'
04-Apr-2026 09:23:17.674 INFO [main] org.apache.catalina.core.ApplicationContext.log Closing Spring root WebApplicationContext
04-Apr-2026 09:23:21.972 INFO [main] org.apache.catalina.core.ApplicationContext.log No Spring WebApplicationInitializer types detected on classpath
04-Apr-2026 09:23:22.055 INFO [main] org.apache.catalina.core.ApplicationContext.log Initializing Spring root WebApplicationContext
04-Apr-2026 09:23:24.702 INFO [main] org.apache.catalina.core.ApplicationContext.log Initializing Spring FrameworkServlet 'dispatcher'
04-Apr-2026 09:23:25.673 INFO [main] org.apache.catalina.core.ApplicationContext.log ContextListener: contextInitialized()
04-Apr-2026 09:23:25.673 INFO [main] org.apache.catalina.core.ApplicationContext.log SessionListener: contextInitialized()
04-Apr-2026 09:23:25.673 INFO [main] org.apache.catalina.core.ApplicationContext.log ContextListener: attributeAdded('StockTicker', 'async.Stockticker@5d72da0b')
04-Apr-2026 09:23:25.948 INFO [main] org.apache.catalina.core.ApplicationContext.log SessionListener: contextDestroyed()
04-Apr-2026 09:23:25.948 INFO [main] org.apache.catalina.core.ApplicationContext.log ContextListener: contextDestroyed()
04-Apr-2026 09:23:25.954 INFO [main] org.apache.catalina.core.ApplicationContext.log Destroying Spring FrameworkServlet 'dispatcher'
04-Apr-2026 09:23:26.313 INFO [main] org.apache.catalina.core.ApplicationContext.log Closing Spring root WebApplicationContext
04-Apr-2026 09:23:30.275 INFO [main] org.apache.catalina.core.ApplicationContext.log No Spring WebApplicationInitializer types detected on classpath
04-Apr-2026 09:23:30.368 INFO [main] org.apache.catalina.core.ApplicationContext.log Initializing Spring root WebApplicationContext
04-Apr-2026 09:23:33.044 INFO [main] org.apache.catalina.core.ApplicationContext.log Initializing Spring FrameworkServlet 'dispatcher'
04-Apr-2026 09:23:33.966 INFO [main] org.apache.catalina.core.ApplicationContext.log ContextListener: contextInitialized()
04-Apr-2026 09:23:33.966 INFO [main] org.apache.catalina.core.ApplicationContext.log SessionListener: contextInitialized()
04-Apr-2026 09:23:33.968 INFO [main] org.apache.catalina.core.ApplicationContext.log ContextListener: attributeAdded('StockTicker', 'async.Stockticker@5d72da0b')
04-Apr-2026 09:23:34.262 INFO [main] org.apache.catalina.core.ApplicationContext.log SessionListener: contextDestroyed()
04-Apr-2026 09:23:34.262 INFO [main] org.apache.catalina.core.ApplicationContext.log ContextListener: contextDestroyed()
04-Apr-2026 09:23:34.266 INFO [main] org.apache.catalina.core.ApplicationContext.log Destroying Spring FrameworkServlet 'dispatcher'
04-Apr-2026 09:23:34.376 INFO [main] org.apache.catalina.core.ApplicationContext.log Closing Spring root WebApplicationContext
04-Apr-2026 09:23:38.588 INFO [main] org.apache.catalina.core.ApplicationContext.log No Spring WebApplicationInitializer types detected on classpath
04-Apr-2026 09:23:38.679 INFO [main] org.apache.catalina.core.ApplicationContext.log Initializing Spring root WebApplicationContext
04-Apr-2026 09:23:41.365 INFO [main] org.apache.catalina.core.ApplicationContext.log Initializing Spring FrameworkServlet 'dispatcher'
04-Apr-2026 09:23:42.362 INFO [main] org.apache.catalina.core.ApplicationContext.log ContextListener: contextInitialized()
04-Apr-2026 09:23:42.362 INFO [main] org.apache.catalina.core.ApplicationContext.log SessionListener: contextInitialized()
04-Apr-2026 09:23:42.364 INFO [main] org.apache.catalina.core.ApplicationContext.log ContextListener: attributeAdded('StockTicker', 'async.Stockticker@5d72da0b')
04-Apr-2026 09:23:42.679 INFO [main] org.apache.catalina.core.ApplicationContext.log SessionListener: contextDestroyed()
04-Apr-2026 09:23:42.679 INFO [main] org.apache.catalina.core.ApplicationContext.log ContextListener: contextDestroyed()
04-Apr-2026 09:23:42.683 INFO [main] org.apache.catalina.core.ApplicationContext.log Destroying Spring FrameworkServlet 'dispatcher'
04-Apr-2026 09:23:42.843 INFO [main] org.apache.catalina.core.ApplicationContext.log Closing Spring root WebApplicationContext
04-Apr-2026 09:23:46.893 INFO [main] org.apache.catalina.core.ApplicationContext.log No Spring WebApplicationInitializer types detected on classpath
04-Apr-2026 09:23:46.971 INFO [main] org.apache.catalina.core.ApplicationContext.log Initializing Spring root WebApplicationContext
04-Apr-2026 09:23:49.691 INFO [main] org.apache.catalina.core.ApplicationContext.log Initializing Spring FrameworkServlet 'dispatcher'
04-Apr-2026 09:23:50.784 INFO [main] org.apache.catalina.core.ApplicationContext.log ContextListener: contextInitialized()
04-Apr-2026 09:23:50.784 INFO [main] org.apache.catalina.core.ApplicationContext.log SessionListener: contextInitialized()
04-Apr-2026 09:23:50.786 INFO [main] org.apache.catalina.core.ApplicationContext.log ContextListener: attributeAdded('StockTicker', 'async.Stockticker@5d72da0b')
04-Apr-2026 09:23:51.090 INFO [main] org.apache.catalina.core.ApplicationContext.log SessionListener: contextDestroyed()
04-Apr-2026 09:23:51.090 INFO [main] org.apache.catalina.core.ApplicationContext.log ContextListener: contextDestroyed()
04-Apr-2026 09:23:51.094 INFO [main] org.apache.catalina.core.ApplicationContext.log Destroying Spring FrameworkServlet 'dispatcher'
04-Apr-2026 09:23:51.151 INFO [main] org.apache.catalina.core.ApplicationContext.log Closing Spring root WebApplicationContext
04-Apr-2026 09:23:55.449 INFO [main] org.apache.catalina.core.ApplicationContext.log No Spring WebApplicationInitializer types detected on classpath
04-Apr-2026 09:23:55.524 INFO [main] org.apache.catalina.core.ApplicationContext.log Initializing Spring root WebApplicationContext
04-Apr-2026 09:23:58.294 INFO [main] org.apache.catalina.core.ApplicationContext.log Initializing Spring FrameworkServlet 'dispatcher'
04-Apr-2026 09:23:59.250 INFO [main] org.apache.catalina.core.ApplicationContext.log ContextListener: contextInitialized()
04-Apr-2026 09:23:59.250 INFO [main] org.apache.catalina.core.ApplicationContext.log SessionListener: contextInitialized()
04-Apr-2026 09:23:59.252 INFO [main] org.apache.catalina.core.ApplicationContext.log ContextListener: attributeAdded('StockTicker', 'async.Stockticker@5d72da0b')
04-Apr-2026 09:23:59.577 INFO [main] org.apache.catalina.core.ApplicationContext.log SessionListener: contextDestroyed()
04-Apr-2026 09:23:59.577 INFO [main] org.apache.catalina.core.ApplicationContext.log ContextListener: contextDestroyed()
04-Apr-2026 09:23:59.579 INFO [main] org.apache.catalina.core.ApplicationContext.log Destroying Spring FrameworkServlet 'dispatcher'
04-Apr-2026 09:23:59.702 INFO [main] org.apache.catalina.core.ApplicationContext.log Closing Spring root WebApplicationContext
04-Apr-2026 09:24:03.668 INFO [main] org.apache.catalina.core.ApplicationContext.log No Spring WebApplicationInitializer types detected on classpath
04-Apr-2026 09:24:03.743 INFO [main] org.apache.catalina.core.ApplicationContext.log Initializing Spring root WebApplicationContext
04-Apr-2026 09:24:06.340 INFO [main] org.apache.catalina.core.ApplicationContext.log Initializing Spring FrameworkServlet 'dispatcher'
04-Apr-2026 09:24:07.267 INFO [main] org.apache.catalina.core.ApplicationContext.log ContextListener: contextInitialized()
04-Apr-2026 09:24:07.267 INFO [main] org.apache.catalina.core.ApplicationContext.log SessionListener: contextInitialized()
04-Apr-2026 09:24:07.268 INFO [main] org.apache.catalina.core.ApplicationContext.log ContextListener: attributeAdded('StockTicker', 'async.Stockticker@5d72da0b')
04-Apr-2026 09:24:07.565 INFO [main] org.apache.catalina.core.ApplicationContext.log SessionListener: contextDestroyed()
04-Apr-2026 09:24:07.565 INFO [main] org.apache.catalina.core.ApplicationContext.log ContextListener: contextDestroyed()
04-Apr-2026 09:24:07.567 INFO [main] org.apache.catalina.core.ApplicationContext.log Destroying Spring FrameworkServlet 'dispatcher'
04-Apr-2026 09:24:07.881 INFO [main] org.apache.catalina.core.ApplicationContext.log Closing Spring root WebApplicationContext
04-Apr-2026 09:24:11.970 INFO [main] org.apache.catalina.core.ApplicationContext.log No Spring WebApplicationInitializer types detected on classpath
04-Apr-2026 09:24:12.055 INFO [main] org.apache.catalina.core.ApplicationContext.log Initializing Spring root WebApplicationContext
04-Apr-2026 09:24:14.638 INFO [main] org.apache.catalina.core.ApplicationContext.log Initializing Spring FrameworkServlet 'dispatcher'
04-Apr-2026 09:24:15.637 INFO [main] org.apache.catalina.core.ApplicationContext.log ContextListener: contextInitialized()
04-Apr-2026 09:24:15.637 INFO [main] org.apache.catalina.core.ApplicationContext.log SessionListener: contextInitialized()
04-Apr-2026 09:24:15.639 INFO [main] org.apache.catalina.core.ApplicationContext.log ContextListener: attributeAdded('StockTicker', 'async.Stockticker@5d72da0b')
04-Apr-2026 09:24:15.969 INFO [main] org.apache.catalina.core.ApplicationContext.log SessionListener: contextDestroyed()
04-Apr-2026 09:24:15.969 INFO [main] org.apache.catalina.core.ApplicationContext.log ContextListener: contextDestroyed()
04-Apr-2026 09:24:15.974 INFO [main] org.apache.catalina.core.ApplicationContext.log Destroying Spring FrameworkServlet 'dispatcher'
04-Apr-2026 09:24:16.157 INFO [main] org.apache.catalina.core.ApplicationContext.log Closing Spring root WebApplicationContext
04-Apr-2026 09:24:20.270 INFO [main] org.apache.catalina.core.ApplicationContext.log No Spring WebApplicationInitializer types detected on classpath
04-Apr-2026 09:24:20.359 INFO [main] org.apache.catalina.core.ApplicationContext.log Initializing Spring root WebApplicationContext
04-Apr-2026 09:24:22.924 INFO [main] org.apache.catalina.core.ApplicationContext.log Initializing Spring FrameworkServlet 'dispatcher'
04-Apr-2026 09:24:23.881 INFO [main] org.apache.catalina.core.ApplicationContext.log ContextListener: contextInitialized()
04-Apr-2026 09:24:23.881 INFO [main] org.apache.catalina.core.ApplicationContext.log SessionListener: contextInitialized()
04-Apr-2026 09:24:23.883 INFO [main] org.apache.catalina.core.ApplicationContext.log ContextListener: attributeAdded('StockTicker', 'async.Stockticker@5d72da0b')
04-Apr-2026 09:24:24.172 INFO [main] org.apache.catalina.core.ApplicationContext.log SessionListener: contextDestroyed()
04-Apr-2026 09:24:24.172 INFO [main] org.apache.catalina.core.ApplicationContext.log ContextListener: contextDestroyed()
04-Apr-2026 09:24:24.174 INFO [main] org.apache.catalina.core.ApplicationContext.log Destroying Spring FrameworkServlet 'dispatcher'
04-Apr-2026 09:24:24.328 INFO [main] org.apache.catalina.core.ApplicationContext.log Closing Spring root WebApplicationContext
04-Apr-2026 09:24:28.576 INFO [main] org.apache.catalina.core.ApplicationContext.log No Spring WebApplicationInitializer types detected on classpath
04-Apr-2026 09:24:28.655 INFO [main] org.apache.catalina.core.ApplicationContext.log Initializing Spring root WebApplicationContext
04-Apr-2026 09:24:31.239 INFO [main] org.apache.catalina.core.ApplicationContext.log Initializing Spring FrameworkServlet 'dispatcher'
04-Apr-2026 09:24:32.209 INFO [main] org.apache.catalina.core.ApplicationContext.log ContextListener: contextInitialized()
04-Apr-2026 09:24:32.209 INFO [main] org.apache.catalina.core.ApplicationContext.log SessionListener: contextInitialized()
04-Apr-2026 09:24:32.209 INFO [main] org.apache.catalina.core.ApplicationContext.log ContextListener: attributeAdded('StockTicker', 'async.Stockticker@5d72da0b')
04-Apr-2026 09:24:32.529 INFO [main] org.apache.catalina.core.ApplicationContext.log SessionListener: contextDestroyed()
04-Apr-2026 09:24:32.529 INFO [main] org.apache.catalina.core.ApplicationContext.log ContextListener: contextDestroyed()
04-Apr-2026 09:24:32.531 INFO [main] org.apache.catalina.core.ApplicationContext.log Destroying Spring FrameworkServlet 'dispatcher'
04-Apr-2026 09:24:32.717 INFO [main] org.apache.catalina.core.ApplicationContext.log Closing Spring root WebApplicationContext
04-Apr-2026 09:24:36.927 INFO [main] org.apache.catalina.core.ApplicationContext.log No Spring WebApplicationInitializer types detected on classpath
04-Apr-2026 09:24:37.010 INFO [main] org.apache.catalina.core.ApplicationContext.log Initializing Spring root WebApplicationContext
04-Apr-2026 09:24:39.610 INFO [main] org.apache.catalina.core.ApplicationContext.log Initializing Spring FrameworkServlet 'dispatcher'
04-Apr-2026 09:24:40.508 INFO [main] org.apache.catalina.core.ApplicationContext.log ContextListener: contextInitialized()
04-Apr-2026 09:24:40.508 INFO [main] org.apache.catalina.core.ApplicationContext.log SessionListener: contextInitialized()
04-Apr-2026 09:24:40.510 INFO [main] org.apache.catalina.core.ApplicationContext.log ContextListener: attributeAdded('StockTicker', 'async.Stockticker@5d72da0b')
04-Apr-2026 09:24:40.797 INFO [main] org.apache.catalina.core.ApplicationContext.log SessionListener: contextDestroyed()
04-Apr-2026 09:24:40.797 INFO [main] org.apache.catalina.core.ApplicationContext.log ContextListener: contextDestroyed()
04-Apr-2026 09:24:40.799 INFO [main] org.apache.catalina.core.ApplicationContext.log Destroying Spring FrameworkServlet 'dispatcher'
04-Apr-2026 09:24:40.866 INFO [main] org.apache.catalina.core.ApplicationContext.log Closing Spring root WebApplicationContext
04-Apr-2026 09:24:45.205 INFO [main] org.apache.catalina.core.ApplicationContext.log No Spring WebApplicationInitializer types detected on classpath
04-Apr-2026 09:24:45.283 INFO [main] org.apache.catalina.core.ApplicationContext.log Initializing Spring root WebApplicationContext
04-Apr-2026 09:24:47.900 INFO [main] org.apache.catalina.core.ApplicationContext.log Initializing Spring FrameworkServlet 'dispatcher'
04-Apr-2026 09:24:48.824 INFO [main] org.apache.catalina.core.ApplicationContext.log ContextListener: contextInitialized()
04-Apr-2026 09:24:48.824 INFO [main] org.apache.catalina.core.ApplicationContext.log SessionListener: contextInitialized()
04-Apr-2026 09:24:48.826 INFO [main] org.apache.catalina.core.ApplicationContext.log ContextListener: attributeAdded('StockTicker', 'async.Stockticker@5d72da0b')
04-Apr-2026 09:24:49.104 INFO [main] org.apache.catalina.core.ApplicationContext.log SessionListener: contextDestroyed()
04-Apr-2026 09:24:49.104 INFO [main] org.apache.catalina.core.ApplicationContext.log ContextListener: contextDestroyed()
04-Apr-2026 09:24:49.106 INFO [main] org.apache.catalina.core.ApplicationContext.log Destroying Spring FrameworkServlet 'dispatcher'
04-Apr-2026 09:24:49.118 INFO [main] org.apache.catalina.core.ApplicationContext.log Closing Spring root WebApplicationContext
04-Apr-2026 09:24:53.519 INFO [main] org.apache.catalina.core.ApplicationContext.log No Spring WebApplicationInitializer types detected on classpath
04-Apr-2026 09:24:53.608 INFO [main] org.apache.catalina.core.ApplicationContext.log Initializing Spring root WebApplicationContext
04-Apr-2026 09:24:56.499 INFO [main] org.apache.catalina.core.ApplicationContext.log Initializing Spring FrameworkServlet 'dispatcher'
04-Apr-2026 09:24:57.564 INFO [main] org.apache.catalina.core.ApplicationContext.log ContextListener: contextInitialized()
04-Apr-2026 09:24:57.564 INFO [main] org.apache.catalina.core.ApplicationContext.log SessionListener: contextInitialized()
04-Apr-2026 09:24:57.564 INFO [main] org.apache.catalina.core.ApplicationContext.log ContextListener: attributeAdded('StockTicker', 'async.Stockticker@5d72da0b')
04-Apr-2026 09:24:57.993 INFO [main] org.apache.catalina.core.ApplicationContext.log SessionListener: contextDestroyed()
04-Apr-2026 09:24:57.993 INFO [main] org.apache.catalina.core.ApplicationContext.log ContextListener: contextDestroyed()
04-Apr-2026 09:24:57.997 INFO [main] org.apache.catalina.core.ApplicationContext.log Destroying Spring FrameworkServlet 'dispatcher'
04-Apr-2026 09:24:58.003 INFO [main] org.apache.catalina.core.ApplicationContext.log Closing Spring root WebApplicationContext
04-Apr-2026 09:25:48.944 INFO [main] org.apache.catalina.core.ApplicationContext.log No Spring WebApplicationInitializer types detected on classpath
04-Apr-2026 09:25:49.033 INFO [main] org.apache.catalina.core.ApplicationContext.log Initializing Spring root WebApplicationContext
04-Apr-2026 09:25:51.788 INFO [main] org.apache.catalina.core.ApplicationContext.log Initializing Spring FrameworkServlet 'dispatcher'
04-Apr-2026 09:25:52.774 INFO [main] org.apache.catalina.core.ApplicationContext.log ContextListener: contextInitialized()
04-Apr-2026 09:25:52.774 INFO [main] org.apache.catalina.core.ApplicationContext.log SessionListener: contextInitialized()
04-Apr-2026 09:25:52.776 INFO [main] org.apache.catalina.core.ApplicationContext.log ContextListener: attributeAdded('StockTicker', 'async.Stockticker@5d72da0b')
04-Apr-2026 09:25:53.073 INFO [main] org.apache.catalina.core.ApplicationContext.log SessionListener: contextDestroyed()
04-Apr-2026 09:25:53.073 INFO [main] org.apache.catalina.core.ApplicationContext.log ContextListener: contextDestroyed()
04-Apr-2026 09:25:53.077 INFO [main] org.apache.catalina.core.ApplicationContext.log Destroying Spring FrameworkServlet 'dispatcher'
04-Apr-2026 09:25:53.124 INFO [main] org.apache.catalina.core.ApplicationContext.log Closing Spring root WebApplicationContext
04-Apr-2026 09:25:57.271 INFO [main] org.apache.catalina.core.ApplicationContext.log No Spring WebApplicationInitializer types detected on classpath
04-Apr-2026 09:25:57.370 INFO [main] org.apache.catalina.core.ApplicationContext.log Initializing Spring root WebApplicationContext
04-Apr-2026 09:26:00.091 INFO [main] org.apache.catalina.core.ApplicationContext.log Initializing Spring FrameworkServlet 'dispatcher'
04-Apr-2026 09:26:01.048 INFO [main] org.apache.catalina.core.ApplicationContext.log ContextListener: contextInitialized()
04-Apr-2026 09:26:01.048 INFO [main] org.apache.catalina.core.ApplicationContext.log SessionListener: contextInitialized()
04-Apr-2026 09:26:01.050 INFO [main] org.apache.catalina.core.ApplicationContext.log ContextListener: attributeAdded('StockTicker', 'async.Stockticker@5d72da0b')
04-Apr-2026 09:26:01.368 INFO [main] org.apache.catalina.core.ApplicationContext.log SessionListener: contextDestroyed()
04-Apr-2026 09:26:01.368 INFO [main] org.apache.catalina.core.ApplicationContext.log ContextListener: contextDestroyed()
04-Apr-2026 09:26:01.374 INFO [main] org.apache.catalina.core.ApplicationContext.log Destroying Spring FrameworkServlet 'dispatcher'
04-Apr-2026 09:26:01.441 INFO [main] org.apache.catalina.core.ApplicationContext.log Closing Spring root WebApplicationContext
04-Apr-2026 09:26:05.930 INFO [main] org.apache.catalina.core.ApplicationContext.log No Spring WebApplicationInitializer types detected on classpath
04-Apr-2026 09:26:06.015 INFO [main] org.apache.catalina.core.ApplicationContext.log Initializing Spring root WebApplicationContext
04-Apr-2026 09:26:08.623 INFO [main] org.apache.catalina.core.ApplicationContext.log Initializing Spring FrameworkServlet 'dispatcher'
04-Apr-2026 09:26:09.501 INFO [main] org.apache.catalina.core.ApplicationContext.log ContextListener: contextInitialized()
04-Apr-2026 09:26:09.501 INFO [main] org.apache.catalina.core.ApplicationContext.log SessionListener: contextInitialized()
04-Apr-2026 09:26:09.501 INFO [main] org.apache.catalina.core.ApplicationContext.log ContextListener: attributeAdded('StockTicker', 'async.Stockticker@5d72da0b')
04-Apr-2026 09:26:09.769 INFO [main] org.apache.catalina.core.ApplicationContext.log SessionListener: contextDestroyed()
04-Apr-2026 09:26:09.769 INFO [main] org.apache.catalina.core.ApplicationContext.log ContextListener: contextDestroyed()
04-Apr-2026 09:26:09.773 INFO [main] org.apache.catalina.core.ApplicationContext.log Destroying Spring FrameworkServlet 'dispatcher'
04-Apr-2026 09:26:09.840 INFO [main] org.apache.catalina.core.ApplicationContext.log Closing Spring root WebApplicationContext
04-Apr-2026 09:26:14.122 INFO [main] org.apache.catalina.core.ApplicationContext.log No Spring WebApplicationInitializer types detected on classpath
04-Apr-2026 09:26:14.213 INFO [main] org.apache.catalina.core.ApplicationContext.log Initializing Spring root WebApplicationContext
04-Apr-2026 09:26:16.842 INFO [main] org.apache.catalina.core.ApplicationContext.log Initializing Spring FrameworkServlet 'dispatcher'
04-Apr-2026 09:26:17.761 INFO [main] org.apache.catalina.core.ApplicationContext.log ContextListener: contextInitialized()
04-Apr-2026 09:26:17.761 INFO [main] org.apache.catalina.core.ApplicationContext.log SessionListener: contextInitialized()
04-Apr-2026 09:26:17.761 INFO [main] org.apache.catalina.core.ApplicationContext.log ContextListener: attributeAdded('StockTicker', 'async.Stockticker@5d72da0b')
04-Apr-2026 09:26:18.051 INFO [main] org.apache.catalina.core.ApplicationContext.log SessionListener: contextDestroyed()
04-Apr-2026 09:26:18.051 INFO [main] org.apache.catalina.core.ApplicationContext.log ContextListener: contextDestroyed()
04-Apr-2026 09:26:18.055 INFO [main] org.apache.catalina.core.ApplicationContext.log Destroying Spring FrameworkServlet 'dispatcher'
04-Apr-2026 09:26:18.222 INFO [main] org.apache.catalina.core.ApplicationContext.log Closing Spring root WebApplicationContext
04-Apr-2026 09:26:22.359 INFO [main] org.apache.catalina.core.ApplicationContext.log No Spring WebApplicationInitializer types detected on classpath
04-Apr-2026 09:26:22.436 INFO [main] org.apache.catalina.core.ApplicationContext.log Initializing Spring root WebApplicationContext
04-Apr-2026 09:26:25.087 INFO [main] org.apache.catalina.core.ApplicationContext.log Initializing Spring FrameworkServlet 'dispatcher'
04-Apr-2026 09:26:25.954 INFO [main] org.apache.catalina.core.ApplicationContext.log ContextListener: contextInitialized()
04-Apr-2026 09:26:25.954 INFO [main] org.apache.catalina.core.ApplicationContext.log SessionListener: contextInitialized()
04-Apr-2026 09:26:25.956 INFO [main] org.apache.catalina.core.ApplicationContext.log ContextListener: attributeAdded('StockTicker', 'async.Stockticker@5d72da0b')
04-Apr-2026 09:26:26.244 INFO [main] org.apache.catalina.core.ApplicationContext.log SessionListener: contextDestroyed()
04-Apr-2026 09:26:26.244 INFO [main] org.apache.catalina.core.ApplicationContext.log ContextListener: contextDestroyed()
04-Apr-2026 09:26:26.248 INFO [main] org.apache.catalina.core.ApplicationContext.log Destroying Spring FrameworkServlet 'dispatcher'
04-Apr-2026 09:26:26.309 INFO [main] org.apache.catalina.core.ApplicationContext.log Closing Spring root WebApplicationContext
04-Apr-2026 09:26:30.732 INFO [main] org.apache.catalina.core.ApplicationContext.log No Spring WebApplicationInitializer types detected on classpath
04-Apr-2026 09:26:30.803 INFO [main] org.apache.catalina.core.ApplicationContext.log Initializing Spring root WebApplicationContext
04-Apr-2026 09:26:33.377 INFO [main] org.apache.catalina.core.ApplicationContext.log Initializing Spring FrameworkServlet 'dispatcher'
04-Apr-2026 09:26:34.368 INFO [main] org.apache.catalina.core.ApplicationContext.log ContextListener: contextInitialized()
04-Apr-2026 09:26:34.368 INFO [main] org.apache.catalina.core.ApplicationContext.log SessionListener: contextInitialized()
04-Apr-2026 09:26:34.370 INFO [main] org.apache.catalina.core.ApplicationContext.log ContextListener: attributeAdded('StockTicker', 'async.Stockticker@5d72da0b')
04-Apr-2026 09:26:34.759 INFO [main] org.apache.catalina.core.ApplicationContext.log SessionListener: contextDestroyed()
04-Apr-2026 09:26:34.759 INFO [main] org.apache.catalina.core.ApplicationContext.log ContextListener: contextDestroyed()
04-Apr-2026 09:26:34.763 INFO [main] org.apache.catalina.core.ApplicationContext.log Destroying Spring FrameworkServlet 'dispatcher'
04-Apr-2026 09:26:34.932 INFO [main] org.apache.catalina.core.ApplicationContext.log Closing Spring root WebApplicationContext
04-Apr-2026 09:26:39.011 INFO [main] org.apache.catalina.core.ApplicationContext.log No Spring WebApplicationInitializer types detected on classpath
04-Apr-2026 09:26:39.086 INFO [main] org.apache.catalina.core.ApplicationContext.log Initializing Spring root WebApplicationContext
04-Apr-2026 09:26:41.762 INFO [main] org.apache.catalina.core.ApplicationContext.log Initializing Spring FrameworkServlet 'dispatcher'
04-Apr-2026 09:26:42.686 INFO [main] org.apache.catalina.core.ApplicationContext.log ContextListener: contextInitialized()
04-Apr-2026 09:26:42.686 INFO [main] org.apache.catalina.core.ApplicationContext.log SessionListener: contextInitialized()
04-Apr-2026 09:26:42.688 INFO [main] org.apache.catalina.core.ApplicationContext.log ContextListener: attributeAdded('StockTicker', 'async.Stockticker@5d72da0b')
04-Apr-2026 09:26:42.971 INFO [main] org.apache.catalina.core.ApplicationContext.log SessionListener: contextDestroyed()
04-Apr-2026 09:26:42.971 INFO [main] org.apache.catalina.core.ApplicationContext.log ContextListener: contextDestroyed()
04-Apr-2026 09:26:42.976 INFO [main] org.apache.catalina.core.ApplicationContext.log Destroying Spring FrameworkServlet 'dispatcher'
04-Apr-2026 09:26:43.035 INFO [main] org.apache.catalina.core.ApplicationContext.log Closing Spring root WebApplicationContext
04-Apr-2026 09:26:47.334 INFO [main] org.apache.catalina.core.ApplicationContext.log No Spring WebApplicationInitializer types detected on classpath
04-Apr-2026 09:26:47.417 INFO [main] org.apache.catalina.core.ApplicationContext.log Initializing Spring root WebApplicationContext
04-Apr-2026 09:26:50.083 INFO [main] org.apache.catalina.core.ApplicationContext.log Initializing Spring FrameworkServlet 'dispatcher'
04-Apr-2026 09:26:50.971 INFO [main] org.apache.catalina.core.ApplicationContext.log ContextListener: contextInitialized()
04-Apr-2026 09:26:50.971 INFO [main] org.apache.catalina.core.ApplicationContext.log SessionListener: contextInitialized()
04-Apr-2026 09:26:50.973 INFO [main] org.apache.catalina.core.ApplicationContext.log ContextListener: attributeAdded('StockTicker', 'async.Stockticker@5d72da0b')
04-Apr-2026 09:26:51.255 INFO [main] org.apache.catalina.core.ApplicationContext.log SessionListener: contextDestroyed()
04-Apr-2026 09:26:51.255 INFO [main] org.apache.catalina.core.ApplicationContext.log ContextListener: contextDestroyed()
04-Apr-2026 09:26:51.259 INFO [main] org.apache.catalina.core.ApplicationContext.log Destroying Spring FrameworkServlet 'dispatcher'
04-Apr-2026 09:26:51.285 INFO [main] org.apache.catalina.core.ApplicationContext.log Closing Spring root WebApplicationContext
04-Apr-2026 09:26:55.681 INFO [main] org.apache.catalina.core.ApplicationContext.log No Spring WebApplicationInitializer types detected on classpath
04-Apr-2026 09:26:55.766 INFO [main] org.apache.catalina.core.ApplicationContext.log Initializing Spring root WebApplicationContext
04-Apr-2026 09:26:58.384 INFO [main] org.apache.catalina.core.ApplicationContext.log Initializing Spring FrameworkServlet 'dispatcher'
04-Apr-2026 09:26:59.342 INFO [main] org.apache.catalina.core.ApplicationContext.log ContextListener: contextInitialized()
04-Apr-2026 09:26:59.342 INFO [main] org.apache.catalina.core.ApplicationContext.log SessionListener: contextInitialized()
04-Apr-2026 09:26:59.342 INFO [main] org.apache.catalina.core.ApplicationContext.log ContextListener: attributeAdded('StockTicker', 'async.Stockticker@5d72da0b')
04-Apr-2026 09:26:59.621 INFO [main] org.apache.catalina.core.ApplicationContext.log SessionListener: contextDestroyed()
04-Apr-2026 09:26:59.623 INFO [main] org.apache.catalina.core.ApplicationContext.log ContextListener: contextDestroyed()
04-Apr-2026 09:26:59.625 INFO [main] org.apache.catalina.core.ApplicationContext.log Destroying Spring FrameworkServlet 'dispatcher'
04-Apr-2026 09:27:00.205 INFO [main] org.apache.catalina.core.ApplicationContext.log Closing Spring root WebApplicationContext
04-Apr-2026 09:27:03.975 INFO [main] org.apache.catalina.core.ApplicationContext.log No Spring WebApplicationInitializer types detected on classpath
04-Apr-2026 09:27:04.056 INFO [main] org.apache.catalina.core.ApplicationContext.log Initializing Spring root WebApplicationContext
04-Apr-2026 09:27:06.907 INFO [main] org.apache.catalina.core.ApplicationContext.log Initializing Spring FrameworkServlet 'dispatcher'
04-Apr-2026 09:27:07.994 INFO [main] org.apache.catalina.core.ApplicationContext.log ContextListener: contextInitialized()
04-Apr-2026 09:27:07.994 INFO [main] org.apache.catalina.core.ApplicationContext.log SessionListener: contextInitialized()
04-Apr-2026 09:27:07.996 INFO [main] org.apache.catalina.core.ApplicationContext.log ContextListener: attributeAdded('StockTicker', 'async.Stockticker@5d72da0b')
04-Apr-2026 09:27:08.315 INFO [main] org.apache.catalina.core.ApplicationContext.log SessionListener: contextDestroyed()
04-Apr-2026 09:27:08.315 INFO [main] org.apache.catalina.core.ApplicationContext.log ContextListener: contextDestroyed()
04-Apr-2026 09:27:08.319 INFO [main] org.apache.catalina.core.ApplicationContext.log Destroying Spring FrameworkServlet 'dispatcher'
04-Apr-2026 09:27:08.402 INFO [main] org.apache.catalina.core.ApplicationContext.log Closing Spring root WebApplicationContext
04-Apr-2026 09:27:12.538 INFO [main] org.apache.catalina.core.ApplicationContext.log No Spring WebApplicationInitializer types detected on classpath
04-Apr-2026 09:27:12.609 INFO [main] org.apache.catalina.core.ApplicationContext.log Initializing Spring root WebApplicationContext
04-Apr-2026 09:27:15.282 INFO [main] org.apache.catalina.core.ApplicationContext.log Initializing Spring FrameworkServlet 'dispatcher'
04-Apr-2026 09:27:16.290 INFO [main] org.apache.catalina.core.ApplicationContext.log ContextListener: contextInitialized()
04-Apr-2026 09:27:16.290 INFO [main] org.apache.catalina.core.ApplicationContext.log SessionListener: contextInitialized()
04-Apr-2026 09:27:16.292 INFO [main] org.apache.catalina.core.ApplicationContext.log ContextListener: attributeAdded('StockTicker', 'async.Stockticker@5d72da0b')
04-Apr-2026 09:27:16.599 INFO [main] org.apache.catalina.core.ApplicationContext.log SessionListener: contextDestroyed()
04-Apr-2026 09:27:16.599 INFO [main] org.apache.catalina.core.ApplicationContext.log ContextListener: contextDestroyed()
04-Apr-2026 09:27:16.603 INFO [main] org.apache.catalina.core.ApplicationContext.log Destroying Spring FrameworkServlet 'dispatcher'
04-Apr-2026 09:27:16.806 INFO [main] org.apache.catalina.core.ApplicationContext.log Closing Spring root WebApplicationContext
04-Apr-2026 09:27:20.694 INFO [main] org.apache.catalina.core.ApplicationContext.log No Spring WebApplicationInitializer types detected on classpath
04-Apr-2026 09:27:20.765 INFO [main] org.apache.catalina.core.ApplicationContext.log Initializing Spring root WebApplicationContext
04-Apr-2026 09:27:23.396 INFO [main] org.apache.catalina.core.ApplicationContext.log Initializing Spring FrameworkServlet 'dispatcher'
04-Apr-2026 09:27:24.397 INFO [main] org.apache.catalina.core.ApplicationContext.log ContextListener: contextInitialized()
04-Apr-2026 09:27:24.397 INFO [main] org.apache.catalina.core.ApplicationContext.log SessionListener: contextInitialized()
04-Apr-2026 09:27:24.399 INFO [main] org.apache.catalina.core.ApplicationContext.log ContextListener: attributeAdded('StockTicker', 'async.Stockticker@5d72da0b')
04-Apr-2026 09:27:24.729 INFO [main] org.apache.catalina.core.ApplicationContext.log SessionListener: contextDestroyed()
04-Apr-2026 09:27:24.729 INFO [main] org.apache.catalina.core.ApplicationContext.log ContextListener: contextDestroyed()
04-Apr-2026 09:27:24.733 INFO [main] org.apache.catalina.core.ApplicationContext.log Destroying Spring FrameworkServlet 'dispatcher'
04-Apr-2026 09:27:24.850 INFO [main] org.apache.catalina.core.ApplicationContext.log Closing Spring root WebApplicationContext
04-Apr-2026 09:27:29.010 INFO [main] org.apache.catalina.core.ApplicationContext.log No Spring WebApplicationInitializer types detected on classpath
04-Apr-2026 09:27:29.099 INFO [main] org.apache.catalina.core.ApplicationContext.log Initializing Spring root WebApplicationContext
04-Apr-2026 09:27:31.649 INFO [main] org.apache.catalina.core.ApplicationContext.log Initializing Spring FrameworkServlet 'dispatcher'
04-Apr-2026 09:27:32.579 INFO [main] org.apache.catalina.core.ApplicationContext.log ContextListener: contextInitialized()
04-Apr-2026 09:27:32.579 INFO [main] org.apache.catalina.core.ApplicationContext.log SessionListener: contextInitialized()
04-Apr-2026 09:27:32.581 INFO [main] org.apache.catalina.core.ApplicationContext.log ContextListener: attributeAdded('StockTicker', 'async.Stockticker@5d72da0b')
04-Apr-2026 09:27:32.959 INFO [main] org.apache.catalina.core.ApplicationContext.log SessionListener: contextDestroyed()
04-Apr-2026 09:27:32.959 INFO [main] org.apache.catalina.core.ApplicationContext.log ContextListener: contextDestroyed()
04-Apr-2026 09:27:32.961 INFO [main] org.apache.catalina.core.ApplicationContext.log Destroying Spring FrameworkServlet 'dispatcher'
04-Apr-2026 09:27:33.064 INFO [main] org.apache.catalina.core.ApplicationContext.log Closing Spring root WebApplicationContext
04-Apr-2026 09:27:37.330 INFO [main] org.apache.catalina.core.ApplicationContext.log No Spring WebApplicationInitializer types detected on classpath
04-Apr-2026 09:27:37.409 INFO [main] org.apache.catalina.core.ApplicationContext.log Initializing Spring root WebApplicationContext
04-Apr-2026 09:27:40.047 INFO [main] org.apache.catalina.core.ApplicationContext.log Initializing Spring FrameworkServlet 'dispatcher'
04-Apr-2026 09:27:40.923 INFO [main] org.apache.catalina.core.ApplicationContext.log ContextListener: contextInitialized()
04-Apr-2026 09:27:40.923 INFO [main] org.apache.catalina.core.ApplicationContext.log SessionListener: contextInitialized()
04-Apr-2026 09:27:40.925 INFO [main] org.apache.catalina.core.ApplicationContext.log ContextListener: attributeAdded('StockTicker', 'async.Stockticker@5d72da0b')
04-Apr-2026 09:27:41.181 INFO [main] org.apache.catalina.core.ApplicationContext.log SessionListener: contextDestroyed()
04-Apr-2026 09:27:41.181 INFO [main] org.apache.catalina.core.ApplicationContext.log ContextListener: contextDestroyed()
04-Apr-2026 09:27:41.187 INFO [main] org.apache.catalina.core.ApplicationContext.log Destroying Spring FrameworkServlet 'dispatcher'
04-Apr-2026 09:27:41.252 INFO [main] org.apache.catalina.core.ApplicationContext.log Closing Spring root WebApplicationContext
04-Apr-2026 09:27:45.650 INFO [main] org.apache.catalina.core.ApplicationContext.log No Spring WebApplicationInitializer types detected on classpath
04-Apr-2026 09:27:45.725 INFO [main] org.apache.catalina.core.ApplicationContext.log Initializing Spring root WebApplicationContext
04-Apr-2026 09:27:48.390 INFO [main] org.apache.catalina.core.ApplicationContext.log Initializing Spring FrameworkServlet 'dispatcher'
04-Apr-2026 09:27:49.307 INFO [main] org.apache.catalina.core.ApplicationContext.log ContextListener: contextInitialized()
04-Apr-2026 09:27:49.307 INFO [main] org.apache.catalina.core.ApplicationContext.log SessionListener: contextInitialized()
04-Apr-2026 09:27:49.307 INFO [main] org.apache.catalina.core.ApplicationContext.log ContextListener: attributeAdded('StockTicker', 'async.Stockticker@5d72da0b')
04-Apr-2026 09:27:49.585 INFO [main] org.apache.catalina.core.ApplicationContext.log SessionListener: contextDestroyed()
04-Apr-2026 09:27:49.585 INFO [main] org.apache.catalina.core.ApplicationContext.log ContextListener: contextDestroyed()
04-Apr-2026 09:27:49.587 INFO [main] org.apache.catalina.core.ApplicationContext.log Destroying Spring FrameworkServlet 'dispatcher'
04-Apr-2026 09:27:50.127 INFO [main] org.apache.catalina.core.ApplicationContext.log Closing Spring root WebApplicationContext
04-Apr-2026 09:27:53.988 INFO [main] org.apache.catalina.core.ApplicationContext.log No Spring WebApplicationInitializer types detected on classpath
04-Apr-2026 09:27:54.077 INFO [main] org.apache.catalina.core.ApplicationContext.log Initializing Spring root WebApplicationContext
04-Apr-2026 09:27:56.773 INFO [main] org.apache.catalina.core.ApplicationContext.log Initializing Spring FrameworkServlet 'dispatcher'
04-Apr-2026 09:27:57.728 INFO [main] org.apache.catalina.core.ApplicationContext.log ContextListener: contextInitialized()
04-Apr-2026 09:27:57.728 INFO [main] org.apache.catalina.core.ApplicationContext.log SessionListener: contextInitialized()
04-Apr-2026 09:27:57.730 INFO [main] org.apache.catalina.core.ApplicationContext.log ContextListener: attributeAdded('StockTicker', 'async.Stockticker@5d72da0b')
04-Apr-2026 09:27:57.875 INFO [main] org.apache.catalina.core.ApplicationContext.log SessionListener: contextDestroyed()
04-Apr-2026 09:27:57.875 INFO [main] org.apache.catalina.core.ApplicationContext.log ContextListener: contextDestroyed()
04-Apr-2026 09:27:57.881 INFO [main] org.apache.catalina.core.ApplicationContext.log Destroying Spring FrameworkServlet 'dispatcher'
04-Apr-2026 09:27:58.046 INFO [main] org.apache.catalina.core.ApplicationContext.log Closing Spring root WebApplicationContext
04-Apr-2026 09:28:02.706 INFO [main] org.apache.catalina.core.ApplicationContext.log No Spring WebApplicationInitializer types detected on classpath
04-Apr-2026 09:28:02.785 INFO [main] org.apache.catalina.core.ApplicationContext.log Initializing Spring root WebApplicationContext
04-Apr-2026 09:28:05.472 INFO [main] org.apache.catalina.core.ApplicationContext.log Initializing Spring FrameworkServlet 'dispatcher'
04-Apr-2026 09:28:06.363 INFO [main] org.apache.catalina.core.ApplicationContext.log ContextListener: contextInitialized()
04-Apr-2026 09:28:06.363 INFO [main] org.apache.catalina.core.ApplicationContext.log SessionListener: contextInitialized()
04-Apr-2026 09:28:06.365 INFO [main] org.apache.catalina.core.ApplicationContext.log ContextListener: attributeAdded('StockTicker', 'async.Stockticker@5d72da0b')
04-Apr-2026 09:28:06.622 INFO [main] org.apache.catalina.core.ApplicationContext.log SessionListener: contextDestroyed()
04-Apr-2026 09:28:06.622 INFO [main] org.apache.catalina.core.ApplicationContext.log ContextListener: contextDestroyed()
04-Apr-2026 09:28:06.624 INFO [main] org.apache.catalina.core.ApplicationContext.log Destroying Spring FrameworkServlet 'dispatcher'
04-Apr-2026 09:28:06.687 INFO [main] org.apache.catalina.core.ApplicationContext.log Closing Spring root WebApplicationContext
04-Apr-2026 09:28:10.722 INFO [main] org.apache.catalina.core.ApplicationContext.log No Spring WebApplicationInitializer types detected on classpath
04-Apr-2026 09:28:10.809 INFO [main] org.apache.catalina.core.ApplicationContext.log Initializing Spring root WebApplicationContext
04-Apr-2026 09:28:13.823 INFO [main] org.apache.catalina.core.ApplicationContext.log Initializing Spring FrameworkServlet 'dispatcher'
04-Apr-2026 09:28:14.909 INFO [main] org.apache.catalina.core.ApplicationContext.log ContextListener: contextInitialized()
04-Apr-2026 09:28:14.909 INFO [main] org.apache.catalina.core.ApplicationContext.log SessionListener: contextInitialized()
04-Apr-2026 09:28:14.909 INFO [main] org.apache.catalina.core.ApplicationContext.log ContextListener: attributeAdded('StockTicker', 'async.Stockticker@5d72da0b')
04-Apr-2026 09:28:15.225 INFO [main] org.apache.catalina.core.ApplicationContext.log SessionListener: contextDestroyed()
04-Apr-2026 09:28:15.225 INFO [main] org.apache.catalina.core.ApplicationContext.log ContextListener: contextDestroyed()
04-Apr-2026 09:28:15.229 INFO [main] org.apache.catalina.core.ApplicationContext.log Destroying Spring FrameworkServlet 'dispatcher'
04-Apr-2026 09:28:15.333 INFO [main] org.apache.catalina.core.ApplicationContext.log Closing Spring root WebApplicationContext
04-Apr-2026 09:28:19.090 INFO [main] org.apache.catalina.core.ApplicationContext.log No Spring WebApplicationInitializer types detected on classpath
04-Apr-2026 09:28:19.175 INFO [main] org.apache.catalina.core.ApplicationContext.log Initializing Spring root WebApplicationContext
04-Apr-2026 09:28:21.885 INFO [main] org.apache.catalina.core.ApplicationContext.log Initializing Spring FrameworkServlet 'dispatcher'
04-Apr-2026 09:28:22.867 INFO [main] org.apache.catalina.core.ApplicationContext.log ContextListener: contextInitialized()
04-Apr-2026 09:28:22.867 INFO [main] org.apache.catalina.core.ApplicationContext.log SessionListener: contextInitialized()
04-Apr-2026 09:28:22.869 INFO [main] org.apache.catalina.core.ApplicationContext.log ContextListener: attributeAdded('StockTicker', 'async.Stockticker@5d72da0b')
04-Apr-2026 09:28:23.160 INFO [main] org.apache.catalina.core.ApplicationContext.log SessionListener: contextDestroyed()
04-Apr-2026 09:28:23.160 INFO [main] org.apache.catalina.core.ApplicationContext.log ContextListener: contextDestroyed()
04-Apr-2026 09:28:23.164 INFO [main] org.apache.catalina.core.ApplicationContext.log Destroying Spring FrameworkServlet 'dispatcher'
04-Apr-2026 09:28:23.172 INFO [main] org.apache.catalina.core.ApplicationContext.log Closing Spring root WebApplicationContext
04-Apr-2026 09:28:27.378 INFO [main] org.apache.catalina.core.ApplicationContext.log No Spring WebApplicationInitializer types detected on classpath
04-Apr-2026 09:28:27.462 INFO [main] org.apache.catalina.core.ApplicationContext.log Initializing Spring root WebApplicationContext
04-Apr-2026 09:28:30.200 INFO [main] org.apache.catalina.core.ApplicationContext.log Initializing Spring FrameworkServlet 'dispatcher'
04-Apr-2026 09:28:31.153 INFO [main] org.apache.catalina.core.ApplicationContext.log ContextListener: contextInitialized()
04-Apr-2026 09:28:31.153 INFO [main] org.apache.catalina.core.ApplicationContext.log SessionListener: contextInitialized()
04-Apr-2026 09:28:31.155 INFO [main] org.apache.catalina.core.ApplicationContext.log ContextListener: attributeAdded('StockTicker', 'async.Stockticker@5d72da0b')
04-Apr-2026 09:28:31.463 INFO [main] org.apache.catalina.core.ApplicationContext.log SessionListener: contextDestroyed()
04-Apr-2026 09:28:31.463 INFO [main] org.apache.catalina.core.ApplicationContext.log ContextListener: contextDestroyed()
04-Apr-2026 09:28:31.469 INFO [main] org.apache.catalina.core.ApplicationContext.log Destroying Spring FrameworkServlet 'dispatcher'
04-Apr-2026 09:28:31.562 INFO [main] org.apache.catalina.core.ApplicationContext.log Closing Spring root WebApplicationContext
04-Apr-2026 09:28:35.742 INFO [main] org.apache.catalina.core.ApplicationContext.log No Spring WebApplicationInitializer types detected on classpath
04-Apr-2026 09:28:35.828 INFO [main] org.apache.catalina.core.ApplicationContext.log Initializing Spring root WebApplicationContext
04-Apr-2026 09:28:38.606 INFO [main] org.apache.catalina.core.ApplicationContext.log Initializing Spring FrameworkServlet 'dispatcher'
04-Apr-2026 09:28:39.486 INFO [main] org.apache.catalina.core.ApplicationContext.log ContextListener: contextInitialized()
04-Apr-2026 09:28:39.486 INFO [main] org.apache.catalina.core.ApplicationContext.log SessionListener: contextInitialized()
04-Apr-2026 09:28:39.488 INFO [main] org.apache.catalina.core.ApplicationContext.log ContextListener: attributeAdded('StockTicker', 'async.Stockticker@5d72da0b')
04-Apr-2026 09:28:39.793 INFO [main] org.apache.catalina.core.ApplicationContext.log SessionListener: contextDestroyed()
04-Apr-2026 09:28:39.793 INFO [main] org.apache.catalina.core.ApplicationContext.log ContextListener: contextDestroyed()
04-Apr-2026 09:28:39.797 INFO [main] org.apache.catalina.core.ApplicationContext.log Destroying Spring FrameworkServlet 'dispatcher'
04-Apr-2026 09:28:39.858 INFO [main] org.apache.catalina.core.ApplicationContext.log Closing Spring root WebApplicationContext
04-Apr-2026 09:28:44.053 INFO [main] org.apache.catalina.core.ApplicationContext.log No Spring WebApplicationInitializer types detected on classpath
04-Apr-2026 09:28:44.132 INFO [main] org.apache.catalina.core.ApplicationContext.log Initializing Spring root WebApplicationContext
04-Apr-2026 09:28:46.794 INFO [main] org.apache.catalina.core.ApplicationContext.log Initializing Spring FrameworkServlet 'dispatcher'
04-Apr-2026 09:28:47.804 INFO [main] org.apache.catalina.core.ApplicationContext.log ContextListener: contextInitialized()
04-Apr-2026 09:28:47.804 INFO [main] org.apache.catalina.core.ApplicationContext.log SessionListener: contextInitialized()
04-Apr-2026 09:28:47.806 INFO [main] org.apache.catalina.core.ApplicationContext.log ContextListener: attributeAdded('StockTicker', 'async.Stockticker@5d72da0b')
04-Apr-2026 09:28:48.130 INFO [main] org.apache.catalina.core.ApplicationContext.log SessionListener: contextDestroyed()
04-Apr-2026 09:28:48.130 INFO [main] org.apache.catalina.core.ApplicationContext.log ContextListener: contextDestroyed()
04-Apr-2026 09:28:48.134 INFO [main] org.apache.catalina.core.ApplicationContext.log Destroying Spring FrameworkServlet 'dispatcher'
04-Apr-2026 09:28:48.245 INFO [main] org.apache.catalina.core.ApplicationContext.log Closing Spring root WebApplicationContext
04-Apr-2026 09:28:52.436 INFO [main] org.apache.catalina.core.ApplicationContext.log No Spring WebApplicationInitializer types detected on classpath
04-Apr-2026 09:28:52.525 INFO [main] org.apache.catalina.core.ApplicationContext.log Initializing Spring root WebApplicationContext
04-Apr-2026 09:28:55.236 INFO [main] org.apache.catalina.core.ApplicationContext.log Initializing Spring FrameworkServlet 'dispatcher'
04-Apr-2026 09:28:56.219 INFO [main] org.apache.catalina.core.ApplicationContext.log ContextListener: contextInitialized()
04-Apr-2026 09:28:56.219 INFO [main] org.apache.catalina.core.ApplicationContext.log SessionListener: contextInitialized()
04-Apr-2026 09:28:56.221 INFO [main] org.apache.catalina.core.ApplicationContext.log ContextListener: attributeAdded('StockTicker', 'async.Stockticker@5d72da0b')
04-Apr-2026 09:28:56.527 INFO [main] org.apache.catalina.core.ApplicationContext.log SessionListener: contextDestroyed()
04-Apr-2026 09:28:56.527 INFO [main] org.apache.catalina.core.ApplicationContext.log ContextListener: contextDestroyed()
04-Apr-2026 09:28:56.531 INFO [main] org.apache.catalina.core.ApplicationContext.log Destroying Spring FrameworkServlet 'dispatcher'
04-Apr-2026 09:28:56.600 INFO [main] org.apache.catalina.core.ApplicationContext.log Closing Spring root WebApplicationContext
04-Apr-2026 09:29:00.764 INFO [main] org.apache.catalina.core.ApplicationContext.log No Spring WebApplicationInitializer types detected on classpath
04-Apr-2026 09:29:00.843 INFO [main] org.apache.catalina.core.ApplicationContext.log Initializing Spring root WebApplicationContext
04-Apr-2026 09:29:03.465 INFO [main] org.apache.catalina.core.ApplicationContext.log Initializing Spring FrameworkServlet 'dispatcher'
04-Apr-2026 09:29:04.377 INFO [main] org.apache.catalina.core.ApplicationContext.log ContextListener: contextInitialized()
04-Apr-2026 09:29:04.377 INFO [main] org.apache.catalina.core.ApplicationContext.log SessionListener: contextInitialized()
04-Apr-2026 09:29:04.379 INFO [main] org.apache.catalina.core.ApplicationContext.log ContextListener: attributeAdded('StockTicker', 'async.Stockticker@5d72da0b')
04-Apr-2026 09:29:04.651 INFO [main] org.apache.catalina.core.ApplicationContext.log SessionListener: contextDestroyed()
04-Apr-2026 09:29:04.651 INFO [main] org.apache.catalina.core.ApplicationContext.log ContextListener: contextDestroyed()
04-Apr-2026 09:29:04.655 INFO [main] org.apache.catalina.core.ApplicationContext.log Destroying Spring FrameworkServlet 'dispatcher'
04-Apr-2026 09:29:04.683 INFO [main] org.apache.catalina.core.ApplicationContext.log Closing Spring root WebApplicationContext
04-Apr-2026 09:29:09.026 INFO [main] org.apache.catalina.core.ApplicationContext.log No Spring WebApplicationInitializer types detected on classpath
04-Apr-2026 09:29:09.115 INFO [main] org.apache.catalina.core.ApplicationContext.log Initializing Spring root WebApplicationContext
04-Apr-2026 09:29:11.778 INFO [main] org.apache.catalina.core.ApplicationContext.log Initializing Spring FrameworkServlet 'dispatcher'
04-Apr-2026 09:29:12.707 INFO [main] org.apache.catalina.core.ApplicationContext.log ContextListener: contextInitialized()
04-Apr-2026 09:29:12.709 INFO [main] org.apache.catalina.core.ApplicationContext.log SessionListener: contextInitialized()
04-Apr-2026 09:29:12.709 INFO [main] org.apache.catalina.core.ApplicationContext.log ContextListener: attributeAdded('StockTicker', 'async.Stockticker@5d72da0b')
04-Apr-2026 09:29:13.005 INFO [main] org.apache.catalina.core.ApplicationContext.log SessionListener: contextDestroyed()
04-Apr-2026 09:29:13.005 INFO [main] org.apache.catalina.core.ApplicationContext.log ContextListener: contextDestroyed()
04-Apr-2026 09:29:13.007 INFO [main] org.apache.catalina.core.ApplicationContext.log Destroying Spring FrameworkServlet 'dispatcher'
04-Apr-2026 09:29:13.073 INFO [main] org.apache.catalina.core.ApplicationContext.log Closing Spring root WebApplicationContext
04-Apr-2026 09:29:17.353 INFO [main] org.apache.catalina.core.ApplicationContext.log No Spring WebApplicationInitializer types detected on classpath
04-Apr-2026 09:29:17.442 INFO [main] org.apache.catalina.core.ApplicationContext.log Initializing Spring root WebApplicationContext
04-Apr-2026 09:29:20.478 INFO [main] org.apache.catalina.core.ApplicationContext.log Initializing Spring FrameworkServlet 'dispatcher'
04-Apr-2026 09:29:21.625 INFO [main] org.apache.catalina.core.ApplicationContext.log ContextListener: contextInitialized()
04-Apr-2026 09:29:21.627 INFO [main] org.apache.catalina.core.ApplicationContext.log SessionListener: contextInitialized()
04-Apr-2026 09:29:21.627 INFO [main] org.apache.catalina.core.ApplicationContext.log ContextListener: attributeAdded('StockTicker', 'async.Stockticker@5d72da0b')
04-Apr-2026 09:29:21.916 INFO [main] org.apache.catalina.core.ApplicationContext.log SessionListener: contextDestroyed()
04-Apr-2026 09:29:21.916 INFO [main] org.apache.catalina.core.ApplicationContext.log ContextListener: contextDestroyed()
04-Apr-2026 09:29:21.920 INFO [main] org.apache.catalina.core.ApplicationContext.log Destroying Spring FrameworkServlet 'dispatcher'
04-Apr-2026 09:29:22.033 INFO [main] org.apache.catalina.core.ApplicationContext.log Closing Spring root WebApplicationContext
04-Apr-2026 09:29:25.686 INFO [main] org.apache.catalina.core.ApplicationContext.log No Spring WebApplicationInitializer types detected on classpath
04-Apr-2026 09:29:25.783 INFO [main] org.apache.catalina.core.ApplicationContext.log Initializing Spring root WebApplicationContext
04-Apr-2026 09:29:28.481 INFO [main] org.apache.catalina.core.ApplicationContext.log Initializing Spring FrameworkServlet 'dispatcher'
04-Apr-2026 09:29:29.380 INFO [main] org.apache.catalina.core.ApplicationContext.log ContextListener: contextInitialized()
04-Apr-2026 09:29:29.380 INFO [main] org.apache.catalina.core.ApplicationContext.log SessionListener: contextInitialized()
04-Apr-2026 09:29:29.382 INFO [main] org.apache.catalina.core.ApplicationContext.log ContextListener: attributeAdded('StockTicker', 'async.Stockticker@5d72da0b')
04-Apr-2026 09:29:29.695 INFO [main] org.apache.catalina.core.ApplicationContext.log SessionListener: contextDestroyed()
04-Apr-2026 09:29:29.695 INFO [main] org.apache.catalina.core.ApplicationContext.log ContextListener: contextDestroyed()
04-Apr-2026 09:29:29.697 INFO [main] org.apache.catalina.core.ApplicationContext.log Destroying Spring FrameworkServlet 'dispatcher'
04-Apr-2026 09:29:29.722 INFO [main] org.apache.catalina.core.ApplicationContext.log Closing Spring root WebApplicationContext
04-Apr-2026 09:29:34.014 INFO [main] org.apache.catalina.core.ApplicationContext.log No Spring WebApplicationInitializer types detected on classpath
04-Apr-2026 09:29:34.096 INFO [main] org.apache.catalina.core.ApplicationContext.log Initializing Spring root WebApplicationContext
04-Apr-2026 09:29:36.788 INFO [main] org.apache.catalina.core.ApplicationContext.log Initializing Spring FrameworkServlet 'dispatcher'
04-Apr-2026 09:29:37.728 INFO [main] org.apache.catalina.core.ApplicationContext.log ContextListener: contextInitialized()
04-Apr-2026 09:29:37.728 INFO [main] org.apache.catalina.core.ApplicationContext.log SessionListener: contextInitialized()
04-Apr-2026 09:29:37.730 INFO [main] org.apache.catalina.core.ApplicationContext.log ContextListener: attributeAdded('StockTicker', 'async.Stockticker@5d72da0b')
04-Apr-2026 09:29:38.082 INFO [main] org.apache.catalina.core.ApplicationContext.log SessionListener: contextDestroyed()
04-Apr-2026 09:29:38.082 INFO [main] org.apache.catalina.core.ApplicationContext.log ContextListener: contextDestroyed()
04-Apr-2026 09:29:38.090 INFO [main] org.apache.catalina.core.ApplicationContext.log Destroying Spring FrameworkServlet 'dispatcher'
04-Apr-2026 09:29:38.102 INFO [main] org.apache.catalina.core.ApplicationContext.log Closing Spring root WebApplicationContext
04-Apr-2026 09:29:42.291 INFO [main] org.apache.catalina.core.ApplicationContext.log No Spring WebApplicationInitializer types detected on classpath
04-Apr-2026 09:29:42.380 INFO [main] org.apache.catalina.core.ApplicationContext.log Initializing Spring root WebApplicationContext
04-Apr-2026 09:29:45.063 INFO [main] org.apache.catalina.core.ApplicationContext.log Initializing Spring FrameworkServlet 'dispatcher'
04-Apr-2026 09:29:45.926 INFO [main] org.apache.catalina.core.ApplicationContext.log ContextListener: contextInitialized()
04-Apr-2026 09:29:45.926 INFO [main] org.apache.catalina.core.ApplicationContext.log SessionListener: contextInitialized()
04-Apr-2026 09:29:45.928 INFO [main] org.apache.catalina.core.ApplicationContext.log ContextListener: attributeAdded('StockTicker', 'async.Stockticker@5d72da0b')
04-Apr-2026 09:29:46.233 INFO [main] org.apache.catalina.core.ApplicationContext.log SessionListener: contextDestroyed()
04-Apr-2026 09:29:46.233 INFO [main] org.apache.catalina.core.ApplicationContext.log ContextListener: contextDestroyed()
04-Apr-2026 09:29:46.237 INFO [main] org.apache.catalina.core.ApplicationContext.log Destroying Spring FrameworkServlet 'dispatcher'
04-Apr-2026 09:29:46.292 INFO [main] org.apache.catalina.core.ApplicationContext.log Closing Spring root WebApplicationContext
04-Apr-2026 09:29:50.630 INFO [main] org.apache.catalina.core.ApplicationContext.log No Spring WebApplicationInitializer types detected on classpath
04-Apr-2026 09:29:50.703 INFO [main] org.apache.catalina.core.ApplicationContext.log Initializing Spring root WebApplicationContext
04-Apr-2026 09:29:53.280 INFO [main] org.apache.catalina.core.ApplicationContext.log Initializing Spring FrameworkServlet 'dispatcher'
04-Apr-2026 09:29:54.292 INFO [main] org.apache.catalina.core.ApplicationContext.log ContextListener: contextInitialized()
04-Apr-2026 09:29:54.292 INFO [main] org.apache.catalina.core.ApplicationContext.log SessionListener: contextInitialized()
04-Apr-2026 09:29:54.292 INFO [main] org.apache.catalina.core.ApplicationContext.log ContextListener: attributeAdded('StockTicker', 'async.Stockticker@5d72da0b')
04-Apr-2026 09:29:54.573 INFO [main] org.apache.catalina.core.ApplicationContext.log SessionListener: contextDestroyed()
04-Apr-2026 09:29:54.573 INFO [main] org.apache.catalina.core.ApplicationContext.log ContextListener: contextDestroyed()
04-Apr-2026 09:29:54.577 INFO [main] org.apache.catalina.core.ApplicationContext.log Destroying Spring FrameworkServlet 'dispatcher'
04-Apr-2026 09:29:54.682 INFO [main] org.apache.catalina.core.ApplicationContext.log Closing Spring root WebApplicationContext
04-Apr-2026 09:29:58.952 INFO [main] org.apache.catalina.core.ApplicationContext.log No Spring WebApplicationInitializer types detected on classpath
04-Apr-2026 09:29:59.039 INFO [main] org.apache.catalina.core.ApplicationContext.log Initializing Spring root WebApplicationContext
04-Apr-2026 09:30:01.694 INFO [main] org.apache.catalina.core.ApplicationContext.log Initializing Spring FrameworkServlet 'dispatcher'
04-Apr-2026 09:30:02.594 INFO [main] org.apache.catalina.core.ApplicationContext.log ContextListener: contextInitialized()
04-Apr-2026 09:30:02.594 INFO [main] org.apache.catalina.core.ApplicationContext.log SessionListener: contextInitialized()
04-Apr-2026 09:30:02.594 INFO [main] org.apache.catalina.core.ApplicationContext.log ContextListener: attributeAdded('StockTicker', 'async.Stockticker@285b63eb')
04-Apr-2026 09:30:02.896 INFO [main] org.apache.catalina.core.ApplicationContext.log SessionListener: contextDestroyed()
04-Apr-2026 09:30:02.896 INFO [main] org.apache.catalina.core.ApplicationContext.log ContextListener: contextDestroyed()
04-Apr-2026 09:30:02.900 INFO [main] org.apache.catalina.core.ApplicationContext.log Destroying Spring FrameworkServlet 'dispatcher'
04-Apr-2026 09:30:02.947 INFO [main] org.apache.catalina.core.ApplicationContext.log Closing Spring root WebApplicationContext
04-Apr-2026 09:30:07.242 INFO [main] org.apache.catalina.core.ApplicationContext.log No Spring WebApplicationInitializer types detected on classpath
04-Apr-2026 09:30:07.337 INFO [main] org.apache.catalina.core.ApplicationContext.log Initializing Spring root WebApplicationContext
04-Apr-2026 09:30:09.980 INFO [main] org.apache.catalina.core.ApplicationContext.log Initializing Spring FrameworkServlet 'dispatcher'
04-Apr-2026 09:30:10.852 INFO [main] org.apache.catalina.core.ApplicationContext.log ContextListener: contextInitialized()
04-Apr-2026 09:30:10.852 INFO [main] org.apache.catalina.core.ApplicationContext.log SessionListener: contextInitialized()
04-Apr-2026 09:30:10.852 INFO [main] org.apache.catalina.core.ApplicationContext.log ContextListener: attributeAdded('StockTicker', 'async.Stockticker@5d72da0b')
04-Apr-2026 09:30:11.133 INFO [main] org.apache.catalina.core.ApplicationContext.log SessionListener: contextDestroyed()
04-Apr-2026 09:30:11.133 INFO [main] org.apache.catalina.core.ApplicationContext.log ContextListener: contextDestroyed()
04-Apr-2026 09:30:11.137 INFO [main] org.apache.catalina.core.ApplicationContext.log Destroying Spring FrameworkServlet 'dispatcher'
04-Apr-2026 09:30:11.193 INFO [main] org.apache.catalina.core.ApplicationContext.log Closing Spring root WebApplicationContext
04-Apr-2026 09:30:15.525 INFO [main] org.apache.catalina.core.ApplicationContext.log No Spring WebApplicationInitializer types detected on classpath
04-Apr-2026 09:30:15.600 INFO [main] org.apache.catalina.core.ApplicationContext.log Initializing Spring root WebApplicationContext
04-Apr-2026 09:30:18.270 INFO [main] org.apache.catalina.core.ApplicationContext.log Initializing Spring FrameworkServlet 'dispatcher'
04-Apr-2026 09:30:19.215 INFO [main] org.apache.catalina.core.ApplicationContext.log ContextListener: contextInitialized()
04-Apr-2026 09:30:19.215 INFO [main] org.apache.catalina.core.ApplicationContext.log SessionListener: contextInitialized()
04-Apr-2026 09:30:19.215 INFO [main] org.apache.catalina.core.ApplicationContext.log ContextListener: attributeAdded('StockTicker', 'async.Stockticker@5d72da0b')
04-Apr-2026 09:30:19.528 INFO [main] org.apache.catalina.core.ApplicationContext.log SessionListener: contextDestroyed()
04-Apr-2026 09:30:19.528 INFO [main] org.apache.catalina.core.ApplicationContext.log ContextListener: contextDestroyed()
04-Apr-2026 09:30:19.532 INFO [main] org.apache.catalina.core.ApplicationContext.log Destroying Spring FrameworkServlet 'dispatcher'
04-Apr-2026 09:30:19.681 INFO [main] org.apache.catalina.core.ApplicationContext.log Closing Spring root WebApplicationContext
04-Apr-2026 09:30:23.994 INFO [main] org.apache.catalina.core.ApplicationContext.log No Spring WebApplicationInitializer types detected on classpath
04-Apr-2026 09:30:24.111 INFO [main] org.apache.catalina.core.ApplicationContext.log Initializing Spring root WebApplicationContext
04-Apr-2026 09:30:27.114 INFO [main] org.apache.catalina.core.ApplicationContext.log Initializing Spring FrameworkServlet 'dispatcher'
04-Apr-2026 09:30:28.165 INFO [main] org.apache.catalina.core.ApplicationContext.log ContextListener: contextInitialized()
04-Apr-2026 09:30:28.165 INFO [main] org.apache.catalina.core.ApplicationContext.log SessionListener: contextInitialized()
04-Apr-2026 09:30:28.167 INFO [main] org.apache.catalina.core.ApplicationContext.log ContextListener: attributeAdded('StockTicker', 'async.Stockticker@5d72da0b')
04-Apr-2026 09:30:28.450 INFO [main] org.apache.catalina.core.ApplicationContext.log SessionListener: contextDestroyed()
04-Apr-2026 09:30:28.450 INFO [main] org.apache.catalina.core.ApplicationContext.log ContextListener: contextDestroyed()
04-Apr-2026 09:30:28.454 INFO [main] org.apache.catalina.core.ApplicationContext.log Destroying Spring FrameworkServlet 'dispatcher'
04-Apr-2026 09:30:28.519 INFO [main] org.apache.catalina.core.ApplicationContext.log Closing Spring root WebApplicationContext
04-Apr-2026 09:30:32.147 INFO [main] org.apache.catalina.core.ApplicationContext.log No Spring WebApplicationInitializer types detected on classpath
04-Apr-2026 09:30:32.236 INFO [main] org.apache.catalina.core.ApplicationContext.log Initializing Spring root WebApplicationContext
04-Apr-2026 09:30:34.906 INFO [main] org.apache.catalina.core.ApplicationContext.log Initializing Spring FrameworkServlet 'dispatcher'
04-Apr-2026 09:30:35.785 INFO [main] org.apache.catalina.core.ApplicationContext.log ContextListener: contextInitialized()
04-Apr-2026 09:30:35.785 INFO [main] org.apache.catalina.core.ApplicationContext.log SessionListener: contextInitialized()
04-Apr-2026 09:30:35.787 INFO [main] org.apache.catalina.core.ApplicationContext.log ContextListener: attributeAdded('StockTicker', 'async.Stockticker@5d72da0b')
04-Apr-2026 09:30:36.047 INFO [main] org.apache.catalina.core.ApplicationContext.log SessionListener: contextDestroyed()
04-Apr-2026 09:30:36.047 INFO [main] org.apache.catalina.core.ApplicationContext.log ContextListener: contextDestroyed()
04-Apr-2026 09:30:36.053 INFO [main] org.apache.catalina.core.ApplicationContext.log Destroying Spring FrameworkServlet 'dispatcher'
04-Apr-2026 09:30:36.083 INFO [main] org.apache.catalina.core.ApplicationContext.log Closing Spring root WebApplicationContext
04-Apr-2026 09:30:40.481 INFO [main] org.apache.catalina.core.ApplicationContext.log No Spring WebApplicationInitializer types detected on classpath
04-Apr-2026 09:30:40.562 INFO [main] org.apache.catalina.core.ApplicationContext.log Initializing Spring root WebApplicationContext
04-Apr-2026 09:30:43.140 INFO [main] org.apache.catalina.core.ApplicationContext.log Initializing Spring FrameworkServlet 'dispatcher'
04-Apr-2026 09:30:44.089 INFO [main] org.apache.catalina.core.ApplicationContext.log ContextListener: contextInitialized()
04-Apr-2026 09:30:44.091 INFO [main] org.apache.catalina.core.ApplicationContext.log SessionListener: contextInitialized()
04-Apr-2026 09:30:44.093 INFO [main] org.apache.catalina.core.ApplicationContext.log ContextListener: attributeAdded('StockTicker', 'async.Stockticker@5d72da0b')
04-Apr-2026 09:30:44.436 INFO [main] org.apache.catalina.core.ApplicationContext.log SessionListener: contextDestroyed()
04-Apr-2026 09:30:44.436 INFO [main] org.apache.catalina.core.ApplicationContext.log ContextListener: contextDestroyed()
04-Apr-2026 09:30:44.442 INFO [main] org.apache.catalina.core.ApplicationContext.log Destroying Spring FrameworkServlet 'dispatcher'
04-Apr-2026 09:30:44.809 INFO [main] org.apache.catalina.core.ApplicationContext.log Closing Spring root WebApplicationContext
04-Apr-2026 09:30:48.792 INFO [main] org.apache.catalina.core.ApplicationContext.log No Spring WebApplicationInitializer types detected on classpath
04-Apr-2026 09:30:48.873 INFO [main] org.apache.catalina.core.ApplicationContext.log Initializing Spring root WebApplicationContext
04-Apr-2026 09:30:51.433 INFO [main] org.apache.catalina.core.ApplicationContext.log Initializing Spring FrameworkServlet 'dispatcher'
04-Apr-2026 09:30:52.292 INFO [main] org.apache.catalina.core.ApplicationContext.log ContextListener: contextInitialized()
04-Apr-2026 09:30:52.294 INFO [main] org.apache.catalina.core.ApplicationContext.log SessionListener: contextInitialized()
04-Apr-2026 09:30:52.294 INFO [main] org.apache.catalina.core.ApplicationContext.log ContextListener: attributeAdded('StockTicker', 'async.Stockticker@5d72da0b')
04-Apr-2026 09:30:52.572 INFO [main] org.apache.catalina.core.ApplicationContext.log SessionListener: contextDestroyed()
04-Apr-2026 09:30:52.572 INFO [main] org.apache.catalina.core.ApplicationContext.log ContextListener: contextDestroyed()
04-Apr-2026 09:30:52.575 INFO [main] org.apache.catalina.core.ApplicationContext.log Destroying Spring FrameworkServlet 'dispatcher'
04-Apr-2026 09:30:52.639 INFO [main] org.apache.catalina.core.ApplicationContext.log Closing Spring root WebApplicationContext
04-Apr-2026 09:30:57.106 INFO [main] org.apache.catalina.core.ApplicationContext.log No Spring WebApplicationInitializer types detected on classpath
04-Apr-2026 09:30:57.187 INFO [main] org.apache.catalina.core.ApplicationContext.log Initializing Spring root WebApplicationContext
04-Apr-2026 09:30:59.792 INFO [main] org.apache.catalina.core.ApplicationContext.log Initializing Spring FrameworkServlet 'dispatcher'
04-Apr-2026 09:31:00.726 INFO [main] org.apache.catalina.core.ApplicationContext.log ContextListener: contextInitialized()
04-Apr-2026 09:31:00.726 INFO [main] org.apache.catalina.core.ApplicationContext.log SessionListener: contextInitialized()
04-Apr-2026 09:31:00.728 INFO [main] org.apache.catalina.core.ApplicationContext.log ContextListener: attributeAdded('StockTicker', 'async.Stockticker@5d72da0b')
04-Apr-2026 09:31:01.136 INFO [main] org.apache.catalina.core.ApplicationContext.log SessionListener: contextDestroyed()
04-Apr-2026 09:31:01.136 INFO [main] org.apache.catalina.core.ApplicationContext.log ContextListener: contextDestroyed()
04-Apr-2026 09:31:01.140 INFO [main] org.apache.catalina.core.ApplicationContext.log Destroying Spring FrameworkServlet 'dispatcher'
04-Apr-2026 09:31:01.288 INFO [main] org.apache.catalina.core.ApplicationContext.log Closing Spring root WebApplicationContext
04-Apr-2026 09:31:05.408 INFO [main] org.apache.catalina.core.ApplicationContext.log No Spring WebApplicationInitializer types detected on classpath
04-Apr-2026 09:31:05.498 INFO [main] org.apache.catalina.core.ApplicationContext.log Initializing Spring root WebApplicationContext
04-Apr-2026 09:31:08.174 INFO [main] org.apache.catalina.core.ApplicationContext.log Initializing Spring FrameworkServlet 'dispatcher'
04-Apr-2026 09:31:09.032 INFO [main] org.apache.catalina.core.ApplicationContext.log ContextListener: contextInitialized()
04-Apr-2026 09:31:09.032 INFO [main] org.apache.catalina.core.ApplicationContext.log SessionListener: contextInitialized()
04-Apr-2026 09:31:09.032 INFO [main] org.apache.catalina.core.ApplicationContext.log ContextListener: attributeAdded('StockTicker', 'async.Stockticker@5d72da0b')
04-Apr-2026 09:31:09.283 INFO [main] org.apache.catalina.core.ApplicationContext.log SessionListener: contextDestroyed()
04-Apr-2026 09:31:09.283 INFO [main] org.apache.catalina.core.ApplicationContext.log ContextListener: contextDestroyed()
04-Apr-2026 09:31:09.289 INFO [main] org.apache.catalina.core.ApplicationContext.log Destroying Spring FrameworkServlet 'dispatcher'
04-Apr-2026 09:31:09.358 INFO [main] org.apache.catalina.core.ApplicationContext.log Closing Spring root WebApplicationContext
04-Apr-2026 09:31:13.691 INFO [main] org.apache.catalina.core.ApplicationContext.log No Spring WebApplicationInitializer types detected on classpath
04-Apr-2026 09:31:13.768 INFO [main] org.apache.catalina.core.ApplicationContext.log Initializing Spring root WebApplicationContext
04-Apr-2026 09:31:16.399 INFO [main] org.apache.catalina.core.ApplicationContext.log Initializing Spring FrameworkServlet 'dispatcher'
04-Apr-2026 09:31:17.418 INFO [main] org.apache.catalina.core.ApplicationContext.log ContextListener: contextInitialized()
04-Apr-2026 09:31:17.418 INFO [main] org.apache.catalina.core.ApplicationContext.log SessionListener: contextInitialized()
04-Apr-2026 09:31:17.420 INFO [main] org.apache.catalina.core.ApplicationContext.log ContextListener: attributeAdded('StockTicker', 'async.Stockticker@5d72da0b')
04-Apr-2026 09:31:17.762 INFO [main] org.apache.catalina.core.ApplicationContext.log SessionListener: contextDestroyed()
04-Apr-2026 09:31:17.762 INFO [main] org.apache.catalina.core.ApplicationContext.log ContextListener: contextDestroyed()
04-Apr-2026 09:31:17.768 INFO [main] org.apache.catalina.core.ApplicationContext.log Destroying Spring FrameworkServlet 'dispatcher'
04-Apr-2026 09:31:18.016 INFO [main] org.apache.catalina.core.ApplicationContext.log Closing Spring root WebApplicationContext
04-Apr-2026 09:31:22.073 INFO [main] org.apache.catalina.core.ApplicationContext.log No Spring WebApplicationInitializer types detected on classpath
04-Apr-2026 09:31:22.156 INFO [main] org.apache.catalina.core.ApplicationContext.log Initializing Spring root WebApplicationContext
04-Apr-2026 09:31:24.818 INFO [main] org.apache.catalina.core.ApplicationContext.log Initializing Spring FrameworkServlet 'dispatcher'
04-Apr-2026 09:31:25.657 INFO [main] org.apache.catalina.core.ApplicationContext.log ContextListener: contextInitialized()
04-Apr-2026 09:31:25.657 INFO [main] org.apache.catalina.core.ApplicationContext.log SessionListener: contextInitialized()
04-Apr-2026 09:31:25.657 INFO [main] org.apache.catalina.core.ApplicationContext.log ContextListener: attributeAdded('StockTicker', 'async.Stockticker@5d72da0b')
04-Apr-2026 09:31:25.911 INFO [main] org.apache.catalina.core.ApplicationContext.log SessionListener: contextDestroyed()
04-Apr-2026 09:31:25.911 INFO [main] org.apache.catalina.core.ApplicationContext.log ContextListener: contextDestroyed()
04-Apr-2026 09:31:25.915 INFO [main] org.apache.catalina.core.ApplicationContext.log Destroying Spring FrameworkServlet 'dispatcher'
04-Apr-2026 09:31:25.972 INFO [main] org.apache.catalina.core.ApplicationContext.log Closing Spring root WebApplicationContext
04-Apr-2026 09:31:30.622 INFO [main] org.apache.catalina.core.ApplicationContext.log No Spring WebApplicationInitializer types detected on classpath
04-Apr-2026 09:31:30.728 INFO [main] org.apache.catalina.core.ApplicationContext.log Initializing Spring root WebApplicationContext
04-Apr-2026 09:31:33.696 INFO [main] org.apache.catalina.core.ApplicationContext.log Initializing Spring FrameworkServlet 'dispatcher'
04-Apr-2026 09:31:34.584 INFO [main] org.apache.catalina.core.ApplicationContext.log ContextListener: contextInitialized()
04-Apr-2026 09:31:34.584 INFO [main] org.apache.catalina.core.ApplicationContext.log SessionListener: contextInitialized()
04-Apr-2026 09:31:34.586 INFO [main] org.apache.catalina.core.ApplicationContext.log ContextListener: attributeAdded('StockTicker', 'async.Stockticker@5d72da0b')
04-Apr-2026 09:31:34.863 INFO [main] org.apache.catalina.core.ApplicationContext.log SessionListener: contextDestroyed()
04-Apr-2026 09:31:34.863 INFO [main] org.apache.catalina.core.ApplicationContext.log ContextListener: contextDestroyed()
04-Apr-2026 09:31:34.865 INFO [main] org.apache.catalina.core.ApplicationContext.log Destroying Spring FrameworkServlet 'dispatcher'
04-Apr-2026 09:31:34.922 INFO [main] org.apache.catalina.core.ApplicationContext.log Closing Spring root WebApplicationContext
04-Apr-2026 09:31:38.683 INFO [main] org.apache.catalina.core.ApplicationContext.log No Spring WebApplicationInitializer types detected on classpath
04-Apr-2026 09:31:38.759 INFO [main] org.apache.catalina.core.ApplicationContext.log Initializing Spring root WebApplicationContext
04-Apr-2026 09:31:41.464 INFO [main] org.apache.catalina.core.ApplicationContext.log Initializing Spring FrameworkServlet 'dispatcher'
04-Apr-2026 09:31:42.378 INFO [main] org.apache.catalina.core.ApplicationContext.log ContextListener: contextInitialized()
04-Apr-2026 09:31:42.378 INFO [main] org.apache.catalina.core.ApplicationContext.log SessionListener: contextInitialized()
04-Apr-2026 09:31:42.380 INFO [main] org.apache.catalina.core.ApplicationContext.log ContextListener: attributeAdded('StockTicker', 'async.Stockticker@5d72da0b')
04-Apr-2026 09:31:42.681 INFO [main] org.apache.catalina.core.ApplicationContext.log SessionListener: contextDestroyed()
04-Apr-2026 09:31:42.681 INFO [main] org.apache.catalina.core.ApplicationContext.log ContextListener: contextDestroyed()
04-Apr-2026 09:31:42.686 INFO [main] org.apache.catalina.core.ApplicationContext.log Destroying Spring FrameworkServlet 'dispatcher'
04-Apr-2026 09:31:43.111 INFO [main] org.apache.catalina.core.ApplicationContext.log Closing Spring root WebApplicationContext
04-Apr-2026 09:31:47.006 INFO [main] org.apache.catalina.core.ApplicationContext.log No Spring WebApplicationInitializer types detected on classpath
04-Apr-2026 09:31:47.095 INFO [main] org.apache.catalina.core.ApplicationContext.log Initializing Spring root WebApplicationContext
04-Apr-2026 09:31:49.907 INFO [main] org.apache.catalina.core.ApplicationContext.log Initializing Spring FrameworkServlet 'dispatcher'
04-Apr-2026 09:31:50.767 INFO [main] org.apache.catalina.core.ApplicationContext.log ContextListener: contextInitialized()
04-Apr-2026 09:31:50.767 INFO [main] org.apache.catalina.core.ApplicationContext.log SessionListener: contextInitialized()
04-Apr-2026 09:31:50.767 INFO [main] org.apache.catalina.core.ApplicationContext.log ContextListener: attributeAdded('StockTicker', 'async.Stockticker@5d72da0b')
04-Apr-2026 09:31:51.052 INFO [main] org.apache.catalina.core.ApplicationContext.log SessionListener: contextDestroyed()
04-Apr-2026 09:31:51.052 INFO [main] org.apache.catalina.core.ApplicationContext.log ContextListener: contextDestroyed()
04-Apr-2026 09:31:51.056 INFO [main] org.apache.catalina.core.ApplicationContext.log Destroying Spring FrameworkServlet 'dispatcher'
04-Apr-2026 09:31:51.111 INFO [main] org.apache.catalina.core.ApplicationContext.log Closing Spring root WebApplicationContext
04-Apr-2026 09:31:55.280 INFO [main] org.apache.catalina.core.ApplicationContext.log No Spring WebApplicationInitializer types detected on classpath
04-Apr-2026 09:31:55.353 INFO [main] org.apache.catalina.core.ApplicationContext.log Initializing Spring root WebApplicationContext
04-Apr-2026 09:31:58.043 INFO [main] org.apache.catalina.core.ApplicationContext.log Initializing Spring FrameworkServlet 'dispatcher'
04-Apr-2026 09:31:59.003 INFO [main] org.apache.catalina.core.ApplicationContext.log ContextListener: contextInitialized()
04-Apr-2026 09:31:59.003 INFO [main] org.apache.catalina.core.ApplicationContext.log SessionListener: contextInitialized()
04-Apr-2026 09:31:59.005 INFO [main] org.apache.catalina.core.ApplicationContext.log ContextListener: attributeAdded('StockTicker', 'async.Stockticker@5d72da0b')
04-Apr-2026 09:31:59.423 INFO [main] org.apache.catalina.core.ApplicationContext.log SessionListener: contextDestroyed()
04-Apr-2026 09:31:59.423 INFO [main] org.apache.catalina.core.ApplicationContext.log ContextListener: contextDestroyed()
04-Apr-2026 09:31:59.427 INFO [main] org.apache.catalina.core.ApplicationContext.log Destroying Spring FrameworkServlet 'dispatcher'
04-Apr-2026 09:31:59.571 INFO [main] org.apache.catalina.core.ApplicationContext.log Closing Spring root WebApplicationContext
04-Apr-2026 09:32:03.634 INFO [main] org.apache.catalina.core.ApplicationContext.log No Spring WebApplicationInitializer types detected on classpath
04-Apr-2026 09:32:03.713 INFO [main] org.apache.catalina.core.ApplicationContext.log Initializing Spring root WebApplicationContext
04-Apr-2026 09:32:06.362 INFO [main] org.apache.catalina.core.ApplicationContext.log Initializing Spring FrameworkServlet 'dispatcher'
04-Apr-2026 09:32:07.270 INFO [main] org.apache.catalina.core.ApplicationContext.log ContextListener: contextInitialized()
04-Apr-2026 09:32:07.270 INFO [main] org.apache.catalina.core.ApplicationContext.log SessionListener: contextInitialized()
04-Apr-2026 09:32:07.272 INFO [main] org.apache.catalina.core.ApplicationContext.log ContextListener: attributeAdded('StockTicker', 'async.Stockticker@5d72da0b')
04-Apr-2026 09:32:07.608 INFO [main] org.apache.catalina.core.ApplicationContext.log SessionListener: contextDestroyed()
04-Apr-2026 09:32:07.608 INFO [main] org.apache.catalina.core.ApplicationContext.log ContextListener: contextDestroyed()
04-Apr-2026 09:32:07.614 INFO [main] org.apache.catalina.core.ApplicationContext.log Destroying Spring FrameworkServlet 'dispatcher'
04-Apr-2026 09:32:07.673 INFO [main] org.apache.catalina.core.ApplicationContext.log Closing Spring root WebApplicationContext
04-Apr-2026 09:32:11.990 INFO [main] org.apache.catalina.core.ApplicationContext.log No Spring WebApplicationInitializer types detected on classpath
04-Apr-2026 09:32:12.067 INFO [main] org.apache.catalina.core.ApplicationContext.log Initializing Spring root WebApplicationContext
04-Apr-2026 09:32:14.677 INFO [main] org.apache.catalina.core.ApplicationContext.log Initializing Spring FrameworkServlet 'dispatcher'
04-Apr-2026 09:32:15.656 INFO [main] org.apache.catalina.core.ApplicationContext.log ContextListener: contextInitialized()
04-Apr-2026 09:32:15.656 INFO [main] org.apache.catalina.core.ApplicationContext.log SessionListener: contextInitialized()
04-Apr-2026 09:32:15.658 INFO [main] org.apache.catalina.core.ApplicationContext.log ContextListener: attributeAdded('StockTicker', 'async.Stockticker@5d72da0b')
04-Apr-2026 09:32:15.981 INFO [main] org.apache.catalina.core.ApplicationContext.log SessionListener: contextDestroyed()
04-Apr-2026 09:32:15.981 INFO [main] org.apache.catalina.core.ApplicationContext.log ContextListener: contextDestroyed()
04-Apr-2026 09:32:15.985 INFO [main] org.apache.catalina.core.ApplicationContext.log Destroying Spring FrameworkServlet 'dispatcher'
04-Apr-2026 09:32:16.202 INFO [main] org.apache.catalina.core.ApplicationContext.log Closing Spring root WebApplicationContext
04-Apr-2026 09:32:20.318 INFO [main] org.apache.catalina.core.ApplicationContext.log No Spring WebApplicationInitializer types detected on classpath
04-Apr-2026 09:32:20.405 INFO [main] org.apache.catalina.core.ApplicationContext.log Initializing Spring root WebApplicationContext
04-Apr-2026 09:32:23.101 INFO [main] org.apache.catalina.core.ApplicationContext.log Initializing Spring FrameworkServlet 'dispatcher'
04-Apr-2026 09:32:23.966 INFO [main] org.apache.catalina.core.ApplicationContext.log ContextListener: contextInitialized()
04-Apr-2026 09:32:23.966 INFO [main] org.apache.catalina.core.ApplicationContext.log SessionListener: contextInitialized()
04-Apr-2026 09:32:23.968 INFO [main] org.apache.catalina.core.ApplicationContext.log ContextListener: attributeAdded('StockTicker', 'async.Stockticker@5d72da0b')
04-Apr-2026 09:32:24.231 INFO [main] org.apache.catalina.core.ApplicationContext.log SessionListener: contextDestroyed()
04-Apr-2026 09:32:24.231 INFO [main] org.apache.catalina.core.ApplicationContext.log ContextListener: contextDestroyed()
04-Apr-2026 09:32:24.235 INFO [main] org.apache.catalina.core.ApplicationContext.log Destroying Spring FrameworkServlet 'dispatcher'
04-Apr-2026 09:32:24.302 INFO [main] org.apache.catalina.core.ApplicationContext.log Closing Spring root WebApplicationContext
04-Apr-2026 09:32:28.625 INFO [main] org.apache.catalina.core.ApplicationContext.log No Spring WebApplicationInitializer types detected on classpath
04-Apr-2026 09:32:28.714 INFO [main] org.apache.catalina.core.ApplicationContext.log Initializing Spring root WebApplicationContext
04-Apr-2026 09:32:31.350 INFO [main] org.apache.catalina.core.ApplicationContext.log Initializing Spring FrameworkServlet 'dispatcher'
04-Apr-2026 09:32:32.311 INFO [main] org.apache.catalina.core.ApplicationContext.log ContextListener: contextInitialized()
04-Apr-2026 09:32:32.311 INFO [main] org.apache.catalina.core.ApplicationContext.log SessionListener: contextInitialized()
04-Apr-2026 09:32:32.313 INFO [main] org.apache.catalina.core.ApplicationContext.log ContextListener: attributeAdded('StockTicker', 'async.Stockticker@5d72da0b')
04-Apr-2026 09:32:32.592 INFO [main] org.apache.catalina.core.ApplicationContext.log SessionListener: contextDestroyed()
04-Apr-2026 09:32:32.592 INFO [main] org.apache.catalina.core.ApplicationContext.log ContextListener: contextDestroyed()
04-Apr-2026 09:32:32.596 INFO [main] org.apache.catalina.core.ApplicationContext.log Destroying Spring FrameworkServlet 'dispatcher'
04-Apr-2026 09:32:32.697 INFO [main] org.apache.catalina.core.ApplicationContext.log Closing Spring root WebApplicationContext
04-Apr-2026 09:32:37.281 INFO [main] org.apache.catalina.core.ApplicationContext.log No Spring WebApplicationInitializer types detected on classpath
04-Apr-2026 09:32:37.376 INFO [main] org.apache.catalina.core.ApplicationContext.log Initializing Spring root WebApplicationContext
04-Apr-2026 09:32:40.249 INFO [main] org.apache.catalina.core.ApplicationContext.log Initializing Spring FrameworkServlet 'dispatcher'
04-Apr-2026 09:32:41.286 INFO [main] org.apache.catalina.core.ApplicationContext.log ContextListener: contextInitialized()
04-Apr-2026 09:32:41.286 INFO [main] org.apache.catalina.core.ApplicationContext.log SessionListener: contextInitialized()
04-Apr-2026 09:32:41.288 INFO [main] org.apache.catalina.core.ApplicationContext.log ContextListener: attributeAdded('StockTicker', 'async.Stockticker@5d72da0b')
04-Apr-2026 09:32:41.580 INFO [main] org.apache.catalina.core.ApplicationContext.log SessionListener: contextDestroyed()
04-Apr-2026 09:32:41.580 INFO [main] org.apache.catalina.core.ApplicationContext.log ContextListener: contextDestroyed()
04-Apr-2026 09:32:41.584 INFO [main] org.apache.catalina.core.ApplicationContext.log Destroying Spring FrameworkServlet 'dispatcher'
04-Apr-2026 09:32:41.811 INFO [main] org.apache.catalina.core.ApplicationContext.log Closing Spring root WebApplicationContext
04-Apr-2026 09:32:45.327 INFO [main] org.apache.catalina.core.ApplicationContext.log No Spring WebApplicationInitializer types detected on classpath
04-Apr-2026 09:32:45.410 INFO [main] org.apache.catalina.core.ApplicationContext.log Initializing Spring root WebApplicationContext
04-Apr-2026 09:32:48.058 INFO [main] org.apache.catalina.core.ApplicationContext.log Initializing Spring FrameworkServlet 'dispatcher'
04-Apr-2026 09:32:48.908 INFO [main] org.apache.catalina.core.ApplicationContext.log ContextListener: contextInitialized()
04-Apr-2026 09:32:48.908 INFO [main] org.apache.catalina.core.ApplicationContext.log SessionListener: contextInitialized()
04-Apr-2026 09:32:48.908 INFO [main] org.apache.catalina.core.ApplicationContext.log ContextListener: attributeAdded('StockTicker', 'async.Stockticker@5d72da0b')
04-Apr-2026 09:32:49.183 INFO [main] org.apache.catalina.core.ApplicationContext.log SessionListener: contextDestroyed()
04-Apr-2026 09:32:49.183 INFO [main] org.apache.catalina.core.ApplicationContext.log ContextListener: contextDestroyed()
04-Apr-2026 09:32:49.187 INFO [main] org.apache.catalina.core.ApplicationContext.log Destroying Spring FrameworkServlet 'dispatcher'
04-Apr-2026 09:32:49.251 INFO [main] org.apache.catalina.core.ApplicationContext.log Closing Spring root WebApplicationContext
04-Apr-2026 09:32:53.630 INFO [main] org.apache.catalina.core.ApplicationContext.log No Spring WebApplicationInitializer types detected on classpath
04-Apr-2026 09:32:53.707 INFO [main] org.apache.catalina.core.ApplicationContext.log Initializing Spring root WebApplicationContext
04-Apr-2026 09:32:56.368 INFO [main] org.apache.catalina.core.ApplicationContext.log Initializing Spring FrameworkServlet 'dispatcher'
04-Apr-2026 09:32:57.284 INFO [main] org.apache.catalina.core.ApplicationContext.log ContextListener: contextInitialized()
04-Apr-2026 09:32:57.284 INFO [main] org.apache.catalina.core.ApplicationContext.log SessionListener: contextInitialized()
04-Apr-2026 09:32:57.286 INFO [main] org.apache.catalina.core.ApplicationContext.log ContextListener: attributeAdded('StockTicker', 'async.Stockticker@5d72da0b')
04-Apr-2026 09:32:57.576 INFO [main] org.apache.catalina.core.ApplicationContext.log SessionListener: contextDestroyed()
04-Apr-2026 09:32:57.576 INFO [main] org.apache.catalina.core.ApplicationContext.log ContextListener: contextDestroyed()
04-Apr-2026 09:32:57.580 INFO [main] org.apache.catalina.core.ApplicationContext.log Destroying Spring FrameworkServlet 'dispatcher'
04-Apr-2026 09:32:57.723 INFO [main] org.apache.catalina.core.ApplicationContext.log Closing Spring root WebApplicationContext
04-Apr-2026 09:33:02.118 INFO [main] org.apache.catalina.core.ApplicationContext.log No Spring WebApplicationInitializer types detected on classpath
04-Apr-2026 09:33:02.205 INFO [main] org.apache.catalina.core.ApplicationContext.log Initializing Spring root WebApplicationContext
04-Apr-2026 09:33:04.870 INFO [main] org.apache.catalina.core.ApplicationContext.log Initializing Spring FrameworkServlet 'dispatcher'
04-Apr-2026 09:33:05.733 INFO [main] org.apache.catalina.core.ApplicationContext.log ContextListener: contextInitialized()
04-Apr-2026 09:33:05.735 INFO [main] org.apache.catalina.core.ApplicationContext.log SessionListener: contextInitialized()
04-Apr-2026 09:33:05.735 INFO [main] org.apache.catalina.core.ApplicationContext.log ContextListener: attributeAdded('StockTicker', 'async.Stockticker@5d72da0b')
04-Apr-2026 09:33:06.021 INFO [main] org.apache.catalina.core.ApplicationContext.log SessionListener: contextDestroyed()
04-Apr-2026 09:33:06.021 INFO [main] org.apache.catalina.core.ApplicationContext.log ContextListener: contextDestroyed()
04-Apr-2026 09:33:06.025 INFO [main] org.apache.catalina.core.ApplicationContext.log Destroying Spring FrameworkServlet 'dispatcher'
04-Apr-2026 09:33:06.092 INFO [main] org.apache.catalina.core.ApplicationContext.log Closing Spring root WebApplicationContext
04-Apr-2026 09:33:10.377 INFO [main] org.apache.catalina.core.ApplicationContext.log No Spring WebApplicationInitializer types detected on classpath
04-Apr-2026 09:33:10.452 INFO [main] org.apache.catalina.core.ApplicationContext.log Initializing Spring root WebApplicationContext
04-Apr-2026 09:33:13.122 INFO [main] org.apache.catalina.core.ApplicationContext.log Initializing Spring FrameworkServlet 'dispatcher'
04-Apr-2026 09:33:14.051 INFO [main] org.apache.catalina.core.ApplicationContext.log ContextListener: contextInitialized()
04-Apr-2026 09:33:14.051 INFO [main] org.apache.catalina.core.ApplicationContext.log SessionListener: contextInitialized()
04-Apr-2026 09:33:14.051 INFO [main] org.apache.catalina.core.ApplicationContext.log ContextListener: attributeAdded('StockTicker', 'async.Stockticker@5d72da0b')
04-Apr-2026 09:33:14.319 INFO [main] org.apache.catalina.core.ApplicationContext.log SessionListener: contextDestroyed()
04-Apr-2026 09:33:14.319 INFO [main] org.apache.catalina.core.ApplicationContext.log ContextListener: contextDestroyed()
04-Apr-2026 09:33:14.321 INFO [main] org.apache.catalina.core.ApplicationContext.log Destroying Spring FrameworkServlet 'dispatcher'
04-Apr-2026 09:33:14.343 INFO [main] org.apache.catalina.core.ApplicationContext.log Closing Spring root WebApplicationContext
04-Apr-2026 09:33:18.688 INFO [main] org.apache.catalina.core.ApplicationContext.log No Spring WebApplicationInitializer types detected on classpath
04-Apr-2026 09:33:18.771 INFO [main] org.apache.catalina.core.ApplicationContext.log Initializing Spring root WebApplicationContext
04-Apr-2026 09:33:21.427 INFO [main] org.apache.catalina.core.ApplicationContext.log Initializing Spring FrameworkServlet 'dispatcher'
04-Apr-2026 09:33:22.409 INFO [main] org.apache.catalina.core.ApplicationContext.log ContextListener: contextInitialized()
04-Apr-2026 09:33:22.409 INFO [main] org.apache.catalina.core.ApplicationContext.log SessionListener: contextInitialized()
04-Apr-2026 09:33:22.411 INFO [main] org.apache.catalina.core.ApplicationContext.log ContextListener: attributeAdded('StockTicker', 'async.Stockticker@5d72da0b')
04-Apr-2026 09:33:22.538 INFO [main] org.apache.catalina.core.ApplicationContext.log SessionListener: contextDestroyed()
04-Apr-2026 09:33:22.538 INFO [main] org.apache.catalina.core.ApplicationContext.log ContextListener: contextDestroyed()
04-Apr-2026 09:33:22.542 INFO [main] org.apache.catalina.core.ApplicationContext.log Destroying Spring FrameworkServlet 'dispatcher'
04-Apr-2026 09:33:22.556 INFO [main] org.apache.catalina.core.ApplicationContext.log Closing Spring root WebApplicationContext
04-Apr-2026 09:33:27.010 INFO [main] org.apache.catalina.core.ApplicationContext.log No Spring WebApplicationInitializer types detected on classpath
04-Apr-2026 09:33:27.093 INFO [main] org.apache.catalina.core.ApplicationContext.log Initializing Spring root WebApplicationContext
04-Apr-2026 09:33:29.740 INFO [main] org.apache.catalina.core.ApplicationContext.log Initializing Spring FrameworkServlet 'dispatcher'
04-Apr-2026 09:33:30.580 INFO [main] org.apache.catalina.core.ApplicationContext.log ContextListener: contextInitialized()
04-Apr-2026 09:33:30.580 INFO [main] org.apache.catalina.core.ApplicationContext.log SessionListener: contextInitialized()
04-Apr-2026 09:33:30.582 INFO [main] org.apache.catalina.core.ApplicationContext.log ContextListener: attributeAdded('StockTicker', 'async.Stockticker@5d72da0b')
04-Apr-2026 09:33:30.866 INFO [main] org.apache.catalina.core.ApplicationContext.log SessionListener: contextDestroyed()
04-Apr-2026 09:33:30.866 INFO [main] org.apache.catalina.core.ApplicationContext.log ContextListener: contextDestroyed()
04-Apr-2026 09:33:30.870 INFO [main] org.apache.catalina.core.ApplicationContext.log Destroying Spring FrameworkServlet 'dispatcher'
04-Apr-2026 09:33:30.939 INFO [main] org.apache.catalina.core.ApplicationContext.log Closing Spring root WebApplicationContext
04-Apr-2026 09:33:35.365 INFO [main] org.apache.catalina.core.ApplicationContext.log No Spring WebApplicationInitializer types detected on classpath
04-Apr-2026 09:33:35.455 INFO [main] org.apache.catalina.core.ApplicationContext.log Initializing Spring root WebApplicationContext
04-Apr-2026 09:33:38.059 INFO [main] org.apache.catalina.core.ApplicationContext.log Initializing Spring FrameworkServlet 'dispatcher'
04-Apr-2026 09:33:38.989 INFO [main] org.apache.catalina.core.ApplicationContext.log ContextListener: contextInitialized()
04-Apr-2026 09:33:38.989 INFO [main] org.apache.catalina.core.ApplicationContext.log SessionListener: contextInitialized()
04-Apr-2026 09:33:38.991 INFO [main] org.apache.catalina.core.ApplicationContext.log ContextListener: attributeAdded('StockTicker', 'async.Stockticker@5d72da0b')
04-Apr-2026 09:33:39.274 INFO [main] org.apache.catalina.core.ApplicationContext.log SessionListener: contextDestroyed()
04-Apr-2026 09:33:39.274 INFO [main] org.apache.catalina.core.ApplicationContext.log ContextListener: contextDestroyed()
04-Apr-2026 09:33:39.278 INFO [main] org.apache.catalina.core.ApplicationContext.log Destroying Spring FrameworkServlet 'dispatcher'
04-Apr-2026 09:33:39.327 INFO [main] org.apache.catalina.core.ApplicationContext.log Closing Spring root WebApplicationContext
04-Apr-2026 09:33:44.107 INFO [main] org.apache.catalina.core.ApplicationContext.log No Spring WebApplicationInitializer types detected on classpath
04-Apr-2026 09:33:44.202 INFO [main] org.apache.catalina.core.ApplicationContext.log Initializing Spring root WebApplicationContext
04-Apr-2026 09:33:47.022 INFO [main] org.apache.catalina.core.ApplicationContext.log Initializing Spring FrameworkServlet 'dispatcher'
04-Apr-2026 09:33:47.928 INFO [main] org.apache.catalina.core.ApplicationContext.log ContextListener: contextInitialized()
04-Apr-2026 09:33:47.928 INFO [main] org.apache.catalina.core.ApplicationContext.log SessionListener: contextInitialized()
04-Apr-2026 09:33:47.930 INFO [main] org.apache.catalina.core.ApplicationContext.log ContextListener: attributeAdded('StockTicker', 'async.Stockticker@285b63eb')
04-Apr-2026 09:33:48.188 INFO [main] org.apache.catalina.core.ApplicationContext.log SessionListener: contextDestroyed()
04-Apr-2026 09:33:48.188 INFO [main] org.apache.catalina.core.ApplicationContext.log ContextListener: contextDestroyed()
04-Apr-2026 09:33:48.192 INFO [main] org.apache.catalina.core.ApplicationContext.log Destroying Spring FrameworkServlet 'dispatcher'
04-Apr-2026 09:33:48.248 INFO [main] org.apache.catalina.core.ApplicationContext.log Closing Spring root WebApplicationContext
04-Apr-2026 09:33:52.057 INFO [main] org.apache.catalina.core.ApplicationContext.log No Spring WebApplicationInitializer types detected on classpath
04-Apr-2026 09:33:52.144 INFO [main] org.apache.catalina.core.ApplicationContext.log Initializing Spring root WebApplicationContext
04-Apr-2026 09:33:54.719 INFO [main] org.apache.catalina.core.ApplicationContext.log Initializing Spring FrameworkServlet 'dispatcher'
04-Apr-2026 09:33:55.594 INFO [main] org.apache.catalina.core.ApplicationContext.log ContextListener: contextInitialized()
04-Apr-2026 09:33:55.594 INFO [main] org.apache.catalina.core.ApplicationContext.log SessionListener: contextInitialized()
04-Apr-2026 09:33:55.596 INFO [main] org.apache.catalina.core.ApplicationContext.log ContextListener: attributeAdded('StockTicker', 'async.Stockticker@5d72da0b')
04-Apr-2026 09:33:55.886 INFO [main] org.apache.catalina.core.ApplicationContext.log SessionListener: contextDestroyed()
04-Apr-2026 09:33:55.886 INFO [main] org.apache.catalina.core.ApplicationContext.log ContextListener: contextDestroyed()
04-Apr-2026 09:33:55.890 INFO [main] org.apache.catalina.core.ApplicationContext.log Destroying Spring FrameworkServlet 'dispatcher'
04-Apr-2026 09:33:55.910 INFO [main] org.apache.catalina.core.ApplicationContext.log Closing Spring root WebApplicationContext
04-Apr-2026 09:34:00.388 INFO [main] org.apache.catalina.core.ApplicationContext.log No Spring WebApplicationInitializer types detected on classpath
04-Apr-2026 09:34:00.477 INFO [main] org.apache.catalina.core.ApplicationContext.log Initializing Spring root WebApplicationContext
04-Apr-2026 09:34:03.044 INFO [main] org.apache.catalina.core.ApplicationContext.log Initializing Spring FrameworkServlet 'dispatcher'
04-Apr-2026 09:34:03.977 INFO [main] org.apache.catalina.core.ApplicationContext.log ContextListener: contextInitialized()
04-Apr-2026 09:34:03.977 INFO [main] org.apache.catalina.core.ApplicationContext.log SessionListener: contextInitialized()
04-Apr-2026 09:34:03.979 INFO [main] org.apache.catalina.core.ApplicationContext.log ContextListener: attributeAdded('StockTicker', 'async.Stockticker@5d72da0b')
04-Apr-2026 09:34:04.268 INFO [main] org.apache.catalina.core.ApplicationContext.log SessionListener: contextDestroyed()
04-Apr-2026 09:34:04.268 INFO [main] org.apache.catalina.core.ApplicationContext.log ContextListener: contextDestroyed()
04-Apr-2026 09:34:04.274 INFO [main] org.apache.catalina.core.ApplicationContext.log Destroying Spring FrameworkServlet 'dispatcher'
04-Apr-2026 09:34:04.386 INFO [main] org.apache.catalina.core.ApplicationContext.log Closing Spring root WebApplicationContext
04-Apr-2026 09:34:08.672 INFO [main] org.apache.catalina.core.ApplicationContext.log No Spring WebApplicationInitializer types detected on classpath
04-Apr-2026 09:34:08.749 INFO [main] org.apache.catalina.core.ApplicationContext.log Initializing Spring root WebApplicationContext
04-Apr-2026 09:34:11.398 INFO [main] org.apache.catalina.core.ApplicationContext.log Initializing Spring FrameworkServlet 'dispatcher'
04-Apr-2026 09:34:12.298 INFO [main] org.apache.catalina.core.ApplicationContext.log ContextListener: contextInitialized()
04-Apr-2026 09:34:12.298 INFO [main] org.apache.catalina.core.ApplicationContext.log SessionListener: contextInitialized()
04-Apr-2026 09:34:12.300 INFO [main] org.apache.catalina.core.ApplicationContext.log ContextListener: attributeAdded('StockTicker', 'async.Stockticker@5d72da0b')
04-Apr-2026 09:34:12.565 INFO [main] org.apache.catalina.core.ApplicationContext.log SessionListener: contextDestroyed()
04-Apr-2026 09:34:12.565 INFO [main] org.apache.catalina.core.ApplicationContext.log ContextListener: contextDestroyed()
04-Apr-2026 09:34:12.569 INFO [main] org.apache.catalina.core.ApplicationContext.log Destroying Spring FrameworkServlet 'dispatcher'
04-Apr-2026 09:34:12.609 INFO [main] org.apache.catalina.core.ApplicationContext.log Closing Spring root WebApplicationContext
04-Apr-2026 09:34:17.036 INFO [main] org.apache.catalina.core.ApplicationContext.log No Spring WebApplicationInitializer types detected on classpath
04-Apr-2026 09:34:17.121 INFO [main] org.apache.catalina.core.ApplicationContext.log Initializing Spring root WebApplicationContext
04-Apr-2026 09:34:19.723 INFO [main] org.apache.catalina.core.ApplicationContext.log Initializing Spring FrameworkServlet 'dispatcher'
04-Apr-2026 09:34:20.646 INFO [main] org.apache.catalina.core.ApplicationContext.log ContextListener: contextInitialized()
04-Apr-2026 09:34:20.646 INFO [main] org.apache.catalina.core.ApplicationContext.log SessionListener: contextInitialized()
04-Apr-2026 09:34:20.648 INFO [main] org.apache.catalina.core.ApplicationContext.log ContextListener: attributeAdded('StockTicker', 'async.Stockticker@5d72da0b')
04-Apr-2026 09:34:20.936 INFO [main] org.apache.catalina.core.ApplicationContext.log SessionListener: contextDestroyed()
04-Apr-2026 09:34:20.936 INFO [main] org.apache.catalina.core.ApplicationContext.log ContextListener: contextDestroyed()
04-Apr-2026 09:34:20.940 INFO [main] org.apache.catalina.core.ApplicationContext.log Destroying Spring FrameworkServlet 'dispatcher'
04-Apr-2026 09:34:20.948 INFO [main] org.apache.catalina.core.ApplicationContext.log Closing Spring root WebApplicationContext
04-Apr-2026 09:35:12.401 INFO [main] org.apache.catalina.core.ApplicationContext.log No Spring WebApplicationInitializer types detected on classpath
04-Apr-2026 09:35:12.478 INFO [main] org.apache.catalina.core.ApplicationContext.log Initializing Spring root WebApplicationContext
04-Apr-2026 09:35:15.222 INFO [main] org.apache.catalina.core.ApplicationContext.log Initializing Spring FrameworkServlet 'dispatcher'
04-Apr-2026 09:35:16.183 INFO [main] org.apache.catalina.core.ApplicationContext.log ContextListener: contextInitialized()
04-Apr-2026 09:35:16.183 INFO [main] org.apache.catalina.core.ApplicationContext.log SessionListener: contextInitialized()
04-Apr-2026 09:35:16.184 INFO [main] org.apache.catalina.core.ApplicationContext.log ContextListener: attributeAdded('StockTicker', 'async.Stockticker@5d72da0b')
04-Apr-2026 09:35:16.305 INFO [main] org.apache.catalina.core.ApplicationContext.log SessionListener: contextDestroyed()
04-Apr-2026 09:35:16.305 INFO [main] org.apache.catalina.core.ApplicationContext.log ContextListener: contextDestroyed()
04-Apr-2026 09:35:16.308 INFO [main] org.apache.catalina.core.ApplicationContext.log Destroying Spring FrameworkServlet 'dispatcher'
04-Apr-2026 09:35:16.395 INFO [main] org.apache.catalina.core.ApplicationContext.log Closing Spring root WebApplicationContext
04-Apr-2026 09:35:20.698 INFO [main] org.apache.catalina.core.ApplicationContext.log No Spring WebApplicationInitializer types detected on classpath
04-Apr-2026 09:35:20.779 INFO [main] org.apache.catalina.core.ApplicationContext.log Initializing Spring root WebApplicationContext
04-Apr-2026 09:35:23.433 INFO [main] org.apache.catalina.core.ApplicationContext.log Initializing Spring FrameworkServlet 'dispatcher'
04-Apr-2026 09:35:24.298 INFO [main] org.apache.catalina.core.ApplicationContext.log ContextListener: contextInitialized()
04-Apr-2026 09:35:24.298 INFO [main] org.apache.catalina.core.ApplicationContext.log SessionListener: contextInitialized()
04-Apr-2026 09:35:24.298 INFO [main] org.apache.catalina.core.ApplicationContext.log ContextListener: attributeAdded('StockTicker', 'async.Stockticker@5d72da0b')
04-Apr-2026 09:35:24.575 INFO [main] org.apache.catalina.core.ApplicationContext.log SessionListener: contextDestroyed()
04-Apr-2026 09:35:24.575 INFO [main] org.apache.catalina.core.ApplicationContext.log ContextListener: contextDestroyed()
04-Apr-2026 09:35:24.577 INFO [main] org.apache.catalina.core.ApplicationContext.log Destroying Spring FrameworkServlet 'dispatcher'
04-Apr-2026 09:35:24.638 INFO [main] org.apache.catalina.core.ApplicationContext.log Closing Spring root WebApplicationContext
04-Apr-2026 09:35:29.010 INFO [main] org.apache.catalina.core.ApplicationContext.log No Spring WebApplicationInitializer types detected on classpath
04-Apr-2026 09:35:29.094 INFO [main] org.apache.catalina.core.ApplicationContext.log Initializing Spring root WebApplicationContext
04-Apr-2026 09:35:31.742 INFO [main] org.apache.catalina.core.ApplicationContext.log Initializing Spring FrameworkServlet 'dispatcher'
04-Apr-2026 09:35:32.629 INFO [main] org.apache.catalina.core.ApplicationContext.log ContextListener: contextInitialized()
04-Apr-2026 09:35:32.629 INFO [main] org.apache.catalina.core.ApplicationContext.log SessionListener: contextInitialized()
04-Apr-2026 09:35:32.631 INFO [main] org.apache.catalina.core.ApplicationContext.log ContextListener: attributeAdded('StockTicker', 'async.Stockticker@5d72da0b')
04-Apr-2026 09:35:32.891 INFO [main] org.apache.catalina.core.ApplicationContext.log SessionListener: contextDestroyed()
04-Apr-2026 09:35:32.891 INFO [main] org.apache.catalina.core.ApplicationContext.log ContextListener: contextDestroyed()
04-Apr-2026 09:35:32.895 INFO [main] org.apache.catalina.core.ApplicationContext.log Destroying Spring FrameworkServlet 'dispatcher'
04-Apr-2026 09:35:32.958 INFO [main] org.apache.catalina.core.ApplicationContext.log Closing Spring root WebApplicationContext
04-Apr-2026 09:35:37.323 INFO [main] org.apache.catalina.core.ApplicationContext.log No Spring WebApplicationInitializer types detected on classpath
04-Apr-2026 09:35:37.414 INFO [main] org.apache.catalina.core.ApplicationContext.log Initializing Spring root WebApplicationContext
04-Apr-2026 09:35:40.026 INFO [main] org.apache.catalina.core.ApplicationContext.log Initializing Spring FrameworkServlet 'dispatcher'
04-Apr-2026 09:35:40.955 INFO [main] org.apache.catalina.core.ApplicationContext.log ContextListener: contextInitialized()
04-Apr-2026 09:35:40.955 INFO [main] org.apache.catalina.core.ApplicationContext.log SessionListener: contextInitialized()
04-Apr-2026 09:35:40.957 INFO [main] org.apache.catalina.core.ApplicationContext.log ContextListener: attributeAdded('StockTicker', 'async.Stockticker@5d72da0b')
04-Apr-2026 09:35:41.284 INFO [main] org.apache.catalina.core.ApplicationContext.log SessionListener: contextDestroyed()
04-Apr-2026 09:35:41.284 INFO [main] org.apache.catalina.core.ApplicationContext.log ContextListener: contextDestroyed()
04-Apr-2026 09:35:41.290 INFO [main] org.apache.catalina.core.ApplicationContext.log Destroying Spring FrameworkServlet 'dispatcher'
04-Apr-2026 09:35:41.306 INFO [main] org.apache.catalina.core.ApplicationContext.log Closing Spring root WebApplicationContext
04-Apr-2026 09:35:45.594 INFO [main] org.apache.catalina.core.ApplicationContext.log No Spring WebApplicationInitializer types detected on classpath
04-Apr-2026 09:35:45.690 INFO [main] org.apache.catalina.core.ApplicationContext.log Initializing Spring root WebApplicationContext
04-Apr-2026 09:35:48.308 INFO [main] org.apache.catalina.core.ApplicationContext.log Initializing Spring FrameworkServlet 'dispatcher'
04-Apr-2026 09:35:49.189 INFO [main] org.apache.catalina.core.ApplicationContext.log ContextListener: contextInitialized()
04-Apr-2026 09:35:49.189 INFO [main] org.apache.catalina.core.ApplicationContext.log SessionListener: contextInitialized()
04-Apr-2026 09:35:49.191 INFO [main] org.apache.catalina.core.ApplicationContext.log ContextListener: attributeAdded('StockTicker', 'async.Stockticker@5d72da0b')
04-Apr-2026 09:35:49.469 INFO [main] org.apache.catalina.core.ApplicationContext.log SessionListener: contextDestroyed()
04-Apr-2026 09:35:49.469 INFO [main] org.apache.catalina.core.ApplicationContext.log ContextListener: contextDestroyed()
04-Apr-2026 09:35:49.471 INFO [main] org.apache.catalina.core.ApplicationContext.log Destroying Spring FrameworkServlet 'dispatcher'
04-Apr-2026 09:35:49.540 INFO [main] org.apache.catalina.core.ApplicationContext.log Closing Spring root WebApplicationContext
04-Apr-2026 09:35:54.275 INFO [main] org.apache.catalina.core.ApplicationContext.log No Spring WebApplicationInitializer types detected on classpath
04-Apr-2026 09:35:54.356 INFO [main] org.apache.catalina.core.ApplicationContext.log Initializing Spring root WebApplicationContext
04-Apr-2026 09:35:57.248 INFO [main] org.apache.catalina.core.ApplicationContext.log Initializing Spring FrameworkServlet 'dispatcher'
04-Apr-2026 09:35:58.120 INFO [main] org.apache.catalina.core.ApplicationContext.log ContextListener: contextInitialized()
04-Apr-2026 09:35:58.120 INFO [main] org.apache.catalina.core.ApplicationContext.log SessionListener: contextInitialized()
04-Apr-2026 09:35:58.122 INFO [main] org.apache.catalina.core.ApplicationContext.log ContextListener: attributeAdded('StockTicker', 'async.Stockticker@5d72da0b')
04-Apr-2026 09:35:58.388 INFO [main] org.apache.catalina.core.ApplicationContext.log SessionListener: contextDestroyed()
04-Apr-2026 09:35:58.388 INFO [main] org.apache.catalina.core.ApplicationContext.log ContextListener: contextDestroyed()
04-Apr-2026 09:35:58.391 INFO [main] org.apache.catalina.core.ApplicationContext.log Destroying Spring FrameworkServlet 'dispatcher'
04-Apr-2026 09:35:58.454 INFO [main] org.apache.catalina.core.ApplicationContext.log Closing Spring root WebApplicationContext
04-Apr-2026 09:36:02.235 INFO [main] org.apache.catalina.core.ApplicationContext.log No Spring WebApplicationInitializer types detected on classpath
04-Apr-2026 09:36:02.318 INFO [main] org.apache.catalina.core.ApplicationContext.log Initializing Spring root WebApplicationContext
04-Apr-2026 09:36:05.003 INFO [main] org.apache.catalina.core.ApplicationContext.log Initializing Spring FrameworkServlet 'dispatcher'
04-Apr-2026 09:36:05.928 INFO [main] org.apache.catalina.core.ApplicationContext.log ContextListener: contextInitialized()
04-Apr-2026 09:36:05.928 INFO [main] org.apache.catalina.core.ApplicationContext.log SessionListener: contextInitialized()
04-Apr-2026 09:36:05.930 INFO [main] org.apache.catalina.core.ApplicationContext.log ContextListener: attributeAdded('StockTicker', 'async.Stockticker@5d72da0b')
04-Apr-2026 09:36:06.299 INFO [main] org.apache.catalina.core.ApplicationContext.log SessionListener: contextDestroyed()
04-Apr-2026 09:36:06.299 INFO [main] org.apache.catalina.core.ApplicationContext.log ContextListener: contextDestroyed()
04-Apr-2026 09:36:06.303 INFO [main] org.apache.catalina.core.ApplicationContext.log Destroying Spring FrameworkServlet 'dispatcher'
04-Apr-2026 09:36:06.488 INFO [main] org.apache.catalina.core.ApplicationContext.log Closing Spring root WebApplicationContext
04-Apr-2026 09:36:10.533 INFO [main] org.apache.catalina.core.ApplicationContext.log No Spring WebApplicationInitializer types detected on classpath
04-Apr-2026 09:36:10.618 INFO [main] org.apache.catalina.core.ApplicationContext.log Initializing Spring root WebApplicationContext
04-Apr-2026 09:36:13.329 INFO [main] org.apache.catalina.core.ApplicationContext.log Initializing Spring FrameworkServlet 'dispatcher'
04-Apr-2026 09:36:14.189 INFO [main] org.apache.catalina.core.ApplicationContext.log ContextListener: contextInitialized()
04-Apr-2026 09:36:14.189 INFO [main] org.apache.catalina.core.ApplicationContext.log SessionListener: contextInitialized()
04-Apr-2026 09:36:14.191 INFO [main] org.apache.catalina.core.ApplicationContext.log ContextListener: attributeAdded('StockTicker', 'async.Stockticker@5d72da0b')
04-Apr-2026 09:36:14.449 INFO [main] org.apache.catalina.core.ApplicationContext.log SessionListener: contextDestroyed()
04-Apr-2026 09:36:14.449 INFO [main] org.apache.catalina.core.ApplicationContext.log ContextListener: contextDestroyed()
04-Apr-2026 09:36:14.453 INFO [main] org.apache.catalina.core.ApplicationContext.log Destroying Spring FrameworkServlet 'dispatcher'
04-Apr-2026 09:36:14.517 INFO [main] org.apache.catalina.core.ApplicationContext.log Closing Spring root WebApplicationContext
04-Apr-2026 09:36:18.844 INFO [main] org.apache.catalina.core.ApplicationContext.log No Spring WebApplicationInitializer types detected on classpath
04-Apr-2026 09:36:18.937 INFO [main] org.apache.catalina.core.ApplicationContext.log Initializing Spring root WebApplicationContext
04-Apr-2026 09:36:21.620 INFO [main] org.apache.catalina.core.ApplicationContext.log Initializing Spring FrameworkServlet 'dispatcher'
04-Apr-2026 09:36:22.751 INFO [main] org.apache.catalina.core.ApplicationContext.log ContextListener: contextInitialized()
04-Apr-2026 09:36:22.751 INFO [main] org.apache.catalina.core.ApplicationContext.log SessionListener: contextInitialized()
04-Apr-2026 09:36:22.753 INFO [main] org.apache.catalina.core.ApplicationContext.log ContextListener: attributeAdded('StockTicker', 'async.Stockticker@5d72da0b')
04-Apr-2026 09:36:23.091 INFO [main] org.apache.catalina.core.ApplicationContext.log SessionListener: contextDestroyed()
04-Apr-2026 09:36:23.091 INFO [main] org.apache.catalina.core.ApplicationContext.log ContextListener: contextDestroyed()
04-Apr-2026 09:36:23.095 INFO [main] org.apache.catalina.core.ApplicationContext.log Destroying Spring FrameworkServlet 'dispatcher'
04-Apr-2026 09:36:23.360 INFO [main] org.apache.catalina.core.ApplicationContext.log Closing Spring root WebApplicationContext
04-Apr-2026 09:36:27.137 INFO [main] org.apache.catalina.core.ApplicationContext.log No Spring WebApplicationInitializer types detected on classpath
04-Apr-2026 09:36:27.226 INFO [main] org.apache.catalina.core.ApplicationContext.log Initializing Spring root WebApplicationContext
04-Apr-2026 09:36:29.891 INFO [main] org.apache.catalina.core.ApplicationContext.log Initializing Spring FrameworkServlet 'dispatcher'
04-Apr-2026 09:36:30.744 INFO [main] org.apache.catalina.core.ApplicationContext.log ContextListener: contextInitialized()
04-Apr-2026 09:36:30.744 INFO [main] org.apache.catalina.core.ApplicationContext.log SessionListener: contextInitialized()
04-Apr-2026 09:36:30.746 INFO [main] org.apache.catalina.core.ApplicationContext.log ContextListener: attributeAdded('StockTicker', 'async.Stockticker@5d72da0b')
04-Apr-2026 09:36:31.024 INFO [main] org.apache.catalina.core.ApplicationContext.log SessionListener: contextDestroyed()
04-Apr-2026 09:36:31.024 INFO [main] org.apache.catalina.core.ApplicationContext.log ContextListener: contextDestroyed()
04-Apr-2026 09:36:31.030 INFO [main] org.apache.catalina.core.ApplicationContext.log Destroying Spring FrameworkServlet 'dispatcher'
04-Apr-2026 09:36:31.093 INFO [main] org.apache.catalina.core.ApplicationContext.log Closing Spring root WebApplicationContext
04-Apr-2026 09:36:35.434 INFO [main] org.apache.catalina.core.ApplicationContext.log No Spring WebApplicationInitializer types detected on classpath
04-Apr-2026 09:36:35.512 INFO [main] org.apache.catalina.core.ApplicationContext.log Initializing Spring root WebApplicationContext
04-Apr-2026 09:36:38.136 INFO [main] org.apache.catalina.core.ApplicationContext.log Initializing Spring FrameworkServlet 'dispatcher'
04-Apr-2026 09:36:39.125 INFO [main] org.apache.catalina.core.ApplicationContext.log ContextListener: contextInitialized()
04-Apr-2026 09:36:39.125 INFO [main] org.apache.catalina.core.ApplicationContext.log SessionListener: contextInitialized()
04-Apr-2026 09:36:39.127 INFO [main] org.apache.catalina.core.ApplicationContext.log ContextListener: attributeAdded('StockTicker', 'async.Stockticker@5d72da0b')
04-Apr-2026 09:36:39.496 INFO [main] org.apache.catalina.core.ApplicationContext.log SessionListener: contextDestroyed()
04-Apr-2026 09:36:39.496 INFO [main] org.apache.catalina.core.ApplicationContext.log ContextListener: contextDestroyed()
04-Apr-2026 09:36:39.502 INFO [main] org.apache.catalina.core.ApplicationContext.log Destroying Spring FrameworkServlet 'dispatcher'
04-Apr-2026 09:36:39.711 INFO [main] org.apache.catalina.core.ApplicationContext.log Closing Spring root WebApplicationContext
04-Apr-2026 09:36:43.757 INFO [main] org.apache.catalina.core.ApplicationContext.log No Spring WebApplicationInitializer types detected on classpath
04-Apr-2026 09:36:43.848 INFO [main] org.apache.catalina.core.ApplicationContext.log Initializing Spring root WebApplicationContext
04-Apr-2026 09:36:46.500 INFO [main] org.apache.catalina.core.ApplicationContext.log Initializing Spring FrameworkServlet 'dispatcher'
04-Apr-2026 09:36:47.380 INFO [main] org.apache.catalina.core.ApplicationContext.log ContextListener: contextInitialized()
04-Apr-2026 09:36:47.380 INFO [main] org.apache.catalina.core.ApplicationContext.log SessionListener: contextInitialized()
04-Apr-2026 09:36:47.382 INFO [main] org.apache.catalina.core.ApplicationContext.log ContextListener: attributeAdded('StockTicker', 'async.Stockticker@5d72da0b')
04-Apr-2026 09:36:47.652 INFO [main] org.apache.catalina.core.ApplicationContext.log SessionListener: contextDestroyed()
04-Apr-2026 09:36:47.654 INFO [main] org.apache.catalina.core.ApplicationContext.log ContextListener: contextDestroyed()
04-Apr-2026 09:36:47.656 INFO [main] org.apache.catalina.core.ApplicationContext.log Destroying Spring FrameworkServlet 'dispatcher'
04-Apr-2026 09:36:47.713 INFO [main] org.apache.catalina.core.ApplicationContext.log Closing Spring root WebApplicationContext
04-Apr-2026 09:36:52.092 INFO [main] org.apache.catalina.core.ApplicationContext.log No Spring WebApplicationInitializer types detected on classpath
04-Apr-2026 09:36:52.169 INFO [main] org.apache.catalina.core.ApplicationContext.log Initializing Spring root WebApplicationContext
04-Apr-2026 09:36:54.794 INFO [main] org.apache.catalina.core.ApplicationContext.log Initializing Spring FrameworkServlet 'dispatcher'
04-Apr-2026 09:36:55.820 INFO [main] org.apache.catalina.core.ApplicationContext.log ContextListener: contextInitialized()
04-Apr-2026 09:36:55.820 INFO [main] org.apache.catalina.core.ApplicationContext.log SessionListener: contextInitialized()
04-Apr-2026 09:36:55.822 INFO [main] org.apache.catalina.core.ApplicationContext.log ContextListener: attributeAdded('StockTicker', 'async.Stockticker@5d72da0b')
04-Apr-2026 09:36:56.152 INFO [main] org.apache.catalina.core.ApplicationContext.log SessionListener: contextDestroyed()
04-Apr-2026 09:36:56.152 INFO [main] org.apache.catalina.core.ApplicationContext.log ContextListener: contextDestroyed()
04-Apr-2026 09:36:56.156 INFO [main] org.apache.catalina.core.ApplicationContext.log Destroying Spring FrameworkServlet 'dispatcher'
04-Apr-2026 09:36:56.454 INFO [main] org.apache.catalina.core.ApplicationContext.log Closing Spring root WebApplicationContext
04-Apr-2026 09:37:00.835 INFO [main] org.apache.catalina.core.ApplicationContext.log No Spring WebApplicationInitializer types detected on classpath
04-Apr-2026 09:37:00.953 INFO [main] org.apache.catalina.core.ApplicationContext.log Initializing Spring root WebApplicationContext
04-Apr-2026 09:37:03.781 INFO [main] org.apache.catalina.core.ApplicationContext.log Initializing Spring FrameworkServlet 'dispatcher'
04-Apr-2026 09:37:04.644 INFO [main] org.apache.catalina.core.ApplicationContext.log ContextListener: contextInitialized()
04-Apr-2026 09:37:04.644 INFO [main] org.apache.catalina.core.ApplicationContext.log SessionListener: contextInitialized()
04-Apr-2026 09:37:04.646 INFO [main] org.apache.catalina.core.ApplicationContext.log ContextListener: attributeAdded('StockTicker', 'async.Stockticker@5d72da0b')
04-Apr-2026 09:37:04.918 INFO [main] org.apache.catalina.core.ApplicationContext.log SessionListener: contextDestroyed()
04-Apr-2026 09:37:04.918 INFO [main] org.apache.catalina.core.ApplicationContext.log ContextListener: contextDestroyed()
04-Apr-2026 09:37:04.923 INFO [main] org.apache.catalina.core.ApplicationContext.log Destroying Spring FrameworkServlet 'dispatcher'
04-Apr-2026 09:37:04.980 INFO [main] org.apache.catalina.core.ApplicationContext.log Closing Spring root WebApplicationContext
04-Apr-2026 09:37:08.814 INFO [main] org.apache.catalina.core.ApplicationContext.log No Spring WebApplicationInitializer types detected on classpath
04-Apr-2026 09:37:08.891 INFO [main] org.apache.catalina.core.ApplicationContext.log Initializing Spring root WebApplicationContext
04-Apr-2026 09:37:11.460 INFO [main] org.apache.catalina.core.ApplicationContext.log Initializing Spring FrameworkServlet 'dispatcher'
04-Apr-2026 09:37:12.418 INFO [main] org.apache.catalina.core.ApplicationContext.log ContextListener: contextInitialized()
04-Apr-2026 09:37:12.420 INFO [main] org.apache.catalina.core.ApplicationContext.log SessionListener: contextInitialized()
04-Apr-2026 09:37:12.420 INFO [main] org.apache.catalina.core.ApplicationContext.log ContextListener: attributeAdded('StockTicker', 'async.Stockticker@5d72da0b')
04-Apr-2026 09:37:12.793 INFO [main] org.apache.catalina.core.ApplicationContext.log SessionListener: contextDestroyed()
04-Apr-2026 09:37:12.793 INFO [main] org.apache.catalina.core.ApplicationContext.log ContextListener: contextDestroyed()
04-Apr-2026 09:37:12.795 INFO [main] org.apache.catalina.core.ApplicationContext.log Destroying Spring FrameworkServlet 'dispatcher'
04-Apr-2026 09:37:12.931 INFO [main] org.apache.catalina.core.ApplicationContext.log Closing Spring root WebApplicationContext
04-Apr-2026 09:37:17.134 INFO [main] org.apache.catalina.core.ApplicationContext.log No Spring WebApplicationInitializer types detected on classpath
04-Apr-2026 09:37:17.210 INFO [main] org.apache.catalina.core.ApplicationContext.log Initializing Spring root WebApplicationContext
04-Apr-2026 09:37:19.842 INFO [main] org.apache.catalina.core.ApplicationContext.log Initializing Spring FrameworkServlet 'dispatcher'
04-Apr-2026 09:37:20.690 INFO [main] org.apache.catalina.core.ApplicationContext.log ContextListener: contextInitialized()
04-Apr-2026 09:37:20.690 INFO [main] org.apache.catalina.core.ApplicationContext.log SessionListener: contextInitialized()
04-Apr-2026 09:37:20.690 INFO [main] org.apache.catalina.core.ApplicationContext.log ContextListener: attributeAdded('StockTicker', 'async.Stockticker@5d72da0b')
04-Apr-2026 09:37:20.970 INFO [main] org.apache.catalina.core.ApplicationContext.log SessionListener: contextDestroyed()
04-Apr-2026 09:37:20.970 INFO [main] org.apache.catalina.core.ApplicationContext.log ContextListener: contextDestroyed()
04-Apr-2026 09:37:20.974 INFO [main] org.apache.catalina.core.ApplicationContext.log Destroying Spring FrameworkServlet 'dispatcher'
04-Apr-2026 09:37:21.029 INFO [main] org.apache.catalina.core.ApplicationContext.log Closing Spring root WebApplicationContext
04-Apr-2026 09:37:25.456 INFO [main] org.apache.catalina.core.ApplicationContext.log No Spring WebApplicationInitializer types detected on classpath
04-Apr-2026 09:37:25.531 INFO [main] org.apache.catalina.core.ApplicationContext.log Initializing Spring root WebApplicationContext
04-Apr-2026 09:37:28.125 INFO [main] org.apache.catalina.core.ApplicationContext.log Initializing Spring FrameworkServlet 'dispatcher'
04-Apr-2026 09:37:29.010 INFO [main] org.apache.catalina.core.ApplicationContext.log ContextListener: contextInitialized()
04-Apr-2026 09:37:29.010 INFO [main] org.apache.catalina.core.ApplicationContext.log SessionListener: contextInitialized()
04-Apr-2026 09:37:29.012 INFO [main] org.apache.catalina.core.ApplicationContext.log ContextListener: attributeAdded('StockTicker', 'async.Stockticker@5d72da0b')
04-Apr-2026 09:37:29.291 INFO [main] org.apache.catalina.core.ApplicationContext.log SessionListener: contextDestroyed()
04-Apr-2026 09:37:29.292 INFO [main] org.apache.catalina.core.ApplicationContext.log ContextListener: contextDestroyed()
04-Apr-2026 09:37:29.294 INFO [main] org.apache.catalina.core.ApplicationContext.log Destroying Spring FrameworkServlet 'dispatcher'
04-Apr-2026 09:37:29.340 INFO [main] org.apache.catalina.core.ApplicationContext.log Closing Spring root WebApplicationContext
04-Apr-2026 09:37:33.759 INFO [main] org.apache.catalina.core.ApplicationContext.log No Spring WebApplicationInitializer types detected on classpath
04-Apr-2026 09:37:33.842 INFO [main] org.apache.catalina.core.ApplicationContext.log Initializing Spring root WebApplicationContext
04-Apr-2026 09:37:36.426 INFO [main] org.apache.catalina.core.ApplicationContext.log Initializing Spring FrameworkServlet 'dispatcher'
04-Apr-2026 09:37:37.352 INFO [main] org.apache.catalina.core.ApplicationContext.log ContextListener: contextInitialized()
04-Apr-2026 09:37:37.354 INFO [main] org.apache.catalina.core.ApplicationContext.log SessionListener: contextInitialized()
04-Apr-2026 09:37:37.354 INFO [main] org.apache.catalina.core.ApplicationContext.log ContextListener: attributeAdded('StockTicker', 'async.Stockticker@5d72da0b')
04-Apr-2026 09:37:37.642 INFO [main] org.apache.catalina.core.ApplicationContext.log SessionListener: contextDestroyed()
04-Apr-2026 09:37:37.642 INFO [main] org.apache.catalina.core.ApplicationContext.log ContextListener: contextDestroyed()
04-Apr-2026 09:37:37.646 INFO [main] org.apache.catalina.core.ApplicationContext.log Destroying Spring FrameworkServlet 'dispatcher'
04-Apr-2026 09:37:37.873 INFO [main] org.apache.catalina.core.ApplicationContext.log Closing Spring root WebApplicationContext
04-Apr-2026 09:37:42.023 INFO [main] org.apache.catalina.core.ApplicationContext.log No Spring WebApplicationInitializer types detected on classpath
04-Apr-2026 09:37:42.102 INFO [main] org.apache.catalina.core.ApplicationContext.log Initializing Spring root WebApplicationContext
04-Apr-2026 09:37:44.752 INFO [main] org.apache.catalina.core.ApplicationContext.log Initializing Spring FrameworkServlet 'dispatcher'
04-Apr-2026 09:37:45.605 INFO [main] org.apache.catalina.core.ApplicationContext.log ContextListener: contextInitialized()
04-Apr-2026 09:37:45.605 INFO [main] org.apache.catalina.core.ApplicationContext.log SessionListener: contextInitialized()
04-Apr-2026 09:37:45.605 INFO [main] org.apache.catalina.core.ApplicationContext.log ContextListener: attributeAdded('StockTicker', 'async.Stockticker@5d72da0b')
04-Apr-2026 09:37:45.881 INFO [main] org.apache.catalina.core.ApplicationContext.log SessionListener: contextDestroyed()
04-Apr-2026 09:37:45.881 INFO [main] org.apache.catalina.core.ApplicationContext.log ContextListener: contextDestroyed()
04-Apr-2026 09:37:45.883 INFO [main] org.apache.catalina.core.ApplicationContext.log Destroying Spring FrameworkServlet 'dispatcher'
04-Apr-2026 09:37:45.950 INFO [main] org.apache.catalina.core.ApplicationContext.log Closing Spring root WebApplicationContext
04-Apr-2026 09:37:50.361 INFO [main] org.apache.catalina.core.ApplicationContext.log No Spring WebApplicationInitializer types detected on classpath
04-Apr-2026 09:37:50.449 INFO [main] org.apache.catalina.core.ApplicationContext.log Initializing Spring root WebApplicationContext
04-Apr-2026 09:37:53.116 INFO [main] org.apache.catalina.core.ApplicationContext.log Initializing Spring FrameworkServlet 'dispatcher'
04-Apr-2026 09:37:54.064 INFO [main] org.apache.catalina.core.ApplicationContext.log ContextListener: contextInitialized()
04-Apr-2026 09:37:54.064 INFO [main] org.apache.catalina.core.ApplicationContext.log SessionListener: contextInitialized()
04-Apr-2026 09:37:54.066 INFO [main] org.apache.catalina.core.ApplicationContext.log ContextListener: attributeAdded('StockTicker', 'async.Stockticker@5d72da0b')
04-Apr-2026 09:37:54.386 INFO [main] org.apache.catalina.core.ApplicationContext.log SessionListener: contextDestroyed()
04-Apr-2026 09:37:54.386 INFO [main] org.apache.catalina.core.ApplicationContext.log ContextListener: contextDestroyed()
04-Apr-2026 09:37:54.390 INFO [main] org.apache.catalina.core.ApplicationContext.log Destroying Spring FrameworkServlet 'dispatcher'
04-Apr-2026 09:37:54.471 INFO [main] org.apache.catalina.core.ApplicationContext.log Closing Spring root WebApplicationContext
04-Apr-2026 09:37:58.705 INFO [main] org.apache.catalina.core.ApplicationContext.log No Spring WebApplicationInitializer types detected on classpath
04-Apr-2026 09:37:58.790 INFO [main] org.apache.catalina.core.ApplicationContext.log Initializing Spring root WebApplicationContext
04-Apr-2026 09:38:01.520 INFO [main] org.apache.catalina.core.ApplicationContext.log Initializing Spring FrameworkServlet 'dispatcher'
04-Apr-2026 09:38:02.430 INFO [main] org.apache.catalina.core.ApplicationContext.log ContextListener: contextInitialized()
04-Apr-2026 09:38:02.430 INFO [main] org.apache.catalina.core.ApplicationContext.log SessionListener: contextInitialized()
04-Apr-2026 09:38:02.430 INFO [main] org.apache.catalina.core.ApplicationContext.log ContextListener: attributeAdded('StockTicker', 'async.Stockticker@5d72da0b')
04-Apr-2026 09:38:02.782 INFO [main] org.apache.catalina.core.ApplicationContext.log SessionListener: contextDestroyed()
04-Apr-2026 09:38:02.782 INFO [main] org.apache.catalina.core.ApplicationContext.log ContextListener: contextDestroyed()
04-Apr-2026 09:38:02.786 INFO [main] org.apache.catalina.core.ApplicationContext.log Destroying Spring FrameworkServlet 'dispatcher'
04-Apr-2026 09:38:02.890 INFO [main] org.apache.catalina.core.ApplicationContext.log Closing Spring root WebApplicationContext
04-Apr-2026 09:38:54.129 INFO [main] org.apache.catalina.core.ApplicationContext.log No Spring WebApplicationInitializer types detected on classpath
04-Apr-2026 09:38:54.222 INFO [main] org.apache.catalina.core.ApplicationContext.log Initializing Spring root WebApplicationContext
04-Apr-2026 09:38:56.993 INFO [main] org.apache.catalina.core.ApplicationContext.log Initializing Spring FrameworkServlet 'dispatcher'
04-Apr-2026 09:38:58.000 INFO [main] org.apache.catalina.core.ApplicationContext.log ContextListener: contextInitialized()
04-Apr-2026 09:38:58.000 INFO [main] org.apache.catalina.core.ApplicationContext.log SessionListener: contextInitialized()
04-Apr-2026 09:38:58.002 INFO [main] org.apache.catalina.core.ApplicationContext.log ContextListener: attributeAdded('StockTicker', 'async.Stockticker@5d72da0b')
04-Apr-2026 09:38:58.282 INFO [main] org.apache.catalina.core.ApplicationContext.log SessionListener: contextDestroyed()
04-Apr-2026 09:38:58.282 INFO [main] org.apache.catalina.core.ApplicationContext.log ContextListener: contextDestroyed()
04-Apr-2026 09:38:58.288 INFO [main] org.apache.catalina.core.ApplicationContext.log Destroying Spring FrameworkServlet 'dispatcher'
04-Apr-2026 09:38:58.906 INFO [main] org.apache.catalina.core.ApplicationContext.log Closing Spring root WebApplicationContext
04-Apr-2026 09:39:02.439 INFO [main] org.apache.catalina.core.ApplicationContext.log No Spring WebApplicationInitializer types detected on classpath
04-Apr-2026 09:39:02.525 INFO [main] org.apache.catalina.core.ApplicationContext.log Initializing Spring root WebApplicationContext
04-Apr-2026 09:39:05.147 INFO [main] org.apache.catalina.core.ApplicationContext.log Initializing Spring FrameworkServlet 'dispatcher'
04-Apr-2026 09:39:06.085 INFO [main] org.apache.catalina.core.ApplicationContext.log ContextListener: contextInitialized()
04-Apr-2026 09:39:06.085 INFO [main] org.apache.catalina.core.ApplicationContext.log SessionListener: contextInitialized()
04-Apr-2026 09:39:06.087 INFO [main] org.apache.catalina.core.ApplicationContext.log ContextListener: attributeAdded('StockTicker', 'async.Stockticker@59f56892')
04-Apr-2026 09:39:06.365 INFO [main] org.apache.catalina.core.ApplicationContext.log SessionListener: contextDestroyed()
04-Apr-2026 09:39:06.367 INFO [main] org.apache.catalina.core.ApplicationContext.log ContextListener: contextDestroyed()
04-Apr-2026 09:39:06.371 INFO [main] org.apache.catalina.core.ApplicationContext.log Destroying Spring FrameworkServlet 'dispatcher'
04-Apr-2026 09:39:06.440 INFO [main] org.apache.catalina.core.ApplicationContext.log Closing Spring root WebApplicationContext
04-Apr-2026 09:39:11.085 INFO [main] org.apache.catalina.core.ApplicationContext.log No Spring WebApplicationInitializer types detected on classpath
04-Apr-2026 09:39:11.176 INFO [main] org.apache.catalina.core.ApplicationContext.log Initializing Spring root WebApplicationContext
04-Apr-2026 09:39:14.121 INFO [main] org.apache.catalina.core.ApplicationContext.log Initializing Spring FrameworkServlet 'dispatcher'
04-Apr-2026 09:39:15.280 INFO [main] org.apache.catalina.core.ApplicationContext.log ContextListener: contextInitialized()
04-Apr-2026 09:39:15.280 INFO [main] org.apache.catalina.core.ApplicationContext.log SessionListener: contextInitialized()
04-Apr-2026 09:39:15.282 INFO [main] org.apache.catalina.core.ApplicationContext.log ContextListener: attributeAdded('StockTicker', 'async.Stockticker@5d72da0b')
04-Apr-2026 09:39:15.523 INFO [main] org.apache.catalina.core.ApplicationContext.log SessionListener: contextDestroyed()
04-Apr-2026 09:39:15.523 INFO [main] org.apache.catalina.core.ApplicationContext.log ContextListener: contextDestroyed()
04-Apr-2026 09:39:15.527 INFO [main] org.apache.catalina.core.ApplicationContext.log Destroying Spring FrameworkServlet 'dispatcher'
04-Apr-2026 09:39:15.590 INFO [main] org.apache.catalina.core.ApplicationContext.log Closing Spring root WebApplicationContext
04-Apr-2026 09:39:47.996 INFO [main] org.apache.catalina.core.ApplicationContext.log No Spring WebApplicationInitializer types detected on classpath
04-Apr-2026 09:39:48.091 INFO [main] org.apache.catalina.core.ApplicationContext.log Initializing Spring root WebApplicationContext
04-Apr-2026 09:39:50.907 INFO [main] org.apache.catalina.core.ApplicationContext.log Initializing Spring FrameworkServlet 'dispatcher'
04-Apr-2026 09:39:51.797 INFO [main] org.apache.catalina.core.ApplicationContext.log ContextListener: contextInitialized()
04-Apr-2026 09:39:51.797 INFO [main] org.apache.catalina.core.ApplicationContext.log SessionListener: contextInitialized()
04-Apr-2026 09:39:51.799 INFO [main] org.apache.catalina.core.ApplicationContext.log ContextListener: attributeAdded('StockTicker', 'async.Stockticker@5d72da0b')
04-Apr-2026 09:39:52.062 INFO [main] org.apache.catalina.core.ApplicationContext.log SessionListener: contextDestroyed()
04-Apr-2026 09:39:52.062 INFO [main] org.apache.catalina.core.ApplicationContext.log ContextListener: contextDestroyed()
04-Apr-2026 09:39:52.066 INFO [main] org.apache.catalina.core.ApplicationContext.log Destroying Spring FrameworkServlet 'dispatcher'
04-Apr-2026 09:39:52.127 INFO [main] org.apache.catalina.core.ApplicationContext.log Closing Spring root WebApplicationContext
04-Apr-2026 09:39:56.190 INFO [main] org.apache.catalina.core.ApplicationContext.log No Spring WebApplicationInitializer types detected on classpath
04-Apr-2026 09:39:56.281 INFO [main] org.apache.catalina.core.ApplicationContext.log Initializing Spring root WebApplicationContext
04-Apr-2026 09:39:59.114 INFO [main] org.apache.catalina.core.ApplicationContext.log Initializing Spring FrameworkServlet 'dispatcher'
04-Apr-2026 09:40:00.192 INFO [main] org.apache.catalina.core.ApplicationContext.log ContextListener: contextInitialized()
04-Apr-2026 09:40:00.192 INFO [main] org.apache.catalina.core.ApplicationContext.log SessionListener: contextInitialized()
04-Apr-2026 09:40:00.192 INFO [main] org.apache.catalina.core.ApplicationContext.log ContextListener: attributeAdded('StockTicker', 'async.Stockticker@5d72da0b')
04-Apr-2026 09:40:00.561 INFO [main] org.apache.catalina.core.ApplicationContext.log SessionListener: contextDestroyed()
04-Apr-2026 09:40:00.561 INFO [main] org.apache.catalina.core.ApplicationContext.log ContextListener: contextDestroyed()
04-Apr-2026 09:40:00.565 INFO [main] org.apache.catalina.core.ApplicationContext.log Destroying Spring FrameworkServlet 'dispatcher'
04-Apr-2026 09:40:00.717 INFO [main] org.apache.catalina.core.ApplicationContext.log Closing Spring root WebApplicationContext
04-Apr-2026 09:40:04.963 INFO [main] org.apache.catalina.core.ApplicationContext.log No Spring WebApplicationInitializer types detected on classpath
04-Apr-2026 09:40:05.048 INFO [main] org.apache.catalina.core.ApplicationContext.log Initializing Spring root WebApplicationContext
04-Apr-2026 09:40:08.074 INFO [main] org.apache.catalina.core.ApplicationContext.log Initializing Spring FrameworkServlet 'dispatcher'
04-Apr-2026 09:40:09.291 INFO [main] org.apache.catalina.core.ApplicationContext.log ContextListener: contextInitialized()
04-Apr-2026 09:40:09.291 INFO [main] org.apache.catalina.core.ApplicationContext.log SessionListener: contextInitialized()
04-Apr-2026 09:40:09.293 INFO [main] org.apache.catalina.core.ApplicationContext.log ContextListener: attributeAdded('StockTicker', 'async.Stockticker@5d72da0b')
04-Apr-2026 09:40:09.606 INFO [main] org.apache.catalina.core.ApplicationContext.log SessionListener: contextDestroyed()
04-Apr-2026 09:40:09.606 INFO [main] org.apache.catalina.core.ApplicationContext.log ContextListener: contextDestroyed()
04-Apr-2026 09:40:09.610 INFO [main] org.apache.catalina.core.ApplicationContext.log Destroying Spring FrameworkServlet 'dispatcher'
04-Apr-2026 09:40:09.677 INFO [main] org.apache.catalina.core.ApplicationContext.log Closing Spring root WebApplicationContext
04-Apr-2026 09:40:47.776 INFO [main] org.apache.catalina.core.ApplicationContext.log No Spring WebApplicationInitializer types detected on classpath
04-Apr-2026 09:40:47.862 INFO [main] org.apache.catalina.core.ApplicationContext.log Initializing Spring root WebApplicationContext
04-Apr-2026 09:40:51.084 INFO [main] org.apache.catalina.core.ApplicationContext.log Initializing Spring FrameworkServlet 'dispatcher'
04-Apr-2026 09:40:52.047 INFO [main] org.apache.catalina.core.ApplicationContext.log ContextListener: contextInitialized()
04-Apr-2026 09:40:52.047 INFO [main] org.apache.catalina.core.ApplicationContext.log SessionListener: contextInitialized()
04-Apr-2026 09:40:52.049 INFO [main] org.apache.catalina.core.ApplicationContext.log ContextListener: attributeAdded('StockTicker', 'async.Stockticker@5d72da0b')
04-Apr-2026 09:40:52.368 INFO [main] org.apache.catalina.core.ApplicationContext.log SessionListener: contextDestroyed()
04-Apr-2026 09:40:52.368 INFO [main] org.apache.catalina.core.ApplicationContext.log ContextListener: contextDestroyed()
04-Apr-2026 09:40:52.370 INFO [main] org.apache.catalina.core.ApplicationContext.log Destroying Spring FrameworkServlet 'dispatcher'
04-Apr-2026 09:40:52.937 INFO [main] org.apache.catalina.core.ApplicationContext.log Closing Spring root WebApplicationContext
04-Apr-2026 09:41:02.461 INFO [main] org.apache.catalina.core.ApplicationContext.log No Spring WebApplicationInitializer types detected on classpath
04-Apr-2026 09:41:02.551 INFO [main] org.apache.catalina.core.ApplicationContext.log Initializing Spring root WebApplicationContext
04-Apr-2026 09:41:05.402 INFO [main] org.apache.catalina.core.ApplicationContext.log Initializing Spring FrameworkServlet 'dispatcher'
04-Apr-2026 09:41:06.383 INFO [main] org.apache.catalina.core.ApplicationContext.log ContextListener: contextInitialized()
04-Apr-2026 09:41:06.383 INFO [main] org.apache.catalina.core.ApplicationContext.log SessionListener: contextInitialized()
04-Apr-2026 09:41:06.383 INFO [main] org.apache.catalina.core.ApplicationContext.log ContextListener: attributeAdded('StockTicker', 'async.Stockticker@5d72da0b')
04-Apr-2026 09:41:06.493 INFO [main] org.apache.catalina.core.ApplicationContext.log SessionListener: contextDestroyed()
04-Apr-2026 09:41:06.493 INFO [main] org.apache.catalina.core.ApplicationContext.log ContextListener: contextDestroyed()
04-Apr-2026 09:41:06.496 INFO [main] org.apache.catalina.core.ApplicationContext.log Destroying Spring FrameworkServlet 'dispatcher'
04-Apr-2026 09:41:06.543 INFO [main] org.apache.catalina.core.ApplicationContext.log Closing Spring root WebApplicationContext
04-Apr-2026 09:41:11.069 INFO [main] org.apache.catalina.core.ApplicationContext.log No Spring WebApplicationInitializer types detected on classpath
04-Apr-2026 09:41:11.163 INFO [main] org.apache.catalina.core.ApplicationContext.log Initializing Spring root WebApplicationContext
04-Apr-2026 09:41:13.838 INFO [main] org.apache.catalina.core.ApplicationContext.log Initializing Spring FrameworkServlet 'dispatcher'
04-Apr-2026 09:41:14.865 INFO [main] org.apache.catalina.core.ApplicationContext.log ContextListener: contextInitialized()
04-Apr-2026 09:41:14.867 INFO [main] org.apache.catalina.core.ApplicationContext.log SessionListener: contextInitialized()
04-Apr-2026 09:41:14.867 INFO [main] org.apache.catalina.core.ApplicationContext.log ContextListener: attributeAdded('StockTicker', 'async.Stockticker@5d72da0b')
04-Apr-2026 09:41:15.223 INFO [main] org.apache.catalina.core.ApplicationContext.log SessionListener: contextDestroyed()
04-Apr-2026 09:41:15.223 INFO [main] org.apache.catalina.core.ApplicationContext.log ContextListener: contextDestroyed()
04-Apr-2026 09:41:15.227 INFO [main] org.apache.catalina.core.ApplicationContext.log Destroying Spring FrameworkServlet 'dispatcher'
04-Apr-2026 09:41:15.347 INFO [main] org.apache.catalina.core.ApplicationContext.log Closing Spring root WebApplicationContext
04-Apr-2026 09:41:19.335 INFO [main] org.apache.catalina.core.ApplicationContext.log No Spring WebApplicationInitializer types detected on classpath
04-Apr-2026 09:41:19.425 INFO [main] org.apache.catalina.core.ApplicationContext.log Initializing Spring root WebApplicationContext
04-Apr-2026 09:41:22.124 INFO [main] org.apache.catalina.core.ApplicationContext.log Initializing Spring FrameworkServlet 'dispatcher'
04-Apr-2026 09:41:23.150 INFO [main] org.apache.catalina.core.ApplicationContext.log ContextListener: contextInitialized()
04-Apr-2026 09:41:23.150 INFO [main] org.apache.catalina.core.ApplicationContext.log SessionListener: contextInitialized()
04-Apr-2026 09:41:23.152 INFO [main] org.apache.catalina.core.ApplicationContext.log ContextListener: attributeAdded('StockTicker', 'async.Stockticker@5d72da0b')
04-Apr-2026 09:41:23.478 INFO [main] org.apache.catalina.core.ApplicationContext.log SessionListener: contextDestroyed()
04-Apr-2026 09:41:23.478 INFO [main] org.apache.catalina.core.ApplicationContext.log ContextListener: contextDestroyed()
04-Apr-2026 09:41:23.480 INFO [main] org.apache.catalina.core.ApplicationContext.log Destroying Spring FrameworkServlet 'dispatcher'
04-Apr-2026 09:41:23.549 INFO [main] org.apache.catalina.core.ApplicationContext.log Closing Spring root WebApplicationContext
04-Apr-2026 09:41:27.957 INFO [main] org.apache.catalina.core.ApplicationContext.log No Spring WebApplicationInitializer types detected on classpath
04-Apr-2026 09:41:28.034 INFO [main] org.apache.catalina.core.ApplicationContext.log Initializing Spring root WebApplicationContext
04-Apr-2026 09:41:30.765 INFO [main] org.apache.catalina.core.ApplicationContext.log Initializing Spring FrameworkServlet 'dispatcher'
04-Apr-2026 09:41:31.619 INFO [main] org.apache.catalina.core.ApplicationContext.log ContextListener: contextInitialized()
04-Apr-2026 09:41:31.619 INFO [main] org.apache.catalina.core.ApplicationContext.log SessionListener: contextInitialized()
04-Apr-2026 09:41:31.619 INFO [main] org.apache.catalina.core.ApplicationContext.log ContextListener: attributeAdded('StockTicker', 'async.Stockticker@5d72da0b')
04-Apr-2026 09:41:31.890 INFO [main] org.apache.catalina.core.ApplicationContext.log SessionListener: contextDestroyed()
04-Apr-2026 09:41:31.890 INFO [main] org.apache.catalina.core.ApplicationContext.log ContextListener: contextDestroyed()
04-Apr-2026 09:41:31.892 INFO [main] org.apache.catalina.core.ApplicationContext.log Destroying Spring FrameworkServlet 'dispatcher'
04-Apr-2026 09:41:31.959 INFO [main] org.apache.catalina.core.ApplicationContext.log Closing Spring root WebApplicationContext
04-Apr-2026 09:41:51.992 INFO [main] org.apache.catalina.core.ApplicationContext.log No Spring WebApplicationInitializer types detected on classpath
04-Apr-2026 09:41:52.077 INFO [main] org.apache.catalina.core.ApplicationContext.log Initializing Spring root WebApplicationContext
04-Apr-2026 09:41:54.828 INFO [main] org.apache.catalina.core.ApplicationContext.log Initializing Spring FrameworkServlet 'dispatcher'
04-Apr-2026 09:41:55.766 INFO [main] org.apache.catalina.core.ApplicationContext.log ContextListener: contextInitialized()
04-Apr-2026 09:41:55.766 INFO [main] org.apache.catalina.core.ApplicationContext.log SessionListener: contextInitialized()
04-Apr-2026 09:41:55.768 INFO [main] org.apache.catalina.core.ApplicationContext.log ContextListener: attributeAdded('StockTicker', 'async.Stockticker@5d72da0b')
04-Apr-2026 09:41:56.045 INFO [main] org.apache.catalina.core.ApplicationContext.log SessionListener: contextDestroyed()
04-Apr-2026 09:41:56.045 INFO [main] org.apache.catalina.core.ApplicationContext.log ContextListener: contextDestroyed()
04-Apr-2026 09:41:56.049 INFO [main] org.apache.catalina.core.ApplicationContext.log Destroying Spring FrameworkServlet 'dispatcher'
04-Apr-2026 09:41:56.074 INFO [main] org.apache.catalina.core.ApplicationContext.log Closing Spring root WebApplicationContext
04-Apr-2026 09:42:00.316 INFO [main] org.apache.catalina.core.ApplicationContext.log No Spring WebApplicationInitializer types detected on classpath
04-Apr-2026 09:42:00.403 INFO [main] org.apache.catalina.core.ApplicationContext.log Initializing Spring root WebApplicationContext
04-Apr-2026 09:42:03.801 INFO [main] org.apache.catalina.core.ApplicationContext.log Initializing Spring FrameworkServlet 'dispatcher'
04-Apr-2026 09:42:04.942 INFO [main] org.apache.catalina.core.ApplicationContext.log ContextListener: contextInitialized()
04-Apr-2026 09:42:04.942 INFO [main] org.apache.catalina.core.ApplicationContext.log SessionListener: contextInitialized()
04-Apr-2026 09:42:04.943 INFO [main] org.apache.catalina.core.ApplicationContext.log ContextListener: attributeAdded('StockTicker', 'async.Stockticker@5d72da0b')
04-Apr-2026 09:42:05.257 INFO [main] org.apache.catalina.core.ApplicationContext.log SessionListener: contextDestroyed()
04-Apr-2026 09:42:05.257 INFO [main] org.apache.catalina.core.ApplicationContext.log ContextListener: contextDestroyed()
04-Apr-2026 09:42:05.261 INFO [main] org.apache.catalina.core.ApplicationContext.log Destroying Spring FrameworkServlet 'dispatcher'
04-Apr-2026 09:42:05.340 INFO [main] org.apache.catalina.core.ApplicationContext.log Closing Spring root WebApplicationContext
04-Apr-2026 09:42:55.887 INFO [main] org.apache.catalina.core.ApplicationContext.log No Spring WebApplicationInitializer types detected on classpath
04-Apr-2026 09:42:56.012 INFO [main] org.apache.catalina.core.ApplicationContext.log Initializing Spring root WebApplicationContext
04-Apr-2026 09:42:58.863 INFO [main] org.apache.catalina.core.ApplicationContext.log Initializing Spring FrameworkServlet 'dispatcher'
04-Apr-2026 09:42:59.822 INFO [main] org.apache.catalina.core.ApplicationContext.log ContextListener: contextInitialized()
04-Apr-2026 09:42:59.822 INFO [main] org.apache.catalina.core.ApplicationContext.log SessionListener: contextInitialized()
04-Apr-2026 09:42:59.824 INFO [main] org.apache.catalina.core.ApplicationContext.log ContextListener: attributeAdded('StockTicker', 'async.Stockticker@5d72da0b')
04-Apr-2026 09:43:00.222 INFO [main] org.apache.catalina.core.ApplicationContext.log SessionListener: contextDestroyed()
04-Apr-2026 09:43:00.222 INFO [main] org.apache.catalina.core.ApplicationContext.log ContextListener: contextDestroyed()
04-Apr-2026 09:43:00.227 INFO [main] org.apache.catalina.core.ApplicationContext.log Destroying Spring FrameworkServlet 'dispatcher'
04-Apr-2026 09:43:00.237 INFO [main] org.apache.catalina.core.ApplicationContext.log Closing Spring root WebApplicationContext
04-Apr-2026 09:43:08.196 INFO [main] org.apache.catalina.core.ApplicationContext.log No Spring WebApplicationInitializer types detected on classpath
04-Apr-2026 09:43:08.285 INFO [main] org.apache.catalina.core.ApplicationContext.log Initializing Spring root WebApplicationContext
04-Apr-2026 09:43:10.999 INFO [main] org.apache.catalina.core.ApplicationContext.log Initializing Spring FrameworkServlet 'dispatcher'
04-Apr-2026 09:43:11.966 INFO [main] org.apache.catalina.core.ApplicationContext.log ContextListener: contextInitialized()
04-Apr-2026 09:43:11.966 INFO [main] org.apache.catalina.core.ApplicationContext.log SessionListener: contextInitialized()
04-Apr-2026 09:43:11.969 INFO [main] org.apache.catalina.core.ApplicationContext.log ContextListener: attributeAdded('StockTicker', 'async.Stockticker@5d72da0b')
04-Apr-2026 09:43:12.257 INFO [main] org.apache.catalina.core.ApplicationContext.log SessionListener: contextDestroyed()
04-Apr-2026 09:43:12.257 INFO [main] org.apache.catalina.core.ApplicationContext.log ContextListener: contextDestroyed()
04-Apr-2026 09:43:12.262 INFO [main] org.apache.catalina.core.ApplicationContext.log Destroying Spring FrameworkServlet 'dispatcher'
04-Apr-2026 09:43:12.318 INFO [main] org.apache.catalina.core.ApplicationContext.log Closing Spring root WebApplicationContext
04-Apr-2026 09:43:16.542 INFO [main] org.apache.catalina.core.ApplicationContext.log No Spring WebApplicationInitializer types detected on classpath
04-Apr-2026 09:43:16.627 INFO [main] org.apache.catalina.core.ApplicationContext.log Initializing Spring root WebApplicationContext
04-Apr-2026 09:43:19.328 INFO [main] org.apache.catalina.core.ApplicationContext.log Initializing Spring FrameworkServlet 'dispatcher'
04-Apr-2026 09:43:20.332 INFO [main] org.apache.catalina.core.ApplicationContext.log ContextListener: contextInitialized()
04-Apr-2026 09:43:20.332 INFO [main] org.apache.catalina.core.ApplicationContext.log SessionListener: contextInitialized()
04-Apr-2026 09:43:20.334 INFO [main] org.apache.catalina.core.ApplicationContext.log ContextListener: attributeAdded('StockTicker', 'async.Stockticker@5d72da0b')
04-Apr-2026 09:43:20.637 INFO [main] org.apache.catalina.core.ApplicationContext.log SessionListener: contextDestroyed()
04-Apr-2026 09:43:20.637 INFO [main] org.apache.catalina.core.ApplicationContext.log ContextListener: contextDestroyed()
04-Apr-2026 09:43:20.642 INFO [main] org.apache.catalina.core.ApplicationContext.log Destroying Spring FrameworkServlet 'dispatcher'
04-Apr-2026 09:43:20.646 INFO [main] org.apache.catalina.core.ApplicationContext.log Closing Spring root WebApplicationContext
04-Apr-2026 09:43:24.846 INFO [main] org.apache.catalina.core.ApplicationContext.log No Spring WebApplicationInitializer types detected on classpath
04-Apr-2026 09:43:24.925 INFO [main] org.apache.catalina.core.ApplicationContext.log Initializing Spring root WebApplicationContext
04-Apr-2026 09:43:27.744 INFO [main] org.apache.catalina.core.ApplicationContext.log Initializing Spring FrameworkServlet 'dispatcher'
04-Apr-2026 09:43:28.943 INFO [main] org.apache.catalina.core.ApplicationContext.log ContextListener: contextInitialized()
04-Apr-2026 09:43:28.943 INFO [main] org.apache.catalina.core.ApplicationContext.log SessionListener: contextInitialized()
04-Apr-2026 09:43:28.943 INFO [main] org.apache.catalina.core.ApplicationContext.log ContextListener: attributeAdded('StockTicker', 'async.Stockticker@5d72da0b')
04-Apr-2026 09:43:29.264 INFO [main] org.apache.catalina.core.ApplicationContext.log SessionListener: contextDestroyed()
04-Apr-2026 09:43:29.264 INFO [main] org.apache.catalina.core.ApplicationContext.log ContextListener: contextDestroyed()
04-Apr-2026 09:43:29.266 INFO [main] org.apache.catalina.core.ApplicationContext.log Destroying Spring FrameworkServlet 'dispatcher'
04-Apr-2026 09:43:29.324 INFO [main] org.apache.catalina.core.ApplicationContext.log Closing Spring root WebApplicationContext
04-Apr-2026 09:43:41.941 INFO [main] org.apache.catalina.core.ApplicationContext.log No Spring WebApplicationInitializer types detected on classpath
04-Apr-2026 09:43:42.039 INFO [main] org.apache.catalina.core.ApplicationContext.log Initializing Spring root WebApplicationContext
04-Apr-2026 09:43:44.766 INFO [main] org.apache.catalina.core.ApplicationContext.log Initializing Spring FrameworkServlet 'dispatcher'
04-Apr-2026 09:43:45.816 INFO [main] org.apache.catalina.core.ApplicationContext.log ContextListener: contextInitialized()
04-Apr-2026 09:43:45.816 INFO [main] org.apache.catalina.core.ApplicationContext.log SessionListener: contextInitialized()
04-Apr-2026 09:43:45.818 INFO [main] org.apache.catalina.core.ApplicationContext.log ContextListener: attributeAdded('StockTicker', 'async.Stockticker@5d72da0b')
04-Apr-2026 09:43:46.259 INFO [main] org.apache.catalina.core.ApplicationContext.log SessionListener: contextDestroyed()
04-Apr-2026 09:43:46.259 INFO [main] org.apache.catalina.core.ApplicationContext.log ContextListener: contextDestroyed()
04-Apr-2026 09:43:46.263 INFO [main] org.apache.catalina.core.ApplicationContext.log Destroying Spring FrameworkServlet 'dispatcher'
04-Apr-2026 09:43:46.465 INFO [main] org.apache.catalina.core.ApplicationContext.log Closing Spring root WebApplicationContext
04-Apr-2026 09:44:19.743 INFO [main] org.apache.catalina.core.ApplicationContext.log No Spring WebApplicationInitializer types detected on classpath
04-Apr-2026 09:44:19.822 INFO [main] org.apache.catalina.core.ApplicationContext.log Initializing Spring root WebApplicationContext
04-Apr-2026 09:44:22.565 INFO [main] org.apache.catalina.core.ApplicationContext.log Initializing Spring FrameworkServlet 'dispatcher'
04-Apr-2026 09:44:23.819 INFO [main] org.apache.catalina.core.ApplicationContext.log ContextListener: contextInitialized()
04-Apr-2026 09:44:23.819 INFO [main] org.apache.catalina.core.ApplicationContext.log SessionListener: contextInitialized()
04-Apr-2026 09:44:23.823 INFO [main] org.apache.catalina.core.ApplicationContext.log ContextListener: attributeAdded('StockTicker', 'async.Stockticker@5d72da0b')
04-Apr-2026 09:44:24.348 INFO [main] org.apache.catalina.core.ApplicationContext.log SessionListener: contextDestroyed()
04-Apr-2026 09:44:24.350 INFO [main] org.apache.catalina.core.ApplicationContext.log ContextListener: contextDestroyed()
04-Apr-2026 09:44:24.352 INFO [main] org.apache.catalina.core.ApplicationContext.log Destroying Spring FrameworkServlet 'dispatcher'
04-Apr-2026 09:44:24.607 INFO [main] org.apache.catalina.core.ApplicationContext.log Closing Spring root WebApplicationContext
04-Apr-2026 09:50:35.041 INFO [main] org.apache.catalina.core.ApplicationContext.log No Spring WebApplicationInitializer types detected on classpath
04-Apr-2026 09:50:35.135 INFO [main] org.apache.catalina.core.ApplicationContext.log Initializing Spring root WebApplicationContext
04-Apr-2026 09:50:38.131 INFO [main] org.apache.catalina.core.ApplicationContext.log Initializing Spring FrameworkServlet 'dispatcher'
04-Apr-2026 09:50:39.262 INFO [main] org.apache.catalina.core.ApplicationContext.log ContextListener: contextInitialized()
04-Apr-2026 09:50:39.262 INFO [main] org.apache.catalina.core.ApplicationContext.log SessionListener: contextInitialized()
04-Apr-2026 09:50:39.264 INFO [main] org.apache.catalina.core.ApplicationContext.log ContextListener: attributeAdded('StockTicker', 'async.Stockticker@389fad5b')
04-Apr-2026 10:00:58.698 INFO [main] org.apache.catalina.core.ApplicationContext.log SessionListener: contextDestroyed()
04-Apr-2026 10:00:58.698 INFO [main] org.apache.catalina.core.ApplicationContext.log ContextListener: contextDestroyed()
04-Apr-2026 10:00:58.702 INFO [main] org.apache.catalina.core.ApplicationContext.log Destroying Spring FrameworkServlet 'dispatcher'
04-Apr-2026 10:00:59.016 INFO [main] org.apache.catalina.core.ApplicationContext.log Closing Spring root WebApplicationContext
04-Apr-2026 10:01:06.647 INFO [main] org.apache.catalina.core.ApplicationContext.log No Spring WebApplicationInitializer types detected on classpath
04-Apr-2026 10:01:06.772 INFO [main] org.apache.catalina.core.ApplicationContext.log Initializing Spring root WebApplicationContext
04-Apr-2026 10:01:10.628 INFO [main] org.apache.catalina.core.ApplicationContext.log Initializing Spring FrameworkServlet 'dispatcher'
04-Apr-2026 10:01:12.136 INFO [main] org.apache.catalina.core.ApplicationContext.log ContextListener: contextInitialized()
04-Apr-2026 10:01:12.136 INFO [main] org.apache.catalina.core.ApplicationContext.log SessionListener: contextInitialized()
04-Apr-2026 10:01:12.140 INFO [main] org.apache.catalina.core.ApplicationContext.log ContextListener: attributeAdded('StockTicker', 'async.Stockticker@39eea4f6')
04-Apr-2026 10:01:23.983 INFO [main] org.apache.catalina.core.ApplicationContext.log SessionListener: contextDestroyed()
04-Apr-2026 10:01:23.983 INFO [main] org.apache.catalina.core.ApplicationContext.log ContextListener: contextDestroyed()
04-Apr-2026 10:01:23.988 INFO [main] org.apache.catalina.core.ApplicationContext.log Destroying Spring FrameworkServlet 'dispatcher'
04-Apr-2026 10:01:24.293 INFO [main] org.apache.catalina.core.ApplicationContext.log Closing Spring root WebApplicationContext
04-Apr-2026 10:01:31.879 INFO [main] org.apache.catalina.core.ApplicationContext.log No Spring WebApplicationInitializer types detected on classpath
04-Apr-2026 10:01:32.010 INFO [main] org.apache.catalina.core.ApplicationContext.log Initializing Spring root WebApplicationContext
04-Apr-2026 10:01:35.822 INFO [main] org.apache.catalina.core.ApplicationContext.log Initializing Spring FrameworkServlet 'dispatcher'
04-Apr-2026 10:01:37.245 INFO [main] org.apache.catalina.core.ApplicationContext.log ContextListener: contextInitialized()
04-Apr-2026 10:01:37.245 INFO [main] org.apache.catalina.core.ApplicationContext.log SessionListener: contextInitialized()
04-Apr-2026 10:01:37.249 INFO [main] org.apache.catalina.core.ApplicationContext.log ContextListener: attributeAdded('StockTicker', 'async.Stockticker@39eea4f6')
04-Apr-2026 10:12:41.887 INFO [main] org.apache.catalina.core.ApplicationContext.log No Spring WebApplicationInitializer types detected on classpath
04-Apr-2026 10:12:42.007 INFO [main] org.apache.catalina.core.ApplicationContext.log Initializing Spring root WebApplicationContext
04-Apr-2026 10:12:45.712 INFO [main] org.apache.catalina.core.ApplicationContext.log Initializing Spring FrameworkServlet 'dispatcher'
04-Apr-2026 10:12:47.070 INFO [main] org.apache.catalina.core.ApplicationContext.log ContextListener: contextInitialized()
04-Apr-2026 10:12:47.070 INFO [main] org.apache.catalina.core.ApplicationContext.log SessionListener: contextInitialized()
04-Apr-2026 10:12:47.072 INFO [main] org.apache.catalina.core.ApplicationContext.log ContextListener: attributeAdded('StockTicker', 'async.Stockticker@5a983f8a')
04-Apr-2026 10:14:43.832 INFO [Thread-13] org.apache.catalina.core.ApplicationContext.log SessionListener: contextDestroyed()
04-Apr-2026 10:14:43.832 INFO [Thread-13] org.apache.catalina.core.ApplicationContext.log ContextListener: contextDestroyed()
04-Apr-2026 10:14:43.840 INFO [Thread-13] org.apache.catalina.core.ApplicationContext.log Destroying Spring FrameworkServlet 'dispatcher'
04-Apr-2026 10:14:44.105 INFO [Thread-13] org.apache.catalina.core.ApplicationContext.log Closing Spring root WebApplicationContext
04-Apr-2026 10:15:16.835 INFO [main] org.apache.catalina.core.ApplicationContext.log No Spring WebApplicationInitializer types detected on classpath
04-Apr-2026 10:15:16.974 INFO [main] org.apache.catalina.core.ApplicationContext.log Initializing Spring root WebApplicationContext
04-Apr-2026 10:15:20.487 INFO [main] org.apache.catalina.core.ApplicationContext.log Initializing Spring FrameworkServlet 'dispatcher'
04-Apr-2026 10:15:21.618 INFO [main] org.apache.catalina.core.ApplicationContext.log ContextListener: contextInitialized()
04-Apr-2026 10:15:21.620 INFO [main] org.apache.catalina.core.ApplicationContext.log SessionListener: contextInitialized()
04-Apr-2026 10:15:21.620 INFO [main] org.apache.catalina.core.ApplicationContext.log ContextListener: attributeAdded('StockTicker', 'async.Stockticker@39eea4f6')
04-Apr-2026 10:15:57.080 INFO [main] org.apache.catalina.core.ApplicationContext.log No Spring WebApplicationInitializer types detected on classpath
04-Apr-2026 10:15:57.189 INFO [main] org.apache.catalina.core.ApplicationContext.log Initializing Spring root WebApplicationContext
04-Apr-2026 10:16:01.128 INFO [main] org.apache.catalina.core.ApplicationContext.log Initializing Spring FrameworkServlet 'dispatcher'
04-Apr-2026 10:16:02.284 INFO [main] org.apache.catalina.core.ApplicationContext.log ContextListener: contextInitialized()
04-Apr-2026 10:16:02.284 INFO [main] org.apache.catalina.core.ApplicationContext.log SessionListener: contextInitialized()
04-Apr-2026 10:16:02.288 INFO [main] org.apache.catalina.core.ApplicationContext.log ContextListener: attributeAdded('StockTicker', 'async.Stockticker@5a983f8a')
04-Apr-2026 10:16:14.096 INFO [Thread-13] org.apache.catalina.core.ApplicationContext.log SessionListener: contextDestroyed()
04-Apr-2026 10:16:14.096 INFO [Thread-13] org.apache.catalina.core.ApplicationContext.log ContextListener: contextDestroyed()
04-Apr-2026 10:16:14.102 INFO [Thread-13] org.apache.catalina.core.ApplicationContext.log Destroying Spring FrameworkServlet 'dispatcher'
04-Apr-2026 10:16:14.385 INFO [Thread-13] org.apache.catalina.core.ApplicationContext.log Closing Spring root WebApplicationContext
04-Apr-2026 10:16:36.399 INFO [main] org.apache.catalina.core.ApplicationContext.log No Spring WebApplicationInitializer types detected on classpath
04-Apr-2026 10:16:36.535 INFO [main] org.apache.catalina.core.ApplicationContext.log Initializing Spring root WebApplicationContext
04-Apr-2026 10:16:40.012 INFO [main] org.apache.catalina.core.ApplicationContext.log Initializing Spring FrameworkServlet 'dispatcher'
04-Apr-2026 10:16:41.069 INFO [main] org.apache.catalina.core.ApplicationContext.log ContextListener: contextInitialized()
04-Apr-2026 10:16:41.069 INFO [main] org.apache.catalina.core.ApplicationContext.log SessionListener: contextInitialized()
04-Apr-2026 10:16:41.070 INFO [main] org.apache.catalina.core.ApplicationContext.log ContextListener: attributeAdded('StockTicker', 'async.Stockticker@5a983f8a')
04-Apr-2026 10:18:12.471 INFO [Thread-13] org.apache.catalina.core.ApplicationContext.log SessionListener: contextDestroyed()
04-Apr-2026 10:18:12.471 INFO [Thread-13] org.apache.catalina.core.ApplicationContext.log ContextListener: contextDestroyed()
04-Apr-2026 10:18:12.479 INFO [Thread-13] org.apache.catalina.core.ApplicationContext.log Destroying Spring FrameworkServlet 'dispatcher'
04-Apr-2026 10:19:00.483 INFO [main] org.apache.catalina.core.ApplicationContext.log No Spring WebApplicationInitializer types detected on classpath
04-Apr-2026 10:19:00.592 INFO [main] org.apache.catalina.core.ApplicationContext.log Initializing Spring root WebApplicationContext
04-Apr-2026 10:19:05.807 INFO [main] org.apache.catalina.core.ApplicationContext.log Initializing Spring FrameworkServlet 'dispatcher'
04-Apr-2026 10:19:08.150 INFO [main] org.apache.catalina.core.ApplicationContext.log ContextListener: contextInitialized()
04-Apr-2026 10:19:08.150 INFO [main] org.apache.catalina.core.ApplicationContext.log SessionListener: contextInitialized()
04-Apr-2026 10:19:08.152 INFO [main] org.apache.catalina.core.ApplicationContext.log ContextListener: attributeAdded('StockTicker', 'async.Stockticker@2981064d')
04-Apr-2026 10:21:13.324 INFO [Thread-13] org.apache.catalina.core.ApplicationContext.log SessionListener: contextDestroyed()
04-Apr-2026 10:21:13.324 INFO [Thread-13] org.apache.catalina.core.ApplicationContext.log ContextListener: contextDestroyed()
04-Apr-2026 10:21:13.686 INFO [Thread-13] org.apache.catalina.core.ApplicationContext.log Destroying Spring FrameworkServlet 'dispatcher'
04-Apr-2026 10:21:14.182 INFO [Thread-13] org.apache.catalina.core.ApplicationContext.log Closing Spring root WebApplicationContext
04-Apr-2026 10:21:38.519 INFO [main] org.apache.catalina.core.ApplicationContext.log No Spring WebApplicationInitializer types detected on classpath
04-Apr-2026 10:21:38.594 INFO [main] org.apache.catalina.core.ApplicationContext.log Initializing Spring root WebApplicationContext
04-Apr-2026 10:21:41.357 INFO [main] org.apache.catalina.core.ApplicationContext.log Initializing Spring FrameworkServlet 'dispatcher'
04-Apr-2026 10:21:42.573 INFO [main] org.apache.catalina.core.ApplicationContext.log ContextListener: contextInitialized()
04-Apr-2026 10:21:42.573 INFO [main] org.apache.catalina.core.ApplicationContext.log SessionListener: contextInitialized()
04-Apr-2026 10:21:42.574 INFO [main] org.apache.catalina.core.ApplicationContext.log ContextListener: attributeAdded('StockTicker', 'async.Stockticker@49522bdf')
04-Apr-2026 10:22:05.772 INFO [Thread-13] org.apache.catalina.core.ApplicationContext.log SessionListener: contextDestroyed()
04-Apr-2026 10:22:05.772 INFO [Thread-13] org.apache.catalina.core.ApplicationContext.log ContextListener: contextDestroyed()
04-Apr-2026 10:22:05.776 INFO [Thread-13] org.apache.catalina.core.ApplicationContext.log Destroying Spring FrameworkServlet 'dispatcher'
04-Apr-2026 10:22:05.942 INFO [Thread-13] org.apache.catalina.core.ApplicationContext.log Closing Spring root WebApplicationContext
04-Apr-2026 10:23:10.490 INFO [main] org.apache.catalina.core.ApplicationContext.log No Spring WebApplicationInitializer types detected on classpath
04-Apr-2026 10:23:10.582 INFO [main] org.apache.catalina.core.ApplicationContext.log Initializing Spring root WebApplicationContext
04-Apr-2026 10:23:13.207 INFO [main] org.apache.catalina.core.ApplicationContext.log Initializing Spring FrameworkServlet 'dispatcher'
04-Apr-2026 10:23:14.073 INFO [main] org.apache.catalina.core.ApplicationContext.log ContextListener: contextInitialized()
04-Apr-2026 10:23:14.073 INFO [main] org.apache.catalina.core.ApplicationContext.log SessionListener: contextInitialized()
04-Apr-2026 10:23:14.075 INFO [main] org.apache.catalina.core.ApplicationContext.log ContextListener: attributeAdded('StockTicker', 'async.Stockticker@49522bdf')
04-Apr-2026 10:23:59.841 INFO [Thread-13] org.apache.catalina.core.ApplicationContext.log SessionListener: contextDestroyed()
04-Apr-2026 10:23:59.841 INFO [Thread-13] org.apache.catalina.core.ApplicationContext.log ContextListener: contextDestroyed()
04-Apr-2026 10:23:59.846 INFO [Thread-13] org.apache.catalina.core.ApplicationContext.log Destroying Spring FrameworkServlet 'dispatcher'
04-Apr-2026 10:24:00.011 INFO [Thread-13] org.apache.catalina.core.ApplicationContext.log Closing Spring root WebApplicationContext
04-Apr-2026 10:24:55.105 INFO [main] org.apache.catalina.core.ApplicationContext.log No Spring WebApplicationInitializer types detected on classpath
04-Apr-2026 10:24:55.201 INFO [main] org.apache.catalina.core.ApplicationContext.log Initializing Spring root WebApplicationContext
04-Apr-2026 10:24:59.731 INFO [main] org.apache.catalina.core.ApplicationContext.log Initializing Spring FrameworkServlet 'dispatcher'
04-Apr-2026 10:25:02.190 INFO [main] org.apache.catalina.core.ApplicationContext.log ContextListener: contextInitialized()
04-Apr-2026 10:25:02.190 INFO [main] org.apache.catalina.core.ApplicationContext.log SessionListener: contextInitialized()
04-Apr-2026 10:25:02.192 INFO [main] org.apache.catalina.core.ApplicationContext.log ContextListener: attributeAdded('StockTicker', 'async.Stockticker@2981064d')
04-Apr-2026 10:26:58.868 INFO [main] org.apache.catalina.core.ApplicationContext.log No Spring WebApplicationInitializer types detected on classpath
04-Apr-2026 10:26:58.957 INFO [main] org.apache.catalina.core.ApplicationContext.log Initializing Spring root WebApplicationContext
04-Apr-2026 10:27:03.181 INFO [main] org.apache.catalina.core.ApplicationContext.log Initializing Spring FrameworkServlet 'dispatcher'
04-Apr-2026 10:27:04.644 INFO [main] org.apache.catalina.core.ApplicationContext.log ContextListener: contextInitialized()
04-Apr-2026 10:27:04.644 INFO [main] org.apache.catalina.core.ApplicationContext.log SessionListener: contextInitialized()
04-Apr-2026 10:27:04.646 INFO [main] org.apache.catalina.core.ApplicationContext.log ContextListener: attributeAdded('StockTicker', 'async.Stockticker@439047ef')
04-Apr-2026 10:27:23.862 INFO [main] org.apache.catalina.core.ApplicationContext.log SessionListener: contextDestroyed()
04-Apr-2026 10:27:23.862 INFO [main] org.apache.catalina.core.ApplicationContext.log ContextListener: contextDestroyed()
04-Apr-2026 10:27:23.864 INFO [main] org.apache.catalina.core.ApplicationContext.log Destroying Spring FrameworkServlet 'dispatcher'
04-Apr-2026 10:27:24.028 INFO [main] org.apache.catalina.core.ApplicationContext.log Closing Spring root WebApplicationContext
04-Apr-2026 10:27:39.942 INFO [main] org.apache.catalina.core.ApplicationContext.log No Spring WebApplicationInitializer types detected on classpath
04-Apr-2026 10:27:40.033 INFO [main] org.apache.catalina.core.ApplicationContext.log Initializing Spring root WebApplicationContext
04-Apr-2026 10:27:44.005 INFO [main] org.apache.catalina.core.ApplicationContext.log No Spring WebApplicationInitializer types detected on classpath
04-Apr-2026 10:27:44.084 INFO [main] org.apache.catalina.core.ApplicationContext.log Initializing Spring root WebApplicationContext
04-Apr-2026 10:27:46.649 INFO [main] org.apache.catalina.core.ApplicationContext.log Initializing Spring FrameworkServlet 'dispatcher'
04-Apr-2026 10:27:47.507 INFO [main] org.apache.catalina.core.ApplicationContext.log ContextListener: contextInitialized()
04-Apr-2026 10:27:47.507 INFO [main] org.apache.catalina.core.ApplicationContext.log SessionListener: contextInitialized()
04-Apr-2026 10:27:47.509 INFO [main] org.apache.catalina.core.ApplicationContext.log ContextListener: attributeAdded('StockTicker', 'async.Stockticker@5d72da0b')
04-Apr-2026 10:40:07.002 INFO [Thread-13] org.apache.catalina.core.ApplicationContext.log SessionListener: contextDestroyed()
04-Apr-2026 10:40:07.002 INFO [Thread-13] org.apache.catalina.core.ApplicationContext.log ContextListener: contextDestroyed()
04-Apr-2026 10:40:07.338 INFO [Thread-13] org.apache.catalina.core.ApplicationContext.log Destroying Spring FrameworkServlet 'dispatcher'
04-Apr-2026 10:40:07.599 INFO [Thread-13] org.apache.catalina.core.ApplicationContext.log Closing Spring root WebApplicationContext
04-Apr-2026 10:40:36.591 INFO [main] org.apache.catalina.core.ApplicationContext.log No Spring WebApplicationInitializer types detected on classpath
04-Apr-2026 10:40:36.764 INFO [main] org.apache.catalina.core.ApplicationContext.log Initializing Spring root WebApplicationContext
04-Apr-2026 10:40:40.904 INFO [main] org.apache.catalina.core.ApplicationContext.log Initializing Spring FrameworkServlet 'dispatcher'
04-Apr-2026 10:40:43.527 INFO [main] org.apache.catalina.core.ApplicationContext.log ContextListener: contextInitialized()
04-Apr-2026 10:40:43.528 INFO [main] org.apache.catalina.core.ApplicationContext.log SessionListener: contextInitialized()
04-Apr-2026 10:40:43.529 INFO [main] org.apache.catalina.core.ApplicationContext.log ContextListener: attributeAdded('StockTicker', 'async.Stockticker@5a983f8a')
04-Apr-2026 10:48:10.905 INFO [main] org.apache.catalina.core.ApplicationContext.log SessionListener: contextDestroyed()
04-Apr-2026 10:48:10.905 INFO [main] org.apache.catalina.core.ApplicationContext.log ContextListener: contextDestroyed()
04-Apr-2026 10:48:10.910 INFO [main] org.apache.catalina.core.ApplicationContext.log Destroying Spring FrameworkServlet 'dispatcher'
04-Apr-2026 10:48:11.227 INFO [main] org.apache.catalina.core.ApplicationContext.log Closing Spring root WebApplicationContext
04-Apr-2026 10:48:32.564 INFO [main] org.apache.catalina.core.ApplicationContext.log No Spring WebApplicationInitializer types detected on classpath
04-Apr-2026 10:48:32.685 INFO [main] org.apache.catalina.core.ApplicationContext.log Initializing Spring root WebApplicationContext
04-Apr-2026 10:48:36.363 INFO [main] org.apache.catalina.core.ApplicationContext.log Initializing Spring FrameworkServlet 'dispatcher'
04-Apr-2026 10:48:37.546 INFO [main] org.apache.catalina.core.ApplicationContext.log ContextListener: contextInitialized()
04-Apr-2026 10:48:37.546 INFO [main] org.apache.catalina.core.ApplicationContext.log SessionListener: contextInitialized()
04-Apr-2026 10:48:37.548 INFO [main] org.apache.catalina.core.ApplicationContext.log ContextListener: attributeAdded('StockTicker', 'async.Stockticker@39eea4f6')
04-Apr-2026 10:56:28.596 INFO [Thread-13] org.apache.catalina.core.ApplicationContext.log SessionListener: contextDestroyed()
04-Apr-2026 10:56:28.596 INFO [Thread-13] org.apache.catalina.core.ApplicationContext.log ContextListener: contextDestroyed()
04-Apr-2026 10:56:28.602 INFO [Thread-13] org.apache.catalina.core.ApplicationContext.log Destroying Spring FrameworkServlet 'dispatcher'
04-Apr-2026 10:56:28.863 INFO [Thread-13] org.apache.catalina.core.ApplicationContext.log Closing Spring root WebApplicationContext
04-Apr-2026 10:56:43.181 INFO [main] org.apache.catalina.core.ApplicationContext.log No Spring WebApplicationInitializer types detected on classpath
04-Apr-2026 10:56:43.294 INFO [main] org.apache.catalina.core.ApplicationContext.log Initializing Spring root WebApplicationContext
04-Apr-2026 10:56:46.581 INFO [main] org.apache.catalina.core.ApplicationContext.log Initializing Spring FrameworkServlet 'dispatcher'
04-Apr-2026 10:56:47.718 INFO [main] org.apache.catalina.core.ApplicationContext.log ContextListener: contextInitialized()
04-Apr-2026 10:56:47.718 INFO [main] org.apache.catalina.core.ApplicationContext.log SessionListener: contextInitialized()
04-Apr-2026 10:56:47.720 INFO [main] org.apache.catalina.core.ApplicationContext.log ContextListener: attributeAdded('StockTicker', 'async.Stockticker@39eea4f6')
04-Apr-2026 10:57:55.599 INFO [Thread-13] org.apache.catalina.core.ApplicationContext.log SessionListener: contextDestroyed()
04-Apr-2026 10:57:55.599 INFO [Thread-13] org.apache.catalina.core.ApplicationContext.log ContextListener: contextDestroyed()
04-Apr-2026 10:57:55.610 INFO [Thread-13] org.apache.catalina.core.ApplicationContext.log Destroying Spring FrameworkServlet 'dispatcher'
04-Apr-2026 11:01:39.643 INFO [main] org.apache.catalina.core.ApplicationContext.log No Spring WebApplicationInitializer types detected on classpath
04-Apr-2026 11:01:39.764 INFO [main] org.apache.catalina.core.ApplicationContext.log Initializing Spring root WebApplicationContext
04-Apr-2026 11:01:43.289 INFO [main] org.apache.catalina.core.ApplicationContext.log Initializing Spring FrameworkServlet 'dispatcher'
04-Apr-2026 11:01:48.039 INFO [main] org.apache.catalina.core.ApplicationContext.log ContextListener: contextInitialized()
04-Apr-2026 11:01:48.040 INFO [main] org.apache.catalina.core.ApplicationContext.log SessionListener: contextInitialized()
04-Apr-2026 11:01:48.041 INFO [main] org.apache.catalina.core.ApplicationContext.log ContextListener: attributeAdded('StockTicker', 'async.Stockticker@49522bdf')
04-Apr-2026 15:32:10.466 INFO [Thread-13] org.apache.catalina.core.ApplicationContext.log SessionListener: contextDestroyed()
04-Apr-2026 15:32:10.466 INFO [Thread-13] org.apache.catalina.core.ApplicationContext.log ContextListener: contextDestroyed()
04-Apr-2026 15:32:10.614 INFO [Thread-13] org.apache.catalina.core.ApplicationContext.log Destroying Spring FrameworkServlet 'dispatcher'
04-Apr-2026 15:32:10.875 INFO [Thread-13] org.apache.catalina.core.ApplicationContext.log Closing Spring root WebApplicationContext
04-Apr-2026 15:36:09.841 INFO [main] org.apache.catalina.core.ApplicationContext.log No Spring WebApplicationInitializer types detected on classpath
04-Apr-2026 15:36:09.969 INFO [main] org.apache.catalina.core.ApplicationContext.log Initializing Spring root WebApplicationContext
04-Apr-2026 15:36:14.412 INFO [main] org.apache.catalina.core.ApplicationContext.log Initializing Spring FrameworkServlet 'dispatcher'
04-Apr-2026 15:36:16.479 INFO [main] org.apache.catalina.core.ApplicationContext.log ContextListener: contextInitialized()
04-Apr-2026 15:36:16.479 INFO [main] org.apache.catalina.core.ApplicationContext.log SessionListener: contextInitialized()
04-Apr-2026 15:36:16.481 INFO [main] org.apache.catalina.core.ApplicationContext.log ContextListener: attributeAdded('StockTicker', 'async.Stockticker@39eea4f6')
04-Apr-2026 16:22:11.002 INFO [Thread-13] org.apache.catalina.core.ApplicationContext.log SessionListener: contextDestroyed()
04-Apr-2026 16:22:11.002 INFO [Thread-13] org.apache.catalina.core.ApplicationContext.log ContextListener: contextDestroyed()
04-Apr-2026 16:22:11.069 INFO [Thread-13] org.apache.catalina.core.ApplicationContext.log Destroying Spring FrameworkServlet 'dispatcher'
04-Apr-2026 16:22:11.337 INFO [Thread-13] org.apache.catalina.core.ApplicationContext.log Closing Spring root WebApplicationContext
04-Apr-2026 17:09:57.481 INFO [main] org.apache.catalina.core.ApplicationContext.log No Spring WebApplicationInitializer types detected on classpath
04-Apr-2026 17:09:57.676 INFO [main] org.apache.catalina.core.ApplicationContext.log Initializing Spring root WebApplicationContext
04-Apr-2026 17:10:03.054 INFO [main] org.apache.catalina.core.ApplicationContext.log Initializing Spring FrameworkServlet 'dispatcher'
04-Apr-2026 17:10:05.482 INFO [main] org.apache.catalina.core.ApplicationContext.log ContextListener: contextInitialized()
04-Apr-2026 17:10:05.482 INFO [main] org.apache.catalina.core.ApplicationContext.log SessionListener: contextInitialized()
04-Apr-2026 17:10:05.486 INFO [main] org.apache.catalina.core.ApplicationContext.log ContextListener: attributeAdded('StockTicker', 'async.Stockticker@39eea4f6')
04-Apr-2026 17:11:20.334 INFO [Thread-13] org.apache.catalina.core.ApplicationContext.log SessionListener: contextDestroyed()
04-Apr-2026 17:11:20.334 INFO [Thread-13] org.apache.catalina.core.ApplicationContext.log ContextListener: contextDestroyed()
04-Apr-2026 17:11:20.344 INFO [Thread-13] org.apache.catalina.core.ApplicationContext.log Destroying Spring FrameworkServlet 'dispatcher'
04-Apr-2026 17:11:20.688 INFO [Thread-13] org.apache.catalina.core.ApplicationContext.log Closing Spring root WebApplicationContext
04-Apr-2026 17:11:39.274 INFO [main] org.apache.catalina.core.ApplicationContext.log No Spring WebApplicationInitializer types detected on classpath
04-Apr-2026 17:11:39.486 INFO [main] org.apache.catalina.core.ApplicationContext.log Initializing Spring root WebApplicationContext
04-Apr-2026 17:11:44.596 INFO [main] org.apache.catalina.core.ApplicationContext.log Initializing Spring FrameworkServlet 'dispatcher'
04-Apr-2026 17:11:46.906 INFO [main] org.apache.catalina.core.ApplicationContext.log ContextListener: contextInitialized()
04-Apr-2026 17:11:46.906 INFO [main] org.apache.catalina.core.ApplicationContext.log SessionListener: contextInitialized()
04-Apr-2026 17:11:46.916 INFO [main] org.apache.catalina.core.ApplicationContext.log ContextListener: attributeAdded('StockTicker', 'async.Stockticker@39eea4f6')
04-Apr-2026 17:18:20.463 INFO [Thread-13] org.apache.catalina.core.ApplicationContext.log SessionListener: contextDestroyed()
04-Apr-2026 17:18:20.463 INFO [Thread-13] org.apache.catalina.core.ApplicationContext.log ContextListener: contextDestroyed()
04-Apr-2026 17:18:20.474 INFO [Thread-13] org.apache.catalina.core.ApplicationContext.log Destroying Spring FrameworkServlet 'dispatcher'
04-Apr-2026 17:18:20.554 INFO [Thread-13] org.apache.catalina.core.ApplicationContext.log Closing Spring root WebApplicationContext
04-Apr-2026 17:19:04.642 INFO [main] org.apache.catalina.core.ApplicationContext.log No Spring WebApplicationInitializer types detected on classpath
04-Apr-2026 17:19:04.817 INFO [main] org.apache.catalina.core.ApplicationContext.log Initializing Spring root WebApplicationContext
04-Apr-2026 17:19:09.590 INFO [main] org.apache.catalina.core.ApplicationContext.log Initializing Spring FrameworkServlet 'dispatcher'
04-Apr-2026 17:19:11.703 INFO [main] org.apache.catalina.core.ApplicationContext.log ContextListener: contextInitialized()
04-Apr-2026 17:19:11.703 INFO [main] org.apache.catalina.core.ApplicationContext.log SessionListener: contextInitialized()
04-Apr-2026 17:19:11.708 INFO [main] org.apache.catalina.core.ApplicationContext.log ContextListener: attributeAdded('StockTicker', 'async.Stockticker@39eea4f6')
04-Apr-2026 18:09:36.594 INFO [Catalina-utility-1] org.apache.catalina.core.ApplicationContext.log Destroying Spring FrameworkServlet 'dispatcher'
04-Apr-2026 18:09:36.968 INFO [Catalina-utility-1] org.apache.catalina.core.ApplicationContext.log Closing Spring root WebApplicationContext
04-Apr-2026 18:09:44.624 INFO [Catalina-utility-1] org.apache.catalina.core.ApplicationContext.log No Spring WebApplicationInitializer types detected on classpath
04-Apr-2026 18:09:44.821 INFO [Catalina-utility-1] org.apache.catalina.core.ApplicationContext.log Initializing Spring root WebApplicationContext
04-Apr-2026 18:09:49.086 INFO [Catalina-utility-1] org.apache.catalina.core.ApplicationContext.log Initializing Spring FrameworkServlet 'dispatcher'
04-Apr-2026 18:16:20.997 INFO [Catalina-utility-1] org.apache.catalina.core.ApplicationContext.log Destroying Spring FrameworkServlet 'dispatcher'
04-Apr-2026 18:16:21.357 INFO [Catalina-utility-1] org.apache.catalina.core.ApplicationContext.log Closing Spring root WebApplicationContext
04-Apr-2026 18:16:30.343 INFO [Catalina-utility-1] org.apache.catalina.core.ApplicationContext.log No Spring WebApplicationInitializer types detected on classpath
04-Apr-2026 18:16:30.476 INFO [Catalina-utility-1] org.apache.catalina.core.ApplicationContext.log Initializing Spring root WebApplicationContext
04-Apr-2026 18:16:34.054 INFO [Catalina-utility-1] org.apache.catalina.core.ApplicationContext.log Initializing Spring FrameworkServlet 'dispatcher'
04-Apr-2026 18:17:09.376 INFO [Thread-13] org.apache.catalina.core.ApplicationContext.log SessionListener: contextDestroyed()
04-Apr-2026 18:17:09.376 INFO [Thread-13] org.apache.catalina.core.ApplicationContext.log ContextListener: contextDestroyed()
04-Apr-2026 18:17:09.455 INFO [Thread-13] org.apache.catalina.core.ApplicationContext.log Destroying Spring FrameworkServlet 'dispatcher'
04-Apr-2026 18:17:09.814 INFO [Thread-13] org.apache.catalina.core.ApplicationContext.log Closing Spring root WebApplicationContext
04-Apr-2026 18:17:29.177 INFO [main] org.apache.catalina.core.ApplicationContext.log No Spring WebApplicationInitializer types detected on classpath
04-Apr-2026 18:17:29.391 INFO [main] org.apache.catalina.core.ApplicationContext.log Initializing Spring root WebApplicationContext
04-Apr-2026 18:17:34.712 INFO [main] org.apache.catalina.core.ApplicationContext.log Initializing Spring FrameworkServlet 'dispatcher'
04-Apr-2026 18:17:37.303 INFO [main] org.apache.catalina.core.ApplicationContext.log ContextListener: contextInitialized()
04-Apr-2026 18:17:37.303 INFO [main] org.apache.catalina.core.ApplicationContext.log SessionListener: contextInitialized()
04-Apr-2026 18:17:37.307 INFO [main] org.apache.catalina.core.ApplicationContext.log ContextListener: attributeAdded('StockTicker', 'async.Stockticker@5a983f8a')
04-Apr-2026 18:43:49.846 INFO [Catalina-utility-1] org.apache.catalina.core.ApplicationContext.log Destroying Spring FrameworkServlet 'dispatcher'
04-Apr-2026 18:43:50.253 INFO [Catalina-utility-1] org.apache.catalina.core.ApplicationContext.log Closing Spring root WebApplicationContext
04-Apr-2026 18:44:01.521 INFO [Catalina-utility-1] org.apache.catalina.core.ApplicationContext.log No Spring WebApplicationInitializer types detected on classpath
04-Apr-2026 18:44:02.367 INFO [Catalina-utility-1] org.apache.catalina.core.ApplicationContext.log Initializing Spring root WebApplicationContext
04-Apr-2026 18:44:06.070 SEVERE [Catalina-utility-1] org.apache.catalina.core.StandardContext.listenerStart Exception sending context initialized event to listener instance of class [org.springframework.web.context.ContextLoaderListener]
	org.springframework.beans.factory.BeanCreationException: Error creating bean with name 'deviceDeltaQueueSyncScheduler' defined in class path resource [spring-mybatis.xml]: Initialization of bean failed; nested exception is java.lang.IllegalStateException: Encountered invalid @Scheduled method 'syncDeviceDeltaQueue': Invalid time zone specification '#{systemProperties['device.delta.sync.scheduler.zone'] ?: 'Asia/Kolkata'}'
		at org.springframework.beans.factory.support.AbstractAutowireCapableBeanFactory.doCreateBean(AbstractAutowireCapableBeanFactory.java:547)
		at org.springframework.beans.factory.support.AbstractAutowireCapableBeanFactory.createBean(AbstractAutowireCapableBeanFactory.java:475)
		at org.springframework.beans.factory.support.AbstractBeanFactory$1.getObject(AbstractBeanFactory.java:304)
		at org.springframework.beans.factory.support.DefaultSingletonBeanRegistry.getSingleton(DefaultSingletonBeanRegistry.java:228)
		at org.springframework.beans.factory.support.AbstractBeanFactory.doGetBean(AbstractBeanFactory.java:300)
		at org.springframework.beans.factory.support.AbstractBeanFactory.getBean(AbstractBeanFactory.java:195)
		at org.springframework.beans.factory.support.DefaultListableBeanFactory.preInstantiateSingletons(DefaultListableBeanFactory.java:700)
		at org.springframework.context.support.AbstractApplicationContext.finishBeanFactoryInitialization(AbstractApplicationContext.java:760)
		at org.springframework.context.support.AbstractApplicationContext.refresh(AbstractApplicationContext.java:482)
		at org.springframework.web.context.ContextLoader.configureAndRefreshWebApplicationContext(ContextLoader.java:403)
		at org.springframework.web.context.ContextLoader.initWebApplicationContext(ContextLoader.java:306)
		at org.springframework.web.context.ContextLoaderListener.contextInitialized(ContextLoaderListener.java:106)
		at org.apache.catalina.core.StandardContext.listenerStart(StandardContext.java:4047)
		at org.apache.catalina.core.StandardContext.startInternal(StandardContext.java:4489)
		at org.apache.catalina.util.LifecycleBase.start(LifecycleBase.java:164)
		at org.apache.catalina.core.ContainerBase.addChildInternal(ContainerBase.java:597)
		at org.apache.catalina.core.ContainerBase.addChild(ContainerBase.java:569)
		at org.apache.catalina.core.StandardHost.addChild(StandardHost.java:608)
		at org.apache.catalina.startup.HostConfig.deployWAR(HostConfig.java:1010)
		at org.apache.catalina.startup.HostConfig$DeployWar.run(HostConfig.java:1858)
		at java.util.concurrent.Executors$RunnableAdapter.call(Unknown Source)
		at java.util.concurrent.FutureTask.run(Unknown Source)
		at org.apache.tomcat.util.threads.InlineExecutorService.execute(InlineExecutorService.java:82)
		at java.util.concurrent.AbstractExecutorService.submit(Unknown Source)
		at org.apache.catalina.startup.HostConfig.deployWARs(HostConfig.java:814)
		at org.apache.catalina.startup.HostConfig.deployApps(HostConfig.java:465)
		at org.apache.catalina.startup.HostConfig.check(HostConfig.java:1625)
		at org.apache.catalina.startup.HostConfig.lifecycleEvent(HostConfig.java:305)
		at org.apache.catalina.util.LifecycleBase.fireLifecycleEvent(LifecycleBase.java:109)
		at org.apache.catalina.core.ContainerBase.backgroundProcess(ContainerBase.java:971)
		at org.apache.catalina.core.ContainerBase$ContainerBackgroundProcessor.processChildren(ContainerBase.java:1170)
		at org.apache.catalina.core.ContainerBase$ContainerBackgroundProcessor.processChildren(ContainerBase.java:1174)
		at org.apache.catalina.core.ContainerBase$ContainerBackgroundProcessor.run(ContainerBase.java:1152)
		at java.util.concurrent.Executors$RunnableAdapter.call(Unknown Source)
		at java.util.concurrent.FutureTask.runAndReset(Unknown Source)
		at java.util.concurrent.ScheduledThreadPoolExecutor$ScheduledFutureTask.access$301(Unknown Source)
		at java.util.concurrent.ScheduledThreadPoolExecutor$ScheduledFutureTask.run(Unknown Source)
		at java.util.concurrent.ThreadPoolExecutor.runWorker(Unknown Source)
		at java.util.concurrent.ThreadPoolExecutor$Worker.run(Unknown Source)
		at org.apache.tomcat.util.threads.TaskThread$WrappingRunnable.run(TaskThread.java:63)
		at java.lang.Thread.run(Unknown Source)
	Caused by: java.lang.IllegalStateException: Encountered invalid @Scheduled method 'syncDeviceDeltaQueue': Invalid time zone specification '#{systemProperties['device.delta.sync.scheduler.zone'] ?: 'Asia/Kolkata'}'
		at org.springframework.scheduling.annotation.ScheduledAnnotationBeanPostProcessor.processScheduled(ScheduledAnnotationBeanPostProcessor.java:253)
		at org.springframework.scheduling.annotation.ScheduledAnnotationBeanPostProcessor$1.doWith(ScheduledAnnotationBeanPostProcessor.java:121)
		at org.springframework.util.ReflectionUtils.doWithMethods(ReflectionUtils.java:480)
		at org.springframework.util.ReflectionUtils.doWithMethods(ReflectionUtils.java:458)
		at org.springframework.scheduling.annotation.ScheduledAnnotationBeanPostProcessor.postProcessAfterInitialization(ScheduledAnnotationBeanPostProcessor.java:117)
		at org.springframework.beans.factory.support.AbstractAutowireCapableBeanFactory.applyBeanPostProcessorsAfterInitialization(AbstractAutowireCapableBeanFactory.java:421)
		at org.springframework.beans.factory.support.AbstractAutowireCapableBeanFactory.initializeBean(AbstractAutowireCapableBeanFactory.java:1558)
		at org.springframework.beans.factory.support.AbstractAutowireCapableBeanFactory.doCreateBean(AbstractAutowireCapableBeanFactory.java:539)
		... 40 more
04-Apr-2026 18:44:06.070 SEVERE [Catalina-utility-1] org.apache.catalina.core.StandardContext.listenerStart Exception sending context initialized event to listener instance of class [com.timmy.util.InitializationListener]
	org.springframework.beans.factory.BeanCreationException: Error creating bean with name 'deviceDeltaQueueSyncScheduler' defined in class path resource [spring-mybatis.xml]: Initialization of bean failed; nested exception is java.lang.IllegalStateException: Encountered invalid @Scheduled method 'syncDeviceDeltaQueue': Invalid time zone specification '#{systemProperties['device.delta.sync.scheduler.zone'] ?: 'Asia/Kolkata'}'
		at org.springframework.beans.factory.support.AbstractAutowireCapableBeanFactory.doCreateBean(AbstractAutowireCapableBeanFactory.java:547)
		at org.springframework.beans.factory.support.AbstractAutowireCapableBeanFactory.createBean(AbstractAutowireCapableBeanFactory.java:475)
		at org.springframework.beans.factory.support.AbstractBeanFactory$1.getObject(AbstractBeanFactory.java:304)
		at org.springframework.beans.factory.support.DefaultSingletonBeanRegistry.getSingleton(DefaultSingletonBeanRegistry.java:228)
		at org.springframework.beans.factory.support.AbstractBeanFactory.doGetBean(AbstractBeanFactory.java:300)
		at org.springframework.beans.factory.support.AbstractBeanFactory.getBean(AbstractBeanFactory.java:195)
		at org.springframework.beans.factory.support.DefaultListableBeanFactory.preInstantiateSingletons(DefaultListableBeanFactory.java:700)
		at org.springframework.context.support.AbstractApplicationContext.finishBeanFactoryInitialization(AbstractApplicationContext.java:760)
		at org.springframework.context.support.AbstractApplicationContext.refresh(AbstractApplicationContext.java:482)
		at org.springframework.web.context.ContextLoader.configureAndRefreshWebApplicationContext(ContextLoader.java:403)
		at org.springframework.web.context.ContextLoader.initWebApplicationContext(ContextLoader.java:306)
		at org.springframework.web.context.ContextLoaderListener.contextInitialized(ContextLoaderListener.java:106)
		at org.apache.catalina.core.StandardContext.listenerStart(StandardContext.java:4047)
		at org.apache.catalina.core.StandardContext.startInternal(StandardContext.java:4489)
		at org.apache.catalina.util.LifecycleBase.start(LifecycleBase.java:164)
		at org.apache.catalina.core.ContainerBase.addChildInternal(ContainerBase.java:597)
		at org.apache.catalina.core.ContainerBase.addChild(ContainerBase.java:569)
		at org.apache.catalina.core.StandardHost.addChild(StandardHost.java:608)
		at org.apache.catalina.startup.HostConfig.deployWAR(HostConfig.java:1010)
		at org.apache.catalina.startup.HostConfig$DeployWar.run(HostConfig.java:1858)
		at java.util.concurrent.Executors$RunnableAdapter.call(Unknown Source)
		at java.util.concurrent.FutureTask.run(Unknown Source)
		at org.apache.tomcat.util.threads.InlineExecutorService.execute(InlineExecutorService.java:82)
		at java.util.concurrent.AbstractExecutorService.submit(Unknown Source)
		at org.apache.catalina.startup.HostConfig.deployWARs(HostConfig.java:814)
		at org.apache.catalina.startup.HostConfig.deployApps(HostConfig.java:465)
		at org.apache.catalina.startup.HostConfig.check(HostConfig.java:1625)
		at org.apache.catalina.startup.HostConfig.lifecycleEvent(HostConfig.java:305)
		at org.apache.catalina.util.LifecycleBase.fireLifecycleEvent(LifecycleBase.java:109)
		at org.apache.catalina.core.ContainerBase.backgroundProcess(ContainerBase.java:971)
		at org.apache.catalina.core.ContainerBase$ContainerBackgroundProcessor.processChildren(ContainerBase.java:1170)
		at org.apache.catalina.core.ContainerBase$ContainerBackgroundProcessor.processChildren(ContainerBase.java:1174)
		at org.apache.catalina.core.ContainerBase$ContainerBackgroundProcessor.run(ContainerBase.java:1152)
		at java.util.concurrent.Executors$RunnableAdapter.call(Unknown Source)
		at java.util.concurrent.FutureTask.runAndReset(Unknown Source)
		at java.util.concurrent.ScheduledThreadPoolExecutor$ScheduledFutureTask.access$301(Unknown Source)
		at java.util.concurrent.ScheduledThreadPoolExecutor$ScheduledFutureTask.run(Unknown Source)
		at java.util.concurrent.ThreadPoolExecutor.runWorker(Unknown Source)
		at java.util.concurrent.ThreadPoolExecutor$Worker.run(Unknown Source)
		at org.apache.tomcat.util.threads.TaskThread$WrappingRunnable.run(TaskThread.java:63)
		at java.lang.Thread.run(Unknown Source)
	Caused by: java.lang.IllegalStateException: Encountered invalid @Scheduled method 'syncDeviceDeltaQueue': Invalid time zone specification '#{systemProperties['device.delta.sync.scheduler.zone'] ?: 'Asia/Kolkata'}'
		at org.springframework.scheduling.annotation.ScheduledAnnotationBeanPostProcessor.processScheduled(ScheduledAnnotationBeanPostProcessor.java:253)
		at org.springframework.scheduling.annotation.ScheduledAnnotationBeanPostProcessor$1.doWith(ScheduledAnnotationBeanPostProcessor.java:121)
		at org.springframework.util.ReflectionUtils.doWithMethods(ReflectionUtils.java:480)
		at org.springframework.util.ReflectionUtils.doWithMethods(ReflectionUtils.java:458)
		at org.springframework.scheduling.annotation.ScheduledAnnotationBeanPostProcessor.postProcessAfterInitialization(ScheduledAnnotationBeanPostProcessor.java:117)
		at org.springframework.beans.factory.support.AbstractAutowireCapableBeanFactory.applyBeanPostProcessorsAfterInitialization(AbstractAutowireCapableBeanFactory.java:421)
		at org.springframework.beans.factory.support.AbstractAutowireCapableBeanFactory.initializeBean(AbstractAutowireCapableBeanFactory.java:1558)
		at org.springframework.beans.factory.support.AbstractAutowireCapableBeanFactory.doCreateBean(AbstractAutowireCapableBeanFactory.java:539)
		... 40 more
04-Apr-2026 18:44:06.074 SEVERE [Catalina-utility-1] org.apache.catalina.core.StandardContext.listenerStop Exception sending context destroyed event to listener instance of class [com.timmy.util.InitializationListener]
	org.springframework.beans.factory.BeanCreationException: Error creating bean with name 'deviceDeltaQueueSyncScheduler' defined in class path resource [spring-mybatis.xml]: Initialization of bean failed; nested exception is java.lang.IllegalStateException: Encountered invalid @Scheduled method 'syncDeviceDeltaQueue': Invalid time zone specification '#{systemProperties['device.delta.sync.scheduler.zone'] ?: 'Asia/Kolkata'}'
		at org.springframework.beans.factory.support.AbstractAutowireCapableBeanFactory.doCreateBean(AbstractAutowireCapableBeanFactory.java:547)
		at org.springframework.beans.factory.support.AbstractAutowireCapableBeanFactory.createBean(AbstractAutowireCapableBeanFactory.java:475)
		at org.springframework.beans.factory.support.AbstractBeanFactory$1.getObject(AbstractBeanFactory.java:304)
		at org.springframework.beans.factory.support.DefaultSingletonBeanRegistry.getSingleton(DefaultSingletonBeanRegistry.java:228)
		at org.springframework.beans.factory.support.AbstractBeanFactory.doGetBean(AbstractBeanFactory.java:300)
		at org.springframework.beans.factory.support.AbstractBeanFactory.getBean(AbstractBeanFactory.java:195)
		at org.springframework.beans.factory.support.DefaultListableBeanFactory.preInstantiateSingletons(DefaultListableBeanFactory.java:700)
		at org.springframework.context.support.AbstractApplicationContext.finishBeanFactoryInitialization(AbstractApplicationContext.java:760)
		at org.springframework.context.support.AbstractApplicationContext.refresh(AbstractApplicationContext.java:482)
		at org.springframework.web.context.ContextLoader.configureAndRefreshWebApplicationContext(ContextLoader.java:403)
		at org.springframework.web.context.ContextLoader.initWebApplicationContext(ContextLoader.java:306)
		at org.springframework.web.context.ContextLoaderListener.contextInitialized(ContextLoaderListener.java:106)
		at org.apache.catalina.core.StandardContext.listenerStart(StandardContext.java:4047)
		at org.apache.catalina.core.StandardContext.startInternal(StandardContext.java:4489)
		at org.apache.catalina.util.LifecycleBase.start(LifecycleBase.java:164)
		at org.apache.catalina.core.ContainerBase.addChildInternal(ContainerBase.java:597)
		at org.apache.catalina.core.ContainerBase.addChild(ContainerBase.java:569)
		at org.apache.catalina.core.StandardHost.addChild(StandardHost.java:608)
		at org.apache.catalina.startup.HostConfig.deployWAR(HostConfig.java:1010)
		at org.apache.catalina.startup.HostConfig$DeployWar.run(HostConfig.java:1858)
		at java.util.concurrent.Executors$RunnableAdapter.call(Unknown Source)
		at java.util.concurrent.FutureTask.run(Unknown Source)
		at org.apache.tomcat.util.threads.InlineExecutorService.execute(InlineExecutorService.java:82)
		at java.util.concurrent.AbstractExecutorService.submit(Unknown Source)
		at org.apache.catalina.startup.HostConfig.deployWARs(HostConfig.java:814)
		at org.apache.catalina.startup.HostConfig.deployApps(HostConfig.java:465)
		at org.apache.catalina.startup.HostConfig.check(HostConfig.java:1625)
		at org.apache.catalina.startup.HostConfig.lifecycleEvent(HostConfig.java:305)
		at org.apache.catalina.util.LifecycleBase.fireLifecycleEvent(LifecycleBase.java:109)
		at org.apache.catalina.core.ContainerBase.backgroundProcess(ContainerBase.java:971)
		at org.apache.catalina.core.ContainerBase$ContainerBackgroundProcessor.processChildren(ContainerBase.java:1170)
		at org.apache.catalina.core.ContainerBase$ContainerBackgroundProcessor.processChildren(ContainerBase.java:1174)
		at org.apache.catalina.core.ContainerBase$ContainerBackgroundProcessor.run(ContainerBase.java:1152)
		at java.util.concurrent.Executors$RunnableAdapter.call(Unknown Source)
		at java.util.concurrent.FutureTask.runAndReset(Unknown Source)
		at java.util.concurrent.ScheduledThreadPoolExecutor$ScheduledFutureTask.access$301(Unknown Source)
		at java.util.concurrent.ScheduledThreadPoolExecutor$ScheduledFutureTask.run(Unknown Source)
		at java.util.concurrent.ThreadPoolExecutor.runWorker(Unknown Source)
		at java.util.concurrent.ThreadPoolExecutor$Worker.run(Unknown Source)
		at org.apache.tomcat.util.threads.TaskThread$WrappingRunnable.run(TaskThread.java:63)
		at java.lang.Thread.run(Unknown Source)
	Caused by: java.lang.IllegalStateException: Encountered invalid @Scheduled method 'syncDeviceDeltaQueue': Invalid time zone specification '#{systemProperties['device.delta.sync.scheduler.zone'] ?: 'Asia/Kolkata'}'
		at org.springframework.scheduling.annotation.ScheduledAnnotationBeanPostProcessor.processScheduled(ScheduledAnnotationBeanPostProcessor.java:253)
		at org.springframework.scheduling.annotation.ScheduledAnnotationBeanPostProcessor$1.doWith(ScheduledAnnotationBeanPostProcessor.java:121)
		at org.springframework.util.ReflectionUtils.doWithMethods(ReflectionUtils.java:480)
		at org.springframework.util.ReflectionUtils.doWithMethods(ReflectionUtils.java:458)
		at org.springframework.scheduling.annotation.ScheduledAnnotationBeanPostProcessor.postProcessAfterInitialization(ScheduledAnnotationBeanPostProcessor.java:117)
		at org.springframework.beans.factory.support.AbstractAutowireCapableBeanFactory.applyBeanPostProcessorsAfterInitialization(AbstractAutowireCapableBeanFactory.java:421)
		at org.springframework.beans.factory.support.AbstractAutowireCapableBeanFactory.initializeBean(AbstractAutowireCapableBeanFactory.java:1558)
		at org.springframework.beans.factory.support.AbstractAutowireCapableBeanFactory.doCreateBean(AbstractAutowireCapableBeanFactory.java:539)
		... 40 more
04-Apr-2026 18:44:06.075 INFO [Catalina-utility-1] org.apache.catalina.core.ApplicationContext.log Closing Spring root WebApplicationContext
04-Apr-2026 18:46:26.546 INFO [Thread-13] org.apache.catalina.core.ApplicationContext.log SessionListener: contextDestroyed()
04-Apr-2026 18:46:26.546 INFO [Thread-13] org.apache.catalina.core.ApplicationContext.log ContextListener: contextDestroyed()
04-Apr-2026 19:01:32.332 INFO [main] org.apache.catalina.core.ApplicationContext.log No Spring WebApplicationInitializer types detected on classpath
04-Apr-2026 19:01:32.550 INFO [main] org.apache.catalina.core.ApplicationContext.log Initializing Spring root WebApplicationContext
04-Apr-2026 19:01:37.545 INFO [main] org.apache.catalina.core.ApplicationContext.log Initializing Spring FrameworkServlet 'dispatcher'
04-Apr-2026 19:01:40.714 INFO [main] org.apache.catalina.core.ApplicationContext.log ContextListener: contextInitialized()
04-Apr-2026 19:01:40.714 INFO [main] org.apache.catalina.core.ApplicationContext.log SessionListener: contextInitialized()
04-Apr-2026 19:01:40.718 INFO [main] org.apache.catalina.core.ApplicationContext.log ContextListener: attributeAdded('StockTicker', 'async.Stockticker@1142843c')
04-Apr-2026 19:07:57.649 INFO [main] org.apache.catalina.core.ApplicationContext.log No Spring WebApplicationInitializer types detected on classpath
04-Apr-2026 19:07:57.921 INFO [main] org.apache.catalina.core.ApplicationContext.log Initializing Spring root WebApplicationContext
04-Apr-2026 19:08:06.983 INFO [main] org.apache.catalina.core.ApplicationContext.log Initializing Spring FrameworkServlet 'dispatcher'
04-Apr-2026 19:08:11.224 INFO [main] org.apache.catalina.core.ApplicationContext.log ContextListener: contextInitialized()
04-Apr-2026 19:08:11.224 INFO [main] org.apache.catalina.core.ApplicationContext.log SessionListener: contextInitialized()
04-Apr-2026 19:08:11.230 INFO [main] org.apache.catalina.core.ApplicationContext.log ContextListener: attributeAdded('StockTicker', 'async.Stockticker@5a983f8a')
04-Apr-2026 19:15:26.218 INFO [Thread-13] org.apache.catalina.core.ApplicationContext.log SessionListener: contextDestroyed()
04-Apr-2026 19:15:26.218 INFO [Thread-13] org.apache.catalina.core.ApplicationContext.log ContextListener: contextDestroyed()
04-Apr-2026 19:15:26.226 INFO [Thread-13] org.apache.catalina.core.ApplicationContext.log Destroying Spring FrameworkServlet 'dispatcher'
04-Apr-2026 19:15:26.519 INFO [Thread-13] org.apache.catalina.core.ApplicationContext.log Closing Spring root WebApplicationContext
04-Apr-2026 19:17:21.600 INFO [main] org.apache.catalina.core.ApplicationContext.log No Spring WebApplicationInitializer types detected on classpath
04-Apr-2026 19:17:21.748 INFO [main] org.apache.catalina.core.ApplicationContext.log Initializing Spring root WebApplicationContext
04-Apr-2026 19:17:25.749 INFO [main] org.apache.catalina.core.ApplicationContext.log Initializing Spring FrameworkServlet 'dispatcher'
04-Apr-2026 19:17:27.622 INFO [main] org.apache.catalina.core.ApplicationContext.log ContextListener: contextInitialized()
04-Apr-2026 19:17:27.622 INFO [main] org.apache.catalina.core.ApplicationContext.log SessionListener: contextInitialized()
04-Apr-2026 19:17:27.626 INFO [main] org.apache.catalina.core.ApplicationContext.log ContextListener: attributeAdded('StockTicker', 'async.Stockticker@39eea4f6')
04-Apr-2026 19:21:07.791 INFO [Thread-13] org.apache.catalina.core.ApplicationContext.log SessionListener: contextDestroyed()
04-Apr-2026 19:21:07.791 INFO [Thread-13] org.apache.catalina.core.ApplicationContext.log ContextListener: contextDestroyed()
04-Apr-2026 19:21:07.799 INFO [Thread-13] org.apache.catalina.core.ApplicationContext.log Destroying Spring FrameworkServlet 'dispatcher'
04-Apr-2026 19:21:08.103 INFO [Thread-13] org.apache.catalina.core.ApplicationContext.log Closing Spring root WebApplicationContext
04-Apr-2026 19:26:57.089 INFO [main] org.apache.catalina.core.ApplicationContext.log No Spring WebApplicationInitializer types detected on classpath
04-Apr-2026 19:26:57.223 INFO [main] org.apache.catalina.core.ApplicationContext.log Initializing Spring root WebApplicationContext
04-Apr-2026 19:27:00.911 INFO [main] org.apache.catalina.core.ApplicationContext.log Initializing Spring FrameworkServlet 'dispatcher'
04-Apr-2026 19:27:02.539 INFO [main] org.apache.catalina.core.ApplicationContext.log ContextListener: contextInitialized()
04-Apr-2026 19:27:02.539 INFO [main] org.apache.catalina.core.ApplicationContext.log SessionListener: contextInitialized()
04-Apr-2026 19:27:02.542 INFO [main] org.apache.catalina.core.ApplicationContext.log ContextListener: attributeAdded('StockTicker', 'async.Stockticker@39eea4f6')
04-Apr-2026 19:40:43.586 INFO [Thread-13] org.apache.catalina.core.ApplicationContext.log SessionListener: contextDestroyed()
04-Apr-2026 19:40:43.586 INFO [Thread-13] org.apache.catalina.core.ApplicationContext.log ContextListener: contextDestroyed()
04-Apr-2026 19:40:43.592 INFO [Thread-13] org.apache.catalina.core.ApplicationContext.log Destroying Spring FrameworkServlet 'dispatcher'
04-Apr-2026 19:40:43.856 INFO [Thread-13] org.apache.catalina.core.ApplicationContext.log Closing Spring root WebApplicationContext
04-Apr-2026 19:42:25.567 INFO [main] org.apache.catalina.core.ApplicationContext.log No Spring WebApplicationInitializer types detected on classpath
04-Apr-2026 19:42:25.701 INFO [main] org.apache.catalina.core.ApplicationContext.log Initializing Spring root WebApplicationContext
04-Apr-2026 19:42:29.383 INFO [main] org.apache.catalina.core.ApplicationContext.log Initializing Spring FrameworkServlet 'dispatcher'
04-Apr-2026 19:42:31.146 INFO [main] org.apache.catalina.core.ApplicationContext.log ContextListener: contextInitialized()
04-Apr-2026 19:42:31.146 INFO [main] org.apache.catalina.core.ApplicationContext.log SessionListener: contextInitialized()
04-Apr-2026 19:42:31.148 INFO [main] org.apache.catalina.core.ApplicationContext.log ContextListener: attributeAdded('StockTicker', 'async.Stockticker@298cfe89')
04-Apr-2026 19:43:27.212 SEVERE [http-nio-8080-exec-3] org.apache.catalina.core.StandardWrapperValve.invoke Servlet.service() for servlet [dispatcher] in context with path [/demo] threw exception [Handler processing failed; nested exception is java.lang.NoSuchMethodError: com.timmy.controller.AllController$ProfileImagePayload.<init>(Lcom/timmy/controller/AllController$1;)V] with root cause
	java.lang.NoSuchMethodError: com.timmy.controller.AllController$ProfileImagePayload.<init>(Lcom/timmy/controller/AllController$1;)V
		at com.timmy.controller.AllController.loadProfileImagePayloadByEnrollId(AllController.java:2947)
		at com.timmy.controller.AllController.applyProfileImageFallback(AllController.java:2867)
		at com.timmy.controller.AllController.getLatestLogFromDB(AllController.java:2628)
		at sun.reflect.NativeMethodAccessorImpl.invoke0(Native Method)
		at sun.reflect.NativeMethodAccessorImpl.invoke(Unknown Source)
		at sun.reflect.DelegatingMethodAccessorImpl.invoke(Unknown Source)
		at java.lang.reflect.Method.invoke(Unknown Source)
		at org.springframework.web.method.support.InvocableHandlerMethod.invoke(InvocableHandlerMethod.java:215)
		at org.springframework.web.method.support.InvocableHandlerMethod.invokeForRequest(InvocableHandlerMethod.java:132)
		at org.springframework.web.servlet.mvc.method.annotation.ServletInvocableHandlerMethod.invokeAndHandle(ServletInvocableHandlerMethod.java:104)
		at org.springframework.web.servlet.mvc.method.annotation.RequestMappingHandlerAdapter.invokeHandleMethod(RequestMappingHandlerAdapter.java:749)
		at org.springframework.web.servlet.mvc.method.annotation.RequestMappingHandlerAdapter.handleInternal(RequestMappingHandlerAdapter.java:690)
		at org.springframework.web.servlet.mvc.method.AbstractHandlerMethodAdapter.handle(AbstractHandlerMethodAdapter.java:83)
		at org.springframework.web.servlet.DispatcherServlet.doDispatch(DispatcherServlet.java:945)
		at org.springframework.web.servlet.DispatcherServlet.doService(DispatcherServlet.java:876)
		at org.springframework.web.servlet.FrameworkServlet.processRequest(FrameworkServlet.java:961)
		at org.springframework.web.servlet.FrameworkServlet.doGet(FrameworkServlet.java:852)
		at javax.servlet.http.HttpServlet.service(HttpServlet.java:529)
		at org.springframework.web.servlet.FrameworkServlet.service(FrameworkServlet.java:837)
		at javax.servlet.http.HttpServlet.service(HttpServlet.java:623)
		at org.apache.catalina.core.ApplicationFilterChain.internalDoFilter(ApplicationFilterChain.java:197)
		at org.apache.catalina.core.ApplicationFilterChain.doFilter(ApplicationFilterChain.java:142)
		at org.apache.tomcat.websocket.server.WsFilter.doFilter(WsFilter.java:51)
		at org.apache.catalina.core.ApplicationFilterChain.internalDoFilter(ApplicationFilterChain.java:166)
		at org.apache.catalina.core.ApplicationFilterChain.doFilter(ApplicationFilterChain.java:142)
		at com.timmy.util.AuthFilter.doFilter(AuthFilter.java:44)
		at org.apache.catalina.core.ApplicationFilterChain.internalDoFilter(ApplicationFilterChain.java:166)
		at org.apache.catalina.core.ApplicationFilterChain.doFilter(ApplicationFilterChain.java:142)
		at org.springframework.web.filter.CharacterEncodingFilter.doFilterInternal(CharacterEncodingFilter.java:88)
		at org.springframework.web.filter.OncePerRequestFilter.doFilter(OncePerRequestFilter.java:108)
		at org.apache.catalina.core.ApplicationFilterChain.internalDoFilter(ApplicationFilterChain.java:166)
		at org.apache.catalina.core.ApplicationFilterChain.doFilter(ApplicationFilterChain.java:142)
		at org.apache.catalina.core.StandardWrapperValve.invoke(StandardWrapperValve.java:166)
		at org.apache.catalina.core.StandardContextValve.invoke(StandardContextValve.java:88)
		at org.apache.catalina.authenticator.AuthenticatorBase.invoke(AuthenticatorBase.java:491)
		at org.apache.catalina.core.StandardHostValve.invoke(StandardHostValve.java:127)
		at org.apache.catalina.valves.ErrorReportValve.invoke(ErrorReportValve.java:83)
		at org.apache.catalina.valves.AbstractAccessLogValve.invoke(AbstractAccessLogValve.java:643)
		at org.apache.catalina.core.StandardEngineValve.invoke(StandardEngineValve.java:72)
		at org.apache.catalina.connector.CoyoteAdapter.service(CoyoteAdapter.java:344)
		at org.apache.coyote.http11.Http11Processor.service(Http11Processor.java:398)
		at org.apache.coyote.AbstractProcessorLight.process(AbstractProcessorLight.java:63)
		at org.apache.coyote.AbstractProtocol$ConnectionHandler.process(AbstractProtocol.java:939)
		at org.apache.tomcat.util.net.NioEndpoint$SocketProcessor.doRun(NioEndpoint.java:1832)
		at org.apache.tomcat.util.net.SocketProcessorBase.run(SocketProcessorBase.java:52)
		at org.apache.tomcat.util.threads.ThreadPoolExecutor.runWorker(ThreadPoolExecutor.java:973)
		at org.apache.tomcat.util.threads.ThreadPoolExecutor$Worker.run(ThreadPoolExecutor.java:491)
		at org.apache.tomcat.util.threads.TaskThread$WrappingRunnable.run(TaskThread.java:63)
		at java.lang.Thread.run(Unknown Source)
04-Apr-2026 19:43:31.981 SEVERE [http-nio-8080-exec-5] org.apache.catalina.core.StandardWrapperValve.invoke Servlet.service() for servlet [dispatcher] in context with path [/demo] threw exception [Handler processing failed; nested exception is java.lang.NoSuchMethodError: com.timmy.controller.AllController$ProfileImagePayload.<init>(Lcom/timmy/controller/AllController$1;)V] with root cause
	java.lang.NoSuchMethodError: com.timmy.controller.AllController$ProfileImagePayload.<init>(Lcom/timmy/controller/AllController$1;)V
		at com.timmy.controller.AllController.loadProfileImagePayloadByEnrollId(AllController.java:2947)
		at com.timmy.controller.AllController.applyProfileImageFallback(AllController.java:2867)
		at com.timmy.controller.AllController.getLatestLogFromDB(AllController.java:2628)
		at sun.reflect.NativeMethodAccessorImpl.invoke0(Native Method)
		at sun.reflect.NativeMethodAccessorImpl.invoke(Unknown Source)
		at sun.reflect.DelegatingMethodAccessorImpl.invoke(Unknown Source)
		at java.lang.reflect.Method.invoke(Unknown Source)
		at org.springframework.web.method.support.InvocableHandlerMethod.invoke(InvocableHandlerMethod.java:215)
		at org.springframework.web.method.support.InvocableHandlerMethod.invokeForRequest(InvocableHandlerMethod.java:132)
		at org.springframework.web.servlet.mvc.method.annotation.ServletInvocableHandlerMethod.invokeAndHandle(ServletInvocableHandlerMethod.java:104)
		at org.springframework.web.servlet.mvc.method.annotation.RequestMappingHandlerAdapter.invokeHandleMethod(RequestMappingHandlerAdapter.java:749)
		at org.springframework.web.servlet.mvc.method.annotation.RequestMappingHandlerAdapter.handleInternal(RequestMappingHandlerAdapter.java:690)
		at org.springframework.web.servlet.mvc.method.AbstractHandlerMethodAdapter.handle(AbstractHandlerMethodAdapter.java:83)
		at org.springframework.web.servlet.DispatcherServlet.doDispatch(DispatcherServlet.java:945)
		at org.springframework.web.servlet.DispatcherServlet.doService(DispatcherServlet.java:876)
		at org.springframework.web.servlet.FrameworkServlet.processRequest(FrameworkServlet.java:961)
		at org.springframework.web.servlet.FrameworkServlet.doGet(FrameworkServlet.java:852)
		at javax.servlet.http.HttpServlet.service(HttpServlet.java:529)
		at org.springframework.web.servlet.FrameworkServlet.service(FrameworkServlet.java:837)
		at javax.servlet.http.HttpServlet.service(HttpServlet.java:623)
		at org.apache.catalina.core.ApplicationFilterChain.internalDoFilter(ApplicationFilterChain.java:197)
		at org.apache.catalina.core.ApplicationFilterChain.doFilter(ApplicationFilterChain.java:142)
		at org.apache.tomcat.websocket.server.WsFilter.doFilter(WsFilter.java:51)
		at org.apache.catalina.core.ApplicationFilterChain.internalDoFilter(ApplicationFilterChain.java:166)
		at org.apache.catalina.core.ApplicationFilterChain.doFilter(ApplicationFilterChain.java:142)
		at com.timmy.util.AuthFilter.doFilter(AuthFilter.java:44)
		at org.apache.catalina.core.ApplicationFilterChain.internalDoFilter(ApplicationFilterChain.java:166)
		at org.apache.catalina.core.ApplicationFilterChain.doFilter(ApplicationFilterChain.java:142)
		at org.springframework.web.filter.CharacterEncodingFilter.doFilterInternal(CharacterEncodingFilter.java:88)
		at org.springframework.web.filter.OncePerRequestFilter.doFilter(OncePerRequestFilter.java:108)
		at org.apache.catalina.core.ApplicationFilterChain.internalDoFilter(ApplicationFilterChain.java:166)
		at org.apache.catalina.core.ApplicationFilterChain.doFilter(ApplicationFilterChain.java:142)
		at org.apache.catalina.core.StandardWrapperValve.invoke(StandardWrapperValve.java:166)
		at org.apache.catalina.core.StandardContextValve.invoke(StandardContextValve.java:88)
		at org.apache.catalina.authenticator.AuthenticatorBase.invoke(AuthenticatorBase.java:491)
		at org.apache.catalina.core.StandardHostValve.invoke(StandardHostValve.java:127)
		at org.apache.catalina.valves.ErrorReportValve.invoke(ErrorReportValve.java:83)
		at org.apache.catalina.valves.AbstractAccessLogValve.invoke(AbstractAccessLogValve.java:643)
		at org.apache.catalina.core.StandardEngineValve.invoke(StandardEngineValve.java:72)
		at org.apache.catalina.connector.CoyoteAdapter.service(CoyoteAdapter.java:344)
		at org.apache.coyote.http11.Http11Processor.service(Http11Processor.java:398)
		at org.apache.coyote.AbstractProcessorLight.process(AbstractProcessorLight.java:63)
		at org.apache.coyote.AbstractProtocol$ConnectionHandler.process(AbstractProtocol.java:939)
		at org.apache.tomcat.util.net.NioEndpoint$SocketProcessor.doRun(NioEndpoint.java:1832)
		at org.apache.tomcat.util.net.SocketProcessorBase.run(SocketProcessorBase.java:52)
		at org.apache.tomcat.util.threads.ThreadPoolExecutor.runWorker(ThreadPoolExecutor.java:973)
		at org.apache.tomcat.util.threads.ThreadPoolExecutor$Worker.run(ThreadPoolExecutor.java:491)
		at org.apache.tomcat.util.threads.TaskThread$WrappingRunnable.run(TaskThread.java:63)
		at java.lang.Thread.run(Unknown Source)
04-Apr-2026 19:43:36.964 SEVERE [http-nio-8080-exec-9] org.apache.catalina.core.StandardWrapperValve.invoke Servlet.service() for servlet [dispatcher] in context with path [/demo] threw exception [Handler processing failed; nested exception is java.lang.NoSuchMethodError: com.timmy.controller.AllController$ProfileImagePayload.<init>(Lcom/timmy/controller/AllController$1;)V] with root cause
	java.lang.NoSuchMethodError: com.timmy.controller.AllController$ProfileImagePayload.<init>(Lcom/timmy/controller/AllController$1;)V
		at com.timmy.controller.AllController.loadProfileImagePayloadByEnrollId(AllController.java:2947)
		at com.timmy.controller.AllController.applyProfileImageFallback(AllController.java:2867)
		at com.timmy.controller.AllController.getLatestLogFromDB(AllController.java:2628)
		at sun.reflect.NativeMethodAccessorImpl.invoke0(Native Method)
		at sun.reflect.NativeMethodAccessorImpl.invoke(Unknown Source)
		at sun.reflect.DelegatingMethodAccessorImpl.invoke(Unknown Source)
		at java.lang.reflect.Method.invoke(Unknown Source)
		at org.springframework.web.method.support.InvocableHandlerMethod.invoke(InvocableHandlerMethod.java:215)
		at org.springframework.web.method.support.InvocableHandlerMethod.invokeForRequest(InvocableHandlerMethod.java:132)
		at org.springframework.web.servlet.mvc.method.annotation.ServletInvocableHandlerMethod.invokeAndHandle(ServletInvocableHandlerMethod.java:104)
		at org.springframework.web.servlet.mvc.method.annotation.RequestMappingHandlerAdapter.invokeHandleMethod(RequestMappingHandlerAdapter.java:749)
		at org.springframework.web.servlet.mvc.method.annotation.RequestMappingHandlerAdapter.handleInternal(RequestMappingHandlerAdapter.java:690)
		at org.springframework.web.servlet.mvc.method.AbstractHandlerMethodAdapter.handle(AbstractHandlerMethodAdapter.java:83)
		at org.springframework.web.servlet.DispatcherServlet.doDispatch(DispatcherServlet.java:945)
		at org.springframework.web.servlet.DispatcherServlet.doService(DispatcherServlet.java:876)
		at org.springframework.web.servlet.FrameworkServlet.processRequest(FrameworkServlet.java:961)
		at org.springframework.web.servlet.FrameworkServlet.doGet(FrameworkServlet.java:852)
		at javax.servlet.http.HttpServlet.service(HttpServlet.java:529)
		at org.springframework.web.servlet.FrameworkServlet.service(FrameworkServlet.java:837)
		at javax.servlet.http.HttpServlet.service(HttpServlet.java:623)
		at org.apache.catalina.core.ApplicationFilterChain.internalDoFilter(ApplicationFilterChain.java:197)
		at org.apache.catalina.core.ApplicationFilterChain.doFilter(ApplicationFilterChain.java:142)
		at org.apache.tomcat.websocket.server.WsFilter.doFilter(WsFilter.java:51)
		at org.apache.catalina.core.ApplicationFilterChain.internalDoFilter(ApplicationFilterChain.java:166)
		at org.apache.catalina.core.ApplicationFilterChain.doFilter(ApplicationFilterChain.java:142)
		at com.timmy.util.AuthFilter.doFilter(AuthFilter.java:44)
		at org.apache.catalina.core.ApplicationFilterChain.internalDoFilter(ApplicationFilterChain.java:166)
		at org.apache.catalina.core.ApplicationFilterChain.doFilter(ApplicationFilterChain.java:142)
		at org.springframework.web.filter.CharacterEncodingFilter.doFilterInternal(CharacterEncodingFilter.java:88)
		at org.springframework.web.filter.OncePerRequestFilter.doFilter(OncePerRequestFilter.java:108)
		at org.apache.catalina.core.ApplicationFilterChain.internalDoFilter(ApplicationFilterChain.java:166)
		at org.apache.catalina.core.ApplicationFilterChain.doFilter(ApplicationFilterChain.java:142)
		at org.apache.catalina.core.StandardWrapperValve.invoke(StandardWrapperValve.java:166)
		at org.apache.catalina.core.StandardContextValve.invoke(StandardContextValve.java:88)
		at org.apache.catalina.authenticator.AuthenticatorBase.invoke(AuthenticatorBase.java:491)
		at org.apache.catalina.core.StandardHostValve.invoke(StandardHostValve.java:127)
		at org.apache.catalina.valves.ErrorReportValve.invoke(ErrorReportValve.java:83)
		at org.apache.catalina.valves.AbstractAccessLogValve.invoke(AbstractAccessLogValve.java:643)
		at org.apache.catalina.core.StandardEngineValve.invoke(StandardEngineValve.java:72)
		at org.apache.catalina.connector.CoyoteAdapter.service(CoyoteAdapter.java:344)
		at org.apache.coyote.http11.Http11Processor.service(Http11Processor.java:398)
		at org.apache.coyote.AbstractProcessorLight.process(AbstractProcessorLight.java:63)
		at org.apache.coyote.AbstractProtocol$ConnectionHandler.process(AbstractProtocol.java:939)
		at org.apache.tomcat.util.net.NioEndpoint$SocketProcessor.doRun(NioEndpoint.java:1832)
		at org.apache.tomcat.util.net.SocketProcessorBase.run(SocketProcessorBase.java:52)
		at org.apache.tomcat.util.threads.ThreadPoolExecutor.runWorker(ThreadPoolExecutor.java:973)
		at org.apache.tomcat.util.threads.ThreadPoolExecutor$Worker.run(ThreadPoolExecutor.java:491)
		at org.apache.tomcat.util.threads.TaskThread$WrappingRunnable.run(TaskThread.java:63)
		at java.lang.Thread.run(Unknown Source)
04-Apr-2026 19:43:41.954 SEVERE [http-nio-8080-exec-7] org.apache.catalina.core.StandardWrapperValve.invoke Servlet.service() for servlet [dispatcher] in context with path [/demo] threw exception [Handler processing failed; nested exception is java.lang.NoSuchMethodError: com.timmy.controller.AllController$ProfileImagePayload.<init>(Lcom/timmy/controller/AllController$1;)V] with root cause
	java.lang.NoSuchMethodError: com.timmy.controller.AllController$ProfileImagePayload.<init>(Lcom/timmy/controller/AllController$1;)V
		at com.timmy.controller.AllController.loadProfileImagePayloadByEnrollId(AllController.java:2947)
		at com.timmy.controller.AllController.applyProfileImageFallback(AllController.java:2867)
		at com.timmy.controller.AllController.getLatestLogFromDB(AllController.java:2628)
		at sun.reflect.NativeMethodAccessorImpl.invoke0(Native Method)
		at sun.reflect.NativeMethodAccessorImpl.invoke(Unknown Source)
		at sun.reflect.DelegatingMethodAccessorImpl.invoke(Unknown Source)
		at java.lang.reflect.Method.invoke(Unknown Source)
		at org.springframework.web.method.support.InvocableHandlerMethod.invoke(InvocableHandlerMethod.java:215)
		at org.springframework.web.method.support.InvocableHandlerMethod.invokeForRequest(InvocableHandlerMethod.java:132)
		at org.springframework.web.servlet.mvc.method.annotation.ServletInvocableHandlerMethod.invokeAndHandle(ServletInvocableHandlerMethod.java:104)
		at org.springframework.web.servlet.mvc.method.annotation.RequestMappingHandlerAdapter.invokeHandleMethod(RequestMappingHandlerAdapter.java:749)
		at org.springframework.web.servlet.mvc.method.annotation.RequestMappingHandlerAdapter.handleInternal(RequestMappingHandlerAdapter.java:690)
		at org.springframework.web.servlet.mvc.method.AbstractHandlerMethodAdapter.handle(AbstractHandlerMethodAdapter.java:83)
		at org.springframework.web.servlet.DispatcherServlet.doDispatch(DispatcherServlet.java:945)
		at org.springframework.web.servlet.DispatcherServlet.doService(DispatcherServlet.java:876)
		at org.springframework.web.servlet.FrameworkServlet.processRequest(FrameworkServlet.java:961)
		at org.springframework.web.servlet.FrameworkServlet.doGet(FrameworkServlet.java:852)
		at javax.servlet.http.HttpServlet.service(HttpServlet.java:529)
		at org.springframework.web.servlet.FrameworkServlet.service(FrameworkServlet.java:837)
		at javax.servlet.http.HttpServlet.service(HttpServlet.java:623)
		at org.apache.catalina.core.ApplicationFilterChain.internalDoFilter(ApplicationFilterChain.java:197)
		at org.apache.catalina.core.ApplicationFilterChain.doFilter(ApplicationFilterChain.java:142)
		at org.apache.tomcat.websocket.server.WsFilter.doFilter(WsFilter.java:51)
		at org.apache.catalina.core.ApplicationFilterChain.internalDoFilter(ApplicationFilterChain.java:166)
		at org.apache.catalina.core.ApplicationFilterChain.doFilter(ApplicationFilterChain.java:142)
		at com.timmy.util.AuthFilter.doFilter(AuthFilter.java:44)
		at org.apache.catalina.core.ApplicationFilterChain.internalDoFilter(ApplicationFilterChain.java:166)
		at org.apache.catalina.core.ApplicationFilterChain.doFilter(ApplicationFilterChain.java:142)
		at org.springframework.web.filter.CharacterEncodingFilter.doFilterInternal(CharacterEncodingFilter.java:88)
		at org.springframework.web.filter.OncePerRequestFilter.doFilter(OncePerRequestFilter.java:108)
		at org.apache.catalina.core.ApplicationFilterChain.internalDoFilter(ApplicationFilterChain.java:166)
		at org.apache.catalina.core.ApplicationFilterChain.doFilter(ApplicationFilterChain.java:142)
		at org.apache.catalina.core.StandardWrapperValve.invoke(StandardWrapperValve.java:166)
		at org.apache.catalina.core.StandardContextValve.invoke(StandardContextValve.java:88)
		at org.apache.catalina.authenticator.AuthenticatorBase.invoke(AuthenticatorBase.java:491)
		at org.apache.catalina.core.StandardHostValve.invoke(StandardHostValve.java:127)
		at org.apache.catalina.valves.ErrorReportValve.invoke(ErrorReportValve.java:83)
		at org.apache.catalina.valves.AbstractAccessLogValve.invoke(AbstractAccessLogValve.java:643)
		at org.apache.catalina.core.StandardEngineValve.invoke(StandardEngineValve.java:72)
		at org.apache.catalina.connector.CoyoteAdapter.service(CoyoteAdapter.java:344)
		at org.apache.coyote.http11.Http11Processor.service(Http11Processor.java:398)
		at org.apache.coyote.AbstractProcessorLight.process(AbstractProcessorLight.java:63)
		at org.apache.coyote.AbstractProtocol$ConnectionHandler.process(AbstractProtocol.java:939)
		at org.apache.tomcat.util.net.NioEndpoint$SocketProcessor.doRun(NioEndpoint.java:1832)
		at org.apache.tomcat.util.net.SocketProcessorBase.run(SocketProcessorBase.java:52)
		at org.apache.tomcat.util.threads.ThreadPoolExecutor.runWorker(ThreadPoolExecutor.java:973)
		at org.apache.tomcat.util.threads.ThreadPoolExecutor$Worker.run(ThreadPoolExecutor.java:491)
		at org.apache.tomcat.util.threads.TaskThread$WrappingRunnable.run(TaskThread.java:63)
		at java.lang.Thread.run(Unknown Source)
04-Apr-2026 19:43:43.450 SEVERE [http-nio-8080-exec-8] org.apache.catalina.core.StandardWrapperValve.invoke Servlet.service() for servlet [dispatcher] in context with path [/demo] threw exception [Handler processing failed; nested exception is java.lang.NoSuchMethodError: com.timmy.controller.AllController$ProfileImagePayload.<init>(Lcom/timmy/controller/AllController$1;)V] with root cause
	java.lang.NoSuchMethodError: com.timmy.controller.AllController$ProfileImagePayload.<init>(Lcom/timmy/controller/AllController$1;)V
		at com.timmy.controller.AllController.loadProfileImagePayloadByEnrollId(AllController.java:2947)
		at com.timmy.controller.AllController.applyProfileImageFallback(AllController.java:2867)
		at com.timmy.controller.AllController.getLatestLogFromDB(AllController.java:2628)
		at sun.reflect.NativeMethodAccessorImpl.invoke0(Native Method)
		at sun.reflect.NativeMethodAccessorImpl.invoke(Unknown Source)
		at sun.reflect.DelegatingMethodAccessorImpl.invoke(Unknown Source)
		at java.lang.reflect.Method.invoke(Unknown Source)
		at org.springframework.web.method.support.InvocableHandlerMethod.invoke(InvocableHandlerMethod.java:215)
		at org.springframework.web.method.support.InvocableHandlerMethod.invokeForRequest(InvocableHandlerMethod.java:132)
		at org.springframework.web.servlet.mvc.method.annotation.ServletInvocableHandlerMethod.invokeAndHandle(ServletInvocableHandlerMethod.java:104)
		at org.springframework.web.servlet.mvc.method.annotation.RequestMappingHandlerAdapter.invokeHandleMethod(RequestMappingHandlerAdapter.java:749)
		at org.springframework.web.servlet.mvc.method.annotation.RequestMappingHandlerAdapter.handleInternal(RequestMappingHandlerAdapter.java:690)
		at org.springframework.web.servlet.mvc.method.AbstractHandlerMethodAdapter.handle(AbstractHandlerMethodAdapter.java:83)
		at org.springframework.web.servlet.DispatcherServlet.doDispatch(DispatcherServlet.java:945)
		at org.springframework.web.servlet.DispatcherServlet.doService(DispatcherServlet.java:876)
		at org.springframework.web.servlet.FrameworkServlet.processRequest(FrameworkServlet.java:961)
		at org.springframework.web.servlet.FrameworkServlet.doGet(FrameworkServlet.java:852)
		at javax.servlet.http.HttpServlet.service(HttpServlet.java:529)
		at org.springframework.web.servlet.FrameworkServlet.service(FrameworkServlet.java:837)
		at javax.servlet.http.HttpServlet.service(HttpServlet.java:623)
		at org.apache.catalina.core.ApplicationFilterChain.internalDoFilter(ApplicationFilterChain.java:197)
		at org.apache.catalina.core.ApplicationFilterChain.doFilter(ApplicationFilterChain.java:142)
		at org.apache.tomcat.websocket.server.WsFilter.doFilter(WsFilter.java:51)
		at org.apache.catalina.core.ApplicationFilterChain.internalDoFilter(ApplicationFilterChain.java:166)
		at org.apache.catalina.core.ApplicationFilterChain.doFilter(ApplicationFilterChain.java:142)
		at com.timmy.util.AuthFilter.doFilter(AuthFilter.java:44)
		at org.apache.catalina.core.ApplicationFilterChain.internalDoFilter(ApplicationFilterChain.java:166)
		at org.apache.catalina.core.ApplicationFilterChain.doFilter(ApplicationFilterChain.java:142)
		at org.springframework.web.filter.CharacterEncodingFilter.doFilterInternal(CharacterEncodingFilter.java:88)
		at org.springframework.web.filter.OncePerRequestFilter.doFilter(OncePerRequestFilter.java:108)
		at org.apache.catalina.core.ApplicationFilterChain.internalDoFilter(ApplicationFilterChain.java:166)
		at org.apache.catalina.core.ApplicationFilterChain.doFilter(ApplicationFilterChain.java:142)
		at org.apache.catalina.core.StandardWrapperValve.invoke(StandardWrapperValve.java:166)
		at org.apache.catalina.core.StandardContextValve.invoke(StandardContextValve.java:88)
		at org.apache.catalina.authenticator.AuthenticatorBase.invoke(AuthenticatorBase.java:491)
		at org.apache.catalina.core.StandardHostValve.invoke(StandardHostValve.java:127)
		at org.apache.catalina.valves.ErrorReportValve.invoke(ErrorReportValve.java:83)
		at org.apache.catalina.valves.AbstractAccessLogValve.invoke(AbstractAccessLogValve.java:643)
		at org.apache.catalina.core.StandardEngineValve.invoke(StandardEngineValve.java:72)
		at org.apache.catalina.connector.CoyoteAdapter.service(CoyoteAdapter.java:344)
		at org.apache.coyote.http11.Http11Processor.service(Http11Processor.java:398)
		at org.apache.coyote.AbstractProcessorLight.process(AbstractProcessorLight.java:63)
		at org.apache.coyote.AbstractProtocol$ConnectionHandler.process(AbstractProtocol.java:939)
		at org.apache.tomcat.util.net.NioEndpoint$SocketProcessor.doRun(NioEndpoint.java:1832)
		at org.apache.tomcat.util.net.SocketProcessorBase.run(SocketProcessorBase.java:52)
		at org.apache.tomcat.util.threads.ThreadPoolExecutor.runWorker(ThreadPoolExecutor.java:973)
		at org.apache.tomcat.util.threads.ThreadPoolExecutor$Worker.run(ThreadPoolExecutor.java:491)
		at org.apache.tomcat.util.threads.TaskThread$WrappingRunnable.run(TaskThread.java:63)
		at java.lang.Thread.run(Unknown Source)
04-Apr-2026 19:43:45.510 SEVERE [http-nio-8080-exec-6] org.apache.catalina.core.StandardWrapperValve.invoke Servlet.service() for servlet [dispatcher] in context with path [/demo] threw exception [Handler processing failed; nested exception is java.lang.NoSuchMethodError: com.timmy.controller.AllController$ProfileImagePayload.<init>(Lcom/timmy/controller/AllController$1;)V] with root cause
	java.lang.NoSuchMethodError: com.timmy.controller.AllController$ProfileImagePayload.<init>(Lcom/timmy/controller/AllController$1;)V
		at com.timmy.controller.AllController.loadProfileImagePayloadByEnrollId(AllController.java:2947)
		at com.timmy.controller.AllController.applyProfileImageFallback(AllController.java:2867)
		at com.timmy.controller.AllController.getLatestLogFromDB(AllController.java:2628)
		at sun.reflect.NativeMethodAccessorImpl.invoke0(Native Method)
		at sun.reflect.NativeMethodAccessorImpl.invoke(Unknown Source)
		at sun.reflect.DelegatingMethodAccessorImpl.invoke(Unknown Source)
		at java.lang.reflect.Method.invoke(Unknown Source)
		at org.springframework.web.method.support.InvocableHandlerMethod.invoke(InvocableHandlerMethod.java:215)
		at org.springframework.web.method.support.InvocableHandlerMethod.invokeForRequest(InvocableHandlerMethod.java:132)
		at org.springframework.web.servlet.mvc.method.annotation.ServletInvocableHandlerMethod.invokeAndHandle(ServletInvocableHandlerMethod.java:104)
		at org.springframework.web.servlet.mvc.method.annotation.RequestMappingHandlerAdapter.invokeHandleMethod(RequestMappingHandlerAdapter.java:749)
		at org.springframework.web.servlet.mvc.method.annotation.RequestMappingHandlerAdapter.handleInternal(RequestMappingHandlerAdapter.java:690)
		at org.springframework.web.servlet.mvc.method.AbstractHandlerMethodAdapter.handle(AbstractHandlerMethodAdapter.java:83)
		at org.springframework.web.servlet.DispatcherServlet.doDispatch(DispatcherServlet.java:945)
		at org.springframework.web.servlet.DispatcherServlet.doService(DispatcherServlet.java:876)
		at org.springframework.web.servlet.FrameworkServlet.processRequest(FrameworkServlet.java:961)
		at org.springframework.web.servlet.FrameworkServlet.doGet(FrameworkServlet.java:852)
		at javax.servlet.http.HttpServlet.service(HttpServlet.java:529)
		at org.springframework.web.servlet.FrameworkServlet.service(FrameworkServlet.java:837)
		at javax.servlet.http.HttpServlet.service(HttpServlet.java:623)
		at org.apache.catalina.core.ApplicationFilterChain.internalDoFilter(ApplicationFilterChain.java:197)
		at org.apache.catalina.core.ApplicationFilterChain.doFilter(ApplicationFilterChain.java:142)
		at org.apache.tomcat.websocket.server.WsFilter.doFilter(WsFilter.java:51)
		at org.apache.catalina.core.ApplicationFilterChain.internalDoFilter(ApplicationFilterChain.java:166)
		at org.apache.catalina.core.ApplicationFilterChain.doFilter(ApplicationFilterChain.java:142)
		at com.timmy.util.AuthFilter.doFilter(AuthFilter.java:44)
		at org.apache.catalina.core.ApplicationFilterChain.internalDoFilter(ApplicationFilterChain.java:166)
		at org.apache.catalina.core.ApplicationFilterChain.doFilter(ApplicationFilterChain.java:142)
		at org.springframework.web.filter.CharacterEncodingFilter.doFilterInternal(CharacterEncodingFilter.java:88)
		at org.springframework.web.filter.OncePerRequestFilter.doFilter(OncePerRequestFilter.java:108)
		at org.apache.catalina.core.ApplicationFilterChain.internalDoFilter(ApplicationFilterChain.java:166)
		at org.apache.catalina.core.ApplicationFilterChain.doFilter(ApplicationFilterChain.java:142)
		at org.apache.catalina.core.StandardWrapperValve.invoke(StandardWrapperValve.java:166)
		at org.apache.catalina.core.StandardContextValve.invoke(StandardContextValve.java:88)
		at org.apache.catalina.authenticator.AuthenticatorBase.invoke(AuthenticatorBase.java:491)
		at org.apache.catalina.core.StandardHostValve.invoke(StandardHostValve.java:127)
		at org.apache.catalina.valves.ErrorReportValve.invoke(ErrorReportValve.java:83)
		at org.apache.catalina.valves.AbstractAccessLogValve.invoke(AbstractAccessLogValve.java:643)
		at org.apache.catalina.core.StandardEngineValve.invoke(StandardEngineValve.java:72)
		at org.apache.catalina.connector.CoyoteAdapter.service(CoyoteAdapter.java:344)
		at org.apache.coyote.http11.Http11Processor.service(Http11Processor.java:398)
		at org.apache.coyote.AbstractProcessorLight.process(AbstractProcessorLight.java:63)
		at org.apache.coyote.AbstractProtocol$ConnectionHandler.process(AbstractProtocol.java:939)
		at org.apache.tomcat.util.net.NioEndpoint$SocketProcessor.doRun(NioEndpoint.java:1832)
		at org.apache.tomcat.util.net.SocketProcessorBase.run(SocketProcessorBase.java:52)
		at org.apache.tomcat.util.threads.ThreadPoolExecutor.runWorker(ThreadPoolExecutor.java:973)
		at org.apache.tomcat.util.threads.ThreadPoolExecutor$Worker.run(ThreadPoolExecutor.java:491)
		at org.apache.tomcat.util.threads.TaskThread$WrappingRunnable.run(TaskThread.java:63)
		at java.lang.Thread.run(Unknown Source)
04-Apr-2026 19:43:46.967 SEVERE [http-nio-8080-exec-10] org.apache.catalina.core.StandardWrapperValve.invoke Servlet.service() for servlet [dispatcher] in context with path [/demo] threw exception [Handler processing failed; nested exception is java.lang.NoSuchMethodError: com.timmy.controller.AllController$ProfileImagePayload.<init>(Lcom/timmy/controller/AllController$1;)V] with root cause
	java.lang.NoSuchMethodError: com.timmy.controller.AllController$ProfileImagePayload.<init>(Lcom/timmy/controller/AllController$1;)V
		at com.timmy.controller.AllController.loadProfileImagePayloadByEnrollId(AllController.java:2947)
		at com.timmy.controller.AllController.applyProfileImageFallback(AllController.java:2867)
		at com.timmy.controller.AllController.getLatestLogFromDB(AllController.java:2628)
		at sun.reflect.NativeMethodAccessorImpl.invoke0(Native Method)
		at sun.reflect.NativeMethodAccessorImpl.invoke(Unknown Source)
		at sun.reflect.DelegatingMethodAccessorImpl.invoke(Unknown Source)
		at java.lang.reflect.Method.invoke(Unknown Source)
		at org.springframework.web.method.support.InvocableHandlerMethod.invoke(InvocableHandlerMethod.java:215)
		at org.springframework.web.method.support.InvocableHandlerMethod.invokeForRequest(InvocableHandlerMethod.java:132)
		at org.springframework.web.servlet.mvc.method.annotation.ServletInvocableHandlerMethod.invokeAndHandle(ServletInvocableHandlerMethod.java:104)
		at org.springframework.web.servlet.mvc.method.annotation.RequestMappingHandlerAdapter.invokeHandleMethod(RequestMappingHandlerAdapter.java:749)
		at org.springframework.web.servlet.mvc.method.annotation.RequestMappingHandlerAdapter.handleInternal(RequestMappingHandlerAdapter.java:690)
		at org.springframework.web.servlet.mvc.method.AbstractHandlerMethodAdapter.handle(AbstractHandlerMethodAdapter.java:83)
		at org.springframework.web.servlet.DispatcherServlet.doDispatch(DispatcherServlet.java:945)
		at org.springframework.web.servlet.DispatcherServlet.doService(DispatcherServlet.java:876)
		at org.springframework.web.servlet.FrameworkServlet.processRequest(FrameworkServlet.java:961)
		at org.springframework.web.servlet.FrameworkServlet.doGet(FrameworkServlet.java:852)
		at javax.servlet.http.HttpServlet.service(HttpServlet.java:529)
		at org.springframework.web.servlet.FrameworkServlet.service(FrameworkServlet.java:837)
		at javax.servlet.http.HttpServlet.service(HttpServlet.java:623)
		at org.apache.catalina.core.ApplicationFilterChain.internalDoFilter(ApplicationFilterChain.java:197)
		at org.apache.catalina.core.ApplicationFilterChain.doFilter(ApplicationFilterChain.java:142)
		at org.apache.tomcat.websocket.server.WsFilter.doFilter(WsFilter.java:51)
		at org.apache.catalina.core.ApplicationFilterChain.internalDoFilter(ApplicationFilterChain.java:166)
		at org.apache.catalina.core.ApplicationFilterChain.doFilter(ApplicationFilterChain.java:142)
		at com.timmy.util.AuthFilter.doFilter(AuthFilter.java:44)
		at org.apache.catalina.core.ApplicationFilterChain.internalDoFilter(ApplicationFilterChain.java:166)
		at org.apache.catalina.core.ApplicationFilterChain.doFilter(ApplicationFilterChain.java:142)
		at org.springframework.web.filter.CharacterEncodingFilter.doFilterInternal(CharacterEncodingFilter.java:88)
		at org.springframework.web.filter.OncePerRequestFilter.doFilter(OncePerRequestFilter.java:108)
		at org.apache.catalina.core.ApplicationFilterChain.internalDoFilter(ApplicationFilterChain.java:166)
		at org.apache.catalina.core.ApplicationFilterChain.doFilter(ApplicationFilterChain.java:142)
		at org.apache.catalina.core.StandardWrapperValve.invoke(StandardWrapperValve.java:166)
		at org.apache.catalina.core.StandardContextValve.invoke(StandardContextValve.java:88)
		at org.apache.catalina.authenticator.AuthenticatorBase.invoke(AuthenticatorBase.java:491)
		at org.apache.catalina.core.StandardHostValve.invoke(StandardHostValve.java:127)
		at org.apache.catalina.valves.ErrorReportValve.invoke(ErrorReportValve.java:83)
		at org.apache.catalina.valves.AbstractAccessLogValve.invoke(AbstractAccessLogValve.java:643)
		at org.apache.catalina.core.StandardEngineValve.invoke(StandardEngineValve.java:72)
		at org.apache.catalina.connector.CoyoteAdapter.service(CoyoteAdapter.java:344)
		at org.apache.coyote.http11.Http11Processor.service(Http11Processor.java:398)
		at org.apache.coyote.AbstractProcessorLight.process(AbstractProcessorLight.java:63)
		at org.apache.coyote.AbstractProtocol$ConnectionHandler.process(AbstractProtocol.java:939)
		at org.apache.tomcat.util.net.NioEndpoint$SocketProcessor.doRun(NioEndpoint.java:1832)
		at org.apache.tomcat.util.net.SocketProcessorBase.run(SocketProcessorBase.java:52)
		at org.apache.tomcat.util.threads.ThreadPoolExecutor.runWorker(ThreadPoolExecutor.java:973)
		at org.apache.tomcat.util.threads.ThreadPoolExecutor$Worker.run(ThreadPoolExecutor.java:491)
		at org.apache.tomcat.util.threads.TaskThread$WrappingRunnable.run(TaskThread.java:63)
		at java.lang.Thread.run(Unknown Source)
04-Apr-2026 19:43:53.667 SEVERE [http-nio-8080-exec-6] org.apache.catalina.core.StandardWrapperValve.invoke Servlet.service() for servlet [dispatcher] in context with path [/demo] threw exception [Handler processing failed; nested exception is java.lang.NoSuchMethodError: com.timmy.controller.AllController$ProfileImagePayload.<init>(Lcom/timmy/controller/AllController$1;)V] with root cause
	java.lang.NoSuchMethodError: com.timmy.controller.AllController$ProfileImagePayload.<init>(Lcom/timmy/controller/AllController$1;)V
		at com.timmy.controller.AllController.loadProfileImagePayloadByEnrollId(AllController.java:2947)
		at com.timmy.controller.AllController.applyProfileImageFallback(AllController.java:2867)
		at com.timmy.controller.AllController.getLatestLogFromDB(AllController.java:2628)
		at sun.reflect.NativeMethodAccessorImpl.invoke0(Native Method)
		at sun.reflect.NativeMethodAccessorImpl.invoke(Unknown Source)
		at sun.reflect.DelegatingMethodAccessorImpl.invoke(Unknown Source)
		at java.lang.reflect.Method.invoke(Unknown Source)
		at org.springframework.web.method.support.InvocableHandlerMethod.invoke(InvocableHandlerMethod.java:215)
		at org.springframework.web.method.support.InvocableHandlerMethod.invokeForRequest(InvocableHandlerMethod.java:132)
		at org.springframework.web.servlet.mvc.method.annotation.ServletInvocableHandlerMethod.invokeAndHandle(ServletInvocableHandlerMethod.java:104)
		at org.springframework.web.servlet.mvc.method.annotation.RequestMappingHandlerAdapter.invokeHandleMethod(RequestMappingHandlerAdapter.java:749)
		at org.springframework.web.servlet.mvc.method.annotation.RequestMappingHandlerAdapter.handleInternal(RequestMappingHandlerAdapter.java:690)
		at org.springframework.web.servlet.mvc.method.AbstractHandlerMethodAdapter.handle(AbstractHandlerMethodAdapter.java:83)
		at org.springframework.web.servlet.DispatcherServlet.doDispatch(DispatcherServlet.java:945)
		at org.springframework.web.servlet.DispatcherServlet.doService(DispatcherServlet.java:876)
		at org.springframework.web.servlet.FrameworkServlet.processRequest(FrameworkServlet.java:961)
		at org.springframework.web.servlet.FrameworkServlet.doGet(FrameworkServlet.java:852)
		at javax.servlet.http.HttpServlet.service(HttpServlet.java:529)
		at org.springframework.web.servlet.FrameworkServlet.service(FrameworkServlet.java:837)
		at javax.servlet.http.HttpServlet.service(HttpServlet.java:623)
		at org.apache.catalina.core.ApplicationFilterChain.internalDoFilter(ApplicationFilterChain.java:197)
		at org.apache.catalina.core.ApplicationFilterChain.doFilter(ApplicationFilterChain.java:142)
		at org.apache.tomcat.websocket.server.WsFilter.doFilter(WsFilter.java:51)
		at org.apache.catalina.core.ApplicationFilterChain.internalDoFilter(ApplicationFilterChain.java:166)
		at org.apache.catalina.core.ApplicationFilterChain.doFilter(ApplicationFilterChain.java:142)
		at com.timmy.util.AuthFilter.doFilter(AuthFilter.java:44)
		at org.apache.catalina.core.ApplicationFilterChain.internalDoFilter(ApplicationFilterChain.java:166)
		at org.apache.catalina.core.ApplicationFilterChain.doFilter(ApplicationFilterChain.java:142)
		at org.springframework.web.filter.CharacterEncodingFilter.doFilterInternal(CharacterEncodingFilter.java:88)
		at org.springframework.web.filter.OncePerRequestFilter.doFilter(OncePerRequestFilter.java:108)
		at org.apache.catalina.core.ApplicationFilterChain.internalDoFilter(ApplicationFilterChain.java:166)
		at org.apache.catalina.core.ApplicationFilterChain.doFilter(ApplicationFilterChain.java:142)
		at org.apache.catalina.core.StandardWrapperValve.invoke(StandardWrapperValve.java:166)
		at org.apache.catalina.core.StandardContextValve.invoke(StandardContextValve.java:88)
		at org.apache.catalina.authenticator.AuthenticatorBase.invoke(AuthenticatorBase.java:491)
		at org.apache.catalina.core.StandardHostValve.invoke(StandardHostValve.java:127)
		at org.apache.catalina.valves.ErrorReportValve.invoke(ErrorReportValve.java:83)
		at org.apache.catalina.valves.AbstractAccessLogValve.invoke(AbstractAccessLogValve.java:643)
		at org.apache.catalina.core.StandardEngineValve.invoke(StandardEngineValve.java:72)
		at org.apache.catalina.connector.CoyoteAdapter.service(CoyoteAdapter.java:344)
		at org.apache.coyote.http11.Http11Processor.service(Http11Processor.java:398)
		at org.apache.coyote.AbstractProcessorLight.process(AbstractProcessorLight.java:63)
		at org.apache.coyote.AbstractProtocol$ConnectionHandler.process(AbstractProtocol.java:939)
		at org.apache.tomcat.util.net.NioEndpoint$SocketProcessor.doRun(NioEndpoint.java:1832)
		at org.apache.tomcat.util.net.SocketProcessorBase.run(SocketProcessorBase.java:52)
		at org.apache.tomcat.util.threads.ThreadPoolExecutor.runWorker(ThreadPoolExecutor.java:973)
		at org.apache.tomcat.util.threads.ThreadPoolExecutor$Worker.run(ThreadPoolExecutor.java:491)
		at org.apache.tomcat.util.threads.TaskThread$WrappingRunnable.run(TaskThread.java:63)
		at java.lang.Thread.run(Unknown Source)
04-Apr-2026 19:43:56.808 SEVERE [http-nio-8080-exec-10] org.apache.catalina.core.StandardWrapperValve.invoke Servlet.service() for servlet [dispatcher] in context with path [/demo] threw exception [Handler processing failed; nested exception is java.lang.NoSuchMethodError: com.timmy.controller.AllController$ProfileImagePayload.<init>(Lcom/timmy/controller/AllController$1;)V] with root cause
	java.lang.NoSuchMethodError: com.timmy.controller.AllController$ProfileImagePayload.<init>(Lcom/timmy/controller/AllController$1;)V
		at com.timmy.controller.AllController.loadProfileImagePayloadByEnrollId(AllController.java:2947)
		at com.timmy.controller.AllController.applyProfileImageFallback(AllController.java:2867)
		at com.timmy.controller.AllController.getLatestLogFromDB(AllController.java:2628)
		at sun.reflect.NativeMethodAccessorImpl.invoke0(Native Method)
		at sun.reflect.NativeMethodAccessorImpl.invoke(Unknown Source)
		at sun.reflect.DelegatingMethodAccessorImpl.invoke(Unknown Source)
		at java.lang.reflect.Method.invoke(Unknown Source)
		at org.springframework.web.method.support.InvocableHandlerMethod.invoke(InvocableHandlerMethod.java:215)
		at org.springframework.web.method.support.InvocableHandlerMethod.invokeForRequest(InvocableHandlerMethod.java:132)
		at org.springframework.web.servlet.mvc.method.annotation.ServletInvocableHandlerMethod.invokeAndHandle(ServletInvocableHandlerMethod.java:104)
		at org.springframework.web.servlet.mvc.method.annotation.RequestMappingHandlerAdapter.invokeHandleMethod(RequestMappingHandlerAdapter.java:749)
		at org.springframework.web.servlet.mvc.method.annotation.RequestMappingHandlerAdapter.handleInternal(RequestMappingHandlerAdapter.java:690)
		at org.springframework.web.servlet.mvc.method.AbstractHandlerMethodAdapter.handle(AbstractHandlerMethodAdapter.java:83)
		at org.springframework.web.servlet.DispatcherServlet.doDispatch(DispatcherServlet.java:945)
		at org.springframework.web.servlet.DispatcherServlet.doService(DispatcherServlet.java:876)
		at org.springframework.web.servlet.FrameworkServlet.processRequest(FrameworkServlet.java:961)
		at org.springframework.web.servlet.FrameworkServlet.doGet(FrameworkServlet.java:852)
		at javax.servlet.http.HttpServlet.service(HttpServlet.java:529)
		at org.springframework.web.servlet.FrameworkServlet.service(FrameworkServlet.java:837)
		at javax.servlet.http.HttpServlet.service(HttpServlet.java:623)
		at org.apache.catalina.core.ApplicationFilterChain.internalDoFilter(ApplicationFilterChain.java:197)
		at org.apache.catalina.core.ApplicationFilterChain.doFilter(ApplicationFilterChain.java:142)
		at org.apache.tomcat.websocket.server.WsFilter.doFilter(WsFilter.java:51)
		at org.apache.catalina.core.ApplicationFilterChain.internalDoFilter(ApplicationFilterChain.java:166)
		at org.apache.catalina.core.ApplicationFilterChain.doFilter(ApplicationFilterChain.java:142)
		at com.timmy.util.AuthFilter.doFilter(AuthFilter.java:44)
		at org.apache.catalina.core.ApplicationFilterChain.internalDoFilter(ApplicationFilterChain.java:166)
		at org.apache.catalina.core.ApplicationFilterChain.doFilter(ApplicationFilterChain.java:142)
		at org.springframework.web.filter.CharacterEncodingFilter.doFilterInternal(CharacterEncodingFilter.java:88)
		at org.springframework.web.filter.OncePerRequestFilter.doFilter(OncePerRequestFilter.java:108)
		at org.apache.catalina.core.ApplicationFilterChain.internalDoFilter(ApplicationFilterChain.java:166)
		at org.apache.catalina.core.ApplicationFilterChain.doFilter(ApplicationFilterChain.java:142)
		at org.apache.catalina.core.StandardWrapperValve.invoke(StandardWrapperValve.java:166)
		at org.apache.catalina.core.StandardContextValve.invoke(StandardContextValve.java:88)
		at org.apache.catalina.authenticator.AuthenticatorBase.invoke(AuthenticatorBase.java:491)
		at org.apache.catalina.core.StandardHostValve.invoke(StandardHostValve.java:127)
		at org.apache.catalina.valves.ErrorReportValve.invoke(ErrorReportValve.java:83)
		at org.apache.catalina.valves.AbstractAccessLogValve.invoke(AbstractAccessLogValve.java:643)
		at org.apache.catalina.core.StandardEngineValve.invoke(StandardEngineValve.java:72)
		at org.apache.catalina.connector.CoyoteAdapter.service(CoyoteAdapter.java:344)
		at org.apache.coyote.http11.Http11Processor.service(Http11Processor.java:398)
		at org.apache.coyote.AbstractProcessorLight.process(AbstractProcessorLight.java:63)
		at org.apache.coyote.AbstractProtocol$ConnectionHandler.process(AbstractProtocol.java:939)
		at org.apache.tomcat.util.net.NioEndpoint$SocketProcessor.doRun(NioEndpoint.java:1832)
		at org.apache.tomcat.util.net.SocketProcessorBase.run(SocketProcessorBase.java:52)
		at org.apache.tomcat.util.threads.ThreadPoolExecutor.runWorker(ThreadPoolExecutor.java:973)
		at org.apache.tomcat.util.threads.ThreadPoolExecutor$Worker.run(ThreadPoolExecutor.java:491)
		at org.apache.tomcat.util.threads.TaskThread$WrappingRunnable.run(TaskThread.java:63)
		at java.lang.Thread.run(Unknown Source)
04-Apr-2026 19:43:58.666 SEVERE [http-nio-8080-exec-1] org.apache.catalina.core.StandardWrapperValve.invoke Servlet.service() for servlet [dispatcher] in context with path [/demo] threw exception [Handler processing failed; nested exception is java.lang.NoSuchMethodError: com.timmy.controller.AllController$ProfileImagePayload.<init>(Lcom/timmy/controller/AllController$1;)V] with root cause
	java.lang.NoSuchMethodError: com.timmy.controller.AllController$ProfileImagePayload.<init>(Lcom/timmy/controller/AllController$1;)V
		at com.timmy.controller.AllController.loadProfileImagePayloadByEnrollId(AllController.java:2947)
		at com.timmy.controller.AllController.applyProfileImageFallback(AllController.java:2867)
		at com.timmy.controller.AllController.getLatestLogFromDB(AllController.java:2628)
		at sun.reflect.NativeMethodAccessorImpl.invoke0(Native Method)
		at sun.reflect.NativeMethodAccessorImpl.invoke(Unknown Source)
		at sun.reflect.DelegatingMethodAccessorImpl.invoke(Unknown Source)
		at java.lang.reflect.Method.invoke(Unknown Source)
		at org.springframework.web.method.support.InvocableHandlerMethod.invoke(InvocableHandlerMethod.java:215)
		at org.springframework.web.method.support.InvocableHandlerMethod.invokeForRequest(InvocableHandlerMethod.java:132)
		at org.springframework.web.servlet.mvc.method.annotation.ServletInvocableHandlerMethod.invokeAndHandle(ServletInvocableHandlerMethod.java:104)
		at org.springframework.web.servlet.mvc.method.annotation.RequestMappingHandlerAdapter.invokeHandleMethod(RequestMappingHandlerAdapter.java:749)
		at org.springframework.web.servlet.mvc.method.annotation.RequestMappingHandlerAdapter.handleInternal(RequestMappingHandlerAdapter.java:690)
		at org.springframework.web.servlet.mvc.method.AbstractHandlerMethodAdapter.handle(AbstractHandlerMethodAdapter.java:83)
		at org.springframework.web.servlet.DispatcherServlet.doDispatch(DispatcherServlet.java:945)
		at org.springframework.web.servlet.DispatcherServlet.doService(DispatcherServlet.java:876)
		at org.springframework.web.servlet.FrameworkServlet.processRequest(FrameworkServlet.java:961)
		at org.springframework.web.servlet.FrameworkServlet.doGet(FrameworkServlet.java:852)
		at javax.servlet.http.HttpServlet.service(HttpServlet.java:529)
		at org.springframework.web.servlet.FrameworkServlet.service(FrameworkServlet.java:837)
		at javax.servlet.http.HttpServlet.service(HttpServlet.java:623)
		at org.apache.catalina.core.ApplicationFilterChain.internalDoFilter(ApplicationFilterChain.java:197)
		at org.apache.catalina.core.ApplicationFilterChain.doFilter(ApplicationFilterChain.java:142)
		at org.apache.tomcat.websocket.server.WsFilter.doFilter(WsFilter.java:51)
		at org.apache.catalina.core.ApplicationFilterChain.internalDoFilter(ApplicationFilterChain.java:166)
		at org.apache.catalina.core.ApplicationFilterChain.doFilter(ApplicationFilterChain.java:142)
		at com.timmy.util.AuthFilter.doFilter(AuthFilter.java:44)
		at org.apache.catalina.core.ApplicationFilterChain.internalDoFilter(ApplicationFilterChain.java:166)
		at org.apache.catalina.core.ApplicationFilterChain.doFilter(ApplicationFilterChain.java:142)
		at org.springframework.web.filter.CharacterEncodingFilter.doFilterInternal(CharacterEncodingFilter.java:88)
		at org.springframework.web.filter.OncePerRequestFilter.doFilter(OncePerRequestFilter.java:108)
		at org.apache.catalina.core.ApplicationFilterChain.internalDoFilter(ApplicationFilterChain.java:166)
		at org.apache.catalina.core.ApplicationFilterChain.doFilter(ApplicationFilterChain.java:142)
		at org.apache.catalina.core.StandardWrapperValve.invoke(StandardWrapperValve.java:166)
		at org.apache.catalina.core.StandardContextValve.invoke(StandardContextValve.java:88)
		at org.apache.catalina.authenticator.AuthenticatorBase.invoke(AuthenticatorBase.java:491)
		at org.apache.catalina.core.StandardHostValve.invoke(StandardHostValve.java:127)
		at org.apache.catalina.valves.ErrorReportValve.invoke(ErrorReportValve.java:83)
		at org.apache.catalina.valves.AbstractAccessLogValve.invoke(AbstractAccessLogValve.java:643)
		at org.apache.catalina.core.StandardEngineValve.invoke(StandardEngineValve.java:72)
		at org.apache.catalina.connector.CoyoteAdapter.service(CoyoteAdapter.java:344)
		at org.apache.coyote.http11.Http11Processor.service(Http11Processor.java:398)
		at org.apache.coyote.AbstractProcessorLight.process(AbstractProcessorLight.java:63)
		at org.apache.coyote.AbstractProtocol$ConnectionHandler.process(AbstractProtocol.java:939)
		at org.apache.tomcat.util.net.NioEndpoint$SocketProcessor.doRun(NioEndpoint.java:1832)
		at org.apache.tomcat.util.net.SocketProcessorBase.run(SocketProcessorBase.java:52)
		at org.apache.tomcat.util.threads.ThreadPoolExecutor.runWorker(ThreadPoolExecutor.java:973)
		at org.apache.tomcat.util.threads.ThreadPoolExecutor$Worker.run(ThreadPoolExecutor.java:491)
		at org.apache.tomcat.util.threads.TaskThread$WrappingRunnable.run(TaskThread.java:63)
		at java.lang.Thread.run(Unknown Source)
04-Apr-2026 19:44:03.694 SEVERE [http-nio-8080-exec-4] org.apache.catalina.core.StandardWrapperValve.invoke Servlet.service() for servlet [dispatcher] in context with path [/demo] threw exception [Handler processing failed; nested exception is java.lang.NoSuchMethodError: com.timmy.controller.AllController$ProfileImagePayload.<init>(Lcom/timmy/controller/AllController$1;)V] with root cause
	java.lang.NoSuchMethodError: com.timmy.controller.AllController$ProfileImagePayload.<init>(Lcom/timmy/controller/AllController$1;)V
		at com.timmy.controller.AllController.loadProfileImagePayloadByEnrollId(AllController.java:2947)
		at com.timmy.controller.AllController.applyProfileImageFallback(AllController.java:2867)
		at com.timmy.controller.AllController.getLatestLogFromDB(AllController.java:2628)
		at sun.reflect.NativeMethodAccessorImpl.invoke0(Native Method)
		at sun.reflect.NativeMethodAccessorImpl.invoke(Unknown Source)
		at sun.reflect.DelegatingMethodAccessorImpl.invoke(Unknown Source)
		at java.lang.reflect.Method.invoke(Unknown Source)
		at org.springframework.web.method.support.InvocableHandlerMethod.invoke(InvocableHandlerMethod.java:215)
		at org.springframework.web.method.support.InvocableHandlerMethod.invokeForRequest(InvocableHandlerMethod.java:132)
		at org.springframework.web.servlet.mvc.method.annotation.ServletInvocableHandlerMethod.invokeAndHandle(ServletInvocableHandlerMethod.java:104)
		at org.springframework.web.servlet.mvc.method.annotation.RequestMappingHandlerAdapter.invokeHandleMethod(RequestMappingHandlerAdapter.java:749)
		at org.springframework.web.servlet.mvc.method.annotation.RequestMappingHandlerAdapter.handleInternal(RequestMappingHandlerAdapter.java:690)
		at org.springframework.web.servlet.mvc.method.AbstractHandlerMethodAdapter.handle(AbstractHandlerMethodAdapter.java:83)
		at org.springframework.web.servlet.DispatcherServlet.doDispatch(DispatcherServlet.java:945)
		at org.springframework.web.servlet.DispatcherServlet.doService(DispatcherServlet.java:876)
		at org.springframework.web.servlet.FrameworkServlet.processRequest(FrameworkServlet.java:961)
		at org.springframework.web.servlet.FrameworkServlet.doGet(FrameworkServlet.java:852)
		at javax.servlet.http.HttpServlet.service(HttpServlet.java:529)
		at org.springframework.web.servlet.FrameworkServlet.service(FrameworkServlet.java:837)
		at javax.servlet.http.HttpServlet.service(HttpServlet.java:623)
		at org.apache.catalina.core.ApplicationFilterChain.internalDoFilter(ApplicationFilterChain.java:197)
		at org.apache.catalina.core.ApplicationFilterChain.doFilter(ApplicationFilterChain.java:142)
		at org.apache.tomcat.websocket.server.WsFilter.doFilter(WsFilter.java:51)
		at org.apache.catalina.core.ApplicationFilterChain.internalDoFilter(ApplicationFilterChain.java:166)
		at org.apache.catalina.core.ApplicationFilterChain.doFilter(ApplicationFilterChain.java:142)
		at com.timmy.util.AuthFilter.doFilter(AuthFilter.java:44)
		at org.apache.catalina.core.ApplicationFilterChain.internalDoFilter(ApplicationFilterChain.java:166)
		at org.apache.catalina.core.ApplicationFilterChain.doFilter(ApplicationFilterChain.java:142)
		at org.springframework.web.filter.CharacterEncodingFilter.doFilterInternal(CharacterEncodingFilter.java:88)
		at org.springframework.web.filter.OncePerRequestFilter.doFilter(OncePerRequestFilter.java:108)
		at org.apache.catalina.core.ApplicationFilterChain.internalDoFilter(ApplicationFilterChain.java:166)
		at org.apache.catalina.core.ApplicationFilterChain.doFilter(ApplicationFilterChain.java:142)
		at org.apache.catalina.core.StandardWrapperValve.invoke(StandardWrapperValve.java:166)
		at org.apache.catalina.core.StandardContextValve.invoke(StandardContextValve.java:88)
		at org.apache.catalina.authenticator.AuthenticatorBase.invoke(AuthenticatorBase.java:491)
		at org.apache.catalina.core.StandardHostValve.invoke(StandardHostValve.java:127)
		at org.apache.catalina.valves.ErrorReportValve.invoke(ErrorReportValve.java:83)
		at org.apache.catalina.valves.AbstractAccessLogValve.invoke(AbstractAccessLogValve.java:643)
		at org.apache.catalina.core.StandardEngineValve.invoke(StandardEngineValve.java:72)
		at org.apache.catalina.connector.CoyoteAdapter.service(CoyoteAdapter.java:344)
		at org.apache.coyote.http11.Http11Processor.service(Http11Processor.java:398)
		at org.apache.coyote.AbstractProcessorLight.process(AbstractProcessorLight.java:63)
		at org.apache.coyote.AbstractProtocol$ConnectionHandler.process(AbstractProtocol.java:939)
		at org.apache.tomcat.util.net.NioEndpoint$SocketProcessor.doRun(NioEndpoint.java:1832)
		at org.apache.tomcat.util.net.SocketProcessorBase.run(SocketProcessorBase.java:52)
		at org.apache.tomcat.util.threads.ThreadPoolExecutor.runWorker(ThreadPoolExecutor.java:973)
		at org.apache.tomcat.util.threads.ThreadPoolExecutor$Worker.run(ThreadPoolExecutor.java:491)
		at org.apache.tomcat.util.threads.TaskThread$WrappingRunnable.run(TaskThread.java:63)
		at java.lang.Thread.run(Unknown Source)
04-Apr-2026 19:44:08.675 SEVERE [http-nio-8080-exec-2] org.apache.catalina.core.StandardWrapperValve.invoke Servlet.service() for servlet [dispatcher] in context with path [/demo] threw exception [Handler processing failed; nested exception is java.lang.NoSuchMethodError: com.timmy.controller.AllController$ProfileImagePayload.<init>(Lcom/timmy/controller/AllController$1;)V] with root cause
	java.lang.NoSuchMethodError: com.timmy.controller.AllController$ProfileImagePayload.<init>(Lcom/timmy/controller/AllController$1;)V
		at com.timmy.controller.AllController.loadProfileImagePayloadByEnrollId(AllController.java:2947)
		at com.timmy.controller.AllController.applyProfileImageFallback(AllController.java:2867)
		at com.timmy.controller.AllController.getLatestLogFromDB(AllController.java:2628)
		at sun.reflect.NativeMethodAccessorImpl.invoke0(Native Method)
		at sun.reflect.NativeMethodAccessorImpl.invoke(Unknown Source)
		at sun.reflect.DelegatingMethodAccessorImpl.invoke(Unknown Source)
		at java.lang.reflect.Method.invoke(Unknown Source)
		at org.springframework.web.method.support.InvocableHandlerMethod.invoke(InvocableHandlerMethod.java:215)
		at org.springframework.web.method.support.InvocableHandlerMethod.invokeForRequest(InvocableHandlerMethod.java:132)
		at org.springframework.web.servlet.mvc.method.annotation.ServletInvocableHandlerMethod.invokeAndHandle(ServletInvocableHandlerMethod.java:104)
		at org.springframework.web.servlet.mvc.method.annotation.RequestMappingHandlerAdapter.invokeHandleMethod(RequestMappingHandlerAdapter.java:749)
		at org.springframework.web.servlet.mvc.method.annotation.RequestMappingHandlerAdapter.handleInternal(RequestMappingHandlerAdapter.java:690)
		at org.springframework.web.servlet.mvc.method.AbstractHandlerMethodAdapter.handle(AbstractHandlerMethodAdapter.java:83)
		at org.springframework.web.servlet.DispatcherServlet.doDispatch(DispatcherServlet.java:945)
		at org.springframework.web.servlet.DispatcherServlet.doService(DispatcherServlet.java:876)
		at org.springframework.web.servlet.FrameworkServlet.processRequest(FrameworkServlet.java:961)
		at org.springframework.web.servlet.FrameworkServlet.doGet(FrameworkServlet.java:852)
		at javax.servlet.http.HttpServlet.service(HttpServlet.java:529)
		at org.springframework.web.servlet.FrameworkServlet.service(FrameworkServlet.java:837)
		at javax.servlet.http.HttpServlet.service(HttpServlet.java:623)
		at org.apache.catalina.core.ApplicationFilterChain.internalDoFilter(ApplicationFilterChain.java:197)
		at org.apache.catalina.core.ApplicationFilterChain.doFilter(ApplicationFilterChain.java:142)
		at org.apache.tomcat.websocket.server.WsFilter.doFilter(WsFilter.java:51)
		at org.apache.catalina.core.ApplicationFilterChain.internalDoFilter(ApplicationFilterChain.java:166)
		at org.apache.catalina.core.ApplicationFilterChain.doFilter(ApplicationFilterChain.java:142)
		at com.timmy.util.AuthFilter.doFilter(AuthFilter.java:44)
		at org.apache.catalina.core.ApplicationFilterChain.internalDoFilter(ApplicationFilterChain.java:166)
		at org.apache.catalina.core.ApplicationFilterChain.doFilter(ApplicationFilterChain.java:142)
		at org.springframework.web.filter.CharacterEncodingFilter.doFilterInternal(CharacterEncodingFilter.java:88)
		at org.springframework.web.filter.OncePerRequestFilter.doFilter(OncePerRequestFilter.java:108)
		at org.apache.catalina.core.ApplicationFilterChain.internalDoFilter(ApplicationFilterChain.java:166)
		at org.apache.catalina.core.ApplicationFilterChain.doFilter(ApplicationFilterChain.java:142)
		at org.apache.catalina.core.StandardWrapperValve.invoke(StandardWrapperValve.java:166)
		at org.apache.catalina.core.StandardContextValve.invoke(StandardContextValve.java:88)
		at org.apache.catalina.authenticator.AuthenticatorBase.invoke(AuthenticatorBase.java:491)
		at org.apache.catalina.core.StandardHostValve.invoke(StandardHostValve.java:127)
		at org.apache.catalina.valves.ErrorReportValve.invoke(ErrorReportValve.java:83)
		at org.apache.catalina.valves.AbstractAccessLogValve.invoke(AbstractAccessLogValve.java:643)
		at org.apache.catalina.core.StandardEngineValve.invoke(StandardEngineValve.java:72)
		at org.apache.catalina.connector.CoyoteAdapter.service(CoyoteAdapter.java:344)
		at org.apache.coyote.http11.Http11Processor.service(Http11Processor.java:398)
		at org.apache.coyote.AbstractProcessorLight.process(AbstractProcessorLight.java:63)
		at org.apache.coyote.AbstractProtocol$ConnectionHandler.process(AbstractProtocol.java:939)
		at org.apache.tomcat.util.net.NioEndpoint$SocketProcessor.doRun(NioEndpoint.java:1832)
		at org.apache.tomcat.util.net.SocketProcessorBase.run(SocketProcessorBase.java:52)
		at org.apache.tomcat.util.threads.ThreadPoolExecutor.runWorker(ThreadPoolExecutor.java:973)
		at org.apache.tomcat.util.threads.ThreadPoolExecutor$Worker.run(ThreadPoolExecutor.java:491)
		at org.apache.tomcat.util.threads.TaskThread$WrappingRunnable.run(TaskThread.java:63)
		at java.lang.Thread.run(Unknown Source)
04-Apr-2026 19:44:13.675 SEVERE [http-nio-8080-exec-5] org.apache.catalina.core.StandardWrapperValve.invoke Servlet.service() for servlet [dispatcher] in context with path [/demo] threw exception [Handler processing failed; nested exception is java.lang.NoSuchMethodError: com.timmy.controller.AllController$ProfileImagePayload.<init>(Lcom/timmy/controller/AllController$1;)V] with root cause
	java.lang.NoSuchMethodError: com.timmy.controller.AllController$ProfileImagePayload.<init>(Lcom/timmy/controller/AllController$1;)V
		at com.timmy.controller.AllController.loadProfileImagePayloadByEnrollId(AllController.java:2947)
		at com.timmy.controller.AllController.applyProfileImageFallback(AllController.java:2867)
		at com.timmy.controller.AllController.getLatestLogFromDB(AllController.java:2628)
		at sun.reflect.NativeMethodAccessorImpl.invoke0(Native Method)
		at sun.reflect.NativeMethodAccessorImpl.invoke(Unknown Source)
		at sun.reflect.DelegatingMethodAccessorImpl.invoke(Unknown Source)
		at java.lang.reflect.Method.invoke(Unknown Source)
		at org.springframework.web.method.support.InvocableHandlerMethod.invoke(InvocableHandlerMethod.java:215)
		at org.springframework.web.method.support.InvocableHandlerMethod.invokeForRequest(InvocableHandlerMethod.java:132)
		at org.springframework.web.servlet.mvc.method.annotation.ServletInvocableHandlerMethod.invokeAndHandle(ServletInvocableHandlerMethod.java:104)
		at org.springframework.web.servlet.mvc.method.annotation.RequestMappingHandlerAdapter.invokeHandleMethod(RequestMappingHandlerAdapter.java:749)
		at org.springframework.web.servlet.mvc.method.annotation.RequestMappingHandlerAdapter.handleInternal(RequestMappingHandlerAdapter.java:690)
		at org.springframework.web.servlet.mvc.method.AbstractHandlerMethodAdapter.handle(AbstractHandlerMethodAdapter.java:83)
		at org.springframework.web.servlet.DispatcherServlet.doDispatch(DispatcherServlet.java:945)
		at org.springframework.web.servlet.DispatcherServlet.doService(DispatcherServlet.java:876)
		at org.springframework.web.servlet.FrameworkServlet.processRequest(FrameworkServlet.java:961)
		at org.springframework.web.servlet.FrameworkServlet.doGet(FrameworkServlet.java:852)
		at javax.servlet.http.HttpServlet.service(HttpServlet.java:529)
		at org.springframework.web.servlet.FrameworkServlet.service(FrameworkServlet.java:837)
		at javax.servlet.http.HttpServlet.service(HttpServlet.java:623)
		at org.apache.catalina.core.ApplicationFilterChain.internalDoFilter(ApplicationFilterChain.java:197)
		at org.apache.catalina.core.ApplicationFilterChain.doFilter(ApplicationFilterChain.java:142)
		at org.apache.tomcat.websocket.server.WsFilter.doFilter(WsFilter.java:51)
		at org.apache.catalina.core.ApplicationFilterChain.internalDoFilter(ApplicationFilterChain.java:166)
		at org.apache.catalina.core.ApplicationFilterChain.doFilter(ApplicationFilterChain.java:142)
		at com.timmy.util.AuthFilter.doFilter(AuthFilter.java:44)
		at org.apache.catalina.core.ApplicationFilterChain.internalDoFilter(ApplicationFilterChain.java:166)
		at org.apache.catalina.core.ApplicationFilterChain.doFilter(ApplicationFilterChain.java:142)
		at org.springframework.web.filter.CharacterEncodingFilter.doFilterInternal(CharacterEncodingFilter.java:88)
		at org.springframework.web.filter.OncePerRequestFilter.doFilter(OncePerRequestFilter.java:108)
		at org.apache.catalina.core.ApplicationFilterChain.internalDoFilter(ApplicationFilterChain.java:166)
		at org.apache.catalina.core.ApplicationFilterChain.doFilter(ApplicationFilterChain.java:142)
		at org.apache.catalina.core.StandardWrapperValve.invoke(StandardWrapperValve.java:166)
		at org.apache.catalina.core.StandardContextValve.invoke(StandardContextValve.java:88)
		at org.apache.catalina.authenticator.AuthenticatorBase.invoke(AuthenticatorBase.java:491)
		at org.apache.catalina.core.StandardHostValve.invoke(StandardHostValve.java:127)
		at org.apache.catalina.valves.ErrorReportValve.invoke(ErrorReportValve.java:83)
		at org.apache.catalina.valves.AbstractAccessLogValve.invoke(AbstractAccessLogValve.java:643)
		at org.apache.catalina.core.StandardEngineValve.invoke(StandardEngineValve.java:72)
		at org.apache.catalina.connector.CoyoteAdapter.service(CoyoteAdapter.java:344)
		at org.apache.coyote.http11.Http11Processor.service(Http11Processor.java:398)
		at org.apache.coyote.AbstractProcessorLight.process(AbstractProcessorLight.java:63)
		at org.apache.coyote.AbstractProtocol$ConnectionHandler.process(AbstractProtocol.java:939)
		at org.apache.tomcat.util.net.NioEndpoint$SocketProcessor.doRun(NioEndpoint.java:1832)
		at org.apache.tomcat.util.net.SocketProcessorBase.run(SocketProcessorBase.java:52)
		at org.apache.tomcat.util.threads.ThreadPoolExecutor.runWorker(ThreadPoolExecutor.java:973)
		at org.apache.tomcat.util.threads.ThreadPoolExecutor$Worker.run(ThreadPoolExecutor.java:491)
		at org.apache.tomcat.util.threads.TaskThread$WrappingRunnable.run(TaskThread.java:63)
		at java.lang.Thread.run(Unknown Source)
04-Apr-2026 19:44:18.678 SEVERE [http-nio-8080-exec-9] org.apache.catalina.core.StandardWrapperValve.invoke Servlet.service() for servlet [dispatcher] in context with path [/demo] threw exception [Handler processing failed; nested exception is java.lang.NoSuchMethodError: com.timmy.controller.AllController$ProfileImagePayload.<init>(Lcom/timmy/controller/AllController$1;)V] with root cause
	java.lang.NoSuchMethodError: com.timmy.controller.AllController$ProfileImagePayload.<init>(Lcom/timmy/controller/AllController$1;)V
		at com.timmy.controller.AllController.loadProfileImagePayloadByEnrollId(AllController.java:2947)
		at com.timmy.controller.AllController.applyProfileImageFallback(AllController.java:2867)
		at com.timmy.controller.AllController.getLatestLogFromDB(AllController.java:2628)
		at sun.reflect.NativeMethodAccessorImpl.invoke0(Native Method)
		at sun.reflect.NativeMethodAccessorImpl.invoke(Unknown Source)
		at sun.reflect.DelegatingMethodAccessorImpl.invoke(Unknown Source)
		at java.lang.reflect.Method.invoke(Unknown Source)
		at org.springframework.web.method.support.InvocableHandlerMethod.invoke(InvocableHandlerMethod.java:215)
		at org.springframework.web.method.support.InvocableHandlerMethod.invokeForRequest(InvocableHandlerMethod.java:132)
		at org.springframework.web.servlet.mvc.method.annotation.ServletInvocableHandlerMethod.invokeAndHandle(ServletInvocableHandlerMethod.java:104)
		at org.springframework.web.servlet.mvc.method.annotation.RequestMappingHandlerAdapter.invokeHandleMethod(RequestMappingHandlerAdapter.java:749)
		at org.springframework.web.servlet.mvc.method.annotation.RequestMappingHandlerAdapter.handleInternal(RequestMappingHandlerAdapter.java:690)
		at org.springframework.web.servlet.mvc.method.AbstractHandlerMethodAdapter.handle(AbstractHandlerMethodAdapter.java:83)
		at org.springframework.web.servlet.DispatcherServlet.doDispatch(DispatcherServlet.java:945)
		at org.springframework.web.servlet.DispatcherServlet.doService(DispatcherServlet.java:876)
		at org.springframework.web.servlet.FrameworkServlet.processRequest(FrameworkServlet.java:961)
		at org.springframework.web.servlet.FrameworkServlet.doGet(FrameworkServlet.java:852)
		at javax.servlet.http.HttpServlet.service(HttpServlet.java:529)
		at org.springframework.web.servlet.FrameworkServlet.service(FrameworkServlet.java:837)
		at javax.servlet.http.HttpServlet.service(HttpServlet.java:623)
		at org.apache.catalina.core.ApplicationFilterChain.internalDoFilter(ApplicationFilterChain.java:197)
		at org.apache.catalina.core.ApplicationFilterChain.doFilter(ApplicationFilterChain.java:142)
		at org.apache.tomcat.websocket.server.WsFilter.doFilter(WsFilter.java:51)
		at org.apache.catalina.core.ApplicationFilterChain.internalDoFilter(ApplicationFilterChain.java:166)
		at org.apache.catalina.core.ApplicationFilterChain.doFilter(ApplicationFilterChain.java:142)
		at com.timmy.util.AuthFilter.doFilter(AuthFilter.java:44)
		at org.apache.catalina.core.ApplicationFilterChain.internalDoFilter(ApplicationFilterChain.java:166)
		at org.apache.catalina.core.ApplicationFilterChain.doFilter(ApplicationFilterChain.java:142)
		at org.springframework.web.filter.CharacterEncodingFilter.doFilterInternal(CharacterEncodingFilter.java:88)
		at org.springframework.web.filter.OncePerRequestFilter.doFilter(OncePerRequestFilter.java:108)
		at org.apache.catalina.core.ApplicationFilterChain.internalDoFilter(ApplicationFilterChain.java:166)
		at org.apache.catalina.core.ApplicationFilterChain.doFilter(ApplicationFilterChain.java:142)
		at org.apache.catalina.core.StandardWrapperValve.invoke(StandardWrapperValve.java:166)
		at org.apache.catalina.core.StandardContextValve.invoke(StandardContextValve.java:88)
		at org.apache.catalina.authenticator.AuthenticatorBase.invoke(AuthenticatorBase.java:491)
		at org.apache.catalina.core.StandardHostValve.invoke(StandardHostValve.java:127)
		at org.apache.catalina.valves.ErrorReportValve.invoke(ErrorReportValve.java:83)
		at org.apache.catalina.valves.AbstractAccessLogValve.invoke(AbstractAccessLogValve.java:643)
		at org.apache.catalina.core.StandardEngineValve.invoke(StandardEngineValve.java:72)
		at org.apache.catalina.connector.CoyoteAdapter.service(CoyoteAdapter.java:344)
		at org.apache.coyote.http11.Http11Processor.service(Http11Processor.java:398)
		at org.apache.coyote.AbstractProcessorLight.process(AbstractProcessorLight.java:63)
		at org.apache.coyote.AbstractProtocol$ConnectionHandler.process(AbstractProtocol.java:939)
		at org.apache.tomcat.util.net.NioEndpoint$SocketProcessor.doRun(NioEndpoint.java:1832)
		at org.apache.tomcat.util.net.SocketProcessorBase.run(SocketProcessorBase.java:52)
		at org.apache.tomcat.util.threads.ThreadPoolExecutor.runWorker(ThreadPoolExecutor.java:973)
		at org.apache.tomcat.util.threads.ThreadPoolExecutor$Worker.run(ThreadPoolExecutor.java:491)
		at org.apache.tomcat.util.threads.TaskThread$WrappingRunnable.run(TaskThread.java:63)
		at java.lang.Thread.run(Unknown Source)
04-Apr-2026 19:44:23.701 SEVERE [http-nio-8080-exec-3] org.apache.catalina.core.StandardWrapperValve.invoke Servlet.service() for servlet [dispatcher] in context with path [/demo] threw exception [Handler processing failed; nested exception is java.lang.NoSuchMethodError: com.timmy.controller.AllController$ProfileImagePayload.<init>(Lcom/timmy/controller/AllController$1;)V] with root cause
	java.lang.NoSuchMethodError: com.timmy.controller.AllController$ProfileImagePayload.<init>(Lcom/timmy/controller/AllController$1;)V
		at com.timmy.controller.AllController.loadProfileImagePayloadByEnrollId(AllController.java:2947)
		at com.timmy.controller.AllController.applyProfileImageFallback(AllController.java:2867)
		at com.timmy.controller.AllController.getLatestLogFromDB(AllController.java:2628)
		at sun.reflect.NativeMethodAccessorImpl.invoke0(Native Method)
		at sun.reflect.NativeMethodAccessorImpl.invoke(Unknown Source)
		at sun.reflect.DelegatingMethodAccessorImpl.invoke(Unknown Source)
		at java.lang.reflect.Method.invoke(Unknown Source)
		at org.springframework.web.method.support.InvocableHandlerMethod.invoke(InvocableHandlerMethod.java:215)
		at org.springframework.web.method.support.InvocableHandlerMethod.invokeForRequest(InvocableHandlerMethod.java:132)
		at org.springframework.web.servlet.mvc.method.annotation.ServletInvocableHandlerMethod.invokeAndHandle(ServletInvocableHandlerMethod.java:104)
		at org.springframework.web.servlet.mvc.method.annotation.RequestMappingHandlerAdapter.invokeHandleMethod(RequestMappingHandlerAdapter.java:749)
		at org.springframework.web.servlet.mvc.method.annotation.RequestMappingHandlerAdapter.handleInternal(RequestMappingHandlerAdapter.java:690)
		at org.springframework.web.servlet.mvc.method.AbstractHandlerMethodAdapter.handle(AbstractHandlerMethodAdapter.java:83)
		at org.springframework.web.servlet.DispatcherServlet.doDispatch(DispatcherServlet.java:945)
		at org.springframework.web.servlet.DispatcherServlet.doService(DispatcherServlet.java:876)
		at org.springframework.web.servlet.FrameworkServlet.processRequest(FrameworkServlet.java:961)
		at org.springframework.web.servlet.FrameworkServlet.doGet(FrameworkServlet.java:852)
		at javax.servlet.http.HttpServlet.service(HttpServlet.java:529)
		at org.springframework.web.servlet.FrameworkServlet.service(FrameworkServlet.java:837)
		at javax.servlet.http.HttpServlet.service(HttpServlet.java:623)
		at org.apache.catalina.core.ApplicationFilterChain.internalDoFilter(ApplicationFilterChain.java:197)
		at org.apache.catalina.core.ApplicationFilterChain.doFilter(ApplicationFilterChain.java:142)
		at org.apache.tomcat.websocket.server.WsFilter.doFilter(WsFilter.java:51)
		at org.apache.catalina.core.ApplicationFilterChain.internalDoFilter(ApplicationFilterChain.java:166)
		at org.apache.catalina.core.ApplicationFilterChain.doFilter(ApplicationFilterChain.java:142)
		at com.timmy.util.AuthFilter.doFilter(AuthFilter.java:44)
		at org.apache.catalina.core.ApplicationFilterChain.internalDoFilter(ApplicationFilterChain.java:166)
		at org.apache.catalina.core.ApplicationFilterChain.doFilter(ApplicationFilterChain.java:142)
		at org.springframework.web.filter.CharacterEncodingFilter.doFilterInternal(CharacterEncodingFilter.java:88)
		at org.springframework.web.filter.OncePerRequestFilter.doFilter(OncePerRequestFilter.java:108)
		at org.apache.catalina.core.ApplicationFilterChain.internalDoFilter(ApplicationFilterChain.java:166)
		at org.apache.catalina.core.ApplicationFilterChain.doFilter(ApplicationFilterChain.java:142)
		at org.apache.catalina.core.StandardWrapperValve.invoke(StandardWrapperValve.java:166)
		at org.apache.catalina.core.StandardContextValve.invoke(StandardContextValve.java:88)
		at org.apache.catalina.authenticator.AuthenticatorBase.invoke(AuthenticatorBase.java:491)
		at org.apache.catalina.core.StandardHostValve.invoke(StandardHostValve.java:127)
		at org.apache.catalina.valves.ErrorReportValve.invoke(ErrorReportValve.java:83)
		at org.apache.catalina.valves.AbstractAccessLogValve.invoke(AbstractAccessLogValve.java:643)
		at org.apache.catalina.core.StandardEngineValve.invoke(StandardEngineValve.java:72)
		at org.apache.catalina.connector.CoyoteAdapter.service(CoyoteAdapter.java:344)
		at org.apache.coyote.http11.Http11Processor.service(Http11Processor.java:398)
		at org.apache.coyote.AbstractProcessorLight.process(AbstractProcessorLight.java:63)
		at org.apache.coyote.AbstractProtocol$ConnectionHandler.process(AbstractProtocol.java:939)
		at org.apache.tomcat.util.net.NioEndpoint$SocketProcessor.doRun(NioEndpoint.java:1832)
		at org.apache.tomcat.util.net.SocketProcessorBase.run(SocketProcessorBase.java:52)
		at org.apache.tomcat.util.threads.ThreadPoolExecutor.runWorker(ThreadPoolExecutor.java:973)
		at org.apache.tomcat.util.threads.ThreadPoolExecutor$Worker.run(ThreadPoolExecutor.java:491)
		at org.apache.tomcat.util.threads.TaskThread$WrappingRunnable.run(TaskThread.java:63)
		at java.lang.Thread.run(Unknown Source)
04-Apr-2026 19:44:28.673 SEVERE [http-nio-8080-exec-7] org.apache.catalina.core.StandardWrapperValve.invoke Servlet.service() for servlet [dispatcher] in context with path [/demo] threw exception [Handler processing failed; nested exception is java.lang.NoSuchMethodError: com.timmy.controller.AllController$ProfileImagePayload.<init>(Lcom/timmy/controller/AllController$1;)V] with root cause
	java.lang.NoSuchMethodError: com.timmy.controller.AllController$ProfileImagePayload.<init>(Lcom/timmy/controller/AllController$1;)V
		at com.timmy.controller.AllController.loadProfileImagePayloadByEnrollId(AllController.java:2947)
		at com.timmy.controller.AllController.applyProfileImageFallback(AllController.java:2867)
		at com.timmy.controller.AllController.getLatestLogFromDB(AllController.java:2628)
		at sun.reflect.NativeMethodAccessorImpl.invoke0(Native Method)
		at sun.reflect.NativeMethodAccessorImpl.invoke(Unknown Source)
		at sun.reflect.DelegatingMethodAccessorImpl.invoke(Unknown Source)
		at java.lang.reflect.Method.invoke(Unknown Source)
		at org.springframework.web.method.support.InvocableHandlerMethod.invoke(InvocableHandlerMethod.java:215)
		at org.springframework.web.method.support.InvocableHandlerMethod.invokeForRequest(InvocableHandlerMethod.java:132)
		at org.springframework.web.servlet.mvc.method.annotation.ServletInvocableHandlerMethod.invokeAndHandle(ServletInvocableHandlerMethod.java:104)
		at org.springframework.web.servlet.mvc.method.annotation.RequestMappingHandlerAdapter.invokeHandleMethod(RequestMappingHandlerAdapter.java:749)
		at org.springframework.web.servlet.mvc.method.annotation.RequestMappingHandlerAdapter.handleInternal(RequestMappingHandlerAdapter.java:690)
		at org.springframework.web.servlet.mvc.method.AbstractHandlerMethodAdapter.handle(AbstractHandlerMethodAdapter.java:83)
		at org.springframework.web.servlet.DispatcherServlet.doDispatch(DispatcherServlet.java:945)
		at org.springframework.web.servlet.DispatcherServlet.doService(DispatcherServlet.java:876)
		at org.springframework.web.servlet.FrameworkServlet.processRequest(FrameworkServlet.java:961)
		at org.springframework.web.servlet.FrameworkServlet.doGet(FrameworkServlet.java:852)
		at javax.servlet.http.HttpServlet.service(HttpServlet.java:529)
		at org.springframework.web.servlet.FrameworkServlet.service(FrameworkServlet.java:837)
		at javax.servlet.http.HttpServlet.service(HttpServlet.java:623)
		at org.apache.catalina.core.ApplicationFilterChain.internalDoFilter(ApplicationFilterChain.java:197)
		at org.apache.catalina.core.ApplicationFilterChain.doFilter(ApplicationFilterChain.java:142)
		at org.apache.tomcat.websocket.server.WsFilter.doFilter(WsFilter.java:51)
		at org.apache.catalina.core.ApplicationFilterChain.internalDoFilter(ApplicationFilterChain.java:166)
		at org.apache.catalina.core.ApplicationFilterChain.doFilter(ApplicationFilterChain.java:142)
		at com.timmy.util.AuthFilter.doFilter(AuthFilter.java:44)
		at org.apache.catalina.core.ApplicationFilterChain.internalDoFilter(ApplicationFilterChain.java:166)
		at org.apache.catalina.core.ApplicationFilterChain.doFilter(ApplicationFilterChain.java:142)
		at org.springframework.web.filter.CharacterEncodingFilter.doFilterInternal(CharacterEncodingFilter.java:88)
		at org.springframework.web.filter.OncePerRequestFilter.doFilter(OncePerRequestFilter.java:108)
		at org.apache.catalina.core.ApplicationFilterChain.internalDoFilter(ApplicationFilterChain.java:166)
		at org.apache.catalina.core.ApplicationFilterChain.doFilter(ApplicationFilterChain.java:142)
		at org.apache.catalina.core.StandardWrapperValve.invoke(StandardWrapperValve.java:166)
		at org.apache.catalina.core.StandardContextValve.invoke(StandardContextValve.java:88)
		at org.apache.catalina.authenticator.AuthenticatorBase.invoke(AuthenticatorBase.java:491)
		at org.apache.catalina.core.StandardHostValve.invoke(StandardHostValve.java:127)
		at org.apache.catalina.valves.ErrorReportValve.invoke(ErrorReportValve.java:83)
		at org.apache.catalina.valves.AbstractAccessLogValve.invoke(AbstractAccessLogValve.java:643)
		at org.apache.catalina.core.StandardEngineValve.invoke(StandardEngineValve.java:72)
		at org.apache.catalina.connector.CoyoteAdapter.service(CoyoteAdapter.java:344)
		at org.apache.coyote.http11.Http11Processor.service(Http11Processor.java:398)
		at org.apache.coyote.AbstractProcessorLight.process(AbstractProcessorLight.java:63)
		at org.apache.coyote.AbstractProtocol$ConnectionHandler.process(AbstractProtocol.java:939)
		at org.apache.tomcat.util.net.NioEndpoint$SocketProcessor.doRun(NioEndpoint.java:1832)
		at org.apache.tomcat.util.net.SocketProcessorBase.run(SocketProcessorBase.java:52)
		at org.apache.tomcat.util.threads.ThreadPoolExecutor.runWorker(ThreadPoolExecutor.java:973)
		at org.apache.tomcat.util.threads.ThreadPoolExecutor$Worker.run(ThreadPoolExecutor.java:491)
		at org.apache.tomcat.util.threads.TaskThread$WrappingRunnable.run(TaskThread.java:63)
		at java.lang.Thread.run(Unknown Source)
04-Apr-2026 19:44:33.058 SEVERE [http-nio-8080-exec-8] org.apache.catalina.core.StandardWrapperValve.invoke Servlet.service() for servlet [dispatcher] in context with path [/demo] threw exception [Handler processing failed; nested exception is java.lang.NoSuchMethodError: com.timmy.controller.AllController$ProfileImagePayload.<init>(Lcom/timmy/controller/AllController$1;)V] with root cause
	java.lang.NoSuchMethodError: com.timmy.controller.AllController$ProfileImagePayload.<init>(Lcom/timmy/controller/AllController$1;)V
		at com.timmy.controller.AllController.loadProfileImagePayloadByEnrollId(AllController.java:2947)
		at com.timmy.controller.AllController.applyProfileImageFallback(AllController.java:2867)
		at com.timmy.controller.AllController.getLatestLogFromDB(AllController.java:2628)
		at sun.reflect.GeneratedMethodAccessor97.invoke(Unknown Source)
		at sun.reflect.DelegatingMethodAccessorImpl.invoke(Unknown Source)
		at java.lang.reflect.Method.invoke(Unknown Source)
		at org.springframework.web.method.support.InvocableHandlerMethod.invoke(InvocableHandlerMethod.java:215)
		at org.springframework.web.method.support.InvocableHandlerMethod.invokeForRequest(InvocableHandlerMethod.java:132)
		at org.springframework.web.servlet.mvc.method.annotation.ServletInvocableHandlerMethod.invokeAndHandle(ServletInvocableHandlerMethod.java:104)
		at org.springframework.web.servlet.mvc.method.annotation.RequestMappingHandlerAdapter.invokeHandleMethod(RequestMappingHandlerAdapter.java:749)
		at org.springframework.web.servlet.mvc.method.annotation.RequestMappingHandlerAdapter.handleInternal(RequestMappingHandlerAdapter.java:690)
		at org.springframework.web.servlet.mvc.method.AbstractHandlerMethodAdapter.handle(AbstractHandlerMethodAdapter.java:83)
		at org.springframework.web.servlet.DispatcherServlet.doDispatch(DispatcherServlet.java:945)
		at org.springframework.web.servlet.DispatcherServlet.doService(DispatcherServlet.java:876)
		at org.springframework.web.servlet.FrameworkServlet.processRequest(FrameworkServlet.java:961)
		at org.springframework.web.servlet.FrameworkServlet.doGet(FrameworkServlet.java:852)
		at javax.servlet.http.HttpServlet.service(HttpServlet.java:529)
		at org.springframework.web.servlet.FrameworkServlet.service(FrameworkServlet.java:837)
		at javax.servlet.http.HttpServlet.service(HttpServlet.java:623)
		at org.apache.catalina.core.ApplicationFilterChain.internalDoFilter(ApplicationFilterChain.java:197)
		at org.apache.catalina.core.ApplicationFilterChain.doFilter(ApplicationFilterChain.java:142)
		at org.apache.tomcat.websocket.server.WsFilter.doFilter(WsFilter.java:51)
		at org.apache.catalina.core.ApplicationFilterChain.internalDoFilter(ApplicationFilterChain.java:166)
		at org.apache.catalina.core.ApplicationFilterChain.doFilter(ApplicationFilterChain.java:142)
		at com.timmy.util.AuthFilter.doFilter(AuthFilter.java:44)
		at org.apache.catalina.core.ApplicationFilterChain.internalDoFilter(ApplicationFilterChain.java:166)
		at org.apache.catalina.core.ApplicationFilterChain.doFilter(ApplicationFilterChain.java:142)
		at org.springframework.web.filter.CharacterEncodingFilter.doFilterInternal(CharacterEncodingFilter.java:88)
		at org.springframework.web.filter.OncePerRequestFilter.doFilter(OncePerRequestFilter.java:108)
		at org.apache.catalina.core.ApplicationFilterChain.internalDoFilter(ApplicationFilterChain.java:166)
		at org.apache.catalina.core.ApplicationFilterChain.doFilter(ApplicationFilterChain.java:142)
		at org.apache.catalina.core.StandardWrapperValve.invoke(StandardWrapperValve.java:166)
		at org.apache.catalina.core.StandardContextValve.invoke(StandardContextValve.java:88)
		at org.apache.catalina.authenticator.AuthenticatorBase.invoke(AuthenticatorBase.java:491)
		at org.apache.catalina.core.StandardHostValve.invoke(StandardHostValve.java:127)
		at org.apache.catalina.valves.ErrorReportValve.invoke(ErrorReportValve.java:83)
		at org.apache.catalina.valves.AbstractAccessLogValve.invoke(AbstractAccessLogValve.java:643)
		at org.apache.catalina.core.StandardEngineValve.invoke(StandardEngineValve.java:72)
		at org.apache.catalina.connector.CoyoteAdapter.service(CoyoteAdapter.java:344)
		at org.apache.coyote.http11.Http11Processor.service(Http11Processor.java:398)
		at org.apache.coyote.AbstractProcessorLight.process(AbstractProcessorLight.java:63)
		at org.apache.coyote.AbstractProtocol$ConnectionHandler.process(AbstractProtocol.java:939)
		at org.apache.tomcat.util.net.NioEndpoint$SocketProcessor.doRun(NioEndpoint.java:1832)
		at org.apache.tomcat.util.net.SocketProcessorBase.run(SocketProcessorBase.java:52)
		at org.apache.tomcat.util.threads.ThreadPoolExecutor.runWorker(ThreadPoolExecutor.java:973)
		at org.apache.tomcat.util.threads.ThreadPoolExecutor$Worker.run(ThreadPoolExecutor.java:491)
		at org.apache.tomcat.util.threads.TaskThread$WrappingRunnable.run(TaskThread.java:63)
		at java.lang.Thread.run(Unknown Source)
04-Apr-2026 19:44:36.562 SEVERE [http-nio-8080-exec-1] org.apache.catalina.core.StandardWrapperValve.invoke Servlet.service() for servlet [dispatcher] in context with path [/demo] threw exception [Handler processing failed; nested exception is java.lang.NoSuchMethodError: com.timmy.controller.AllController$ProfileImagePayload.<init>(Lcom/timmy/controller/AllController$1;)V] with root cause
	java.lang.NoSuchMethodError: com.timmy.controller.AllController$ProfileImagePayload.<init>(Lcom/timmy/controller/AllController$1;)V
		at com.timmy.controller.AllController.loadProfileImagePayloadByEnrollId(AllController.java:2947)
		at com.timmy.controller.AllController.applyProfileImageFallback(AllController.java:2867)
		at com.timmy.controller.AllController.getLatestLogFromDB(AllController.java:2628)
		at sun.reflect.GeneratedMethodAccessor97.invoke(Unknown Source)
		at sun.reflect.DelegatingMethodAccessorImpl.invoke(Unknown Source)
		at java.lang.reflect.Method.invoke(Unknown Source)
		at org.springframework.web.method.support.InvocableHandlerMethod.invoke(InvocableHandlerMethod.java:215)
		at org.springframework.web.method.support.InvocableHandlerMethod.invokeForRequest(InvocableHandlerMethod.java:132)
		at org.springframework.web.servlet.mvc.method.annotation.ServletInvocableHandlerMethod.invokeAndHandle(ServletInvocableHandlerMethod.java:104)
		at org.springframework.web.servlet.mvc.method.annotation.RequestMappingHandlerAdapter.invokeHandleMethod(RequestMappingHandlerAdapter.java:749)
		at org.springframework.web.servlet.mvc.method.annotation.RequestMappingHandlerAdapter.handleInternal(RequestMappingHandlerAdapter.java:690)
		at org.springframework.web.servlet.mvc.method.AbstractHandlerMethodAdapter.handle(AbstractHandlerMethodAdapter.java:83)
		at org.springframework.web.servlet.DispatcherServlet.doDispatch(DispatcherServlet.java:945)
		at org.springframework.web.servlet.DispatcherServlet.doService(DispatcherServlet.java:876)
		at org.springframework.web.servlet.FrameworkServlet.processRequest(FrameworkServlet.java:961)
		at org.springframework.web.servlet.FrameworkServlet.doGet(FrameworkServlet.java:852)
		at javax.servlet.http.HttpServlet.service(HttpServlet.java:529)
		at org.springframework.web.servlet.FrameworkServlet.service(FrameworkServlet.java:837)
		at javax.servlet.http.HttpServlet.service(HttpServlet.java:623)
		at org.apache.catalina.core.ApplicationFilterChain.internalDoFilter(ApplicationFilterChain.java:197)
		at org.apache.catalina.core.ApplicationFilterChain.doFilter(ApplicationFilterChain.java:142)
		at org.apache.tomcat.websocket.server.WsFilter.doFilter(WsFilter.java:51)
		at org.apache.catalina.core.ApplicationFilterChain.internalDoFilter(ApplicationFilterChain.java:166)
		at org.apache.catalina.core.ApplicationFilterChain.doFilter(ApplicationFilterChain.java:142)
		at com.timmy.util.AuthFilter.doFilter(AuthFilter.java:44)
		at org.apache.catalina.core.ApplicationFilterChain.internalDoFilter(ApplicationFilterChain.java:166)
		at org.apache.catalina.core.ApplicationFilterChain.doFilter(ApplicationFilterChain.java:142)
		at org.springframework.web.filter.CharacterEncodingFilter.doFilterInternal(CharacterEncodingFilter.java:88)
		at org.springframework.web.filter.OncePerRequestFilter.doFilter(OncePerRequestFilter.java:108)
		at org.apache.catalina.core.ApplicationFilterChain.internalDoFilter(ApplicationFilterChain.java:166)
		at org.apache.catalina.core.ApplicationFilterChain.doFilter(ApplicationFilterChain.java:142)
		at org.apache.catalina.core.StandardWrapperValve.invoke(StandardWrapperValve.java:166)
		at org.apache.catalina.core.StandardContextValve.invoke(StandardContextValve.java:88)
		at org.apache.catalina.authenticator.AuthenticatorBase.invoke(AuthenticatorBase.java:491)
		at org.apache.catalina.core.StandardHostValve.invoke(StandardHostValve.java:127)
		at org.apache.catalina.valves.ErrorReportValve.invoke(ErrorReportValve.java:83)
		at org.apache.catalina.valves.AbstractAccessLogValve.invoke(AbstractAccessLogValve.java:643)
		at org.apache.catalina.core.StandardEngineValve.invoke(StandardEngineValve.java:72)
		at org.apache.catalina.connector.CoyoteAdapter.service(CoyoteAdapter.java:344)
		at org.apache.coyote.http11.Http11Processor.service(Http11Processor.java:398)
		at org.apache.coyote.AbstractProcessorLight.process(AbstractProcessorLight.java:63)
		at org.apache.coyote.AbstractProtocol$ConnectionHandler.process(AbstractProtocol.java:939)
		at org.apache.tomcat.util.net.NioEndpoint$SocketProcessor.doRun(NioEndpoint.java:1832)
		at org.apache.tomcat.util.net.SocketProcessorBase.run(SocketProcessorBase.java:52)
		at org.apache.tomcat.util.threads.ThreadPoolExecutor.runWorker(ThreadPoolExecutor.java:973)
		at org.apache.tomcat.util.threads.ThreadPoolExecutor$Worker.run(ThreadPoolExecutor.java:491)
		at org.apache.tomcat.util.threads.TaskThread$WrappingRunnable.run(TaskThread.java:63)
		at java.lang.Thread.run(Unknown Source)
04-Apr-2026 19:44:38.903 SEVERE [http-nio-8080-exec-4] org.apache.catalina.core.StandardWrapperValve.invoke Servlet.service() for servlet [dispatcher] in context with path [/demo] threw exception [Handler processing failed; nested exception is java.lang.NoSuchMethodError: com.timmy.controller.AllController$ProfileImagePayload.<init>(Lcom/timmy/controller/AllController$1;)V] with root cause
	java.lang.NoSuchMethodError: com.timmy.controller.AllController$ProfileImagePayload.<init>(Lcom/timmy/controller/AllController$1;)V
		at com.timmy.controller.AllController.loadProfileImagePayloadByEnrollId(AllController.java:2947)
		at com.timmy.controller.AllController.applyProfileImageFallback(AllController.java:2867)
		at com.timmy.controller.AllController.getLatestLogFromDB(AllController.java:2628)
		at sun.reflect.GeneratedMethodAccessor97.invoke(Unknown Source)
		at sun.reflect.DelegatingMethodAccessorImpl.invoke(Unknown Source)
		at java.lang.reflect.Method.invoke(Unknown Source)
		at org.springframework.web.method.support.InvocableHandlerMethod.invoke(InvocableHandlerMethod.java:215)
		at org.springframework.web.method.support.InvocableHandlerMethod.invokeForRequest(InvocableHandlerMethod.java:132)
		at org.springframework.web.servlet.mvc.method.annotation.ServletInvocableHandlerMethod.invokeAndHandle(ServletInvocableHandlerMethod.java:104)
		at org.springframework.web.servlet.mvc.method.annotation.RequestMappingHandlerAdapter.invokeHandleMethod(RequestMappingHandlerAdapter.java:749)
		at org.springframework.web.servlet.mvc.method.annotation.RequestMappingHandlerAdapter.handleInternal(RequestMappingHandlerAdapter.java:690)
		at org.springframework.web.servlet.mvc.method.AbstractHandlerMethodAdapter.handle(AbstractHandlerMethodAdapter.java:83)
		at org.springframework.web.servlet.DispatcherServlet.doDispatch(DispatcherServlet.java:945)
		at org.springframework.web.servlet.DispatcherServlet.doService(DispatcherServlet.java:876)
		at org.springframework.web.servlet.FrameworkServlet.processRequest(FrameworkServlet.java:961)
		at org.springframework.web.servlet.FrameworkServlet.doGet(FrameworkServlet.java:852)
		at javax.servlet.http.HttpServlet.service(HttpServlet.java:529)
		at org.springframework.web.servlet.FrameworkServlet.service(FrameworkServlet.java:837)
		at javax.servlet.http.HttpServlet.service(HttpServlet.java:623)
		at org.apache.catalina.core.ApplicationFilterChain.internalDoFilter(ApplicationFilterChain.java:197)
		at org.apache.catalina.core.ApplicationFilterChain.doFilter(ApplicationFilterChain.java:142)
		at org.apache.tomcat.websocket.server.WsFilter.doFilter(WsFilter.java:51)
		at org.apache.catalina.core.ApplicationFilterChain.internalDoFilter(ApplicationFilterChain.java:166)
		at org.apache.catalina.core.ApplicationFilterChain.doFilter(ApplicationFilterChain.java:142)
		at com.timmy.util.AuthFilter.doFilter(AuthFilter.java:44)
		at org.apache.catalina.core.ApplicationFilterChain.internalDoFilter(ApplicationFilterChain.java:166)
		at org.apache.catalina.core.ApplicationFilterChain.doFilter(ApplicationFilterChain.java:142)
		at org.springframework.web.filter.CharacterEncodingFilter.doFilterInternal(CharacterEncodingFilter.java:88)
		at org.springframework.web.filter.OncePerRequestFilter.doFilter(OncePerRequestFilter.java:108)
		at org.apache.catalina.core.ApplicationFilterChain.internalDoFilter(ApplicationFilterChain.java:166)
		at org.apache.catalina.core.ApplicationFilterChain.doFilter(ApplicationFilterChain.java:142)
		at org.apache.catalina.core.StandardWrapperValve.invoke(StandardWrapperValve.java:166)
		at org.apache.catalina.core.StandardContextValve.invoke(StandardContextValve.java:88)
		at org.apache.catalina.authenticator.AuthenticatorBase.invoke(AuthenticatorBase.java:491)
		at org.apache.catalina.core.StandardHostValve.invoke(StandardHostValve.java:127)
		at org.apache.catalina.valves.ErrorReportValve.invoke(ErrorReportValve.java:83)
		at org.apache.catalina.valves.AbstractAccessLogValve.invoke(AbstractAccessLogValve.java:643)
		at org.apache.catalina.core.StandardEngineValve.invoke(StandardEngineValve.java:72)
		at org.apache.catalina.connector.CoyoteAdapter.service(CoyoteAdapter.java:344)
		at org.apache.coyote.http11.Http11Processor.service(Http11Processor.java:398)
		at org.apache.coyote.AbstractProcessorLight.process(AbstractProcessorLight.java:63)
		at org.apache.coyote.AbstractProtocol$ConnectionHandler.process(AbstractProtocol.java:939)
		at org.apache.tomcat.util.net.NioEndpoint$SocketProcessor.doRun(NioEndpoint.java:1832)
		at org.apache.tomcat.util.net.SocketProcessorBase.run(SocketProcessorBase.java:52)
		at org.apache.tomcat.util.threads.ThreadPoolExecutor.runWorker(ThreadPoolExecutor.java:973)
		at org.apache.tomcat.util.threads.ThreadPoolExecutor$Worker.run(ThreadPoolExecutor.java:491)
		at org.apache.tomcat.util.threads.TaskThread$WrappingRunnable.run(TaskThread.java:63)
		at java.lang.Thread.run(Unknown Source)
04-Apr-2026 19:44:50.763 INFO [Thread-13] org.apache.catalina.core.ApplicationContext.log SessionListener: contextDestroyed()
04-Apr-2026 19:44:50.763 INFO [Thread-13] org.apache.catalina.core.ApplicationContext.log ContextListener: contextDestroyed()
04-Apr-2026 19:44:50.771 INFO [Thread-13] org.apache.catalina.core.ApplicationContext.log Destroying Spring FrameworkServlet 'dispatcher'
04-Apr-2026 19:44:51.039 INFO [Thread-13] org.apache.catalina.core.ApplicationContext.log Closing Spring root WebApplicationContext
04-Apr-2026 19:46:18.884 INFO [main] org.apache.catalina.core.ApplicationContext.log No Spring WebApplicationInitializer types detected on classpath
04-Apr-2026 19:46:19.008 INFO [main] org.apache.catalina.core.ApplicationContext.log Initializing Spring root WebApplicationContext
04-Apr-2026 19:46:22.597 INFO [main] org.apache.catalina.core.ApplicationContext.log Initializing Spring FrameworkServlet 'dispatcher'
04-Apr-2026 19:52:01.870 INFO [main] org.apache.catalina.core.ApplicationContext.log No Spring WebApplicationInitializer types detected on classpath
04-Apr-2026 19:52:01.998 INFO [main] org.apache.catalina.core.ApplicationContext.log Initializing Spring root WebApplicationContext
04-Apr-2026 19:52:05.762 INFO [main] org.apache.catalina.core.ApplicationContext.log Initializing Spring FrameworkServlet 'dispatcher'
04-Apr-2026 19:52:07.763 INFO [main] org.apache.catalina.core.ApplicationContext.log ContextListener: contextInitialized()
04-Apr-2026 19:52:07.764 INFO [main] org.apache.catalina.core.ApplicationContext.log SessionListener: contextInitialized()
04-Apr-2026 19:52:07.767 INFO [main] org.apache.catalina.core.ApplicationContext.log ContextListener: attributeAdded('StockTicker', 'async.Stockticker@5d72da0b')
04-Apr-2026 19:52:17.980 SEVERE [http-nio-8080-exec-3] org.apache.catalina.core.StandardWrapperValve.invoke Servlet.service() for servlet [dispatcher] in context with path [/demo] threw exception [Handler processing failed; nested exception is java.lang.NoSuchMethodError: com.timmy.controller.AllController$ProfileImagePayload.<init>(Lcom/timmy/controller/AllController$1;)V] with root cause
	java.lang.NoSuchMethodError: com.timmy.controller.AllController$ProfileImagePayload.<init>(Lcom/timmy/controller/AllController$1;)V
		at com.timmy.controller.AllController.loadProfileImagePayloadByEnrollId(AllController.java:2947)
		at com.timmy.controller.AllController.applyProfileImageFallback(AllController.java:2867)
		at com.timmy.controller.AllController.getLatestLogFromDB(AllController.java:2628)
		at sun.reflect.NativeMethodAccessorImpl.invoke0(Native Method)
		at sun.reflect.NativeMethodAccessorImpl.invoke(Unknown Source)
		at sun.reflect.DelegatingMethodAccessorImpl.invoke(Unknown Source)
		at java.lang.reflect.Method.invoke(Unknown Source)
		at org.springframework.web.method.support.InvocableHandlerMethod.invoke(InvocableHandlerMethod.java:215)
		at org.springframework.web.method.support.InvocableHandlerMethod.invokeForRequest(InvocableHandlerMethod.java:132)
		at org.springframework.web.servlet.mvc.method.annotation.ServletInvocableHandlerMethod.invokeAndHandle(ServletInvocableHandlerMethod.java:104)
		at org.springframework.web.servlet.mvc.method.annotation.RequestMappingHandlerAdapter.invokeHandleMethod(RequestMappingHandlerAdapter.java:749)
		at org.springframework.web.servlet.mvc.method.annotation.RequestMappingHandlerAdapter.handleInternal(RequestMappingHandlerAdapter.java:690)
		at org.springframework.web.servlet.mvc.method.AbstractHandlerMethodAdapter.handle(AbstractHandlerMethodAdapter.java:83)
		at org.springframework.web.servlet.DispatcherServlet.doDispatch(DispatcherServlet.java:945)
		at org.springframework.web.servlet.DispatcherServlet.doService(DispatcherServlet.java:876)
		at org.springframework.web.servlet.FrameworkServlet.processRequest(FrameworkServlet.java:961)
		at org.springframework.web.servlet.FrameworkServlet.doGet(FrameworkServlet.java:852)
		at javax.servlet.http.HttpServlet.service(HttpServlet.java:529)
		at org.springframework.web.servlet.FrameworkServlet.service(FrameworkServlet.java:837)
		at javax.servlet.http.HttpServlet.service(HttpServlet.java:623)
		at org.apache.catalina.core.ApplicationFilterChain.internalDoFilter(ApplicationFilterChain.java:197)
		at org.apache.catalina.core.ApplicationFilterChain.doFilter(ApplicationFilterChain.java:142)
		at org.apache.tomcat.websocket.server.WsFilter.doFilter(WsFilter.java:51)
		at org.apache.catalina.core.ApplicationFilterChain.internalDoFilter(ApplicationFilterChain.java:166)
		at org.apache.catalina.core.ApplicationFilterChain.doFilter(ApplicationFilterChain.java:142)
		at com.timmy.util.AuthFilter.doFilter(AuthFilter.java:44)
		at org.apache.catalina.core.ApplicationFilterChain.internalDoFilter(ApplicationFilterChain.java:166)
		at org.apache.catalina.core.ApplicationFilterChain.doFilter(ApplicationFilterChain.java:142)
		at org.springframework.web.filter.CharacterEncodingFilter.doFilterInternal(CharacterEncodingFilter.java:88)
		at org.springframework.web.filter.OncePerRequestFilter.doFilter(OncePerRequestFilter.java:108)
		at org.apache.catalina.core.ApplicationFilterChain.internalDoFilter(ApplicationFilterChain.java:166)
		at org.apache.catalina.core.ApplicationFilterChain.doFilter(ApplicationFilterChain.java:142)
		at org.apache.catalina.core.StandardWrapperValve.invoke(StandardWrapperValve.java:166)
		at org.apache.catalina.core.StandardContextValve.invoke(StandardContextValve.java:88)
		at org.apache.catalina.authenticator.AuthenticatorBase.invoke(AuthenticatorBase.java:491)
		at org.apache.catalina.core.StandardHostValve.invoke(StandardHostValve.java:127)
		at org.apache.catalina.valves.ErrorReportValve.invoke(ErrorReportValve.java:83)
		at org.apache.catalina.valves.AbstractAccessLogValve.invoke(AbstractAccessLogValve.java:643)
		at org.apache.catalina.core.StandardEngineValve.invoke(StandardEngineValve.java:72)
		at org.apache.catalina.connector.CoyoteAdapter.service(CoyoteAdapter.java:344)
		at org.apache.coyote.http11.Http11Processor.service(Http11Processor.java:398)
		at org.apache.coyote.AbstractProcessorLight.process(AbstractProcessorLight.java:63)
		at org.apache.coyote.AbstractProtocol$ConnectionHandler.process(AbstractProtocol.java:939)
		at org.apache.tomcat.util.net.NioEndpoint$SocketProcessor.doRun(NioEndpoint.java:1832)
		at org.apache.tomcat.util.net.SocketProcessorBase.run(SocketProcessorBase.java:52)
		at org.apache.tomcat.util.threads.ThreadPoolExecutor.runWorker(ThreadPoolExecutor.java:973)
		at org.apache.tomcat.util.threads.ThreadPoolExecutor$Worker.run(ThreadPoolExecutor.java:491)
		at org.apache.tomcat.util.threads.TaskThread$WrappingRunnable.run(TaskThread.java:63)
		at java.lang.Thread.run(Unknown Source)
04-Apr-2026 19:52:22.995 SEVERE [http-nio-8080-exec-4] org.apache.catalina.core.StandardWrapperValve.invoke Servlet.service() for servlet [dispatcher] in context with path [/demo] threw exception [Handler processing failed; nested exception is java.lang.NoSuchMethodError: com.timmy.controller.AllController$ProfileImagePayload.<init>(Lcom/timmy/controller/AllController$1;)V] with root cause
	java.lang.NoSuchMethodError: com.timmy.controller.AllController$ProfileImagePayload.<init>(Lcom/timmy/controller/AllController$1;)V
		at com.timmy.controller.AllController.loadProfileImagePayloadByEnrollId(AllController.java:2947)
		at com.timmy.controller.AllController.applyProfileImageFallback(AllController.java:2867)
		at com.timmy.controller.AllController.getLatestLogFromDB(AllController.java:2628)
		at sun.reflect.NativeMethodAccessorImpl.invoke0(Native Method)
		at sun.reflect.NativeMethodAccessorImpl.invoke(Unknown Source)
		at sun.reflect.DelegatingMethodAccessorImpl.invoke(Unknown Source)
		at java.lang.reflect.Method.invoke(Unknown Source)
		at org.springframework.web.method.support.InvocableHandlerMethod.invoke(InvocableHandlerMethod.java:215)
		at org.springframework.web.method.support.InvocableHandlerMethod.invokeForRequest(InvocableHandlerMethod.java:132)
		at org.springframework.web.servlet.mvc.method.annotation.ServletInvocableHandlerMethod.invokeAndHandle(ServletInvocableHandlerMethod.java:104)
		at org.springframework.web.servlet.mvc.method.annotation.RequestMappingHandlerAdapter.invokeHandleMethod(RequestMappingHandlerAdapter.java:749)
		at org.springframework.web.servlet.mvc.method.annotation.RequestMappingHandlerAdapter.handleInternal(RequestMappingHandlerAdapter.java:690)
		at org.springframework.web.servlet.mvc.method.AbstractHandlerMethodAdapter.handle(AbstractHandlerMethodAdapter.java:83)
		at org.springframework.web.servlet.DispatcherServlet.doDispatch(DispatcherServlet.java:945)
		at org.springframework.web.servlet.DispatcherServlet.doService(DispatcherServlet.java:876)
		at org.springframework.web.servlet.FrameworkServlet.processRequest(FrameworkServlet.java:961)
		at org.springframework.web.servlet.FrameworkServlet.doGet(FrameworkServlet.java:852)
		at javax.servlet.http.HttpServlet.service(HttpServlet.java:529)
		at org.springframework.web.servlet.FrameworkServlet.service(FrameworkServlet.java:837)
		at javax.servlet.http.HttpServlet.service(HttpServlet.java:623)
		at org.apache.catalina.core.ApplicationFilterChain.internalDoFilter(ApplicationFilterChain.java:197)
		at org.apache.catalina.core.ApplicationFilterChain.doFilter(ApplicationFilterChain.java:142)
		at org.apache.tomcat.websocket.server.WsFilter.doFilter(WsFilter.java:51)
		at org.apache.catalina.core.ApplicationFilterChain.internalDoFilter(ApplicationFilterChain.java:166)
		at org.apache.catalina.core.ApplicationFilterChain.doFilter(ApplicationFilterChain.java:142)
		at com.timmy.util.AuthFilter.doFilter(AuthFilter.java:44)
		at org.apache.catalina.core.ApplicationFilterChain.internalDoFilter(ApplicationFilterChain.java:166)
		at org.apache.catalina.core.ApplicationFilterChain.doFilter(ApplicationFilterChain.java:142)
		at org.springframework.web.filter.CharacterEncodingFilter.doFilterInternal(CharacterEncodingFilter.java:88)
		at org.springframework.web.filter.OncePerRequestFilter.doFilter(OncePerRequestFilter.java:108)
		at org.apache.catalina.core.ApplicationFilterChain.internalDoFilter(ApplicationFilterChain.java:166)
		at org.apache.catalina.core.ApplicationFilterChain.doFilter(ApplicationFilterChain.java:142)
		at org.apache.catalina.core.StandardWrapperValve.invoke(StandardWrapperValve.java:166)
		at org.apache.catalina.core.StandardContextValve.invoke(StandardContextValve.java:88)
		at org.apache.catalina.authenticator.AuthenticatorBase.invoke(AuthenticatorBase.java:491)
		at org.apache.catalina.core.StandardHostValve.invoke(StandardHostValve.java:127)
		at org.apache.catalina.valves.ErrorReportValve.invoke(ErrorReportValve.java:83)
		at org.apache.catalina.valves.AbstractAccessLogValve.invoke(AbstractAccessLogValve.java:643)
		at org.apache.catalina.core.StandardEngineValve.invoke(StandardEngineValve.java:72)
		at org.apache.catalina.connector.CoyoteAdapter.service(CoyoteAdapter.java:344)
		at org.apache.coyote.http11.Http11Processor.service(Http11Processor.java:398)
		at org.apache.coyote.AbstractProcessorLight.process(AbstractProcessorLight.java:63)
		at org.apache.coyote.AbstractProtocol$ConnectionHandler.process(AbstractProtocol.java:939)
		at org.apache.tomcat.util.net.NioEndpoint$SocketProcessor.doRun(NioEndpoint.java:1832)
		at org.apache.tomcat.util.net.SocketProcessorBase.run(SocketProcessorBase.java:52)
		at org.apache.tomcat.util.threads.ThreadPoolExecutor.runWorker(ThreadPoolExecutor.java:973)
		at org.apache.tomcat.util.threads.ThreadPoolExecutor$Worker.run(ThreadPoolExecutor.java:491)
		at org.apache.tomcat.util.threads.TaskThread$WrappingRunnable.run(TaskThread.java:63)
		at java.lang.Thread.run(Unknown Source)
04-Apr-2026 19:52:23.021 SEVERE [http-nio-8080-exec-6] org.apache.catalina.core.StandardWrapperValve.invoke Servlet.service() for servlet [dispatcher] in context with path [/demo] threw exception [Handler processing failed; nested exception is java.lang.NoSuchMethodError: com.timmy.controller.AllController$ProfileImagePayload.<init>(Lcom/timmy/controller/AllController$1;)V] with root cause
	java.lang.NoSuchMethodError: com.timmy.controller.AllController$ProfileImagePayload.<init>(Lcom/timmy/controller/AllController$1;)V
		at com.timmy.controller.AllController.loadProfileImagePayloadByEnrollId(AllController.java:2947)
		at com.timmy.controller.AllController.applyProfileImageFallback(AllController.java:2867)
		at com.timmy.controller.AllController.getLatestLogFromDB(AllController.java:2628)
		at sun.reflect.NativeMethodAccessorImpl.invoke0(Native Method)
		at sun.reflect.NativeMethodAccessorImpl.invoke(Unknown Source)
		at sun.reflect.DelegatingMethodAccessorImpl.invoke(Unknown Source)
		at java.lang.reflect.Method.invoke(Unknown Source)
		at org.springframework.web.method.support.InvocableHandlerMethod.invoke(InvocableHandlerMethod.java:215)
		at org.springframework.web.method.support.InvocableHandlerMethod.invokeForRequest(InvocableHandlerMethod.java:132)
		at org.springframework.web.servlet.mvc.method.annotation.ServletInvocableHandlerMethod.invokeAndHandle(ServletInvocableHandlerMethod.java:104)
		at org.springframework.web.servlet.mvc.method.annotation.RequestMappingHandlerAdapter.invokeHandleMethod(RequestMappingHandlerAdapter.java:749)
		at org.springframework.web.servlet.mvc.method.annotation.RequestMappingHandlerAdapter.handleInternal(RequestMappingHandlerAdapter.java:690)
		at org.springframework.web.servlet.mvc.method.AbstractHandlerMethodAdapter.handle(AbstractHandlerMethodAdapter.java:83)
		at org.springframework.web.servlet.DispatcherServlet.doDispatch(DispatcherServlet.java:945)
		at org.springframework.web.servlet.DispatcherServlet.doService(DispatcherServlet.java:876)
		at org.springframework.web.servlet.FrameworkServlet.processRequest(FrameworkServlet.java:961)
		at org.springframework.web.servlet.FrameworkServlet.doGet(FrameworkServlet.java:852)
		at javax.servlet.http.HttpServlet.service(HttpServlet.java:529)
		at org.springframework.web.servlet.FrameworkServlet.service(FrameworkServlet.java:837)
		at javax.servlet.http.HttpServlet.service(HttpServlet.java:623)
		at org.apache.catalina.core.ApplicationFilterChain.internalDoFilter(ApplicationFilterChain.java:197)
		at org.apache.catalina.core.ApplicationFilterChain.doFilter(ApplicationFilterChain.java:142)
		at org.apache.tomcat.websocket.server.WsFilter.doFilter(WsFilter.java:51)
		at org.apache.catalina.core.ApplicationFilterChain.internalDoFilter(ApplicationFilterChain.java:166)
		at org.apache.catalina.core.ApplicationFilterChain.doFilter(ApplicationFilterChain.java:142)
		at com.timmy.util.AuthFilter.doFilter(AuthFilter.java:44)
		at org.apache.catalina.core.ApplicationFilterChain.internalDoFilter(ApplicationFilterChain.java:166)
		at org.apache.catalina.core.ApplicationFilterChain.doFilter(ApplicationFilterChain.java:142)
		at org.springframework.web.filter.CharacterEncodingFilter.doFilterInternal(CharacterEncodingFilter.java:88)
		at org.springframework.web.filter.OncePerRequestFilter.doFilter(OncePerRequestFilter.java:108)
		at org.apache.catalina.core.ApplicationFilterChain.internalDoFilter(ApplicationFilterChain.java:166)
		at org.apache.catalina.core.ApplicationFilterChain.doFilter(ApplicationFilterChain.java:142)
		at org.apache.catalina.core.StandardWrapperValve.invoke(StandardWrapperValve.java:166)
		at org.apache.catalina.core.StandardContextValve.invoke(StandardContextValve.java:88)
		at org.apache.catalina.authenticator.AuthenticatorBase.invoke(AuthenticatorBase.java:491)
		at org.apache.catalina.core.StandardHostValve.invoke(StandardHostValve.java:127)
		at org.apache.catalina.valves.ErrorReportValve.invoke(ErrorReportValve.java:83)
		at org.apache.catalina.valves.AbstractAccessLogValve.invoke(AbstractAccessLogValve.java:643)
		at org.apache.catalina.core.StandardEngineValve.invoke(StandardEngineValve.java:72)
		at org.apache.catalina.connector.CoyoteAdapter.service(CoyoteAdapter.java:344)
		at org.apache.coyote.http11.Http11Processor.service(Http11Processor.java:398)
		at org.apache.coyote.AbstractProcessorLight.process(AbstractProcessorLight.java:63)
		at org.apache.coyote.AbstractProtocol$ConnectionHandler.process(AbstractProtocol.java:939)
		at org.apache.tomcat.util.net.NioEndpoint$SocketProcessor.doRun(NioEndpoint.java:1832)
		at org.apache.tomcat.util.net.SocketProcessorBase.run(SocketProcessorBase.java:52)
		at org.apache.tomcat.util.threads.ThreadPoolExecutor.runWorker(ThreadPoolExecutor.java:973)
		at org.apache.tomcat.util.threads.ThreadPoolExecutor$Worker.run(ThreadPoolExecutor.java:491)
		at org.apache.tomcat.util.threads.TaskThread$WrappingRunnable.run(TaskThread.java:63)
		at java.lang.Thread.run(Unknown Source)
04-Apr-2026 19:52:27.813 SEVERE [http-nio-8080-exec-5] org.apache.catalina.core.StandardWrapperValve.invoke Servlet.service() for servlet [dispatcher] in context with path [/demo] threw exception [Handler processing failed; nested exception is java.lang.NoSuchMethodError: com.timmy.controller.AllController$ProfileImagePayload.<init>(Lcom/timmy/controller/AllController$1;)V] with root cause
	java.lang.NoSuchMethodError: com.timmy.controller.AllController$ProfileImagePayload.<init>(Lcom/timmy/controller/AllController$1;)V
		at com.timmy.controller.AllController.loadProfileImagePayloadByEnrollId(AllController.java:2947)
		at com.timmy.controller.AllController.applyProfileImageFallback(AllController.java:2867)
		at com.timmy.controller.AllController.getLatestLogFromDB(AllController.java:2628)
		at sun.reflect.NativeMethodAccessorImpl.invoke0(Native Method)
		at sun.reflect.NativeMethodAccessorImpl.invoke(Unknown Source)
		at sun.reflect.DelegatingMethodAccessorImpl.invoke(Unknown Source)
		at java.lang.reflect.Method.invoke(Unknown Source)
		at org.springframework.web.method.support.InvocableHandlerMethod.invoke(InvocableHandlerMethod.java:215)
		at org.springframework.web.method.support.InvocableHandlerMethod.invokeForRequest(InvocableHandlerMethod.java:132)
		at org.springframework.web.servlet.mvc.method.annotation.ServletInvocableHandlerMethod.invokeAndHandle(ServletInvocableHandlerMethod.java:104)
		at org.springframework.web.servlet.mvc.method.annotation.RequestMappingHandlerAdapter.invokeHandleMethod(RequestMappingHandlerAdapter.java:749)
		at org.springframework.web.servlet.mvc.method.annotation.RequestMappingHandlerAdapter.handleInternal(RequestMappingHandlerAdapter.java:690)
		at org.springframework.web.servlet.mvc.method.AbstractHandlerMethodAdapter.handle(AbstractHandlerMethodAdapter.java:83)
		at org.springframework.web.servlet.DispatcherServlet.doDispatch(DispatcherServlet.java:945)
		at org.springframework.web.servlet.DispatcherServlet.doService(DispatcherServlet.java:876)
		at org.springframework.web.servlet.FrameworkServlet.processRequest(FrameworkServlet.java:961)
		at org.springframework.web.servlet.FrameworkServlet.doGet(FrameworkServlet.java:852)
		at javax.servlet.http.HttpServlet.service(HttpServlet.java:529)
		at org.springframework.web.servlet.FrameworkServlet.service(FrameworkServlet.java:837)
		at javax.servlet.http.HttpServlet.service(HttpServlet.java:623)
		at org.apache.catalina.core.ApplicationFilterChain.internalDoFilter(ApplicationFilterChain.java:197)
		at org.apache.catalina.core.ApplicationFilterChain.doFilter(ApplicationFilterChain.java:142)
		at org.apache.tomcat.websocket.server.WsFilter.doFilter(WsFilter.java:51)
		at org.apache.catalina.core.ApplicationFilterChain.internalDoFilter(ApplicationFilterChain.java:166)
		at org.apache.catalina.core.ApplicationFilterChain.doFilter(ApplicationFilterChain.java:142)
		at com.timmy.util.AuthFilter.doFilter(AuthFilter.java:44)
		at org.apache.catalina.core.ApplicationFilterChain.internalDoFilter(ApplicationFilterChain.java:166)
		at org.apache.catalina.core.ApplicationFilterChain.doFilter(ApplicationFilterChain.java:142)
		at org.springframework.web.filter.CharacterEncodingFilter.doFilterInternal(CharacterEncodingFilter.java:88)
		at org.springframework.web.filter.OncePerRequestFilter.doFilter(OncePerRequestFilter.java:108)
		at org.apache.catalina.core.ApplicationFilterChain.internalDoFilter(ApplicationFilterChain.java:166)
		at org.apache.catalina.core.ApplicationFilterChain.doFilter(ApplicationFilterChain.java:142)
		at org.apache.catalina.core.StandardWrapperValve.invoke(StandardWrapperValve.java:166)
		at org.apache.catalina.core.StandardContextValve.invoke(StandardContextValve.java:88)
		at org.apache.catalina.authenticator.AuthenticatorBase.invoke(AuthenticatorBase.java:491)
		at org.apache.catalina.core.StandardHostValve.invoke(StandardHostValve.java:127)
		at org.apache.catalina.valves.ErrorReportValve.invoke(ErrorReportValve.java:83)
		at org.apache.catalina.valves.AbstractAccessLogValve.invoke(AbstractAccessLogValve.java:643)
		at org.apache.catalina.core.StandardEngineValve.invoke(StandardEngineValve.java:72)
		at org.apache.catalina.connector.CoyoteAdapter.service(CoyoteAdapter.java:344)
		at org.apache.coyote.http11.Http11Processor.service(Http11Processor.java:398)
		at org.apache.coyote.AbstractProcessorLight.process(AbstractProcessorLight.java:63)
		at org.apache.coyote.AbstractProtocol$ConnectionHandler.process(AbstractProtocol.java:939)
		at org.apache.tomcat.util.net.NioEndpoint$SocketProcessor.doRun(NioEndpoint.java:1832)
		at org.apache.tomcat.util.net.SocketProcessorBase.run(SocketProcessorBase.java:52)
		at org.apache.tomcat.util.threads.ThreadPoolExecutor.runWorker(ThreadPoolExecutor.java:973)
		at org.apache.tomcat.util.threads.ThreadPoolExecutor$Worker.run(ThreadPoolExecutor.java:491)
		at org.apache.tomcat.util.threads.TaskThread$WrappingRunnable.run(TaskThread.java:63)
		at java.lang.Thread.run(Unknown Source)
04-Apr-2026 19:52:32.796 SEVERE [http-nio-8080-exec-7] org.apache.catalina.core.StandardWrapperValve.invoke Servlet.service() for servlet [dispatcher] in context with path [/demo] threw exception [Handler processing failed; nested exception is java.lang.NoSuchMethodError: com.timmy.controller.AllController$ProfileImagePayload.<init>(Lcom/timmy/controller/AllController$1;)V] with root cause
	java.lang.NoSuchMethodError: com.timmy.controller.AllController$ProfileImagePayload.<init>(Lcom/timmy/controller/AllController$1;)V
		at com.timmy.controller.AllController.loadProfileImagePayloadByEnrollId(AllController.java:2947)
		at com.timmy.controller.AllController.applyProfileImageFallback(AllController.java:2867)
		at com.timmy.controller.AllController.getLatestLogFromDB(AllController.java:2628)
		at sun.reflect.NativeMethodAccessorImpl.invoke0(Native Method)
		at sun.reflect.NativeMethodAccessorImpl.invoke(Unknown Source)
		at sun.reflect.DelegatingMethodAccessorImpl.invoke(Unknown Source)
		at java.lang.reflect.Method.invoke(Unknown Source)
		at org.springframework.web.method.support.InvocableHandlerMethod.invoke(InvocableHandlerMethod.java:215)
		at org.springframework.web.method.support.InvocableHandlerMethod.invokeForRequest(InvocableHandlerMethod.java:132)
		at org.springframework.web.servlet.mvc.method.annotation.ServletInvocableHandlerMethod.invokeAndHandle(ServletInvocableHandlerMethod.java:104)
		at org.springframework.web.servlet.mvc.method.annotation.RequestMappingHandlerAdapter.invokeHandleMethod(RequestMappingHandlerAdapter.java:749)
		at org.springframework.web.servlet.mvc.method.annotation.RequestMappingHandlerAdapter.handleInternal(RequestMappingHandlerAdapter.java:690)
		at org.springframework.web.servlet.mvc.method.AbstractHandlerMethodAdapter.handle(AbstractHandlerMethodAdapter.java:83)
		at org.springframework.web.servlet.DispatcherServlet.doDispatch(DispatcherServlet.java:945)
		at org.springframework.web.servlet.DispatcherServlet.doService(DispatcherServlet.java:876)
		at org.springframework.web.servlet.FrameworkServlet.processRequest(FrameworkServlet.java:961)
		at org.springframework.web.servlet.FrameworkServlet.doGet(FrameworkServlet.java:852)
		at javax.servlet.http.HttpServlet.service(HttpServlet.java:529)
		at org.springframework.web.servlet.FrameworkServlet.service(FrameworkServlet.java:837)
		at javax.servlet.http.HttpServlet.service(HttpServlet.java:623)
		at org.apache.catalina.core.ApplicationFilterChain.internalDoFilter(ApplicationFilterChain.java:197)
		at org.apache.catalina.core.ApplicationFilterChain.doFilter(ApplicationFilterChain.java:142)
		at org.apache.tomcat.websocket.server.WsFilter.doFilter(WsFilter.java:51)
		at org.apache.catalina.core.ApplicationFilterChain.internalDoFilter(ApplicationFilterChain.java:166)
		at org.apache.catalina.core.ApplicationFilterChain.doFilter(ApplicationFilterChain.java:142)
		at com.timmy.util.AuthFilter.doFilter(AuthFilter.java:44)
		at org.apache.catalina.core.ApplicationFilterChain.internalDoFilter(ApplicationFilterChain.java:166)
		at org.apache.catalina.core.ApplicationFilterChain.doFilter(ApplicationFilterChain.java:142)
		at org.springframework.web.filter.CharacterEncodingFilter.doFilterInternal(CharacterEncodingFilter.java:88)
		at org.springframework.web.filter.OncePerRequestFilter.doFilter(OncePerRequestFilter.java:108)
		at org.apache.catalina.core.ApplicationFilterChain.internalDoFilter(ApplicationFilterChain.java:166)
		at org.apache.catalina.core.ApplicationFilterChain.doFilter(ApplicationFilterChain.java:142)
		at org.apache.catalina.core.StandardWrapperValve.invoke(StandardWrapperValve.java:166)
		at org.apache.catalina.core.StandardContextValve.invoke(StandardContextValve.java:88)
		at org.apache.catalina.authenticator.AuthenticatorBase.invoke(AuthenticatorBase.java:491)
		at org.apache.catalina.core.StandardHostValve.invoke(StandardHostValve.java:127)
		at org.apache.catalina.valves.ErrorReportValve.invoke(ErrorReportValve.java:83)
		at org.apache.catalina.valves.AbstractAccessLogValve.invoke(AbstractAccessLogValve.java:643)
		at org.apache.catalina.core.StandardEngineValve.invoke(StandardEngineValve.java:72)
		at org.apache.catalina.connector.CoyoteAdapter.service(CoyoteAdapter.java:344)
		at org.apache.coyote.http11.Http11Processor.service(Http11Processor.java:398)
		at org.apache.coyote.AbstractProcessorLight.process(AbstractProcessorLight.java:63)
		at org.apache.coyote.AbstractProtocol$ConnectionHandler.process(AbstractProtocol.java:939)
		at org.apache.tomcat.util.net.NioEndpoint$SocketProcessor.doRun(NioEndpoint.java:1832)
		at org.apache.tomcat.util.net.SocketProcessorBase.run(SocketProcessorBase.java:52)
		at org.apache.tomcat.util.threads.ThreadPoolExecutor.runWorker(ThreadPoolExecutor.java:973)
		at org.apache.tomcat.util.threads.ThreadPoolExecutor$Worker.run(ThreadPoolExecutor.java:491)
		at org.apache.tomcat.util.threads.TaskThread$WrappingRunnable.run(TaskThread.java:63)
		at java.lang.Thread.run(Unknown Source)
04-Apr-2026 19:52:33.575 SEVERE [http-nio-8080-exec-9] org.apache.catalina.core.StandardWrapperValve.invoke Servlet.service() for servlet [dispatcher] in context with path [/demo] threw exception [Handler processing failed; nested exception is java.lang.NoSuchMethodError: com.timmy.controller.AllController$ProfileImagePayload.<init>(Lcom/timmy/controller/AllController$1;)V] with root cause
	java.lang.NoSuchMethodError: com.timmy.controller.AllController$ProfileImagePayload.<init>(Lcom/timmy/controller/AllController$1;)V
		at com.timmy.controller.AllController.loadProfileImagePayloadByEnrollId(AllController.java:2947)
		at com.timmy.controller.AllController.applyProfileImageFallback(AllController.java:2867)
		at com.timmy.controller.AllController.getLatestLogFromDB(AllController.java:2628)
		at sun.reflect.NativeMethodAccessorImpl.invoke0(Native Method)
		at sun.reflect.NativeMethodAccessorImpl.invoke(Unknown Source)
		at sun.reflect.DelegatingMethodAccessorImpl.invoke(Unknown Source)
		at java.lang.reflect.Method.invoke(Unknown Source)
		at org.springframework.web.method.support.InvocableHandlerMethod.invoke(InvocableHandlerMethod.java:215)
		at org.springframework.web.method.support.InvocableHandlerMethod.invokeForRequest(InvocableHandlerMethod.java:132)
		at org.springframework.web.servlet.mvc.method.annotation.ServletInvocableHandlerMethod.invokeAndHandle(ServletInvocableHandlerMethod.java:104)
		at org.springframework.web.servlet.mvc.method.annotation.RequestMappingHandlerAdapter.invokeHandleMethod(RequestMappingHandlerAdapter.java:749)
		at org.springframework.web.servlet.mvc.method.annotation.RequestMappingHandlerAdapter.handleInternal(RequestMappingHandlerAdapter.java:690)
		at org.springframework.web.servlet.mvc.method.AbstractHandlerMethodAdapter.handle(AbstractHandlerMethodAdapter.java:83)
		at org.springframework.web.servlet.DispatcherServlet.doDispatch(DispatcherServlet.java:945)
		at org.springframework.web.servlet.DispatcherServlet.doService(DispatcherServlet.java:876)
		at org.springframework.web.servlet.FrameworkServlet.processRequest(FrameworkServlet.java:961)
		at org.springframework.web.servlet.FrameworkServlet.doGet(FrameworkServlet.java:852)
		at javax.servlet.http.HttpServlet.service(HttpServlet.java:529)
		at org.springframework.web.servlet.FrameworkServlet.service(FrameworkServlet.java:837)
		at javax.servlet.http.HttpServlet.service(HttpServlet.java:623)
		at org.apache.catalina.core.ApplicationFilterChain.internalDoFilter(ApplicationFilterChain.java:197)
		at org.apache.catalina.core.ApplicationFilterChain.doFilter(ApplicationFilterChain.java:142)
		at org.apache.tomcat.websocket.server.WsFilter.doFilter(WsFilter.java:51)
		at org.apache.catalina.core.ApplicationFilterChain.internalDoFilter(ApplicationFilterChain.java:166)
		at org.apache.catalina.core.ApplicationFilterChain.doFilter(ApplicationFilterChain.java:142)
		at com.timmy.util.AuthFilter.doFilter(AuthFilter.java:44)
		at org.apache.catalina.core.ApplicationFilterChain.internalDoFilter(ApplicationFilterChain.java:166)
		at org.apache.catalina.core.ApplicationFilterChain.doFilter(ApplicationFilterChain.java:142)
		at org.springframework.web.filter.CharacterEncodingFilter.doFilterInternal(CharacterEncodingFilter.java:88)
		at org.springframework.web.filter.OncePerRequestFilter.doFilter(OncePerRequestFilter.java:108)
		at org.apache.catalina.core.ApplicationFilterChain.internalDoFilter(ApplicationFilterChain.java:166)
		at org.apache.catalina.core.ApplicationFilterChain.doFilter(ApplicationFilterChain.java:142)
		at org.apache.catalina.core.StandardWrapperValve.invoke(StandardWrapperValve.java:166)
		at org.apache.catalina.core.StandardContextValve.invoke(StandardContextValve.java:88)
		at org.apache.catalina.authenticator.AuthenticatorBase.invoke(AuthenticatorBase.java:491)
		at org.apache.catalina.core.StandardHostValve.invoke(StandardHostValve.java:127)
		at org.apache.catalina.valves.ErrorReportValve.invoke(ErrorReportValve.java:83)
		at org.apache.catalina.valves.AbstractAccessLogValve.invoke(AbstractAccessLogValve.java:643)
		at org.apache.catalina.core.StandardEngineValve.invoke(StandardEngineValve.java:72)
		at org.apache.catalina.connector.CoyoteAdapter.service(CoyoteAdapter.java:344)
		at org.apache.coyote.http11.Http11Processor.service(Http11Processor.java:398)
		at org.apache.coyote.AbstractProcessorLight.process(AbstractProcessorLight.java:63)
		at org.apache.coyote.AbstractProtocol$ConnectionHandler.process(AbstractProtocol.java:939)
		at org.apache.tomcat.util.net.NioEndpoint$SocketProcessor.doRun(NioEndpoint.java:1832)
		at org.apache.tomcat.util.net.SocketProcessorBase.run(SocketProcessorBase.java:52)
		at org.apache.tomcat.util.threads.ThreadPoolExecutor.runWorker(ThreadPoolExecutor.java:973)
		at org.apache.tomcat.util.threads.ThreadPoolExecutor$Worker.run(ThreadPoolExecutor.java:491)
		at org.apache.tomcat.util.threads.TaskThread$WrappingRunnable.run(TaskThread.java:63)
		at java.lang.Thread.run(Unknown Source)
04-Apr-2026 19:52:37.788 SEVERE [http-nio-8080-exec-10] org.apache.catalina.core.StandardWrapperValve.invoke Servlet.service() for servlet [dispatcher] in context with path [/demo] threw exception [Handler processing failed; nested exception is java.lang.NoSuchMethodError: com.timmy.controller.AllController$ProfileImagePayload.<init>(Lcom/timmy/controller/AllController$1;)V] with root cause
	java.lang.NoSuchMethodError: com.timmy.controller.AllController$ProfileImagePayload.<init>(Lcom/timmy/controller/AllController$1;)V
		at com.timmy.controller.AllController.loadProfileImagePayloadByEnrollId(AllController.java:2947)
		at com.timmy.controller.AllController.applyProfileImageFallback(AllController.java:2867)
		at com.timmy.controller.AllController.getLatestLogFromDB(AllController.java:2628)
		at sun.reflect.NativeMethodAccessorImpl.invoke0(Native Method)
		at sun.reflect.NativeMethodAccessorImpl.invoke(Unknown Source)
		at sun.reflect.DelegatingMethodAccessorImpl.invoke(Unknown Source)
		at java.lang.reflect.Method.invoke(Unknown Source)
		at org.springframework.web.method.support.InvocableHandlerMethod.invoke(InvocableHandlerMethod.java:215)
		at org.springframework.web.method.support.InvocableHandlerMethod.invokeForRequest(InvocableHandlerMethod.java:132)
		at org.springframework.web.servlet.mvc.method.annotation.ServletInvocableHandlerMethod.invokeAndHandle(ServletInvocableHandlerMethod.java:104)
		at org.springframework.web.servlet.mvc.method.annotation.RequestMappingHandlerAdapter.invokeHandleMethod(RequestMappingHandlerAdapter.java:749)
		at org.springframework.web.servlet.mvc.method.annotation.RequestMappingHandlerAdapter.handleInternal(RequestMappingHandlerAdapter.java:690)
		at org.springframework.web.servlet.mvc.method.AbstractHandlerMethodAdapter.handle(AbstractHandlerMethodAdapter.java:83)
		at org.springframework.web.servlet.DispatcherServlet.doDispatch(DispatcherServlet.java:945)
		at org.springframework.web.servlet.DispatcherServlet.doService(DispatcherServlet.java:876)
		at org.springframework.web.servlet.FrameworkServlet.processRequest(FrameworkServlet.java:961)
		at org.springframework.web.servlet.FrameworkServlet.doGet(FrameworkServlet.java:852)
		at javax.servlet.http.HttpServlet.service(HttpServlet.java:529)
		at org.springframework.web.servlet.FrameworkServlet.service(FrameworkServlet.java:837)
		at javax.servlet.http.HttpServlet.service(HttpServlet.java:623)
		at org.apache.catalina.core.ApplicationFilterChain.internalDoFilter(ApplicationFilterChain.java:197)
		at org.apache.catalina.core.ApplicationFilterChain.doFilter(ApplicationFilterChain.java:142)
		at org.apache.tomcat.websocket.server.WsFilter.doFilter(WsFilter.java:51)
		at org.apache.catalina.core.ApplicationFilterChain.internalDoFilter(ApplicationFilterChain.java:166)
		at org.apache.catalina.core.ApplicationFilterChain.doFilter(ApplicationFilterChain.java:142)
		at com.timmy.util.AuthFilter.doFilter(AuthFilter.java:44)
		at org.apache.catalina.core.ApplicationFilterChain.internalDoFilter(ApplicationFilterChain.java:166)
		at org.apache.catalina.core.ApplicationFilterChain.doFilter(ApplicationFilterChain.java:142)
		at org.springframework.web.filter.CharacterEncodingFilter.doFilterInternal(CharacterEncodingFilter.java:88)
		at org.springframework.web.filter.OncePerRequestFilter.doFilter(OncePerRequestFilter.java:108)
		at org.apache.catalina.core.ApplicationFilterChain.internalDoFilter(ApplicationFilterChain.java:166)
		at org.apache.catalina.core.ApplicationFilterChain.doFilter(ApplicationFilterChain.java:142)
		at org.apache.catalina.core.StandardWrapperValve.invoke(StandardWrapperValve.java:166)
		at org.apache.catalina.core.StandardContextValve.invoke(StandardContextValve.java:88)
		at org.apache.catalina.authenticator.AuthenticatorBase.invoke(AuthenticatorBase.java:491)
		at org.apache.catalina.core.StandardHostValve.invoke(StandardHostValve.java:127)
		at org.apache.catalina.valves.ErrorReportValve.invoke(ErrorReportValve.java:83)
		at org.apache.catalina.valves.AbstractAccessLogValve.invoke(AbstractAccessLogValve.java:643)
		at org.apache.catalina.core.StandardEngineValve.invoke(StandardEngineValve.java:72)
		at org.apache.catalina.connector.CoyoteAdapter.service(CoyoteAdapter.java:344)
		at org.apache.coyote.http11.Http11Processor.service(Http11Processor.java:398)
		at org.apache.coyote.AbstractProcessorLight.process(AbstractProcessorLight.java:63)
		at org.apache.coyote.AbstractProtocol$ConnectionHandler.process(AbstractProtocol.java:939)
		at org.apache.tomcat.util.net.NioEndpoint$SocketProcessor.doRun(NioEndpoint.java:1832)
		at org.apache.tomcat.util.net.SocketProcessorBase.run(SocketProcessorBase.java:52)
		at org.apache.tomcat.util.threads.ThreadPoolExecutor.runWorker(ThreadPoolExecutor.java:973)
		at org.apache.tomcat.util.threads.ThreadPoolExecutor$Worker.run(ThreadPoolExecutor.java:491)
		at org.apache.tomcat.util.threads.TaskThread$WrappingRunnable.run(TaskThread.java:63)
		at java.lang.Thread.run(Unknown Source)
04-Apr-2026 19:52:38.431 SEVERE [http-nio-8080-exec-8] org.apache.catalina.core.StandardWrapperValve.invoke Servlet.service() for servlet [dispatcher] in context with path [/demo] threw exception [Handler processing failed; nested exception is java.lang.NoSuchMethodError: com.timmy.controller.AllController$ProfileImagePayload.<init>(Lcom/timmy/controller/AllController$1;)V] with root cause
	java.lang.NoSuchMethodError: com.timmy.controller.AllController$ProfileImagePayload.<init>(Lcom/timmy/controller/AllController$1;)V
		at com.timmy.controller.AllController.loadProfileImagePayloadByEnrollId(AllController.java:2947)
		at com.timmy.controller.AllController.applyProfileImageFallback(AllController.java:2867)
		at com.timmy.controller.AllController.getLatestLogFromDB(AllController.java:2628)
		at sun.reflect.NativeMethodAccessorImpl.invoke0(Native Method)
		at sun.reflect.NativeMethodAccessorImpl.invoke(Unknown Source)
		at sun.reflect.DelegatingMethodAccessorImpl.invoke(Unknown Source)
		at java.lang.reflect.Method.invoke(Unknown Source)
		at org.springframework.web.method.support.InvocableHandlerMethod.invoke(InvocableHandlerMethod.java:215)
		at org.springframework.web.method.support.InvocableHandlerMethod.invokeForRequest(InvocableHandlerMethod.java:132)
		at org.springframework.web.servlet.mvc.method.annotation.ServletInvocableHandlerMethod.invokeAndHandle(ServletInvocableHandlerMethod.java:104)
		at org.springframework.web.servlet.mvc.method.annotation.RequestMappingHandlerAdapter.invokeHandleMethod(RequestMappingHandlerAdapter.java:749)
		at org.springframework.web.servlet.mvc.method.annotation.RequestMappingHandlerAdapter.handleInternal(RequestMappingHandlerAdapter.java:690)
		at org.springframework.web.servlet.mvc.method.AbstractHandlerMethodAdapter.handle(AbstractHandlerMethodAdapter.java:83)
		at org.springframework.web.servlet.DispatcherServlet.doDispatch(DispatcherServlet.java:945)
		at org.springframework.web.servlet.DispatcherServlet.doService(DispatcherServlet.java:876)
		at org.springframework.web.servlet.FrameworkServlet.processRequest(FrameworkServlet.java:961)
		at org.springframework.web.servlet.FrameworkServlet.doGet(FrameworkServlet.java:852)
		at javax.servlet.http.HttpServlet.service(HttpServlet.java:529)
		at org.springframework.web.servlet.FrameworkServlet.service(FrameworkServlet.java:837)
		at javax.servlet.http.HttpServlet.service(HttpServlet.java:623)
		at org.apache.catalina.core.ApplicationFilterChain.internalDoFilter(ApplicationFilterChain.java:197)
		at org.apache.catalina.core.ApplicationFilterChain.doFilter(ApplicationFilterChain.java:142)
		at org.apache.tomcat.websocket.server.WsFilter.doFilter(WsFilter.java:51)
		at org.apache.catalina.core.ApplicationFilterChain.internalDoFilter(ApplicationFilterChain.java:166)
		at org.apache.catalina.core.ApplicationFilterChain.doFilter(ApplicationFilterChain.java:142)
		at com.timmy.util.AuthFilter.doFilter(AuthFilter.java:44)
		at org.apache.catalina.core.ApplicationFilterChain.internalDoFilter(ApplicationFilterChain.java:166)
		at org.apache.catalina.core.ApplicationFilterChain.doFilter(ApplicationFilterChain.java:142)
		at org.springframework.web.filter.CharacterEncodingFilter.doFilterInternal(CharacterEncodingFilter.java:88)
		at org.springframework.web.filter.OncePerRequestFilter.doFilter(OncePerRequestFilter.java:108)
		at org.apache.catalina.core.ApplicationFilterChain.internalDoFilter(ApplicationFilterChain.java:166)
		at org.apache.catalina.core.ApplicationFilterChain.doFilter(ApplicationFilterChain.java:142)
		at org.apache.catalina.core.StandardWrapperValve.invoke(StandardWrapperValve.java:166)
		at org.apache.catalina.core.StandardContextValve.invoke(StandardContextValve.java:88)
		at org.apache.catalina.authenticator.AuthenticatorBase.invoke(AuthenticatorBase.java:491)
		at org.apache.catalina.core.StandardHostValve.invoke(StandardHostValve.java:127)
		at org.apache.catalina.valves.ErrorReportValve.invoke(ErrorReportValve.java:83)
		at org.apache.catalina.valves.AbstractAccessLogValve.invoke(AbstractAccessLogValve.java:643)
		at org.apache.catalina.core.StandardEngineValve.invoke(StandardEngineValve.java:72)
		at org.apache.catalina.connector.CoyoteAdapter.service(CoyoteAdapter.java:344)
		at org.apache.coyote.http11.Http11Processor.service(Http11Processor.java:398)
		at org.apache.coyote.AbstractProcessorLight.process(AbstractProcessorLight.java:63)
		at org.apache.coyote.AbstractProtocol$ConnectionHandler.process(AbstractProtocol.java:939)
		at org.apache.tomcat.util.net.NioEndpoint$SocketProcessor.doRun(NioEndpoint.java:1832)
		at org.apache.tomcat.util.net.SocketProcessorBase.run(SocketProcessorBase.java:52)
		at org.apache.tomcat.util.threads.ThreadPoolExecutor.runWorker(ThreadPoolExecutor.java:973)
		at org.apache.tomcat.util.threads.ThreadPoolExecutor$Worker.run(ThreadPoolExecutor.java:491)
		at org.apache.tomcat.util.threads.TaskThread$WrappingRunnable.run(TaskThread.java:63)
		at java.lang.Thread.run(Unknown Source)
04-Apr-2026 20:22:18.477 INFO [Thread-13] org.apache.catalina.core.ApplicationContext.log SessionListener: contextDestroyed()
04-Apr-2026 20:22:18.477 INFO [Thread-13] org.apache.catalina.core.ApplicationContext.log ContextListener: contextDestroyed()
04-Apr-2026 20:22:18.486 INFO [Thread-13] org.apache.catalina.core.ApplicationContext.log Destroying Spring FrameworkServlet 'dispatcher'
04-Apr-2026 20:22:18.554 INFO [Thread-13] org.apache.catalina.core.ApplicationContext.log Closing Spring root WebApplicationContext
04-Apr-2026 20:33:26.058 INFO [main] org.apache.catalina.core.ApplicationContext.log No Spring WebApplicationInitializer types detected on classpath
04-Apr-2026 20:33:26.187 INFO [main] org.apache.catalina.core.ApplicationContext.log Initializing Spring root WebApplicationContext
04-Apr-2026 20:33:30.054 INFO [main] org.apache.catalina.core.ApplicationContext.log Initializing Spring FrameworkServlet 'dispatcher'
04-Apr-2026 20:33:31.949 INFO [main] org.apache.catalina.core.ApplicationContext.log ContextListener: contextInitialized()
04-Apr-2026 20:33:31.949 INFO [main] org.apache.catalina.core.ApplicationContext.log SessionListener: contextInitialized()
04-Apr-2026 20:33:31.953 INFO [main] org.apache.catalina.core.ApplicationContext.log ContextListener: attributeAdded('StockTicker', 'async.Stockticker@39eea4f6')
04-Apr-2026 20:35:01.948 INFO [Thread-13] org.apache.catalina.core.ApplicationContext.log SessionListener: contextDestroyed()
04-Apr-2026 20:35:01.950 INFO [Thread-13] org.apache.catalina.core.ApplicationContext.log ContextListener: contextDestroyed()
04-Apr-2026 20:35:01.956 INFO [Thread-13] org.apache.catalina.core.ApplicationContext.log Destroying Spring FrameworkServlet 'dispatcher'
04-Apr-2026 20:35:02.725 INFO [Thread-13] org.apache.catalina.core.ApplicationContext.log Closing Spring root WebApplicationContext
04-Apr-2026 20:40:37.261 INFO [main] org.apache.catalina.core.ApplicationContext.log No Spring WebApplicationInitializer types detected on classpath
04-Apr-2026 20:40:37.389 INFO [main] org.apache.catalina.core.ApplicationContext.log Initializing Spring root WebApplicationContext
04-Apr-2026 20:40:41.189 INFO [main] org.apache.catalina.core.ApplicationContext.log Initializing Spring FrameworkServlet 'dispatcher'
04-Apr-2026 20:40:43.018 INFO [main] org.apache.catalina.core.ApplicationContext.log ContextListener: contextInitialized()
04-Apr-2026 20:40:43.018 INFO [main] org.apache.catalina.core.ApplicationContext.log SessionListener: contextInitialized()
04-Apr-2026 20:40:43.022 INFO [main] org.apache.catalina.core.ApplicationContext.log ContextListener: attributeAdded('StockTicker', 'async.Stockticker@39eea4f6')
04-Apr-2026 20:41:04.877 SEVERE [http-nio-8080-exec-3] org.apache.catalina.core.StandardWrapperValve.invoke Servlet.service() for servlet [dispatcher] in context with path [/demo] threw exception [Handler processing failed; nested exception is java.lang.NoSuchMethodError: com.timmy.controller.AllController$ProfileImagePayload.<init>(Lcom/timmy/controller/AllController$1;)V] with root cause
	java.lang.NoSuchMethodError: com.timmy.controller.AllController$ProfileImagePayload.<init>(Lcom/timmy/controller/AllController$1;)V
		at com.timmy.controller.AllController.loadProfileImagePayloadByEnrollId(AllController.java:2947)
		at com.timmy.controller.AllController.applyProfileImageFallback(AllController.java:2867)
		at com.timmy.controller.AllController.getLatestLogFromDB(AllController.java:2628)
		at sun.reflect.NativeMethodAccessorImpl.invoke0(Native Method)
		at sun.reflect.NativeMethodAccessorImpl.invoke(Unknown Source)
		at sun.reflect.DelegatingMethodAccessorImpl.invoke(Unknown Source)
		at java.lang.reflect.Method.invoke(Unknown Source)
		at org.springframework.web.method.support.InvocableHandlerMethod.invoke(InvocableHandlerMethod.java:215)
		at org.springframework.web.method.support.InvocableHandlerMethod.invokeForRequest(InvocableHandlerMethod.java:132)
		at org.springframework.web.servlet.mvc.method.annotation.ServletInvocableHandlerMethod.invokeAndHandle(ServletInvocableHandlerMethod.java:104)
		at org.springframework.web.servlet.mvc.method.annotation.RequestMappingHandlerAdapter.invokeHandleMethod(RequestMappingHandlerAdapter.java:749)
		at org.springframework.web.servlet.mvc.method.annotation.RequestMappingHandlerAdapter.handleInternal(RequestMappingHandlerAdapter.java:690)
		at org.springframework.web.servlet.mvc.method.AbstractHandlerMethodAdapter.handle(AbstractHandlerMethodAdapter.java:83)
		at org.springframework.web.servlet.DispatcherServlet.doDispatch(DispatcherServlet.java:945)
		at org.springframework.web.servlet.DispatcherServlet.doService(DispatcherServlet.java:876)
		at org.springframework.web.servlet.FrameworkServlet.processRequest(FrameworkServlet.java:961)
		at org.springframework.web.servlet.FrameworkServlet.doGet(FrameworkServlet.java:852)
		at javax.servlet.http.HttpServlet.service(HttpServlet.java:529)
		at org.springframework.web.servlet.FrameworkServlet.service(FrameworkServlet.java:837)
		at javax.servlet.http.HttpServlet.service(HttpServlet.java:623)
		at org.apache.catalina.core.ApplicationFilterChain.internalDoFilter(ApplicationFilterChain.java:197)
		at org.apache.catalina.core.ApplicationFilterChain.doFilter(ApplicationFilterChain.java:142)
		at org.apache.tomcat.websocket.server.WsFilter.doFilter(WsFilter.java:51)
		at org.apache.catalina.core.ApplicationFilterChain.internalDoFilter(ApplicationFilterChain.java:166)
		at org.apache.catalina.core.ApplicationFilterChain.doFilter(ApplicationFilterChain.java:142)
		at com.timmy.util.AuthFilter.doFilter(AuthFilter.java:44)
		at org.apache.catalina.core.ApplicationFilterChain.internalDoFilter(ApplicationFilterChain.java:166)
		at org.apache.catalina.core.ApplicationFilterChain.doFilter(ApplicationFilterChain.java:142)
		at org.springframework.web.filter.CharacterEncodingFilter.doFilterInternal(CharacterEncodingFilter.java:88)
		at org.springframework.web.filter.OncePerRequestFilter.doFilter(OncePerRequestFilter.java:108)
		at org.apache.catalina.core.ApplicationFilterChain.internalDoFilter(ApplicationFilterChain.java:166)
		at org.apache.catalina.core.ApplicationFilterChain.doFilter(ApplicationFilterChain.java:142)
		at org.apache.catalina.core.StandardWrapperValve.invoke(StandardWrapperValve.java:166)
		at org.apache.catalina.core.StandardContextValve.invoke(StandardContextValve.java:88)
		at org.apache.catalina.authenticator.AuthenticatorBase.invoke(AuthenticatorBase.java:491)
		at org.apache.catalina.core.StandardHostValve.invoke(StandardHostValve.java:127)
		at org.apache.catalina.valves.ErrorReportValve.invoke(ErrorReportValve.java:83)
		at org.apache.catalina.valves.AbstractAccessLogValve.invoke(AbstractAccessLogValve.java:643)
		at org.apache.catalina.core.StandardEngineValve.invoke(StandardEngineValve.java:72)
		at org.apache.catalina.connector.CoyoteAdapter.service(CoyoteAdapter.java:344)
		at org.apache.coyote.http11.Http11Processor.service(Http11Processor.java:398)
		at org.apache.coyote.AbstractProcessorLight.process(AbstractProcessorLight.java:63)
		at org.apache.coyote.AbstractProtocol$ConnectionHandler.process(AbstractProtocol.java:939)
		at org.apache.tomcat.util.net.NioEndpoint$SocketProcessor.doRun(NioEndpoint.java:1832)
		at org.apache.tomcat.util.net.SocketProcessorBase.run(SocketProcessorBase.java:52)
		at org.apache.tomcat.util.threads.ThreadPoolExecutor.runWorker(ThreadPoolExecutor.java:973)
		at org.apache.tomcat.util.threads.ThreadPoolExecutor$Worker.run(ThreadPoolExecutor.java:491)
		at org.apache.tomcat.util.threads.TaskThread$WrappingRunnable.run(TaskThread.java:63)
		at java.lang.Thread.run(Unknown Source)
04-Apr-2026 20:41:08.763 SEVERE [http-nio-8080-exec-6] org.apache.catalina.core.StandardWrapperValve.invoke Servlet.service() for servlet [dispatcher] in context with path [/demo] threw exception [Handler processing failed; nested exception is java.lang.NoSuchMethodError: com.timmy.controller.AllController$ProfileImagePayload.<init>(Lcom/timmy/controller/AllController$1;)V] with root cause
	java.lang.NoSuchMethodError: com.timmy.controller.AllController$ProfileImagePayload.<init>(Lcom/timmy/controller/AllController$1;)V
		at com.timmy.controller.AllController.loadProfileImagePayloadByEnrollId(AllController.java:2947)
		at com.timmy.controller.AllController.applyProfileImageFallback(AllController.java:2867)
		at com.timmy.controller.AllController.getLatestLogFromDB(AllController.java:2628)
		at sun.reflect.NativeMethodAccessorImpl.invoke0(Native Method)
		at sun.reflect.NativeMethodAccessorImpl.invoke(Unknown Source)
		at sun.reflect.DelegatingMethodAccessorImpl.invoke(Unknown Source)
		at java.lang.reflect.Method.invoke(Unknown Source)
		at org.springframework.web.method.support.InvocableHandlerMethod.invoke(InvocableHandlerMethod.java:215)
		at org.springframework.web.method.support.InvocableHandlerMethod.invokeForRequest(InvocableHandlerMethod.java:132)
		at org.springframework.web.servlet.mvc.method.annotation.ServletInvocableHandlerMethod.invokeAndHandle(ServletInvocableHandlerMethod.java:104)
		at org.springframework.web.servlet.mvc.method.annotation.RequestMappingHandlerAdapter.invokeHandleMethod(RequestMappingHandlerAdapter.java:749)
		at org.springframework.web.servlet.mvc.method.annotation.RequestMappingHandlerAdapter.handleInternal(RequestMappingHandlerAdapter.java:690)
		at org.springframework.web.servlet.mvc.method.AbstractHandlerMethodAdapter.handle(AbstractHandlerMethodAdapter.java:83)
		at org.springframework.web.servlet.DispatcherServlet.doDispatch(DispatcherServlet.java:945)
		at org.springframework.web.servlet.DispatcherServlet.doService(DispatcherServlet.java:876)
		at org.springframework.web.servlet.FrameworkServlet.processRequest(FrameworkServlet.java:961)
		at org.springframework.web.servlet.FrameworkServlet.doGet(FrameworkServlet.java:852)
		at javax.servlet.http.HttpServlet.service(HttpServlet.java:529)
		at org.springframework.web.servlet.FrameworkServlet.service(FrameworkServlet.java:837)
		at javax.servlet.http.HttpServlet.service(HttpServlet.java:623)
		at org.apache.catalina.core.ApplicationFilterChain.internalDoFilter(ApplicationFilterChain.java:197)
		at org.apache.catalina.core.ApplicationFilterChain.doFilter(ApplicationFilterChain.java:142)
		at org.apache.tomcat.websocket.server.WsFilter.doFilter(WsFilter.java:51)
		at org.apache.catalina.core.ApplicationFilterChain.internalDoFilter(ApplicationFilterChain.java:166)
		at org.apache.catalina.core.ApplicationFilterChain.doFilter(ApplicationFilterChain.java:142)
		at com.timmy.util.AuthFilter.doFilter(AuthFilter.java:44)
		at org.apache.catalina.core.ApplicationFilterChain.internalDoFilter(ApplicationFilterChain.java:166)
		at org.apache.catalina.core.ApplicationFilterChain.doFilter(ApplicationFilterChain.java:142)
		at org.springframework.web.filter.CharacterEncodingFilter.doFilterInternal(CharacterEncodingFilter.java:88)
		at org.springframework.web.filter.OncePerRequestFilter.doFilter(OncePerRequestFilter.java:108)
		at org.apache.catalina.core.ApplicationFilterChain.internalDoFilter(ApplicationFilterChain.java:166)
		at org.apache.catalina.core.ApplicationFilterChain.doFilter(ApplicationFilterChain.java:142)
		at org.apache.catalina.core.StandardWrapperValve.invoke(StandardWrapperValve.java:166)
		at org.apache.catalina.core.StandardContextValve.invoke(StandardContextValve.java:88)
		at org.apache.catalina.authenticator.AuthenticatorBase.invoke(AuthenticatorBase.java:491)
		at org.apache.catalina.core.StandardHostValve.invoke(StandardHostValve.java:127)
		at org.apache.catalina.valves.ErrorReportValve.invoke(ErrorReportValve.java:83)
		at org.apache.catalina.valves.AbstractAccessLogValve.invoke(AbstractAccessLogValve.java:643)
		at org.apache.catalina.core.StandardEngineValve.invoke(StandardEngineValve.java:72)
		at org.apache.catalina.connector.CoyoteAdapter.service(CoyoteAdapter.java:344)
		at org.apache.coyote.http11.Http11Processor.service(Http11Processor.java:398)
		at org.apache.coyote.AbstractProcessorLight.process(AbstractProcessorLight.java:63)
		at org.apache.coyote.AbstractProtocol$ConnectionHandler.process(AbstractProtocol.java:939)
		at org.apache.tomcat.util.net.NioEndpoint$SocketProcessor.doRun(NioEndpoint.java:1832)
		at org.apache.tomcat.util.net.SocketProcessorBase.run(SocketProcessorBase.java:52)
		at org.apache.tomcat.util.threads.ThreadPoolExecutor.runWorker(ThreadPoolExecutor.java:973)
		at org.apache.tomcat.util.threads.ThreadPoolExecutor$Worker.run(ThreadPoolExecutor.java:491)
		at org.apache.tomcat.util.threads.TaskThread$WrappingRunnable.run(TaskThread.java:63)
		at java.lang.Thread.run(Unknown Source)
04-Apr-2026 20:41:09.953 SEVERE [http-nio-8080-exec-5] org.apache.catalina.core.StandardWrapperValve.invoke Servlet.service() for servlet [dispatcher] in context with path [/demo] threw exception [Handler processing failed; nested exception is java.lang.NoSuchMethodError: com.timmy.controller.AllController$ProfileImagePayload.<init>(Lcom/timmy/controller/AllController$1;)V] with root cause
	java.lang.NoSuchMethodError: com.timmy.controller.AllController$ProfileImagePayload.<init>(Lcom/timmy/controller/AllController$1;)V
		at com.timmy.controller.AllController.loadProfileImagePayloadByEnrollId(AllController.java:2947)
		at com.timmy.controller.AllController.applyProfileImageFallback(AllController.java:2867)
		at com.timmy.controller.AllController.getLatestLogFromDB(AllController.java:2628)
		at sun.reflect.NativeMethodAccessorImpl.invoke0(Native Method)
		at sun.reflect.NativeMethodAccessorImpl.invoke(Unknown Source)
		at sun.reflect.DelegatingMethodAccessorImpl.invoke(Unknown Source)
		at java.lang.reflect.Method.invoke(Unknown Source)
		at org.springframework.web.method.support.InvocableHandlerMethod.invoke(InvocableHandlerMethod.java:215)
		at org.springframework.web.method.support.InvocableHandlerMethod.invokeForRequest(InvocableHandlerMethod.java:132)
		at org.springframework.web.servlet.mvc.method.annotation.ServletInvocableHandlerMethod.invokeAndHandle(ServletInvocableHandlerMethod.java:104)
		at org.springframework.web.servlet.mvc.method.annotation.RequestMappingHandlerAdapter.invokeHandleMethod(RequestMappingHandlerAdapter.java:749)
		at org.springframework.web.servlet.mvc.method.annotation.RequestMappingHandlerAdapter.handleInternal(RequestMappingHandlerAdapter.java:690)
		at org.springframework.web.servlet.mvc.method.AbstractHandlerMethodAdapter.handle(AbstractHandlerMethodAdapter.java:83)
		at org.springframework.web.servlet.DispatcherServlet.doDispatch(DispatcherServlet.java:945)
		at org.springframework.web.servlet.DispatcherServlet.doService(DispatcherServlet.java:876)
		at org.springframework.web.servlet.FrameworkServlet.processRequest(FrameworkServlet.java:961)
		at org.springframework.web.servlet.FrameworkServlet.doGet(FrameworkServlet.java:852)
		at javax.servlet.http.HttpServlet.service(HttpServlet.java:529)
		at org.springframework.web.servlet.FrameworkServlet.service(FrameworkServlet.java:837)
		at javax.servlet.http.HttpServlet.service(HttpServlet.java:623)
		at org.apache.catalina.core.ApplicationFilterChain.internalDoFilter(ApplicationFilterChain.java:197)
		at org.apache.catalina.core.ApplicationFilterChain.doFilter(ApplicationFilterChain.java:142)
		at org.apache.tomcat.websocket.server.WsFilter.doFilter(WsFilter.java:51)
		at org.apache.catalina.core.ApplicationFilterChain.internalDoFilter(ApplicationFilterChain.java:166)
		at org.apache.catalina.core.ApplicationFilterChain.doFilter(ApplicationFilterChain.java:142)
		at com.timmy.util.AuthFilter.doFilter(AuthFilter.java:44)
		at org.apache.catalina.core.ApplicationFilterChain.internalDoFilter(ApplicationFilterChain.java:166)
		at org.apache.catalina.core.ApplicationFilterChain.doFilter(ApplicationFilterChain.java:142)
		at org.springframework.web.filter.CharacterEncodingFilter.doFilterInternal(CharacterEncodingFilter.java:88)
		at org.springframework.web.filter.OncePerRequestFilter.doFilter(OncePerRequestFilter.java:108)
		at org.apache.catalina.core.ApplicationFilterChain.internalDoFilter(ApplicationFilterChain.java:166)
		at org.apache.catalina.core.ApplicationFilterChain.doFilter(ApplicationFilterChain.java:142)
		at org.apache.catalina.core.StandardWrapperValve.invoke(StandardWrapperValve.java:166)
		at org.apache.catalina.core.StandardContextValve.invoke(StandardContextValve.java:88)
		at org.apache.catalina.authenticator.AuthenticatorBase.invoke(AuthenticatorBase.java:491)
		at org.apache.catalina.core.StandardHostValve.invoke(StandardHostValve.java:127)
		at org.apache.catalina.valves.ErrorReportValve.invoke(ErrorReportValve.java:83)
		at org.apache.catalina.valves.AbstractAccessLogValve.invoke(AbstractAccessLogValve.java:643)
		at org.apache.catalina.core.StandardEngineValve.invoke(StandardEngineValve.java:72)
		at org.apache.catalina.connector.CoyoteAdapter.service(CoyoteAdapter.java:344)
		at org.apache.coyote.http11.Http11Processor.service(Http11Processor.java:398)
		at org.apache.coyote.AbstractProcessorLight.process(AbstractProcessorLight.java:63)
		at org.apache.coyote.AbstractProtocol$ConnectionHandler.process(AbstractProtocol.java:939)
		at org.apache.tomcat.util.net.NioEndpoint$SocketProcessor.doRun(NioEndpoint.java:1832)
		at org.apache.tomcat.util.net.SocketProcessorBase.run(SocketProcessorBase.java:52)
		at org.apache.tomcat.util.threads.ThreadPoolExecutor.runWorker(ThreadPoolExecutor.java:973)
		at org.apache.tomcat.util.threads.ThreadPoolExecutor$Worker.run(ThreadPoolExecutor.java:491)
		at org.apache.tomcat.util.threads.TaskThread$WrappingRunnable.run(TaskThread.java:63)
		at java.lang.Thread.run(Unknown Source)
04-Apr-2026 20:41:10.008 SEVERE [http-nio-8080-exec-4] org.apache.catalina.core.StandardWrapperValve.invoke Servlet.service() for servlet [dispatcher] in context with path [/demo] threw exception [Handler processing failed; nested exception is java.lang.NoSuchMethodError: com.timmy.controller.AllController$ProfileImagePayload.<init>(Lcom/timmy/controller/AllController$1;)V] with root cause
	java.lang.NoSuchMethodError: com.timmy.controller.AllController$ProfileImagePayload.<init>(Lcom/timmy/controller/AllController$1;)V
		at com.timmy.controller.AllController.loadProfileImagePayloadByEnrollId(AllController.java:2947)
		at com.timmy.controller.AllController.applyProfileImageFallback(AllController.java:2867)
		at com.timmy.controller.AllController.getLatestLogFromDB(AllController.java:2628)
		at sun.reflect.NativeMethodAccessorImpl.invoke0(Native Method)
		at sun.reflect.NativeMethodAccessorImpl.invoke(Unknown Source)
		at sun.reflect.DelegatingMethodAccessorImpl.invoke(Unknown Source)
		at java.lang.reflect.Method.invoke(Unknown Source)
		at org.springframework.web.method.support.InvocableHandlerMethod.invoke(InvocableHandlerMethod.java:215)
		at org.springframework.web.method.support.InvocableHandlerMethod.invokeForRequest(InvocableHandlerMethod.java:132)
		at org.springframework.web.servlet.mvc.method.annotation.ServletInvocableHandlerMethod.invokeAndHandle(ServletInvocableHandlerMethod.java:104)
		at org.springframework.web.servlet.mvc.method.annotation.RequestMappingHandlerAdapter.invokeHandleMethod(RequestMappingHandlerAdapter.java:749)
		at org.springframework.web.servlet.mvc.method.annotation.RequestMappingHandlerAdapter.handleInternal(RequestMappingHandlerAdapter.java:690)
		at org.springframework.web.servlet.mvc.method.AbstractHandlerMethodAdapter.handle(AbstractHandlerMethodAdapter.java:83)
		at org.springframework.web.servlet.DispatcherServlet.doDispatch(DispatcherServlet.java:945)
		at org.springframework.web.servlet.DispatcherServlet.doService(DispatcherServlet.java:876)
		at org.springframework.web.servlet.FrameworkServlet.processRequest(FrameworkServlet.java:961)
		at org.springframework.web.servlet.FrameworkServlet.doGet(FrameworkServlet.java:852)
		at javax.servlet.http.HttpServlet.service(HttpServlet.java:529)
		at org.springframework.web.servlet.FrameworkServlet.service(FrameworkServlet.java:837)
		at javax.servlet.http.HttpServlet.service(HttpServlet.java:623)
		at org.apache.catalina.core.ApplicationFilterChain.internalDoFilter(ApplicationFilterChain.java:197)
		at org.apache.catalina.core.ApplicationFilterChain.doFilter(ApplicationFilterChain.java:142)
		at org.apache.tomcat.websocket.server.WsFilter.doFilter(WsFilter.java:51)
		at org.apache.catalina.core.ApplicationFilterChain.internalDoFilter(ApplicationFilterChain.java:166)
		at org.apache.catalina.core.ApplicationFilterChain.doFilter(ApplicationFilterChain.java:142)
		at com.timmy.util.AuthFilter.doFilter(AuthFilter.java:44)
		at org.apache.catalina.core.ApplicationFilterChain.internalDoFilter(ApplicationFilterChain.java:166)
		at org.apache.catalina.core.ApplicationFilterChain.doFilter(ApplicationFilterChain.java:142)
		at org.springframework.web.filter.CharacterEncodingFilter.doFilterInternal(CharacterEncodingFilter.java:88)
		at org.springframework.web.filter.OncePerRequestFilter.doFilter(OncePerRequestFilter.java:108)
		at org.apache.catalina.core.ApplicationFilterChain.internalDoFilter(ApplicationFilterChain.java:166)
		at org.apache.catalina.core.ApplicationFilterChain.doFilter(ApplicationFilterChain.java:142)
		at org.apache.catalina.core.StandardWrapperValve.invoke(StandardWrapperValve.java:166)
		at org.apache.catalina.core.StandardContextValve.invoke(StandardContextValve.java:88)
		at org.apache.catalina.authenticator.AuthenticatorBase.invoke(AuthenticatorBase.java:491)
		at org.apache.catalina.core.StandardHostValve.invoke(StandardHostValve.java:127)
		at org.apache.catalina.valves.ErrorReportValve.invoke(ErrorReportValve.java:83)
		at org.apache.catalina.valves.AbstractAccessLogValve.invoke(AbstractAccessLogValve.java:643)
		at org.apache.catalina.core.StandardEngineValve.invoke(StandardEngineValve.java:72)
		at org.apache.catalina.connector.CoyoteAdapter.service(CoyoteAdapter.java:344)
		at org.apache.coyote.http11.Http11Processor.service(Http11Processor.java:398)
		at org.apache.coyote.AbstractProcessorLight.process(AbstractProcessorLight.java:63)
		at org.apache.coyote.AbstractProtocol$ConnectionHandler.process(AbstractProtocol.java:939)
		at org.apache.tomcat.util.net.NioEndpoint$SocketProcessor.doRun(NioEndpoint.java:1832)
		at org.apache.tomcat.util.net.SocketProcessorBase.run(SocketProcessorBase.java:52)
		at org.apache.tomcat.util.threads.ThreadPoolExecutor.runWorker(ThreadPoolExecutor.java:973)
		at org.apache.tomcat.util.threads.ThreadPoolExecutor$Worker.run(ThreadPoolExecutor.java:491)
		at org.apache.tomcat.util.threads.TaskThread$WrappingRunnable.run(TaskThread.java:63)
		at java.lang.Thread.run(Unknown Source)
04-Apr-2026 20:41:10.402 SEVERE [http-nio-8080-exec-8] org.apache.catalina.core.StandardWrapperValve.invoke Servlet.service() for servlet [dispatcher] in context with path [/demo] threw exception [Handler processing failed; nested exception is java.lang.NoSuchMethodError: com.timmy.controller.AllController$ProfileImagePayload.<init>(Lcom/timmy/controller/AllController$1;)V] with root cause
	java.lang.NoSuchMethodError: com.timmy.controller.AllController$ProfileImagePayload.<init>(Lcom/timmy/controller/AllController$1;)V
		at com.timmy.controller.AllController.loadProfileImagePayloadByEnrollId(AllController.java:2947)
		at com.timmy.controller.AllController.applyProfileImageFallback(AllController.java:2867)
		at com.timmy.controller.AllController.getLatestLogFromDB(AllController.java:2628)
		at sun.reflect.NativeMethodAccessorImpl.invoke0(Native Method)
		at sun.reflect.NativeMethodAccessorImpl.invoke(Unknown Source)
		at sun.reflect.DelegatingMethodAccessorImpl.invoke(Unknown Source)
		at java.lang.reflect.Method.invoke(Unknown Source)
		at org.springframework.web.method.support.InvocableHandlerMethod.invoke(InvocableHandlerMethod.java:215)
		at org.springframework.web.method.support.InvocableHandlerMethod.invokeForRequest(InvocableHandlerMethod.java:132)
		at org.springframework.web.servlet.mvc.method.annotation.ServletInvocableHandlerMethod.invokeAndHandle(ServletInvocableHandlerMethod.java:104)
		at org.springframework.web.servlet.mvc.method.annotation.RequestMappingHandlerAdapter.invokeHandleMethod(RequestMappingHandlerAdapter.java:749)
		at org.springframework.web.servlet.mvc.method.annotation.RequestMappingHandlerAdapter.handleInternal(RequestMappingHandlerAdapter.java:690)
		at org.springframework.web.servlet.mvc.method.AbstractHandlerMethodAdapter.handle(AbstractHandlerMethodAdapter.java:83)
		at org.springframework.web.servlet.DispatcherServlet.doDispatch(DispatcherServlet.java:945)
		at org.springframework.web.servlet.DispatcherServlet.doService(DispatcherServlet.java:876)
		at org.springframework.web.servlet.FrameworkServlet.processRequest(FrameworkServlet.java:961)
		at org.springframework.web.servlet.FrameworkServlet.doGet(FrameworkServlet.java:852)
		at javax.servlet.http.HttpServlet.service(HttpServlet.java:529)
		at org.springframework.web.servlet.FrameworkServlet.service(FrameworkServlet.java:837)
		at javax.servlet.http.HttpServlet.service(HttpServlet.java:623)
		at org.apache.catalina.core.ApplicationFilterChain.internalDoFilter(ApplicationFilterChain.java:197)
		at org.apache.catalina.core.ApplicationFilterChain.doFilter(ApplicationFilterChain.java:142)
		at org.apache.tomcat.websocket.server.WsFilter.doFilter(WsFilter.java:51)
		at org.apache.catalina.core.ApplicationFilterChain.internalDoFilter(ApplicationFilterChain.java:166)
		at org.apache.catalina.core.ApplicationFilterChain.doFilter(ApplicationFilterChain.java:142)
		at com.timmy.util.AuthFilter.doFilter(AuthFilter.java:44)
		at org.apache.catalina.core.ApplicationFilterChain.internalDoFilter(ApplicationFilterChain.java:166)
		at org.apache.catalina.core.ApplicationFilterChain.doFilter(ApplicationFilterChain.java:142)
		at org.springframework.web.filter.CharacterEncodingFilter.doFilterInternal(CharacterEncodingFilter.java:88)
		at org.springframework.web.filter.OncePerRequestFilter.doFilter(OncePerRequestFilter.java:108)
		at org.apache.catalina.core.ApplicationFilterChain.internalDoFilter(ApplicationFilterChain.java:166)
		at org.apache.catalina.core.ApplicationFilterChain.doFilter(ApplicationFilterChain.java:142)
		at org.apache.catalina.core.StandardWrapperValve.invoke(StandardWrapperValve.java:166)
		at org.apache.catalina.core.StandardContextValve.invoke(StandardContextValve.java:88)
		at org.apache.catalina.authenticator.AuthenticatorBase.invoke(AuthenticatorBase.java:491)
		at org.apache.catalina.core.StandardHostValve.invoke(StandardHostValve.java:127)
		at org.apache.catalina.valves.ErrorReportValve.invoke(ErrorReportValve.java:83)
		at org.apache.catalina.valves.AbstractAccessLogValve.invoke(AbstractAccessLogValve.java:643)
		at org.apache.catalina.core.StandardEngineValve.invoke(StandardEngineValve.java:72)
		at org.apache.catalina.connector.CoyoteAdapter.service(CoyoteAdapter.java:344)
		at org.apache.coyote.http11.Http11Processor.service(Http11Processor.java:398)
		at org.apache.coyote.AbstractProcessorLight.process(AbstractProcessorLight.java:63)
		at org.apache.coyote.AbstractProtocol$ConnectionHandler.process(AbstractProtocol.java:939)
		at org.apache.tomcat.util.net.NioEndpoint$SocketProcessor.doRun(NioEndpoint.java:1832)
		at org.apache.tomcat.util.net.SocketProcessorBase.run(SocketProcessorBase.java:52)
		at org.apache.tomcat.util.threads.ThreadPoolExecutor.runWorker(ThreadPoolExecutor.java:973)
		at org.apache.tomcat.util.threads.ThreadPoolExecutor$Worker.run(ThreadPoolExecutor.java:491)
		at org.apache.tomcat.util.threads.TaskThread$WrappingRunnable.run(TaskThread.java:63)
		at java.lang.Thread.run(Unknown Source)
04-Apr-2026 20:41:14.626 SEVERE [http-nio-8080-exec-9] org.apache.catalina.core.StandardWrapperValve.invoke Servlet.service() for servlet [dispatcher] in context with path [/demo] threw exception [Handler processing failed; nested exception is java.lang.NoSuchMethodError: com.timmy.controller.AllController$ProfileImagePayload.<init>(Lcom/timmy/controller/AllController$1;)V] with root cause
	java.lang.NoSuchMethodError: com.timmy.controller.AllController$ProfileImagePayload.<init>(Lcom/timmy/controller/AllController$1;)V
		at com.timmy.controller.AllController.loadProfileImagePayloadByEnrollId(AllController.java:2947)
		at com.timmy.controller.AllController.applyProfileImageFallback(AllController.java:2867)
		at com.timmy.controller.AllController.getLatestLogFromDB(AllController.java:2628)
		at sun.reflect.NativeMethodAccessorImpl.invoke0(Native Method)
		at sun.reflect.NativeMethodAccessorImpl.invoke(Unknown Source)
		at sun.reflect.DelegatingMethodAccessorImpl.invoke(Unknown Source)
		at java.lang.reflect.Method.invoke(Unknown Source)
		at org.springframework.web.method.support.InvocableHandlerMethod.invoke(InvocableHandlerMethod.java:215)
		at org.springframework.web.method.support.InvocableHandlerMethod.invokeForRequest(InvocableHandlerMethod.java:132)
		at org.springframework.web.servlet.mvc.method.annotation.ServletInvocableHandlerMethod.invokeAndHandle(ServletInvocableHandlerMethod.java:104)
		at org.springframework.web.servlet.mvc.method.annotation.RequestMappingHandlerAdapter.invokeHandleMethod(RequestMappingHandlerAdapter.java:749)
		at org.springframework.web.servlet.mvc.method.annotation.RequestMappingHandlerAdapter.handleInternal(RequestMappingHandlerAdapter.java:690)
		at org.springframework.web.servlet.mvc.method.AbstractHandlerMethodAdapter.handle(AbstractHandlerMethodAdapter.java:83)
		at org.springframework.web.servlet.DispatcherServlet.doDispatch(DispatcherServlet.java:945)
		at org.springframework.web.servlet.DispatcherServlet.doService(DispatcherServlet.java:876)
		at org.springframework.web.servlet.FrameworkServlet.processRequest(FrameworkServlet.java:961)
		at org.springframework.web.servlet.FrameworkServlet.doGet(FrameworkServlet.java:852)
		at javax.servlet.http.HttpServlet.service(HttpServlet.java:529)
		at org.springframework.web.servlet.FrameworkServlet.service(FrameworkServlet.java:837)
		at javax.servlet.http.HttpServlet.service(HttpServlet.java:623)
		at org.apache.catalina.core.ApplicationFilterChain.internalDoFilter(ApplicationFilterChain.java:197)
		at org.apache.catalina.core.ApplicationFilterChain.doFilter(ApplicationFilterChain.java:142)
		at org.apache.tomcat.websocket.server.WsFilter.doFilter(WsFilter.java:51)
		at org.apache.catalina.core.ApplicationFilterChain.internalDoFilter(ApplicationFilterChain.java:166)
		at org.apache.catalina.core.ApplicationFilterChain.doFilter(ApplicationFilterChain.java:142)
		at com.timmy.util.AuthFilter.doFilter(AuthFilter.java:44)
		at org.apache.catalina.core.ApplicationFilterChain.internalDoFilter(ApplicationFilterChain.java:166)
		at org.apache.catalina.core.ApplicationFilterChain.doFilter(ApplicationFilterChain.java:142)
		at org.springframework.web.filter.CharacterEncodingFilter.doFilterInternal(CharacterEncodingFilter.java:88)
		at org.springframework.web.filter.OncePerRequestFilter.doFilter(OncePerRequestFilter.java:108)
		at org.apache.catalina.core.ApplicationFilterChain.internalDoFilter(ApplicationFilterChain.java:166)
		at org.apache.catalina.core.ApplicationFilterChain.doFilter(ApplicationFilterChain.java:142)
		at org.apache.catalina.core.StandardWrapperValve.invoke(StandardWrapperValve.java:166)
		at org.apache.catalina.core.StandardContextValve.invoke(StandardContextValve.java:88)
		at org.apache.catalina.authenticator.AuthenticatorBase.invoke(AuthenticatorBase.java:491)
		at org.apache.catalina.core.StandardHostValve.invoke(StandardHostValve.java:127)
		at org.apache.catalina.valves.ErrorReportValve.invoke(ErrorReportValve.java:83)
		at org.apache.catalina.valves.AbstractAccessLogValve.invoke(AbstractAccessLogValve.java:643)
		at org.apache.catalina.core.StandardEngineValve.invoke(StandardEngineValve.java:72)
		at org.apache.catalina.connector.CoyoteAdapter.service(CoyoteAdapter.java:344)
		at org.apache.coyote.http11.Http11Processor.service(Http11Processor.java:398)
		at org.apache.coyote.AbstractProcessorLight.process(AbstractProcessorLight.java:63)
		at org.apache.coyote.AbstractProtocol$ConnectionHandler.process(AbstractProtocol.java:939)
		at org.apache.tomcat.util.net.NioEndpoint$SocketProcessor.doRun(NioEndpoint.java:1832)
		at org.apache.tomcat.util.net.SocketProcessorBase.run(SocketProcessorBase.java:52)
		at org.apache.tomcat.util.threads.ThreadPoolExecutor.runWorker(ThreadPoolExecutor.java:973)
		at org.apache.tomcat.util.threads.ThreadPoolExecutor$Worker.run(ThreadPoolExecutor.java:491)
		at org.apache.tomcat.util.threads.TaskThread$WrappingRunnable.run(TaskThread.java:63)
		at java.lang.Thread.run(Unknown Source)
04-Apr-2026 20:41:19.672 SEVERE [http-nio-8080-exec-7] org.apache.catalina.core.StandardWrapperValve.invoke Servlet.service() for servlet [dispatcher] in context with path [/demo] threw exception [Handler processing failed; nested exception is java.lang.NoSuchMethodError: com.timmy.controller.AllController$ProfileImagePayload.<init>(Lcom/timmy/controller/AllController$1;)V] with root cause
	java.lang.NoSuchMethodError: com.timmy.controller.AllController$ProfileImagePayload.<init>(Lcom/timmy/controller/AllController$1;)V
		at com.timmy.controller.AllController.loadProfileImagePayloadByEnrollId(AllController.java:2947)
		at com.timmy.controller.AllController.applyProfileImageFallback(AllController.java:2867)
		at com.timmy.controller.AllController.getLatestLogFromDB(AllController.java:2628)
		at sun.reflect.NativeMethodAccessorImpl.invoke0(Native Method)
		at sun.reflect.NativeMethodAccessorImpl.invoke(Unknown Source)
		at sun.reflect.DelegatingMethodAccessorImpl.invoke(Unknown Source)
		at java.lang.reflect.Method.invoke(Unknown Source)
		at org.springframework.web.method.support.InvocableHandlerMethod.invoke(InvocableHandlerMethod.java:215)
		at org.springframework.web.method.support.InvocableHandlerMethod.invokeForRequest(InvocableHandlerMethod.java:132)
		at org.springframework.web.servlet.mvc.method.annotation.ServletInvocableHandlerMethod.invokeAndHandle(ServletInvocableHandlerMethod.java:104)
		at org.springframework.web.servlet.mvc.method.annotation.RequestMappingHandlerAdapter.invokeHandleMethod(RequestMappingHandlerAdapter.java:749)
		at org.springframework.web.servlet.mvc.method.annotation.RequestMappingHandlerAdapter.handleInternal(RequestMappingHandlerAdapter.java:690)
		at org.springframework.web.servlet.mvc.method.AbstractHandlerMethodAdapter.handle(AbstractHandlerMethodAdapter.java:83)
		at org.springframework.web.servlet.DispatcherServlet.doDispatch(DispatcherServlet.java:945)
		at org.springframework.web.servlet.DispatcherServlet.doService(DispatcherServlet.java:876)
		at org.springframework.web.servlet.FrameworkServlet.processRequest(FrameworkServlet.java:961)
		at org.springframework.web.servlet.FrameworkServlet.doGet(FrameworkServlet.java:852)
		at javax.servlet.http.HttpServlet.service(HttpServlet.java:529)
		at org.springframework.web.servlet.FrameworkServlet.service(FrameworkServlet.java:837)
		at javax.servlet.http.HttpServlet.service(HttpServlet.java:623)
		at org.apache.catalina.core.ApplicationFilterChain.internalDoFilter(ApplicationFilterChain.java:197)
		at org.apache.catalina.core.ApplicationFilterChain.doFilter(ApplicationFilterChain.java:142)
		at org.apache.tomcat.websocket.server.WsFilter.doFilter(WsFilter.java:51)
		at org.apache.catalina.core.ApplicationFilterChain.internalDoFilter(ApplicationFilterChain.java:166)
		at org.apache.catalina.core.ApplicationFilterChain.doFilter(ApplicationFilterChain.java:142)
		at com.timmy.util.AuthFilter.doFilter(AuthFilter.java:44)
		at org.apache.catalina.core.ApplicationFilterChain.internalDoFilter(ApplicationFilterChain.java:166)
		at org.apache.catalina.core.ApplicationFilterChain.doFilter(ApplicationFilterChain.java:142)
		at org.springframework.web.filter.CharacterEncodingFilter.doFilterInternal(CharacterEncodingFilter.java:88)
		at org.springframework.web.filter.OncePerRequestFilter.doFilter(OncePerRequestFilter.java:108)
		at org.apache.catalina.core.ApplicationFilterChain.internalDoFilter(ApplicationFilterChain.java:166)
		at org.apache.catalina.core.ApplicationFilterChain.doFilter(ApplicationFilterChain.java:142)
		at org.apache.catalina.core.StandardWrapperValve.invoke(StandardWrapperValve.java:166)
		at org.apache.catalina.core.StandardContextValve.invoke(StandardContextValve.java:88)
		at org.apache.catalina.authenticator.AuthenticatorBase.invoke(AuthenticatorBase.java:491)
		at org.apache.catalina.core.StandardHostValve.invoke(StandardHostValve.java:127)
		at org.apache.catalina.valves.ErrorReportValve.invoke(ErrorReportValve.java:83)
		at org.apache.catalina.valves.AbstractAccessLogValve.invoke(AbstractAccessLogValve.java:643)
		at org.apache.catalina.core.StandardEngineValve.invoke(StandardEngineValve.java:72)
		at org.apache.catalina.connector.CoyoteAdapter.service(CoyoteAdapter.java:344)
		at org.apache.coyote.http11.Http11Processor.service(Http11Processor.java:398)
		at org.apache.coyote.AbstractProcessorLight.process(AbstractProcessorLight.java:63)
		at org.apache.coyote.AbstractProtocol$ConnectionHandler.process(AbstractProtocol.java:939)
		at org.apache.tomcat.util.net.NioEndpoint$SocketProcessor.doRun(NioEndpoint.java:1832)
		at org.apache.tomcat.util.net.SocketProcessorBase.run(SocketProcessorBase.java:52)
		at org.apache.tomcat.util.threads.ThreadPoolExecutor.runWorker(ThreadPoolExecutor.java:973)
		at org.apache.tomcat.util.threads.ThreadPoolExecutor$Worker.run(ThreadPoolExecutor.java:491)
		at org.apache.tomcat.util.threads.TaskThread$WrappingRunnable.run(TaskThread.java:63)
		at java.lang.Thread.run(Unknown Source)
04-Apr-2026 20:41:21.651 SEVERE [http-nio-8080-exec-10] org.apache.catalina.core.StandardWrapperValve.invoke Servlet.service() for servlet [dispatcher] in context with path [/demo] threw exception [Handler processing failed; nested exception is java.lang.NoSuchMethodError: com.timmy.controller.AllController$ProfileImagePayload.<init>(Lcom/timmy/controller/AllController$1;)V] with root cause
	java.lang.NoSuchMethodError: com.timmy.controller.AllController$ProfileImagePayload.<init>(Lcom/timmy/controller/AllController$1;)V
		at com.timmy.controller.AllController.loadProfileImagePayloadByEnrollId(AllController.java:2947)
		at com.timmy.controller.AllController.applyProfileImageFallback(AllController.java:2867)
		at com.timmy.controller.AllController.getLatestLogFromDB(AllController.java:2628)
		at sun.reflect.NativeMethodAccessorImpl.invoke0(Native Method)
		at sun.reflect.NativeMethodAccessorImpl.invoke(Unknown Source)
		at sun.reflect.DelegatingMethodAccessorImpl.invoke(Unknown Source)
		at java.lang.reflect.Method.invoke(Unknown Source)
		at org.springframework.web.method.support.InvocableHandlerMethod.invoke(InvocableHandlerMethod.java:215)
		at org.springframework.web.method.support.InvocableHandlerMethod.invokeForRequest(InvocableHandlerMethod.java:132)
		at org.springframework.web.servlet.mvc.method.annotation.ServletInvocableHandlerMethod.invokeAndHandle(ServletInvocableHandlerMethod.java:104)
		at org.springframework.web.servlet.mvc.method.annotation.RequestMappingHandlerAdapter.invokeHandleMethod(RequestMappingHandlerAdapter.java:749)
		at org.springframework.web.servlet.mvc.method.annotation.RequestMappingHandlerAdapter.handleInternal(RequestMappingHandlerAdapter.java:690)
		at org.springframework.web.servlet.mvc.method.AbstractHandlerMethodAdapter.handle(AbstractHandlerMethodAdapter.java:83)
		at org.springframework.web.servlet.DispatcherServlet.doDispatch(DispatcherServlet.java:945)
		at org.springframework.web.servlet.DispatcherServlet.doService(DispatcherServlet.java:876)
		at org.springframework.web.servlet.FrameworkServlet.processRequest(FrameworkServlet.java:961)
		at org.springframework.web.servlet.FrameworkServlet.doGet(FrameworkServlet.java:852)
		at javax.servlet.http.HttpServlet.service(HttpServlet.java:529)
		at org.springframework.web.servlet.FrameworkServlet.service(FrameworkServlet.java:837)
		at javax.servlet.http.HttpServlet.service(HttpServlet.java:623)
		at org.apache.catalina.core.ApplicationFilterChain.internalDoFilter(ApplicationFilterChain.java:197)
		at org.apache.catalina.core.ApplicationFilterChain.doFilter(ApplicationFilterChain.java:142)
		at org.apache.tomcat.websocket.server.WsFilter.doFilter(WsFilter.java:51)
		at org.apache.catalina.core.ApplicationFilterChain.internalDoFilter(ApplicationFilterChain.java:166)
		at org.apache.catalina.core.ApplicationFilterChain.doFilter(ApplicationFilterChain.java:142)
		at com.timmy.util.AuthFilter.doFilter(AuthFilter.java:44)
		at org.apache.catalina.core.ApplicationFilterChain.internalDoFilter(ApplicationFilterChain.java:166)
		at org.apache.catalina.core.ApplicationFilterChain.doFilter(ApplicationFilterChain.java:142)
		at org.springframework.web.filter.CharacterEncodingFilter.doFilterInternal(CharacterEncodingFilter.java:88)
		at org.springframework.web.filter.OncePerRequestFilter.doFilter(OncePerRequestFilter.java:108)
		at org.apache.catalina.core.ApplicationFilterChain.internalDoFilter(ApplicationFilterChain.java:166)
		at org.apache.catalina.core.ApplicationFilterChain.doFilter(ApplicationFilterChain.java:142)
		at org.apache.catalina.core.StandardWrapperValve.invoke(StandardWrapperValve.java:166)
		at org.apache.catalina.core.StandardContextValve.invoke(StandardContextValve.java:88)
		at org.apache.catalina.authenticator.AuthenticatorBase.invoke(AuthenticatorBase.java:491)
		at org.apache.catalina.core.StandardHostValve.invoke(StandardHostValve.java:127)
		at org.apache.catalina.valves.ErrorReportValve.invoke(ErrorReportValve.java:83)
		at org.apache.catalina.valves.AbstractAccessLogValve.invoke(AbstractAccessLogValve.java:643)
		at org.apache.catalina.core.StandardEngineValve.invoke(StandardEngineValve.java:72)
		at org.apache.catalina.connector.CoyoteAdapter.service(CoyoteAdapter.java:344)
		at org.apache.coyote.http11.Http11Processor.service(Http11Processor.java:398)
		at org.apache.coyote.AbstractProcessorLight.process(AbstractProcessorLight.java:63)
		at org.apache.coyote.AbstractProtocol$ConnectionHandler.process(AbstractProtocol.java:939)
		at org.apache.tomcat.util.net.NioEndpoint$SocketProcessor.doRun(NioEndpoint.java:1832)
		at org.apache.tomcat.util.net.SocketProcessorBase.run(SocketProcessorBase.java:52)
		at org.apache.tomcat.util.threads.ThreadPoolExecutor.runWorker(ThreadPoolExecutor.java:973)
		at org.apache.tomcat.util.threads.ThreadPoolExecutor$Worker.run(ThreadPoolExecutor.java:491)
		at org.apache.tomcat.util.threads.TaskThread$WrappingRunnable.run(TaskThread.java:63)
		at java.lang.Thread.run(Unknown Source)
04-Apr-2026 20:41:22.696 SEVERE [http-nio-8080-exec-2] org.apache.catalina.core.StandardWrapperValve.invoke Servlet.service() for servlet [dispatcher] in context with path [/demo] threw exception [Handler processing failed; nested exception is java.lang.NoSuchMethodError: com.timmy.controller.AllController$ProfileImagePayload.<init>(Lcom/timmy/controller/AllController$1;)V] with root cause
	java.lang.NoSuchMethodError: com.timmy.controller.AllController$ProfileImagePayload.<init>(Lcom/timmy/controller/AllController$1;)V
		at com.timmy.controller.AllController.loadProfileImagePayloadByEnrollId(AllController.java:2947)
		at com.timmy.controller.AllController.applyProfileImageFallback(AllController.java:2867)
		at com.timmy.controller.AllController.getLatestLogFromDB(AllController.java:2628)
		at sun.reflect.NativeMethodAccessorImpl.invoke0(Native Method)
		at sun.reflect.NativeMethodAccessorImpl.invoke(Unknown Source)
		at sun.reflect.DelegatingMethodAccessorImpl.invoke(Unknown Source)
		at java.lang.reflect.Method.invoke(Unknown Source)
		at org.springframework.web.method.support.InvocableHandlerMethod.invoke(InvocableHandlerMethod.java:215)
		at org.springframework.web.method.support.InvocableHandlerMethod.invokeForRequest(InvocableHandlerMethod.java:132)
		at org.springframework.web.servlet.mvc.method.annotation.ServletInvocableHandlerMethod.invokeAndHandle(ServletInvocableHandlerMethod.java:104)
		at org.springframework.web.servlet.mvc.method.annotation.RequestMappingHandlerAdapter.invokeHandleMethod(RequestMappingHandlerAdapter.java:749)
		at org.springframework.web.servlet.mvc.method.annotation.RequestMappingHandlerAdapter.handleInternal(RequestMappingHandlerAdapter.java:690)
		at org.springframework.web.servlet.mvc.method.AbstractHandlerMethodAdapter.handle(AbstractHandlerMethodAdapter.java:83)
		at org.springframework.web.servlet.DispatcherServlet.doDispatch(DispatcherServlet.java:945)
		at org.springframework.web.servlet.DispatcherServlet.doService(DispatcherServlet.java:876)
		at org.springframework.web.servlet.FrameworkServlet.processRequest(FrameworkServlet.java:961)
		at org.springframework.web.servlet.FrameworkServlet.doGet(FrameworkServlet.java:852)
		at javax.servlet.http.HttpServlet.service(HttpServlet.java:529)
		at org.springframework.web.servlet.FrameworkServlet.service(FrameworkServlet.java:837)
		at javax.servlet.http.HttpServlet.service(HttpServlet.java:623)
		at org.apache.catalina.core.ApplicationFilterChain.internalDoFilter(ApplicationFilterChain.java:197)
		at org.apache.catalina.core.ApplicationFilterChain.doFilter(ApplicationFilterChain.java:142)
		at org.apache.tomcat.websocket.server.WsFilter.doFilter(WsFilter.java:51)
		at org.apache.catalina.core.ApplicationFilterChain.internalDoFilter(ApplicationFilterChain.java:166)
		at org.apache.catalina.core.ApplicationFilterChain.doFilter(ApplicationFilterChain.java:142)
		at com.timmy.util.AuthFilter.doFilter(AuthFilter.java:44)
		at org.apache.catalina.core.ApplicationFilterChain.internalDoFilter(ApplicationFilterChain.java:166)
		at org.apache.catalina.core.ApplicationFilterChain.doFilter(ApplicationFilterChain.java:142)
		at org.springframework.web.filter.CharacterEncodingFilter.doFilterInternal(CharacterEncodingFilter.java:88)
		at org.springframework.web.filter.OncePerRequestFilter.doFilter(OncePerRequestFilter.java:108)
		at org.apache.catalina.core.ApplicationFilterChain.internalDoFilter(ApplicationFilterChain.java:166)
		at org.apache.catalina.core.ApplicationFilterChain.doFilter(ApplicationFilterChain.java:142)
		at org.apache.catalina.core.StandardWrapperValve.invoke(StandardWrapperValve.java:166)
		at org.apache.catalina.core.StandardContextValve.invoke(StandardContextValve.java:88)
		at org.apache.catalina.authenticator.AuthenticatorBase.invoke(AuthenticatorBase.java:491)
		at org.apache.catalina.core.StandardHostValve.invoke(StandardHostValve.java:127)
		at org.apache.catalina.valves.ErrorReportValve.invoke(ErrorReportValve.java:83)
		at org.apache.catalina.valves.AbstractAccessLogValve.invoke(AbstractAccessLogValve.java:643)
		at org.apache.catalina.core.StandardEngineValve.invoke(StandardEngineValve.java:72)
		at org.apache.catalina.connector.CoyoteAdapter.service(CoyoteAdapter.java:344)
		at org.apache.coyote.http11.Http11Processor.service(Http11Processor.java:398)
		at org.apache.coyote.AbstractProcessorLight.process(AbstractProcessorLight.java:63)
		at org.apache.coyote.AbstractProtocol$ConnectionHandler.process(AbstractProtocol.java:939)
		at org.apache.tomcat.util.net.NioEndpoint$SocketProcessor.doRun(NioEndpoint.java:1832)
		at org.apache.tomcat.util.net.SocketProcessorBase.run(SocketProcessorBase.java:52)
		at org.apache.tomcat.util.threads.ThreadPoolExecutor.runWorker(ThreadPoolExecutor.java:973)
		at org.apache.tomcat.util.threads.ThreadPoolExecutor$Worker.run(ThreadPoolExecutor.java:491)
		at org.apache.tomcat.util.threads.TaskThread$WrappingRunnable.run(TaskThread.java:63)
		at java.lang.Thread.run(Unknown Source)
04-Apr-2026 20:41:23.532 SEVERE [http-nio-8080-exec-3] org.apache.catalina.core.StandardWrapperValve.invoke Servlet.service() for servlet [dispatcher] in context with path [/demo] threw exception [Handler processing failed; nested exception is java.lang.NoSuchMethodError: com.timmy.controller.AllController$ProfileImagePayload.<init>(Lcom/timmy/controller/AllController$1;)V] with root cause
	java.lang.NoSuchMethodError: com.timmy.controller.AllController$ProfileImagePayload.<init>(Lcom/timmy/controller/AllController$1;)V
		at com.timmy.controller.AllController.loadProfileImagePayloadByEnrollId(AllController.java:2947)
		at com.timmy.controller.AllController.applyProfileImageFallback(AllController.java:2867)
		at com.timmy.controller.AllController.getLatestLogFromDB(AllController.java:2628)
		at sun.reflect.NativeMethodAccessorImpl.invoke0(Native Method)
		at sun.reflect.NativeMethodAccessorImpl.invoke(Unknown Source)
		at sun.reflect.DelegatingMethodAccessorImpl.invoke(Unknown Source)
		at java.lang.reflect.Method.invoke(Unknown Source)
		at org.springframework.web.method.support.InvocableHandlerMethod.invoke(InvocableHandlerMethod.java:215)
		at org.springframework.web.method.support.InvocableHandlerMethod.invokeForRequest(InvocableHandlerMethod.java:132)
		at org.springframework.web.servlet.mvc.method.annotation.ServletInvocableHandlerMethod.invokeAndHandle(ServletInvocableHandlerMethod.java:104)
		at org.springframework.web.servlet.mvc.method.annotation.RequestMappingHandlerAdapter.invokeHandleMethod(RequestMappingHandlerAdapter.java:749)
		at org.springframework.web.servlet.mvc.method.annotation.RequestMappingHandlerAdapter.handleInternal(RequestMappingHandlerAdapter.java:690)
		at org.springframework.web.servlet.mvc.method.AbstractHandlerMethodAdapter.handle(AbstractHandlerMethodAdapter.java:83)
		at org.springframework.web.servlet.DispatcherServlet.doDispatch(DispatcherServlet.java:945)
		at org.springframework.web.servlet.DispatcherServlet.doService(DispatcherServlet.java:876)
		at org.springframework.web.servlet.FrameworkServlet.processRequest(FrameworkServlet.java:961)
		at org.springframework.web.servlet.FrameworkServlet.doGet(FrameworkServlet.java:852)
		at javax.servlet.http.HttpServlet.service(HttpServlet.java:529)
		at org.springframework.web.servlet.FrameworkServlet.service(FrameworkServlet.java:837)
		at javax.servlet.http.HttpServlet.service(HttpServlet.java:623)
		at org.apache.catalina.core.ApplicationFilterChain.internalDoFilter(ApplicationFilterChain.java:197)
		at org.apache.catalina.core.ApplicationFilterChain.doFilter(ApplicationFilterChain.java:142)
		at org.apache.tomcat.websocket.server.WsFilter.doFilter(WsFilter.java:51)
		at org.apache.catalina.core.ApplicationFilterChain.internalDoFilter(ApplicationFilterChain.java:166)
		at org.apache.catalina.core.ApplicationFilterChain.doFilter(ApplicationFilterChain.java:142)
		at com.timmy.util.AuthFilter.doFilter(AuthFilter.java:44)
		at org.apache.catalina.core.ApplicationFilterChain.internalDoFilter(ApplicationFilterChain.java:166)
		at org.apache.catalina.core.ApplicationFilterChain.doFilter(ApplicationFilterChain.java:142)
		at org.springframework.web.filter.CharacterEncodingFilter.doFilterInternal(CharacterEncodingFilter.java:88)
		at org.springframework.web.filter.OncePerRequestFilter.doFilter(OncePerRequestFilter.java:108)
		at org.apache.catalina.core.ApplicationFilterChain.internalDoFilter(ApplicationFilterChain.java:166)
		at org.apache.catalina.core.ApplicationFilterChain.doFilter(ApplicationFilterChain.java:142)
		at org.apache.catalina.core.StandardWrapperValve.invoke(StandardWrapperValve.java:166)
		at org.apache.catalina.core.StandardContextValve.invoke(StandardContextValve.java:88)
		at org.apache.catalina.authenticator.AuthenticatorBase.invoke(AuthenticatorBase.java:491)
		at org.apache.catalina.core.StandardHostValve.invoke(StandardHostValve.java:127)
		at org.apache.catalina.valves.ErrorReportValve.invoke(ErrorReportValve.java:83)
		at org.apache.catalina.valves.AbstractAccessLogValve.invoke(AbstractAccessLogValve.java:643)
		at org.apache.catalina.core.StandardEngineValve.invoke(StandardEngineValve.java:72)
		at org.apache.catalina.connector.CoyoteAdapter.service(CoyoteAdapter.java:344)
		at org.apache.coyote.http11.Http11Processor.service(Http11Processor.java:398)
		at org.apache.coyote.AbstractProcessorLight.process(AbstractProcessorLight.java:63)
		at org.apache.coyote.AbstractProtocol$ConnectionHandler.process(AbstractProtocol.java:939)
		at org.apache.tomcat.util.net.NioEndpoint$SocketProcessor.doRun(NioEndpoint.java:1832)
		at org.apache.tomcat.util.net.SocketProcessorBase.run(SocketProcessorBase.java:52)
		at org.apache.tomcat.util.threads.ThreadPoolExecutor.runWorker(ThreadPoolExecutor.java:973)
		at org.apache.tomcat.util.threads.ThreadPoolExecutor$Worker.run(ThreadPoolExecutor.java:491)
		at org.apache.tomcat.util.threads.TaskThread$WrappingRunnable.run(TaskThread.java:63)
		at java.lang.Thread.run(Unknown Source)
04-Apr-2026 20:41:24.617 SEVERE [http-nio-8080-exec-1] org.apache.catalina.core.StandardWrapperValve.invoke Servlet.service() for servlet [dispatcher] in context with path [/demo] threw exception [Handler processing failed; nested exception is java.lang.NoSuchMethodError: com.timmy.controller.AllController$ProfileImagePayload.<init>(Lcom/timmy/controller/AllController$1;)V] with root cause
	java.lang.NoSuchMethodError: com.timmy.controller.AllController$ProfileImagePayload.<init>(Lcom/timmy/controller/AllController$1;)V
		at com.timmy.controller.AllController.loadProfileImagePayloadByEnrollId(AllController.java:2947)
		at com.timmy.controller.AllController.applyProfileImageFallback(AllController.java:2867)
		at com.timmy.controller.AllController.getLatestLogFromDB(AllController.java:2628)
		at sun.reflect.NativeMethodAccessorImpl.invoke0(Native Method)
		at sun.reflect.NativeMethodAccessorImpl.invoke(Unknown Source)
		at sun.reflect.DelegatingMethodAccessorImpl.invoke(Unknown Source)
		at java.lang.reflect.Method.invoke(Unknown Source)
		at org.springframework.web.method.support.InvocableHandlerMethod.invoke(InvocableHandlerMethod.java:215)
		at org.springframework.web.method.support.InvocableHandlerMethod.invokeForRequest(InvocableHandlerMethod.java:132)
		at org.springframework.web.servlet.mvc.method.annotation.ServletInvocableHandlerMethod.invokeAndHandle(ServletInvocableHandlerMethod.java:104)
		at org.springframework.web.servlet.mvc.method.annotation.RequestMappingHandlerAdapter.invokeHandleMethod(RequestMappingHandlerAdapter.java:749)
		at org.springframework.web.servlet.mvc.method.annotation.RequestMappingHandlerAdapter.handleInternal(RequestMappingHandlerAdapter.java:690)
		at org.springframework.web.servlet.mvc.method.AbstractHandlerMethodAdapter.handle(AbstractHandlerMethodAdapter.java:83)
		at org.springframework.web.servlet.DispatcherServlet.doDispatch(DispatcherServlet.java:945)
		at org.springframework.web.servlet.DispatcherServlet.doService(DispatcherServlet.java:876)
		at org.springframework.web.servlet.FrameworkServlet.processRequest(FrameworkServlet.java:961)
		at org.springframework.web.servlet.FrameworkServlet.doGet(FrameworkServlet.java:852)
		at javax.servlet.http.HttpServlet.service(HttpServlet.java:529)
		at org.springframework.web.servlet.FrameworkServlet.service(FrameworkServlet.java:837)
		at javax.servlet.http.HttpServlet.service(HttpServlet.java:623)
		at org.apache.catalina.core.ApplicationFilterChain.internalDoFilter(ApplicationFilterChain.java:197)
		at org.apache.catalina.core.ApplicationFilterChain.doFilter(ApplicationFilterChain.java:142)
		at org.apache.tomcat.websocket.server.WsFilter.doFilter(WsFilter.java:51)
		at org.apache.catalina.core.ApplicationFilterChain.internalDoFilter(ApplicationFilterChain.java:166)
		at org.apache.catalina.core.ApplicationFilterChain.doFilter(ApplicationFilterChain.java:142)
		at com.timmy.util.AuthFilter.doFilter(AuthFilter.java:44)
		at org.apache.catalina.core.ApplicationFilterChain.internalDoFilter(ApplicationFilterChain.java:166)
		at org.apache.catalina.core.ApplicationFilterChain.doFilter(ApplicationFilterChain.java:142)
		at org.springframework.web.filter.CharacterEncodingFilter.doFilterInternal(CharacterEncodingFilter.java:88)
		at org.springframework.web.filter.OncePerRequestFilter.doFilter(OncePerRequestFilter.java:108)
		at org.apache.catalina.core.ApplicationFilterChain.internalDoFilter(ApplicationFilterChain.java:166)
		at org.apache.catalina.core.ApplicationFilterChain.doFilter(ApplicationFilterChain.java:142)
		at org.apache.catalina.core.StandardWrapperValve.invoke(StandardWrapperValve.java:166)
		at org.apache.catalina.core.StandardContextValve.invoke(StandardContextValve.java:88)
		at org.apache.catalina.authenticator.AuthenticatorBase.invoke(AuthenticatorBase.java:491)
		at org.apache.catalina.core.StandardHostValve.invoke(StandardHostValve.java:127)
		at org.apache.catalina.valves.ErrorReportValve.invoke(ErrorReportValve.java:83)
		at org.apache.catalina.valves.AbstractAccessLogValve.invoke(AbstractAccessLogValve.java:643)
		at org.apache.catalina.core.StandardEngineValve.invoke(StandardEngineValve.java:72)
		at org.apache.catalina.connector.CoyoteAdapter.service(CoyoteAdapter.java:344)
		at org.apache.coyote.http11.Http11Processor.service(Http11Processor.java:398)
		at org.apache.coyote.AbstractProcessorLight.process(AbstractProcessorLight.java:63)
		at org.apache.coyote.AbstractProtocol$ConnectionHandler.process(AbstractProtocol.java:939)
		at org.apache.tomcat.util.net.NioEndpoint$SocketProcessor.doRun(NioEndpoint.java:1832)
		at org.apache.tomcat.util.net.SocketProcessorBase.run(SocketProcessorBase.java:52)
		at org.apache.tomcat.util.threads.ThreadPoolExecutor.runWorker(ThreadPoolExecutor.java:973)
		at org.apache.tomcat.util.threads.ThreadPoolExecutor$Worker.run(ThreadPoolExecutor.java:491)
		at org.apache.tomcat.util.threads.TaskThread$WrappingRunnable.run(TaskThread.java:63)
		at java.lang.Thread.run(Unknown Source)
04-Apr-2026 20:41:51.803 SEVERE [http-nio-8080-exec-6] org.apache.catalina.core.StandardWrapperValve.invoke Servlet.service() for servlet [dispatcher] in context with path [/demo] threw exception [Handler processing failed; nested exception is java.lang.NoSuchMethodError: com.timmy.controller.AllController$ProfileImagePayload.<init>(Lcom/timmy/controller/AllController$1;)V] with root cause
	java.lang.NoSuchMethodError: com.timmy.controller.AllController$ProfileImagePayload.<init>(Lcom/timmy/controller/AllController$1;)V
		at com.timmy.controller.AllController.loadProfileImagePayloadByEnrollId(AllController.java:2947)
		at com.timmy.controller.AllController.applyProfileImageFallback(AllController.java:2867)
		at com.timmy.controller.AllController.getLatestLogFromDB(AllController.java:2628)
		at sun.reflect.NativeMethodAccessorImpl.invoke0(Native Method)
		at sun.reflect.NativeMethodAccessorImpl.invoke(Unknown Source)
		at sun.reflect.DelegatingMethodAccessorImpl.invoke(Unknown Source)
		at java.lang.reflect.Method.invoke(Unknown Source)
		at org.springframework.web.method.support.InvocableHandlerMethod.invoke(InvocableHandlerMethod.java:215)
		at org.springframework.web.method.support.InvocableHandlerMethod.invokeForRequest(InvocableHandlerMethod.java:132)
		at org.springframework.web.servlet.mvc.method.annotation.ServletInvocableHandlerMethod.invokeAndHandle(ServletInvocableHandlerMethod.java:104)
		at org.springframework.web.servlet.mvc.method.annotation.RequestMappingHandlerAdapter.invokeHandleMethod(RequestMappingHandlerAdapter.java:749)
		at org.springframework.web.servlet.mvc.method.annotation.RequestMappingHandlerAdapter.handleInternal(RequestMappingHandlerAdapter.java:690)
		at org.springframework.web.servlet.mvc.method.AbstractHandlerMethodAdapter.handle(AbstractHandlerMethodAdapter.java:83)
		at org.springframework.web.servlet.DispatcherServlet.doDispatch(DispatcherServlet.java:945)
		at org.springframework.web.servlet.DispatcherServlet.doService(DispatcherServlet.java:876)
		at org.springframework.web.servlet.FrameworkServlet.processRequest(FrameworkServlet.java:961)
		at org.springframework.web.servlet.FrameworkServlet.doGet(FrameworkServlet.java:852)
		at javax.servlet.http.HttpServlet.service(HttpServlet.java:529)
		at org.springframework.web.servlet.FrameworkServlet.service(FrameworkServlet.java:837)
		at javax.servlet.http.HttpServlet.service(HttpServlet.java:623)
		at org.apache.catalina.core.ApplicationFilterChain.internalDoFilter(ApplicationFilterChain.java:197)
		at org.apache.catalina.core.ApplicationFilterChain.doFilter(ApplicationFilterChain.java:142)
		at org.apache.tomcat.websocket.server.WsFilter.doFilter(WsFilter.java:51)
		at org.apache.catalina.core.ApplicationFilterChain.internalDoFilter(ApplicationFilterChain.java:166)
		at org.apache.catalina.core.ApplicationFilterChain.doFilter(ApplicationFilterChain.java:142)
		at com.timmy.util.AuthFilter.doFilter(AuthFilter.java:44)
		at org.apache.catalina.core.ApplicationFilterChain.internalDoFilter(ApplicationFilterChain.java:166)
		at org.apache.catalina.core.ApplicationFilterChain.doFilter(ApplicationFilterChain.java:142)
		at org.springframework.web.filter.CharacterEncodingFilter.doFilterInternal(CharacterEncodingFilter.java:88)
		at org.springframework.web.filter.OncePerRequestFilter.doFilter(OncePerRequestFilter.java:108)
		at org.apache.catalina.core.ApplicationFilterChain.internalDoFilter(ApplicationFilterChain.java:166)
		at org.apache.catalina.core.ApplicationFilterChain.doFilter(ApplicationFilterChain.java:142)
		at org.apache.catalina.core.StandardWrapperValve.invoke(StandardWrapperValve.java:166)
		at org.apache.catalina.core.StandardContextValve.invoke(StandardContextValve.java:88)
		at org.apache.catalina.authenticator.AuthenticatorBase.invoke(AuthenticatorBase.java:491)
		at org.apache.catalina.core.StandardHostValve.invoke(StandardHostValve.java:127)
		at org.apache.catalina.valves.ErrorReportValve.invoke(ErrorReportValve.java:83)
		at org.apache.catalina.valves.AbstractAccessLogValve.invoke(AbstractAccessLogValve.java:643)
		at org.apache.catalina.core.StandardEngineValve.invoke(StandardEngineValve.java:72)
		at org.apache.catalina.connector.CoyoteAdapter.service(CoyoteAdapter.java:344)
		at org.apache.coyote.http11.Http11Processor.service(Http11Processor.java:398)
		at org.apache.coyote.AbstractProcessorLight.process(AbstractProcessorLight.java:63)
		at org.apache.coyote.AbstractProtocol$ConnectionHandler.process(AbstractProtocol.java:939)
		at org.apache.tomcat.util.net.NioEndpoint$SocketProcessor.doRun(NioEndpoint.java:1832)
		at org.apache.tomcat.util.net.SocketProcessorBase.run(SocketProcessorBase.java:52)
		at org.apache.tomcat.util.threads.ThreadPoolExecutor.runWorker(ThreadPoolExecutor.java:973)
		at org.apache.tomcat.util.threads.ThreadPoolExecutor$Worker.run(ThreadPoolExecutor.java:491)
		at org.apache.tomcat.util.threads.TaskThread$WrappingRunnable.run(TaskThread.java:63)
		at java.lang.Thread.run(Unknown Source)
04-Apr-2026 20:41:56.795 SEVERE [http-nio-8080-exec-9] org.apache.catalina.core.StandardWrapperValve.invoke Servlet.service() for servlet [dispatcher] in context with path [/demo] threw exception [Handler processing failed; nested exception is java.lang.NoSuchMethodError: com.timmy.controller.AllController$ProfileImagePayload.<init>(Lcom/timmy/controller/AllController$1;)V] with root cause
	java.lang.NoSuchMethodError: com.timmy.controller.AllController$ProfileImagePayload.<init>(Lcom/timmy/controller/AllController$1;)V
		at com.timmy.controller.AllController.loadProfileImagePayloadByEnrollId(AllController.java:2947)
		at com.timmy.controller.AllController.applyProfileImageFallback(AllController.java:2867)
		at com.timmy.controller.AllController.getLatestLogFromDB(AllController.java:2628)
		at sun.reflect.NativeMethodAccessorImpl.invoke0(Native Method)
		at sun.reflect.NativeMethodAccessorImpl.invoke(Unknown Source)
		at sun.reflect.DelegatingMethodAccessorImpl.invoke(Unknown Source)
		at java.lang.reflect.Method.invoke(Unknown Source)
		at org.springframework.web.method.support.InvocableHandlerMethod.invoke(InvocableHandlerMethod.java:215)
		at org.springframework.web.method.support.InvocableHandlerMethod.invokeForRequest(InvocableHandlerMethod.java:132)
		at org.springframework.web.servlet.mvc.method.annotation.ServletInvocableHandlerMethod.invokeAndHandle(ServletInvocableHandlerMethod.java:104)
		at org.springframework.web.servlet.mvc.method.annotation.RequestMappingHandlerAdapter.invokeHandleMethod(RequestMappingHandlerAdapter.java:749)
		at org.springframework.web.servlet.mvc.method.annotation.RequestMappingHandlerAdapter.handleInternal(RequestMappingHandlerAdapter.java:690)
		at org.springframework.web.servlet.mvc.method.AbstractHandlerMethodAdapter.handle(AbstractHandlerMethodAdapter.java:83)
		at org.springframework.web.servlet.DispatcherServlet.doDispatch(DispatcherServlet.java:945)
		at org.springframework.web.servlet.DispatcherServlet.doService(DispatcherServlet.java:876)
		at org.springframework.web.servlet.FrameworkServlet.processRequest(FrameworkServlet.java:961)
		at org.springframework.web.servlet.FrameworkServlet.doGet(FrameworkServlet.java:852)
		at javax.servlet.http.HttpServlet.service(HttpServlet.java:529)
		at org.springframework.web.servlet.FrameworkServlet.service(FrameworkServlet.java:837)
		at javax.servlet.http.HttpServlet.service(HttpServlet.java:623)
		at org.apache.catalina.core.ApplicationFilterChain.internalDoFilter(ApplicationFilterChain.java:197)
		at org.apache.catalina.core.ApplicationFilterChain.doFilter(ApplicationFilterChain.java:142)
		at org.apache.tomcat.websocket.server.WsFilter.doFilter(WsFilter.java:51)
		at org.apache.catalina.core.ApplicationFilterChain.internalDoFilter(ApplicationFilterChain.java:166)
		at org.apache.catalina.core.ApplicationFilterChain.doFilter(ApplicationFilterChain.java:142)
		at com.timmy.util.AuthFilter.doFilter(AuthFilter.java:44)
		at org.apache.catalina.core.ApplicationFilterChain.internalDoFilter(ApplicationFilterChain.java:166)
		at org.apache.catalina.core.ApplicationFilterChain.doFilter(ApplicationFilterChain.java:142)
		at org.springframework.web.filter.CharacterEncodingFilter.doFilterInternal(CharacterEncodingFilter.java:88)
		at org.springframework.web.filter.OncePerRequestFilter.doFilter(OncePerRequestFilter.java:108)
		at org.apache.catalina.core.ApplicationFilterChain.internalDoFilter(ApplicationFilterChain.java:166)
		at org.apache.catalina.core.ApplicationFilterChain.doFilter(ApplicationFilterChain.java:142)
		at org.apache.catalina.core.StandardWrapperValve.invoke(StandardWrapperValve.java:166)
		at org.apache.catalina.core.StandardContextValve.invoke(StandardContextValve.java:88)
		at org.apache.catalina.authenticator.AuthenticatorBase.invoke(AuthenticatorBase.java:491)
		at org.apache.catalina.core.StandardHostValve.invoke(StandardHostValve.java:127)
		at org.apache.catalina.valves.ErrorReportValve.invoke(ErrorReportValve.java:83)
		at org.apache.catalina.valves.AbstractAccessLogValve.invoke(AbstractAccessLogValve.java:643)
		at org.apache.catalina.core.StandardEngineValve.invoke(StandardEngineValve.java:72)
		at org.apache.catalina.connector.CoyoteAdapter.service(CoyoteAdapter.java:344)
		at org.apache.coyote.http11.Http11Processor.service(Http11Processor.java:398)
		at org.apache.coyote.AbstractProcessorLight.process(AbstractProcessorLight.java:63)
		at org.apache.coyote.AbstractProtocol$ConnectionHandler.process(AbstractProtocol.java:939)
		at org.apache.tomcat.util.net.NioEndpoint$SocketProcessor.doRun(NioEndpoint.java:1832)
		at org.apache.tomcat.util.net.SocketProcessorBase.run(SocketProcessorBase.java:52)
		at org.apache.tomcat.util.threads.ThreadPoolExecutor.runWorker(ThreadPoolExecutor.java:973)
		at org.apache.tomcat.util.threads.ThreadPoolExecutor$Worker.run(ThreadPoolExecutor.java:491)
		at org.apache.tomcat.util.threads.TaskThread$WrappingRunnable.run(TaskThread.java:63)
		at java.lang.Thread.run(Unknown Source)
04-Apr-2026 20:42:01.836 SEVERE [http-nio-8080-exec-8] org.apache.catalina.core.StandardWrapperValve.invoke Servlet.service() for servlet [dispatcher] in context with path [/demo] threw exception [Handler processing failed; nested exception is java.lang.NoSuchMethodError: com.timmy.controller.AllController$ProfileImagePayload.<init>(Lcom/timmy/controller/AllController$1;)V] with root cause
	java.lang.NoSuchMethodError: com.timmy.controller.AllController$ProfileImagePayload.<init>(Lcom/timmy/controller/AllController$1;)V
		at com.timmy.controller.AllController.loadProfileImagePayloadByEnrollId(AllController.java:2947)
		at com.timmy.controller.AllController.applyProfileImageFallback(AllController.java:2867)
		at com.timmy.controller.AllController.getLatestLogFromDB(AllController.java:2628)
		at sun.reflect.NativeMethodAccessorImpl.invoke0(Native Method)
		at sun.reflect.NativeMethodAccessorImpl.invoke(Unknown Source)
		at sun.reflect.DelegatingMethodAccessorImpl.invoke(Unknown Source)
		at java.lang.reflect.Method.invoke(Unknown Source)
		at org.springframework.web.method.support.InvocableHandlerMethod.invoke(InvocableHandlerMethod.java:215)
		at org.springframework.web.method.support.InvocableHandlerMethod.invokeForRequest(InvocableHandlerMethod.java:132)
		at org.springframework.web.servlet.mvc.method.annotation.ServletInvocableHandlerMethod.invokeAndHandle(ServletInvocableHandlerMethod.java:104)
		at org.springframework.web.servlet.mvc.method.annotation.RequestMappingHandlerAdapter.invokeHandleMethod(RequestMappingHandlerAdapter.java:749)
		at org.springframework.web.servlet.mvc.method.annotation.RequestMappingHandlerAdapter.handleInternal(RequestMappingHandlerAdapter.java:690)
		at org.springframework.web.servlet.mvc.method.AbstractHandlerMethodAdapter.handle(AbstractHandlerMethodAdapter.java:83)
		at org.springframework.web.servlet.DispatcherServlet.doDispatch(DispatcherServlet.java:945)
		at org.springframework.web.servlet.DispatcherServlet.doService(DispatcherServlet.java:876)
		at org.springframework.web.servlet.FrameworkServlet.processRequest(FrameworkServlet.java:961)
		at org.springframework.web.servlet.FrameworkServlet.doGet(FrameworkServlet.java:852)
		at javax.servlet.http.HttpServlet.service(HttpServlet.java:529)
		at org.springframework.web.servlet.FrameworkServlet.service(FrameworkServlet.java:837)
		at javax.servlet.http.HttpServlet.service(HttpServlet.java:623)
		at org.apache.catalina.core.ApplicationFilterChain.internalDoFilter(ApplicationFilterChain.java:197)
		at org.apache.catalina.core.ApplicationFilterChain.doFilter(ApplicationFilterChain.java:142)
		at org.apache.tomcat.websocket.server.WsFilter.doFilter(WsFilter.java:51)
		at org.apache.catalina.core.ApplicationFilterChain.internalDoFilter(ApplicationFilterChain.java:166)
		at org.apache.catalina.core.ApplicationFilterChain.doFilter(ApplicationFilterChain.java:142)
		at com.timmy.util.AuthFilter.doFilter(AuthFilter.java:44)
		at org.apache.catalina.core.ApplicationFilterChain.internalDoFilter(ApplicationFilterChain.java:166)
		at org.apache.catalina.core.ApplicationFilterChain.doFilter(ApplicationFilterChain.java:142)
		at org.springframework.web.filter.CharacterEncodingFilter.doFilterInternal(CharacterEncodingFilter.java:88)
		at org.springframework.web.filter.OncePerRequestFilter.doFilter(OncePerRequestFilter.java:108)
		at org.apache.catalina.core.ApplicationFilterChain.internalDoFilter(ApplicationFilterChain.java:166)
		at org.apache.catalina.core.ApplicationFilterChain.doFilter(ApplicationFilterChain.java:142)
		at org.apache.catalina.core.StandardWrapperValve.invoke(StandardWrapperValve.java:166)
		at org.apache.catalina.core.StandardContextValve.invoke(StandardContextValve.java:88)
		at org.apache.catalina.authenticator.AuthenticatorBase.invoke(AuthenticatorBase.java:491)
		at org.apache.catalina.core.StandardHostValve.invoke(StandardHostValve.java:127)
		at org.apache.catalina.valves.ErrorReportValve.invoke(ErrorReportValve.java:83)
		at org.apache.catalina.valves.AbstractAccessLogValve.invoke(AbstractAccessLogValve.java:643)
		at org.apache.catalina.core.StandardEngineValve.invoke(StandardEngineValve.java:72)
		at org.apache.catalina.connector.CoyoteAdapter.service(CoyoteAdapter.java:344)
		at org.apache.coyote.http11.Http11Processor.service(Http11Processor.java:398)
		at org.apache.coyote.AbstractProcessorLight.process(AbstractProcessorLight.java:63)
		at org.apache.coyote.AbstractProtocol$ConnectionHandler.process(AbstractProtocol.java:939)
		at org.apache.tomcat.util.net.NioEndpoint$SocketProcessor.doRun(NioEndpoint.java:1832)
		at org.apache.tomcat.util.net.SocketProcessorBase.run(SocketProcessorBase.java:52)
		at org.apache.tomcat.util.threads.ThreadPoolExecutor.runWorker(ThreadPoolExecutor.java:973)
		at org.apache.tomcat.util.threads.ThreadPoolExecutor$Worker.run(ThreadPoolExecutor.java:491)
		at org.apache.tomcat.util.threads.TaskThread$WrappingRunnable.run(TaskThread.java:63)
		at java.lang.Thread.run(Unknown Source)
04-Apr-2026 20:42:03.947 SEVERE [http-nio-8080-exec-2] org.apache.catalina.core.StandardWrapperValve.invoke Servlet.service() for servlet [dispatcher] in context with path [/demo] threw exception [Handler processing failed; nested exception is java.lang.NoSuchMethodError: com.timmy.controller.AllController$ProfileImagePayload.<init>(Lcom/timmy/controller/AllController$1;)V] with root cause
	java.lang.NoSuchMethodError: com.timmy.controller.AllController$ProfileImagePayload.<init>(Lcom/timmy/controller/AllController$1;)V
		at com.timmy.controller.AllController.loadProfileImagePayloadByEnrollId(AllController.java:2947)
		at com.timmy.controller.AllController.applyProfileImageFallback(AllController.java:2867)
		at com.timmy.controller.AllController.getLatestLogFromDB(AllController.java:2628)
		at sun.reflect.NativeMethodAccessorImpl.invoke0(Native Method)
		at sun.reflect.NativeMethodAccessorImpl.invoke(Unknown Source)
		at sun.reflect.DelegatingMethodAccessorImpl.invoke(Unknown Source)
		at java.lang.reflect.Method.invoke(Unknown Source)
		at org.springframework.web.method.support.InvocableHandlerMethod.invoke(InvocableHandlerMethod.java:215)
		at org.springframework.web.method.support.InvocableHandlerMethod.invokeForRequest(InvocableHandlerMethod.java:132)
		at org.springframework.web.servlet.mvc.method.annotation.ServletInvocableHandlerMethod.invokeAndHandle(ServletInvocableHandlerMethod.java:104)
		at org.springframework.web.servlet.mvc.method.annotation.RequestMappingHandlerAdapter.invokeHandleMethod(RequestMappingHandlerAdapter.java:749)
		at org.springframework.web.servlet.mvc.method.annotation.RequestMappingHandlerAdapter.handleInternal(RequestMappingHandlerAdapter.java:690)
		at org.springframework.web.servlet.mvc.method.AbstractHandlerMethodAdapter.handle(AbstractHandlerMethodAdapter.java:83)
		at org.springframework.web.servlet.DispatcherServlet.doDispatch(DispatcherServlet.java:945)
		at org.springframework.web.servlet.DispatcherServlet.doService(DispatcherServlet.java:876)
		at org.springframework.web.servlet.FrameworkServlet.processRequest(FrameworkServlet.java:961)
		at org.springframework.web.servlet.FrameworkServlet.doGet(FrameworkServlet.java:852)
		at javax.servlet.http.HttpServlet.service(HttpServlet.java:529)
		at org.springframework.web.servlet.FrameworkServlet.service(FrameworkServlet.java:837)
		at javax.servlet.http.HttpServlet.service(HttpServlet.java:623)
		at org.apache.catalina.core.ApplicationFilterChain.internalDoFilter(ApplicationFilterChain.java:197)
		at org.apache.catalina.core.ApplicationFilterChain.doFilter(ApplicationFilterChain.java:142)
		at org.apache.tomcat.websocket.server.WsFilter.doFilter(WsFilter.java:51)
		at org.apache.catalina.core.ApplicationFilterChain.internalDoFilter(ApplicationFilterChain.java:166)
		at org.apache.catalina.core.ApplicationFilterChain.doFilter(ApplicationFilterChain.java:142)
		at com.timmy.util.AuthFilter.doFilter(AuthFilter.java:44)
		at org.apache.catalina.core.ApplicationFilterChain.internalDoFilter(ApplicationFilterChain.java:166)
		at org.apache.catalina.core.ApplicationFilterChain.doFilter(ApplicationFilterChain.java:142)
		at org.springframework.web.filter.CharacterEncodingFilter.doFilterInternal(CharacterEncodingFilter.java:88)
		at org.springframework.web.filter.OncePerRequestFilter.doFilter(OncePerRequestFilter.java:108)
		at org.apache.catalina.core.ApplicationFilterChain.internalDoFilter(ApplicationFilterChain.java:166)
		at org.apache.catalina.core.ApplicationFilterChain.doFilter(ApplicationFilterChain.java:142)
		at org.apache.catalina.core.StandardWrapperValve.invoke(StandardWrapperValve.java:166)
		at org.apache.catalina.core.StandardContextValve.invoke(StandardContextValve.java:88)
		at org.apache.catalina.authenticator.AuthenticatorBase.invoke(AuthenticatorBase.java:491)
		at org.apache.catalina.core.StandardHostValve.invoke(StandardHostValve.java:127)
		at org.apache.catalina.valves.ErrorReportValve.invoke(ErrorReportValve.java:83)
		at org.apache.catalina.valves.AbstractAccessLogValve.invoke(AbstractAccessLogValve.java:643)
		at org.apache.catalina.core.StandardEngineValve.invoke(StandardEngineValve.java:72)
		at org.apache.catalina.connector.CoyoteAdapter.service(CoyoteAdapter.java:344)
		at org.apache.coyote.http11.Http11Processor.service(Http11Processor.java:398)
		at org.apache.coyote.AbstractProcessorLight.process(AbstractProcessorLight.java:63)
		at org.apache.coyote.AbstractProtocol$ConnectionHandler.process(AbstractProtocol.java:939)
		at org.apache.tomcat.util.net.NioEndpoint$SocketProcessor.doRun(NioEndpoint.java:1832)
		at org.apache.tomcat.util.net.SocketProcessorBase.run(SocketProcessorBase.java:52)
		at org.apache.tomcat.util.threads.ThreadPoolExecutor.runWorker(ThreadPoolExecutor.java:973)
		at org.apache.tomcat.util.threads.ThreadPoolExecutor$Worker.run(ThreadPoolExecutor.java:491)
		at org.apache.tomcat.util.threads.TaskThread$WrappingRunnable.run(TaskThread.java:63)
		at java.lang.Thread.run(Unknown Source)
