30-Mar-2026 09:40:38.130 SEVERE [http-nio-8080-exec-20] org.apache.catalina.core.StandardWrapperValve.invoke Servlet.service() for servlet [dispatcher] in context with path [/demo] threw exception [Request processing failed; nested exception is org.springframework.jdbc.CannotGetJdbcConnectionException: Could not get JDBC Connection; nested exception is org.apache.commons.dbcp.SQLNestedException: Cannot get a connection, pool error Timeout waiting for idle object] with root cause
	java.util.NoSuchElementException: Timeout waiting for idle object
		at org.apache.commons.pool.impl.GenericObjectPool.borrowObject(GenericObjectPool.java:825)
		at org.apache.commons.dbcp.PoolingDataSource.getConnection(PoolingDataSource.java:96)
		at org.apache.commons.dbcp.BasicDataSource.getConnection(BasicDataSource.java:880)
		at com.timmy.datasource.SqlServerAwareDataSource.getConnection(SqlServerAwareDataSource.java:32)
		at org.springframework.jdbc.datasource.DataSourceUtils.doGetConnection(DataSourceUtils.java:111)
		at org.springframework.jdbc.datasource.DataSourceUtils.getConnection(DataSourceUtils.java:77)
		at org.springframework.jdbc.core.JdbcTemplate.execute(JdbcTemplate.java:628)
		at org.springframework.jdbc.core.JdbcTemplate.query(JdbcTemplate.java:693)
		at org.springframework.jdbc.core.JdbcTemplate.query(JdbcTemplate.java:725)
		at org.springframework.jdbc.core.JdbcTemplate.query(JdbcTemplate.java:735)
		at org.springframework.jdbc.core.JdbcTemplate.queryForObject(JdbcTemplate.java:803)
		at org.springframework.jdbc.core.JdbcTemplate.queryForObject(JdbcTemplate.java:822)
		at com.timmy.controller.AllController.getLatestLogFromDB(AllController.java:2467)
		at sun.reflect.GeneratedMethodAccessor160.invoke(Unknown Source)
		at sun.reflect.DelegatingMethodAccessorImpl.invoke(Unknown Source)
		at java.lang.reflect.Method.invoke(Unknown Source)
		at org.springframework.web.method.support.InvocableHandlerMethod.invoke(InvocableHandlerMethod.java:215)
		at org.springframework.web.method.support.InvocableHandlerMethod.invokeForRequest(InvocableHandlerMethod.java:132)
		at org.springframework.web.servlet.mvc.method.annotation.ServletInvocableHandlerMethod.invokeAndHandle(ServletInvocableHandlerMethod.java:104)
		at org.springframework.web.servlet.mvc.method.annotation.RequestMappingHandlerAdapter.invokeHandleMethod(RequestMappingHandlerAdapter.java:749)
		at org.springframework.web.servlet.mvc.method.annotation.RequestMappingHandlerAdapter.handleInternal(RequestMappingHandlerAdapter.java:690)
		at org.springframework.web.servlet.mvc.method.AbstractHandlerMethodAdapter.handle(AbstractHandlerMethodAdapter.java:83)
		at org.springframework.web.servlet.DispatcherServlet.doDispatch(DispatcherServlet.java:945)
		at org.springframework.web.servlet.DispatcherServlet.doService(DispatcherServlet.java:876)
		at org.springframework.web.servlet.FrameworkServlet.processRequest(FrameworkServlet.java:961)
		at org.springframework.web.servlet.FrameworkServlet.doGet(FrameworkServlet.java:852)
		at javax.servlet.http.HttpServlet.service(HttpServlet.java:529)
		at org.springframework.web.servlet.FrameworkServlet.service(FrameworkServlet.java:837)
		at javax.servlet.http.HttpServlet.service(HttpServlet.java:623)
		at org.apache.catalina.core.ApplicationFilterChain.internalDoFilter(ApplicationFilterChain.java:197)
		at org.apache.catalina.core.ApplicationFilterChain.doFilter(ApplicationFilterChain.java:142)
		at org.apache.tomcat.websocket.server.WsFilter.doFilter(WsFilter.java:51)
		at org.apache.catalina.core.ApplicationFilterChain.internalDoFilter(ApplicationFilterChain.java:166)
		at org.apache.catalina.core.ApplicationFilterChain.doFilter(ApplicationFilterChain.java:142)
		at com.timmy.util.AuthFilter.doFilter(AuthFilter.java:44)
		at org.apache.catalina.core.ApplicationFilterChain.internalDoFilter(ApplicationFilterChain.java:166)
		at org.apache.catalina.core.ApplicationFilterChain.doFilter(ApplicationFilterChain.java:142)
		at org.springframework.web.filter.CharacterEncodingFilter.doFilterInternal(CharacterEncodingFilter.java:88)
		at org.springframework.web.filter.OncePerRequestFilter.doFilter(OncePerRequestFilter.java:108)
		at org.apache.catalina.core.ApplicationFilterChain.internalDoFilter(ApplicationFilterChain.java:166)
		at org.apache.catalina.core.ApplicationFilterChain.doFilter(ApplicationFilterChain.java:142)
		at org.apache.catalina.core.StandardWrapperValve.invoke(StandardWrapperValve.java:166)
		at org.apache.catalina.core.StandardContextValve.invoke(StandardContextValve.java:88)
		at org.apache.catalina.authenticator.AuthenticatorBase.invoke(AuthenticatorBase.java:491)
		at org.apache.catalina.core.StandardHostValve.invoke(StandardHostValve.java:127)
		at org.apache.catalina.valves.ErrorReportValve.invoke(ErrorReportValve.java:83)
		at org.apache.catalina.valves.AbstractAccessLogValve.invoke(AbstractAccessLogValve.java:643)
		at org.apache.catalina.core.StandardEngineValve.invoke(StandardEngineValve.java:72)
		at org.apache.catalina.connector.CoyoteAdapter.service(CoyoteAdapter.java:344)
		at org.apache.coyote.http11.Http11Processor.service(Http11Processor.java:398)
		at org.apache.coyote.AbstractProcessorLight.process(AbstractProcessorLight.java:63)
		at org.apache.coyote.AbstractProtocol$ConnectionHandler.process(AbstractProtocol.java:939)
		at org.apache.tomcat.util.net.NioEndpoint$SocketProcessor.doRun(NioEndpoint.java:1832)
		at org.apache.tomcat.util.net.SocketProcessorBase.run(SocketProcessorBase.java:52)
		at org.apache.tomcat.util.threads.ThreadPoolExecutor.runWorker(ThreadPoolExecutor.java:973)
		at org.apache.tomcat.util.threads.ThreadPoolExecutor$Worker.run(ThreadPoolExecutor.java:491)
		at org.apache.tomcat.util.threads.TaskThread$WrappingRunnable.run(TaskThread.java:63)
		at java.lang.Thread.run(Unknown Source)
30-Mar-2026 09:40:43.122 SEVERE [http-nio-8080-exec-21] org.apache.catalina.core.StandardWrapperValve.invoke Servlet.service() for servlet [dispatcher] in context with path [/demo] threw exception [Request processing failed; nested exception is org.springframework.jdbc.CannotGetJdbcConnectionException: Could not get JDBC Connection; nested exception is org.apache.commons.dbcp.SQLNestedException: Cannot get a connection, pool error Timeout waiting for idle object] with root cause
	java.util.NoSuchElementException: Timeout waiting for idle object
		at org.apache.commons.pool.impl.GenericObjectPool.borrowObject(GenericObjectPool.java:825)
		at org.apache.commons.dbcp.PoolingDataSource.getConnection(PoolingDataSource.java:96)
		at org.apache.commons.dbcp.BasicDataSource.getConnection(BasicDataSource.java:880)
		at com.timmy.datasource.SqlServerAwareDataSource.getConnection(SqlServerAwareDataSource.java:32)
		at org.springframework.jdbc.datasource.DataSourceUtils.doGetConnection(DataSourceUtils.java:111)
		at org.springframework.jdbc.datasource.DataSourceUtils.getConnection(DataSourceUtils.java:77)
		at org.springframework.jdbc.core.JdbcTemplate.execute(JdbcTemplate.java:628)
		at org.springframework.jdbc.core.JdbcTemplate.query(JdbcTemplate.java:693)
		at org.springframework.jdbc.core.JdbcTemplate.query(JdbcTemplate.java:725)
		at org.springframework.jdbc.core.JdbcTemplate.query(JdbcTemplate.java:735)
		at org.springframework.jdbc.core.JdbcTemplate.queryForObject(JdbcTemplate.java:803)
		at org.springframework.jdbc.core.JdbcTemplate.queryForObject(JdbcTemplate.java:822)
		at com.timmy.controller.AllController.getLatestLogFromDB(AllController.java:2467)
		at sun.reflect.GeneratedMethodAccessor160.invoke(Unknown Source)
		at sun.reflect.DelegatingMethodAccessorImpl.invoke(Unknown Source)
		at java.lang.reflect.Method.invoke(Unknown Source)
		at org.springframework.web.method.support.InvocableHandlerMethod.invoke(InvocableHandlerMethod.java:215)
		at org.springframework.web.method.support.InvocableHandlerMethod.invokeForRequest(InvocableHandlerMethod.java:132)
		at org.springframework.web.servlet.mvc.method.annotation.ServletInvocableHandlerMethod.invokeAndHandle(ServletInvocableHandlerMethod.java:104)
		at org.springframework.web.servlet.mvc.method.annotation.RequestMappingHandlerAdapter.invokeHandleMethod(RequestMappingHandlerAdapter.java:749)
		at org.springframework.web.servlet.mvc.method.annotation.RequestMappingHandlerAdapter.handleInternal(RequestMappingHandlerAdapter.java:690)
		at org.springframework.web.servlet.mvc.method.AbstractHandlerMethodAdapter.handle(AbstractHandlerMethodAdapter.java:83)
		at org.springframework.web.servlet.DispatcherServlet.doDispatch(DispatcherServlet.java:945)
		at org.springframework.web.servlet.DispatcherServlet.doService(DispatcherServlet.java:876)
		at org.springframework.web.servlet.FrameworkServlet.processRequest(FrameworkServlet.java:961)
		at org.springframework.web.servlet.FrameworkServlet.doGet(FrameworkServlet.java:852)
		at javax.servlet.http.HttpServlet.service(HttpServlet.java:529)
		at org.springframework.web.servlet.FrameworkServlet.service(FrameworkServlet.java:837)
		at javax.servlet.http.HttpServlet.service(HttpServlet.java:623)
		at org.apache.catalina.core.ApplicationFilterChain.internalDoFilter(ApplicationFilterChain.java:197)
		at org.apache.catalina.core.ApplicationFilterChain.doFilter(ApplicationFilterChain.java:142)
		at org.apache.tomcat.websocket.server.WsFilter.doFilter(WsFilter.java:51)
		at org.apache.catalina.core.ApplicationFilterChain.internalDoFilter(ApplicationFilterChain.java:166)
		at org.apache.catalina.core.ApplicationFilterChain.doFilter(ApplicationFilterChain.java:142)
		at com.timmy.util.AuthFilter.doFilter(AuthFilter.java:44)
		at org.apache.catalina.core.ApplicationFilterChain.internalDoFilter(ApplicationFilterChain.java:166)
		at org.apache.catalina.core.ApplicationFilterChain.doFilter(ApplicationFilterChain.java:142)
		at org.springframework.web.filter.CharacterEncodingFilter.doFilterInternal(CharacterEncodingFilter.java:88)
		at org.springframework.web.filter.OncePerRequestFilter.doFilter(OncePerRequestFilter.java:108)
		at org.apache.catalina.core.ApplicationFilterChain.internalDoFilter(ApplicationFilterChain.java:166)
		at org.apache.catalina.core.ApplicationFilterChain.doFilter(ApplicationFilterChain.java:142)
		at org.apache.catalina.core.StandardWrapperValve.invoke(StandardWrapperValve.java:166)
		at org.apache.catalina.core.StandardContextValve.invoke(StandardContextValve.java:88)
		at org.apache.catalina.authenticator.AuthenticatorBase.invoke(AuthenticatorBase.java:491)
		at org.apache.catalina.core.StandardHostValve.invoke(StandardHostValve.java:127)
		at org.apache.catalina.valves.ErrorReportValve.invoke(ErrorReportValve.java:83)
		at org.apache.catalina.valves.AbstractAccessLogValve.invoke(AbstractAccessLogValve.java:643)
		at org.apache.catalina.core.StandardEngineValve.invoke(StandardEngineValve.java:72)
		at org.apache.catalina.connector.CoyoteAdapter.service(CoyoteAdapter.java:344)
		at org.apache.coyote.http11.Http11Processor.service(Http11Processor.java:398)
		at org.apache.coyote.AbstractProcessorLight.process(AbstractProcessorLight.java:63)
		at org.apache.coyote.AbstractProtocol$ConnectionHandler.process(AbstractProtocol.java:939)
		at org.apache.tomcat.util.net.NioEndpoint$SocketProcessor.doRun(NioEndpoint.java:1832)
		at org.apache.tomcat.util.net.SocketProcessorBase.run(SocketProcessorBase.java:52)
		at org.apache.tomcat.util.threads.ThreadPoolExecutor.runWorker(ThreadPoolExecutor.java:973)
		at org.apache.tomcat.util.threads.ThreadPoolExecutor$Worker.run(ThreadPoolExecutor.java:491)
		at org.apache.tomcat.util.threads.TaskThread$WrappingRunnable.run(TaskThread.java:63)
		at java.lang.Thread.run(Unknown Source)
30-Mar-2026 09:40:48.192 SEVERE [http-nio-8080-exec-22] org.apache.catalina.core.StandardWrapperValve.invoke Servlet.service() for servlet [dispatcher] in context with path [/demo] threw exception [Request processing failed; nested exception is org.springframework.jdbc.CannotGetJdbcConnectionException: Could not get JDBC Connection; nested exception is org.apache.commons.dbcp.SQLNestedException: Cannot get a connection, pool error Timeout waiting for idle object] with root cause
	java.util.NoSuchElementException: Timeout waiting for idle object
		at org.apache.commons.pool.impl.GenericObjectPool.borrowObject(GenericObjectPool.java:825)
		at org.apache.commons.dbcp.PoolingDataSource.getConnection(PoolingDataSource.java:96)
		at org.apache.commons.dbcp.BasicDataSource.getConnection(BasicDataSource.java:880)
		at com.timmy.datasource.SqlServerAwareDataSource.getConnection(SqlServerAwareDataSource.java:32)
		at org.springframework.jdbc.datasource.DataSourceUtils.doGetConnection(DataSourceUtils.java:111)
		at org.springframework.jdbc.datasource.DataSourceUtils.getConnection(DataSourceUtils.java:77)
		at org.springframework.jdbc.core.JdbcTemplate.execute(JdbcTemplate.java:628)
		at org.springframework.jdbc.core.JdbcTemplate.query(JdbcTemplate.java:693)
		at org.springframework.jdbc.core.JdbcTemplate.query(JdbcTemplate.java:725)
		at org.springframework.jdbc.core.JdbcTemplate.query(JdbcTemplate.java:735)
		at org.springframework.jdbc.core.JdbcTemplate.queryForObject(JdbcTemplate.java:803)
		at org.springframework.jdbc.core.JdbcTemplate.queryForObject(JdbcTemplate.java:822)
		at com.timmy.controller.AllController.getLatestLogFromDB(AllController.java:2467)
		at sun.reflect.GeneratedMethodAccessor160.invoke(Unknown Source)
		at sun.reflect.DelegatingMethodAccessorImpl.invoke(Unknown Source)
		at java.lang.reflect.Method.invoke(Unknown Source)
		at org.springframework.web.method.support.InvocableHandlerMethod.invoke(InvocableHandlerMethod.java:215)
		at org.springframework.web.method.support.InvocableHandlerMethod.invokeForRequest(InvocableHandlerMethod.java:132)
		at org.springframework.web.servlet.mvc.method.annotation.ServletInvocableHandlerMethod.invokeAndHandle(ServletInvocableHandlerMethod.java:104)
		at org.springframework.web.servlet.mvc.method.annotation.RequestMappingHandlerAdapter.invokeHandleMethod(RequestMappingHandlerAdapter.java:749)
		at org.springframework.web.servlet.mvc.method.annotation.RequestMappingHandlerAdapter.handleInternal(RequestMappingHandlerAdapter.java:690)
		at org.springframework.web.servlet.mvc.method.AbstractHandlerMethodAdapter.handle(AbstractHandlerMethodAdapter.java:83)
		at org.springframework.web.servlet.DispatcherServlet.doDispatch(DispatcherServlet.java:945)
		at org.springframework.web.servlet.DispatcherServlet.doService(DispatcherServlet.java:876)
		at org.springframework.web.servlet.FrameworkServlet.processRequest(FrameworkServlet.java:961)
		at org.springframework.web.servlet.FrameworkServlet.doGet(FrameworkServlet.java:852)
		at javax.servlet.http.HttpServlet.service(HttpServlet.java:529)
		at org.springframework.web.servlet.FrameworkServlet.service(FrameworkServlet.java:837)
		at javax.servlet.http.HttpServlet.service(HttpServlet.java:623)
		at org.apache.catalina.core.ApplicationFilterChain.internalDoFilter(ApplicationFilterChain.java:197)
		at org.apache.catalina.core.ApplicationFilterChain.doFilter(ApplicationFilterChain.java:142)
		at org.apache.tomcat.websocket.server.WsFilter.doFilter(WsFilter.java:51)
		at org.apache.catalina.core.ApplicationFilterChain.internalDoFilter(ApplicationFilterChain.java:166)
		at org.apache.catalina.core.ApplicationFilterChain.doFilter(ApplicationFilterChain.java:142)
		at com.timmy.util.AuthFilter.doFilter(AuthFilter.java:44)
		at org.apache.catalina.core.ApplicationFilterChain.internalDoFilter(ApplicationFilterChain.java:166)
		at org.apache.catalina.core.ApplicationFilterChain.doFilter(ApplicationFilterChain.java:142)
		at org.springframework.web.filter.CharacterEncodingFilter.doFilterInternal(CharacterEncodingFilter.java:88)
		at org.springframework.web.filter.OncePerRequestFilter.doFilter(OncePerRequestFilter.java:108)
		at org.apache.catalina.core.ApplicationFilterChain.internalDoFilter(ApplicationFilterChain.java:166)
		at org.apache.catalina.core.ApplicationFilterChain.doFilter(ApplicationFilterChain.java:142)
		at org.apache.catalina.core.StandardWrapperValve.invoke(StandardWrapperValve.java:166)
		at org.apache.catalina.core.StandardContextValve.invoke(StandardContextValve.java:88)
		at org.apache.catalina.authenticator.AuthenticatorBase.invoke(AuthenticatorBase.java:491)
		at org.apache.catalina.core.StandardHostValve.invoke(StandardHostValve.java:127)
		at org.apache.catalina.valves.ErrorReportValve.invoke(ErrorReportValve.java:83)
		at org.apache.catalina.valves.AbstractAccessLogValve.invoke(AbstractAccessLogValve.java:643)
		at org.apache.catalina.core.StandardEngineValve.invoke(StandardEngineValve.java:72)
		at org.apache.catalina.connector.CoyoteAdapter.service(CoyoteAdapter.java:344)
		at org.apache.coyote.http11.Http11Processor.service(Http11Processor.java:398)
		at org.apache.coyote.AbstractProcessorLight.process(AbstractProcessorLight.java:63)
		at org.apache.coyote.AbstractProtocol$ConnectionHandler.process(AbstractProtocol.java:939)
		at org.apache.tomcat.util.net.NioEndpoint$SocketProcessor.doRun(NioEndpoint.java:1832)
		at org.apache.tomcat.util.net.SocketProcessorBase.run(SocketProcessorBase.java:52)
		at org.apache.tomcat.util.threads.ThreadPoolExecutor.runWorker(ThreadPoolExecutor.java:973)
		at org.apache.tomcat.util.threads.ThreadPoolExecutor$Worker.run(ThreadPoolExecutor.java:491)
		at org.apache.tomcat.util.threads.TaskThread$WrappingRunnable.run(TaskThread.java:63)
		at java.lang.Thread.run(Unknown Source)
30-Mar-2026 09:40:53.154 SEVERE [http-nio-8080-exec-23] org.apache.catalina.core.StandardWrapperValve.invoke Servlet.service() for servlet [dispatcher] in context with path [/demo] threw exception [Request processing failed; nested exception is org.springframework.jdbc.CannotGetJdbcConnectionException: Could not get JDBC Connection; nested exception is org.apache.commons.dbcp.SQLNestedException: Cannot get a connection, pool error Timeout waiting for idle object] with root cause
	java.util.NoSuchElementException: Timeout waiting for idle object
		at org.apache.commons.pool.impl.GenericObjectPool.borrowObject(GenericObjectPool.java:825)
		at org.apache.commons.dbcp.PoolingDataSource.getConnection(PoolingDataSource.java:96)
		at org.apache.commons.dbcp.BasicDataSource.getConnection(BasicDataSource.java:880)
		at com.timmy.datasource.SqlServerAwareDataSource.getConnection(SqlServerAwareDataSource.java:32)
		at org.springframework.jdbc.datasource.DataSourceUtils.doGetConnection(DataSourceUtils.java:111)
		at org.springframework.jdbc.datasource.DataSourceUtils.getConnection(DataSourceUtils.java:77)
		at org.springframework.jdbc.core.JdbcTemplate.execute(JdbcTemplate.java:628)
		at org.springframework.jdbc.core.JdbcTemplate.query(JdbcTemplate.java:693)
		at org.springframework.jdbc.core.JdbcTemplate.query(JdbcTemplate.java:725)
		at org.springframework.jdbc.core.JdbcTemplate.query(JdbcTemplate.java:735)
		at org.springframework.jdbc.core.JdbcTemplate.queryForObject(JdbcTemplate.java:803)
		at org.springframework.jdbc.core.JdbcTemplate.queryForObject(JdbcTemplate.java:822)
		at com.timmy.controller.AllController.getLatestLogFromDB(AllController.java:2467)
		at sun.reflect.GeneratedMethodAccessor160.invoke(Unknown Source)
		at sun.reflect.DelegatingMethodAccessorImpl.invoke(Unknown Source)
		at java.lang.reflect.Method.invoke(Unknown Source)
		at org.springframework.web.method.support.InvocableHandlerMethod.invoke(InvocableHandlerMethod.java:215)
		at org.springframework.web.method.support.InvocableHandlerMethod.invokeForRequest(InvocableHandlerMethod.java:132)
		at org.springframework.web.servlet.mvc.method.annotation.ServletInvocableHandlerMethod.invokeAndHandle(ServletInvocableHandlerMethod.java:104)
		at org.springframework.web.servlet.mvc.method.annotation.RequestMappingHandlerAdapter.invokeHandleMethod(RequestMappingHandlerAdapter.java:749)
		at org.springframework.web.servlet.mvc.method.annotation.RequestMappingHandlerAdapter.handleInternal(RequestMappingHandlerAdapter.java:690)
		at org.springframework.web.servlet.mvc.method.AbstractHandlerMethodAdapter.handle(AbstractHandlerMethodAdapter.java:83)
		at org.springframework.web.servlet.DispatcherServlet.doDispatch(DispatcherServlet.java:945)
		at org.springframework.web.servlet.DispatcherServlet.doService(DispatcherServlet.java:876)
		at org.springframework.web.servlet.FrameworkServlet.processRequest(FrameworkServlet.java:961)
		at org.springframework.web.servlet.FrameworkServlet.doGet(FrameworkServlet.java:852)
		at javax.servlet.http.HttpServlet.service(HttpServlet.java:529)
		at org.springframework.web.servlet.FrameworkServlet.service(FrameworkServlet.java:837)
		at javax.servlet.http.HttpServlet.service(HttpServlet.java:623)
		at org.apache.catalina.core.ApplicationFilterChain.internalDoFilter(ApplicationFilterChain.java:197)
		at org.apache.catalina.core.ApplicationFilterChain.doFilter(ApplicationFilterChain.java:142)
		at org.apache.tomcat.websocket.server.WsFilter.doFilter(WsFilter.java:51)
		at org.apache.catalina.core.ApplicationFilterChain.internalDoFilter(ApplicationFilterChain.java:166)
		at org.apache.catalina.core.ApplicationFilterChain.doFilter(ApplicationFilterChain.java:142)
		at com.timmy.util.AuthFilter.doFilter(AuthFilter.java:44)
		at org.apache.catalina.core.ApplicationFilterChain.internalDoFilter(ApplicationFilterChain.java:166)
		at org.apache.catalina.core.ApplicationFilterChain.doFilter(ApplicationFilterChain.java:142)
		at org.springframework.web.filter.CharacterEncodingFilter.doFilterInternal(CharacterEncodingFilter.java:88)
		at org.springframework.web.filter.OncePerRequestFilter.doFilter(OncePerRequestFilter.java:108)
		at org.apache.catalina.core.ApplicationFilterChain.internalDoFilter(ApplicationFilterChain.java:166)
		at org.apache.catalina.core.ApplicationFilterChain.doFilter(ApplicationFilterChain.java:142)
		at org.apache.catalina.core.StandardWrapperValve.invoke(StandardWrapperValve.java:166)
		at org.apache.catalina.core.StandardContextValve.invoke(StandardContextValve.java:88)
		at org.apache.catalina.authenticator.AuthenticatorBase.invoke(AuthenticatorBase.java:491)
		at org.apache.catalina.core.StandardHostValve.invoke(StandardHostValve.java:127)
		at org.apache.catalina.valves.ErrorReportValve.invoke(ErrorReportValve.java:83)
		at org.apache.catalina.valves.AbstractAccessLogValve.invoke(AbstractAccessLogValve.java:643)
		at org.apache.catalina.core.StandardEngineValve.invoke(StandardEngineValve.java:72)
		at org.apache.catalina.connector.CoyoteAdapter.service(CoyoteAdapter.java:344)
		at org.apache.coyote.http11.Http11Processor.service(Http11Processor.java:398)
		at org.apache.coyote.AbstractProcessorLight.process(AbstractProcessorLight.java:63)
		at org.apache.coyote.AbstractProtocol$ConnectionHandler.process(AbstractProtocol.java:939)
		at org.apache.tomcat.util.net.NioEndpoint$SocketProcessor.doRun(NioEndpoint.java:1832)
		at org.apache.tomcat.util.net.SocketProcessorBase.run(SocketProcessorBase.java:52)
		at org.apache.tomcat.util.threads.ThreadPoolExecutor.runWorker(ThreadPoolExecutor.java:973)
		at org.apache.tomcat.util.threads.ThreadPoolExecutor$Worker.run(ThreadPoolExecutor.java:491)
		at org.apache.tomcat.util.threads.TaskThread$WrappingRunnable.run(TaskThread.java:63)
		at java.lang.Thread.run(Unknown Source)
30-Mar-2026 09:40:57.309 SEVERE [http-nio-8080-exec-24] org.apache.catalina.core.StandardWrapperValve.invoke Servlet.service() for servlet [dispatcher] in context with path [/demo] threw exception [Request processing failed; nested exception is org.springframework.jdbc.CannotGetJdbcConnectionException: Could not get JDBC Connection; nested exception is org.apache.commons.dbcp.SQLNestedException: Cannot get a connection, pool error Timeout waiting for idle object] with root cause
	java.util.NoSuchElementException: Timeout waiting for idle object
		at org.apache.commons.pool.impl.GenericObjectPool.borrowObject(GenericObjectPool.java:825)
		at org.apache.commons.dbcp.PoolingDataSource.getConnection(PoolingDataSource.java:96)
		at org.apache.commons.dbcp.BasicDataSource.getConnection(BasicDataSource.java:880)
		at com.timmy.datasource.SqlServerAwareDataSource.getConnection(SqlServerAwareDataSource.java:32)
		at org.springframework.jdbc.datasource.DataSourceUtils.doGetConnection(DataSourceUtils.java:111)
		at org.springframework.jdbc.datasource.DataSourceUtils.getConnection(DataSourceUtils.java:77)
		at org.springframework.jdbc.core.JdbcTemplate.execute(JdbcTemplate.java:628)
		at org.springframework.jdbc.core.JdbcTemplate.query(JdbcTemplate.java:693)
		at org.springframework.jdbc.core.JdbcTemplate.query(JdbcTemplate.java:725)
		at org.springframework.jdbc.core.JdbcTemplate.query(JdbcTemplate.java:735)
		at org.springframework.jdbc.core.JdbcTemplate.queryForObject(JdbcTemplate.java:803)
		at org.springframework.jdbc.core.JdbcTemplate.queryForObject(JdbcTemplate.java:822)
		at com.timmy.controller.AllController.getLatestLogFromDB(AllController.java:2467)
		at sun.reflect.GeneratedMethodAccessor160.invoke(Unknown Source)
		at sun.reflect.DelegatingMethodAccessorImpl.invoke(Unknown Source)
		at java.lang.reflect.Method.invoke(Unknown Source)
		at org.springframework.web.method.support.InvocableHandlerMethod.invoke(InvocableHandlerMethod.java:215)
		at org.springframework.web.method.support.InvocableHandlerMethod.invokeForRequest(InvocableHandlerMethod.java:132)
		at org.springframework.web.servlet.mvc.method.annotation.ServletInvocableHandlerMethod.invokeAndHandle(ServletInvocableHandlerMethod.java:104)
		at org.springframework.web.servlet.mvc.method.annotation.RequestMappingHandlerAdapter.invokeHandleMethod(RequestMappingHandlerAdapter.java:749)
		at org.springframework.web.servlet.mvc.method.annotation.RequestMappingHandlerAdapter.handleInternal(RequestMappingHandlerAdapter.java:690)
		at org.springframework.web.servlet.mvc.method.AbstractHandlerMethodAdapter.handle(AbstractHandlerMethodAdapter.java:83)
		at org.springframework.web.servlet.DispatcherServlet.doDispatch(DispatcherServlet.java:945)
		at org.springframework.web.servlet.DispatcherServlet.doService(DispatcherServlet.java:876)
		at org.springframework.web.servlet.FrameworkServlet.processRequest(FrameworkServlet.java:961)
		at org.springframework.web.servlet.FrameworkServlet.doGet(FrameworkServlet.java:852)
		at javax.servlet.http.HttpServlet.service(HttpServlet.java:529)
		at org.springframework.web.servlet.FrameworkServlet.service(FrameworkServlet.java:837)
		at javax.servlet.http.HttpServlet.service(HttpServlet.java:623)
		at org.apache.catalina.core.ApplicationFilterChain.internalDoFilter(ApplicationFilterChain.java:197)
		at org.apache.catalina.core.ApplicationFilterChain.doFilter(ApplicationFilterChain.java:142)
		at org.apache.tomcat.websocket.server.WsFilter.doFilter(WsFilter.java:51)
		at org.apache.catalina.core.ApplicationFilterChain.internalDoFilter(ApplicationFilterChain.java:166)
		at org.apache.catalina.core.ApplicationFilterChain.doFilter(ApplicationFilterChain.java:142)
		at com.timmy.util.AuthFilter.doFilter(AuthFilter.java:44)
		at org.apache.catalina.core.ApplicationFilterChain.internalDoFilter(ApplicationFilterChain.java:166)
		at org.apache.catalina.core.ApplicationFilterChain.doFilter(ApplicationFilterChain.java:142)
		at org.springframework.web.filter.CharacterEncodingFilter.doFilterInternal(CharacterEncodingFilter.java:88)
		at org.springframework.web.filter.OncePerRequestFilter.doFilter(OncePerRequestFilter.java:108)
		at org.apache.catalina.core.ApplicationFilterChain.internalDoFilter(ApplicationFilterChain.java:166)
		at org.apache.catalina.core.ApplicationFilterChain.doFilter(ApplicationFilterChain.java:142)
		at org.apache.catalina.core.StandardWrapperValve.invoke(StandardWrapperValve.java:166)
		at org.apache.catalina.core.StandardContextValve.invoke(StandardContextValve.java:88)
		at org.apache.catalina.authenticator.AuthenticatorBase.invoke(AuthenticatorBase.java:491)
		at org.apache.catalina.core.StandardHostValve.invoke(StandardHostValve.java:127)
		at org.apache.catalina.valves.ErrorReportValve.invoke(ErrorReportValve.java:83)
		at org.apache.catalina.valves.AbstractAccessLogValve.invoke(AbstractAccessLogValve.java:643)
		at org.apache.catalina.core.StandardEngineValve.invoke(StandardEngineValve.java:72)
		at org.apache.catalina.connector.CoyoteAdapter.service(CoyoteAdapter.java:344)
		at org.apache.coyote.http11.Http11Processor.service(Http11Processor.java:398)
		at org.apache.coyote.AbstractProcessorLight.process(AbstractProcessorLight.java:63)
		at org.apache.coyote.AbstractProtocol$ConnectionHandler.process(AbstractProtocol.java:939)
		at org.apache.tomcat.util.net.NioEndpoint$SocketProcessor.doRun(NioEndpoint.java:1832)
		at org.apache.tomcat.util.net.SocketProcessorBase.run(SocketProcessorBase.java:52)
		at org.apache.tomcat.util.threads.ThreadPoolExecutor.runWorker(ThreadPoolExecutor.java:973)
		at org.apache.tomcat.util.threads.ThreadPoolExecutor$Worker.run(ThreadPoolExecutor.java:491)
		at org.apache.tomcat.util.threads.TaskThread$WrappingRunnable.run(TaskThread.java:63)
		at java.lang.Thread.run(Unknown Source)
30-Mar-2026 09:40:57.809 SEVERE [http-nio-8080-exec-25] org.apache.catalina.core.StandardWrapperValve.invoke Servlet.service() for servlet [dispatcher] in context with path [/demo] threw exception [Request processing failed; nested exception is org.springframework.jdbc.CannotGetJdbcConnectionException: Could not get JDBC Connection; nested exception is org.apache.commons.dbcp.SQLNestedException: Cannot get a connection, pool error Timeout waiting for idle object] with root cause
	java.util.NoSuchElementException: Timeout waiting for idle object
		at org.apache.commons.pool.impl.GenericObjectPool.borrowObject(GenericObjectPool.java:825)
		at org.apache.commons.dbcp.PoolingDataSource.getConnection(PoolingDataSource.java:96)
		at org.apache.commons.dbcp.BasicDataSource.getConnection(BasicDataSource.java:880)
		at com.timmy.datasource.SqlServerAwareDataSource.getConnection(SqlServerAwareDataSource.java:32)
		at org.springframework.jdbc.datasource.DataSourceUtils.doGetConnection(DataSourceUtils.java:111)
		at org.springframework.jdbc.datasource.DataSourceUtils.getConnection(DataSourceUtils.java:77)
		at org.springframework.jdbc.core.JdbcTemplate.execute(JdbcTemplate.java:628)
		at org.springframework.jdbc.core.JdbcTemplate.query(JdbcTemplate.java:693)
		at org.springframework.jdbc.core.JdbcTemplate.query(JdbcTemplate.java:725)
		at org.springframework.jdbc.core.JdbcTemplate.query(JdbcTemplate.java:735)
		at org.springframework.jdbc.core.JdbcTemplate.queryForObject(JdbcTemplate.java:803)
		at org.springframework.jdbc.core.JdbcTemplate.queryForObject(JdbcTemplate.java:822)
		at com.timmy.controller.AllController.getLatestLogFromDB(AllController.java:2467)
		at sun.reflect.GeneratedMethodAccessor160.invoke(Unknown Source)
		at sun.reflect.DelegatingMethodAccessorImpl.invoke(Unknown Source)
		at java.lang.reflect.Method.invoke(Unknown Source)
		at org.springframework.web.method.support.InvocableHandlerMethod.invoke(InvocableHandlerMethod.java:215)
		at org.springframework.web.method.support.InvocableHandlerMethod.invokeForRequest(InvocableHandlerMethod.java:132)
		at org.springframework.web.servlet.mvc.method.annotation.ServletInvocableHandlerMethod.invokeAndHandle(ServletInvocableHandlerMethod.java:104)
		at org.springframework.web.servlet.mvc.method.annotation.RequestMappingHandlerAdapter.invokeHandleMethod(RequestMappingHandlerAdapter.java:749)
		at org.springframework.web.servlet.mvc.method.annotation.RequestMappingHandlerAdapter.handleInternal(RequestMappingHandlerAdapter.java:690)
		at org.springframework.web.servlet.mvc.method.AbstractHandlerMethodAdapter.handle(AbstractHandlerMethodAdapter.java:83)
		at org.springframework.web.servlet.DispatcherServlet.doDispatch(DispatcherServlet.java:945)
		at org.springframework.web.servlet.DispatcherServlet.doService(DispatcherServlet.java:876)
		at org.springframework.web.servlet.FrameworkServlet.processRequest(FrameworkServlet.java:961)
		at org.springframework.web.servlet.FrameworkServlet.doGet(FrameworkServlet.java:852)
		at javax.servlet.http.HttpServlet.service(HttpServlet.java:529)
		at org.springframework.web.servlet.FrameworkServlet.service(FrameworkServlet.java:837)
		at javax.servlet.http.HttpServlet.service(HttpServlet.java:623)
		at org.apache.catalina.core.ApplicationFilterChain.internalDoFilter(ApplicationFilterChain.java:197)
		at org.apache.catalina.core.ApplicationFilterChain.doFilter(ApplicationFilterChain.java:142)
		at org.apache.tomcat.websocket.server.WsFilter.doFilter(WsFilter.java:51)
		at org.apache.catalina.core.ApplicationFilterChain.internalDoFilter(ApplicationFilterChain.java:166)
		at org.apache.catalina.core.ApplicationFilterChain.doFilter(ApplicationFilterChain.java:142)
		at com.timmy.util.AuthFilter.doFilter(AuthFilter.java:44)
		at org.apache.catalina.core.ApplicationFilterChain.internalDoFilter(ApplicationFilterChain.java:166)
		at org.apache.catalina.core.ApplicationFilterChain.doFilter(ApplicationFilterChain.java:142)
		at org.springframework.web.filter.CharacterEncodingFilter.doFilterInternal(CharacterEncodingFilter.java:88)
		at org.springframework.web.filter.OncePerRequestFilter.doFilter(OncePerRequestFilter.java:108)
		at org.apache.catalina.core.ApplicationFilterChain.internalDoFilter(ApplicationFilterChain.java:166)
		at org.apache.catalina.core.ApplicationFilterChain.doFilter(ApplicationFilterChain.java:142)
		at org.apache.catalina.core.StandardWrapperValve.invoke(StandardWrapperValve.java:166)
		at org.apache.catalina.core.StandardContextValve.invoke(StandardContextValve.java:88)
		at org.apache.catalina.authenticator.AuthenticatorBase.invoke(AuthenticatorBase.java:491)
		at org.apache.catalina.core.StandardHostValve.invoke(StandardHostValve.java:127)
		at org.apache.catalina.valves.ErrorReportValve.invoke(ErrorReportValve.java:83)
		at org.apache.catalina.valves.AbstractAccessLogValve.invoke(AbstractAccessLogValve.java:643)
		at org.apache.catalina.core.StandardEngineValve.invoke(StandardEngineValve.java:72)
		at org.apache.catalina.connector.CoyoteAdapter.service(CoyoteAdapter.java:344)
		at org.apache.coyote.http11.Http11Processor.service(Http11Processor.java:398)
		at org.apache.coyote.AbstractProcessorLight.process(AbstractProcessorLight.java:63)
		at org.apache.coyote.AbstractProtocol$ConnectionHandler.process(AbstractProtocol.java:939)
		at org.apache.tomcat.util.net.NioEndpoint$SocketProcessor.doRun(NioEndpoint.java:1832)
		at org.apache.tomcat.util.net.SocketProcessorBase.run(SocketProcessorBase.java:52)
		at org.apache.tomcat.util.threads.ThreadPoolExecutor.runWorker(ThreadPoolExecutor.java:973)
		at org.apache.tomcat.util.threads.ThreadPoolExecutor$Worker.run(ThreadPoolExecutor.java:491)
		at org.apache.tomcat.util.threads.TaskThread$WrappingRunnable.run(TaskThread.java:63)
		at java.lang.Thread.run(Unknown Source)
30-Mar-2026 09:41:02.311 SEVERE [http-nio-8080-exec-26] org.apache.catalina.core.StandardWrapperValve.invoke Servlet.service() for servlet [dispatcher] in context with path [/demo] threw exception [Request processing failed; nested exception is org.springframework.jdbc.CannotGetJdbcConnectionException: Could not get JDBC Connection; nested exception is org.apache.commons.dbcp.SQLNestedException: Cannot get a connection, pool error Timeout waiting for idle object] with root cause
	java.util.NoSuchElementException: Timeout waiting for idle object
		at org.apache.commons.pool.impl.GenericObjectPool.borrowObject(GenericObjectPool.java:825)
		at org.apache.commons.dbcp.PoolingDataSource.getConnection(PoolingDataSource.java:96)
		at org.apache.commons.dbcp.BasicDataSource.getConnection(BasicDataSource.java:880)
		at com.timmy.datasource.SqlServerAwareDataSource.getConnection(SqlServerAwareDataSource.java:32)
		at org.springframework.jdbc.datasource.DataSourceUtils.doGetConnection(DataSourceUtils.java:111)
		at org.springframework.jdbc.datasource.DataSourceUtils.getConnection(DataSourceUtils.java:77)
		at org.springframework.jdbc.core.JdbcTemplate.execute(JdbcTemplate.java:628)
		at org.springframework.jdbc.core.JdbcTemplate.query(JdbcTemplate.java:693)
		at org.springframework.jdbc.core.JdbcTemplate.query(JdbcTemplate.java:725)
		at org.springframework.jdbc.core.JdbcTemplate.query(JdbcTemplate.java:735)
		at org.springframework.jdbc.core.JdbcTemplate.queryForObject(JdbcTemplate.java:803)
		at org.springframework.jdbc.core.JdbcTemplate.queryForObject(JdbcTemplate.java:822)
		at com.timmy.controller.AllController.getLatestLogFromDB(AllController.java:2467)
		at sun.reflect.GeneratedMethodAccessor160.invoke(Unknown Source)
		at sun.reflect.DelegatingMethodAccessorImpl.invoke(Unknown Source)
		at java.lang.reflect.Method.invoke(Unknown Source)
		at org.springframework.web.method.support.InvocableHandlerMethod.invoke(InvocableHandlerMethod.java:215)
		at org.springframework.web.method.support.InvocableHandlerMethod.invokeForRequest(InvocableHandlerMethod.java:132)
		at org.springframework.web.servlet.mvc.method.annotation.ServletInvocableHandlerMethod.invokeAndHandle(ServletInvocableHandlerMethod.java:104)
		at org.springframework.web.servlet.mvc.method.annotation.RequestMappingHandlerAdapter.invokeHandleMethod(RequestMappingHandlerAdapter.java:749)
		at org.springframework.web.servlet.mvc.method.annotation.RequestMappingHandlerAdapter.handleInternal(RequestMappingHandlerAdapter.java:690)
		at org.springframework.web.servlet.mvc.method.AbstractHandlerMethodAdapter.handle(AbstractHandlerMethodAdapter.java:83)
		at org.springframework.web.servlet.DispatcherServlet.doDispatch(DispatcherServlet.java:945)
		at org.springframework.web.servlet.DispatcherServlet.doService(DispatcherServlet.java:876)
		at org.springframework.web.servlet.FrameworkServlet.processRequest(FrameworkServlet.java:961)
		at org.springframework.web.servlet.FrameworkServlet.doGet(FrameworkServlet.java:852)
		at javax.servlet.http.HttpServlet.service(HttpServlet.java:529)
		at org.springframework.web.servlet.FrameworkServlet.service(FrameworkServlet.java:837)
		at javax.servlet.http.HttpServlet.service(HttpServlet.java:623)
		at org.apache.catalina.core.ApplicationFilterChain.internalDoFilter(ApplicationFilterChain.java:197)
		at org.apache.catalina.core.ApplicationFilterChain.doFilter(ApplicationFilterChain.java:142)
		at org.apache.tomcat.websocket.server.WsFilter.doFilter(WsFilter.java:51)
		at org.apache.catalina.core.ApplicationFilterChain.internalDoFilter(ApplicationFilterChain.java:166)
		at org.apache.catalina.core.ApplicationFilterChain.doFilter(ApplicationFilterChain.java:142)
		at com.timmy.util.AuthFilter.doFilter(AuthFilter.java:44)
		at org.apache.catalina.core.ApplicationFilterChain.internalDoFilter(ApplicationFilterChain.java:166)
		at org.apache.catalina.core.ApplicationFilterChain.doFilter(ApplicationFilterChain.java:142)
		at org.springframework.web.filter.CharacterEncodingFilter.doFilterInternal(CharacterEncodingFilter.java:88)
		at org.springframework.web.filter.OncePerRequestFilter.doFilter(OncePerRequestFilter.java:108)
		at org.apache.catalina.core.ApplicationFilterChain.internalDoFilter(ApplicationFilterChain.java:166)
		at org.apache.catalina.core.ApplicationFilterChain.doFilter(ApplicationFilterChain.java:142)
		at org.apache.catalina.core.StandardWrapperValve.invoke(StandardWrapperValve.java:166)
		at org.apache.catalina.core.StandardContextValve.invoke(StandardContextValve.java:88)
		at org.apache.catalina.authenticator.AuthenticatorBase.invoke(AuthenticatorBase.java:491)
		at org.apache.catalina.core.StandardHostValve.invoke(StandardHostValve.java:127)
		at org.apache.catalina.valves.ErrorReportValve.invoke(ErrorReportValve.java:83)
		at org.apache.catalina.valves.AbstractAccessLogValve.invoke(AbstractAccessLogValve.java:643)
		at org.apache.catalina.core.StandardEngineValve.invoke(StandardEngineValve.java:72)
		at org.apache.catalina.connector.CoyoteAdapter.service(CoyoteAdapter.java:344)
		at org.apache.coyote.http11.Http11Processor.service(Http11Processor.java:398)
		at org.apache.coyote.AbstractProcessorLight.process(AbstractProcessorLight.java:63)
		at org.apache.coyote.AbstractProtocol$ConnectionHandler.process(AbstractProtocol.java:939)
		at org.apache.tomcat.util.net.NioEndpoint$SocketProcessor.doRun(NioEndpoint.java:1832)
		at org.apache.tomcat.util.net.SocketProcessorBase.run(SocketProcessorBase.java:52)
		at org.apache.tomcat.util.threads.ThreadPoolExecutor.runWorker(ThreadPoolExecutor.java:973)
		at org.apache.tomcat.util.threads.ThreadPoolExecutor$Worker.run(ThreadPoolExecutor.java:491)
		at org.apache.tomcat.util.threads.TaskThread$WrappingRunnable.run(TaskThread.java:63)
		at java.lang.Thread.run(Unknown Source)
30-Mar-2026 09:41:07.307 SEVERE [http-nio-8080-exec-27] org.apache.catalina.core.StandardWrapperValve.invoke Servlet.service() for servlet [dispatcher] in context with path [/demo] threw exception [Request processing failed; nested exception is org.springframework.jdbc.CannotGetJdbcConnectionException: Could not get JDBC Connection; nested exception is org.apache.commons.dbcp.SQLNestedException: Cannot get a connection, pool error Timeout waiting for idle object] with root cause
	java.util.NoSuchElementException: Timeout waiting for idle object
		at org.apache.commons.pool.impl.GenericObjectPool.borrowObject(GenericObjectPool.java:825)
		at org.apache.commons.dbcp.PoolingDataSource.getConnection(PoolingDataSource.java:96)
		at org.apache.commons.dbcp.BasicDataSource.getConnection(BasicDataSource.java:880)
		at com.timmy.datasource.SqlServerAwareDataSource.getConnection(SqlServerAwareDataSource.java:32)
		at org.springframework.jdbc.datasource.DataSourceUtils.doGetConnection(DataSourceUtils.java:111)
		at org.springframework.jdbc.datasource.DataSourceUtils.getConnection(DataSourceUtils.java:77)
		at org.springframework.jdbc.core.JdbcTemplate.execute(JdbcTemplate.java:628)
		at org.springframework.jdbc.core.JdbcTemplate.query(JdbcTemplate.java:693)
		at org.springframework.jdbc.core.JdbcTemplate.query(JdbcTemplate.java:725)
		at org.springframework.jdbc.core.JdbcTemplate.query(JdbcTemplate.java:735)
		at org.springframework.jdbc.core.JdbcTemplate.queryForObject(JdbcTemplate.java:803)
		at org.springframework.jdbc.core.JdbcTemplate.queryForObject(JdbcTemplate.java:822)
		at com.timmy.controller.AllController.getLatestLogFromDB(AllController.java:2467)
		at sun.reflect.GeneratedMethodAccessor160.invoke(Unknown Source)
		at sun.reflect.DelegatingMethodAccessorImpl.invoke(Unknown Source)
		at java.lang.reflect.Method.invoke(Unknown Source)
		at org.springframework.web.method.support.InvocableHandlerMethod.invoke(InvocableHandlerMethod.java:215)
		at org.springframework.web.method.support.InvocableHandlerMethod.invokeForRequest(InvocableHandlerMethod.java:132)
		at org.springframework.web.servlet.mvc.method.annotation.ServletInvocableHandlerMethod.invokeAndHandle(ServletInvocableHandlerMethod.java:104)
		at org.springframework.web.servlet.mvc.method.annotation.RequestMappingHandlerAdapter.invokeHandleMethod(RequestMappingHandlerAdapter.java:749)
		at org.springframework.web.servlet.mvc.method.annotation.RequestMappingHandlerAdapter.handleInternal(RequestMappingHandlerAdapter.java:690)
		at org.springframework.web.servlet.mvc.method.AbstractHandlerMethodAdapter.handle(AbstractHandlerMethodAdapter.java:83)
		at org.springframework.web.servlet.DispatcherServlet.doDispatch(DispatcherServlet.java:945)
		at org.springframework.web.servlet.DispatcherServlet.doService(DispatcherServlet.java:876)
		at org.springframework.web.servlet.FrameworkServlet.processRequest(FrameworkServlet.java:961)
		at org.springframework.web.servlet.FrameworkServlet.doGet(FrameworkServlet.java:852)
		at javax.servlet.http.HttpServlet.service(HttpServlet.java:529)
		at org.springframework.web.servlet.FrameworkServlet.service(FrameworkServlet.java:837)
		at javax.servlet.http.HttpServlet.service(HttpServlet.java:623)
		at org.apache.catalina.core.ApplicationFilterChain.internalDoFilter(ApplicationFilterChain.java:197)
		at org.apache.catalina.core.ApplicationFilterChain.doFilter(ApplicationFilterChain.java:142)
		at org.apache.tomcat.websocket.server.WsFilter.doFilter(WsFilter.java:51)
		at org.apache.catalina.core.ApplicationFilterChain.internalDoFilter(ApplicationFilterChain.java:166)
		at org.apache.catalina.core.ApplicationFilterChain.doFilter(ApplicationFilterChain.java:142)
		at com.timmy.util.AuthFilter.doFilter(AuthFilter.java:44)
		at org.apache.catalina.core.ApplicationFilterChain.internalDoFilter(ApplicationFilterChain.java:166)
		at org.apache.catalina.core.ApplicationFilterChain.doFilter(ApplicationFilterChain.java:142)
		at org.springframework.web.filter.CharacterEncodingFilter.doFilterInternal(CharacterEncodingFilter.java:88)
		at org.springframework.web.filter.OncePerRequestFilter.doFilter(OncePerRequestFilter.java:108)
		at org.apache.catalina.core.ApplicationFilterChain.internalDoFilter(ApplicationFilterChain.java:166)
		at org.apache.catalina.core.ApplicationFilterChain.doFilter(ApplicationFilterChain.java:142)
		at org.apache.catalina.core.StandardWrapperValve.invoke(StandardWrapperValve.java:166)
		at org.apache.catalina.core.StandardContextValve.invoke(StandardContextValve.java:88)
		at org.apache.catalina.authenticator.AuthenticatorBase.invoke(AuthenticatorBase.java:491)
		at org.apache.catalina.core.StandardHostValve.invoke(StandardHostValve.java:127)
		at org.apache.catalina.valves.ErrorReportValve.invoke(ErrorReportValve.java:83)
		at org.apache.catalina.valves.AbstractAccessLogValve.invoke(AbstractAccessLogValve.java:643)
		at org.apache.catalina.core.StandardEngineValve.invoke(StandardEngineValve.java:72)
		at org.apache.catalina.connector.CoyoteAdapter.service(CoyoteAdapter.java:344)
		at org.apache.coyote.http11.Http11Processor.service(Http11Processor.java:398)
		at org.apache.coyote.AbstractProcessorLight.process(AbstractProcessorLight.java:63)
		at org.apache.coyote.AbstractProtocol$ConnectionHandler.process(AbstractProtocol.java:939)
		at org.apache.tomcat.util.net.NioEndpoint$SocketProcessor.doRun(NioEndpoint.java:1832)
		at org.apache.tomcat.util.net.SocketProcessorBase.run(SocketProcessorBase.java:52)
		at org.apache.tomcat.util.threads.ThreadPoolExecutor.runWorker(ThreadPoolExecutor.java:973)
		at org.apache.tomcat.util.threads.ThreadPoolExecutor$Worker.run(ThreadPoolExecutor.java:491)
		at org.apache.tomcat.util.threads.TaskThread$WrappingRunnable.run(TaskThread.java:63)
		at java.lang.Thread.run(Unknown Source)
30-Mar-2026 09:41:08.440 SEVERE [http-nio-8080-exec-28] org.apache.catalina.core.StandardWrapperValve.invoke Servlet.service() for servlet [dispatcher] in context with path [/demo] threw exception [Request processing failed; nested exception is org.springframework.jdbc.CannotGetJdbcConnectionException: Could not get JDBC Connection; nested exception is org.apache.commons.dbcp.SQLNestedException: Cannot get a connection, pool error Timeout waiting for idle object] with root cause
	java.util.NoSuchElementException: Timeout waiting for idle object
		at org.apache.commons.pool.impl.GenericObjectPool.borrowObject(GenericObjectPool.java:825)
		at org.apache.commons.dbcp.PoolingDataSource.getConnection(PoolingDataSource.java:96)
		at org.apache.commons.dbcp.BasicDataSource.getConnection(BasicDataSource.java:880)
		at com.timmy.datasource.SqlServerAwareDataSource.getConnection(SqlServerAwareDataSource.java:32)
		at org.springframework.jdbc.datasource.DataSourceUtils.doGetConnection(DataSourceUtils.java:111)
		at org.springframework.jdbc.datasource.DataSourceUtils.getConnection(DataSourceUtils.java:77)
		at org.springframework.jdbc.core.JdbcTemplate.execute(JdbcTemplate.java:628)
		at org.springframework.jdbc.core.JdbcTemplate.query(JdbcTemplate.java:693)
		at org.springframework.jdbc.core.JdbcTemplate.query(JdbcTemplate.java:725)
		at org.springframework.jdbc.core.JdbcTemplate.query(JdbcTemplate.java:735)
		at org.springframework.jdbc.core.JdbcTemplate.queryForObject(JdbcTemplate.java:803)
		at org.springframework.jdbc.core.JdbcTemplate.queryForObject(JdbcTemplate.java:822)
		at com.timmy.controller.AllController.getLatestLogFromDB(AllController.java:2467)
		at sun.reflect.GeneratedMethodAccessor160.invoke(Unknown Source)
		at sun.reflect.DelegatingMethodAccessorImpl.invoke(Unknown Source)
		at java.lang.reflect.Method.invoke(Unknown Source)
		at org.springframework.web.method.support.InvocableHandlerMethod.invoke(InvocableHandlerMethod.java:215)
		at org.springframework.web.method.support.InvocableHandlerMethod.invokeForRequest(InvocableHandlerMethod.java:132)
		at org.springframework.web.servlet.mvc.method.annotation.ServletInvocableHandlerMethod.invokeAndHandle(ServletInvocableHandlerMethod.java:104)
		at org.springframework.web.servlet.mvc.method.annotation.RequestMappingHandlerAdapter.invokeHandleMethod(RequestMappingHandlerAdapter.java:749)
		at org.springframework.web.servlet.mvc.method.annotation.RequestMappingHandlerAdapter.handleInternal(RequestMappingHandlerAdapter.java:690)
		at org.springframework.web.servlet.mvc.method.AbstractHandlerMethodAdapter.handle(AbstractHandlerMethodAdapter.java:83)
		at org.springframework.web.servlet.DispatcherServlet.doDispatch(DispatcherServlet.java:945)
		at org.springframework.web.servlet.DispatcherServlet.doService(DispatcherServlet.java:876)
		at org.springframework.web.servlet.FrameworkServlet.processRequest(FrameworkServlet.java:961)
		at org.springframework.web.servlet.FrameworkServlet.doGet(FrameworkServlet.java:852)
		at javax.servlet.http.HttpServlet.service(HttpServlet.java:529)
		at org.springframework.web.servlet.FrameworkServlet.service(FrameworkServlet.java:837)
		at javax.servlet.http.HttpServlet.service(HttpServlet.java:623)
		at org.apache.catalina.core.ApplicationFilterChain.internalDoFilter(ApplicationFilterChain.java:197)
		at org.apache.catalina.core.ApplicationFilterChain.doFilter(ApplicationFilterChain.java:142)
		at org.apache.tomcat.websocket.server.WsFilter.doFilter(WsFilter.java:51)
		at org.apache.catalina.core.ApplicationFilterChain.internalDoFilter(ApplicationFilterChain.java:166)
		at org.apache.catalina.core.ApplicationFilterChain.doFilter(ApplicationFilterChain.java:142)
		at com.timmy.util.AuthFilter.doFilter(AuthFilter.java:44)
		at org.apache.catalina.core.ApplicationFilterChain.internalDoFilter(ApplicationFilterChain.java:166)
		at org.apache.catalina.core.ApplicationFilterChain.doFilter(ApplicationFilterChain.java:142)
		at org.springframework.web.filter.CharacterEncodingFilter.doFilterInternal(CharacterEncodingFilter.java:88)
		at org.springframework.web.filter.OncePerRequestFilter.doFilter(OncePerRequestFilter.java:108)
		at org.apache.catalina.core.ApplicationFilterChain.internalDoFilter(ApplicationFilterChain.java:166)
		at org.apache.catalina.core.ApplicationFilterChain.doFilter(ApplicationFilterChain.java:142)
		at org.apache.catalina.core.StandardWrapperValve.invoke(StandardWrapperValve.java:166)
		at org.apache.catalina.core.StandardContextValve.invoke(StandardContextValve.java:88)
		at org.apache.catalina.authenticator.AuthenticatorBase.invoke(AuthenticatorBase.java:491)
		at org.apache.catalina.core.StandardHostValve.invoke(StandardHostValve.java:127)
		at org.apache.catalina.valves.ErrorReportValve.invoke(ErrorReportValve.java:83)
		at org.apache.catalina.valves.AbstractAccessLogValve.invoke(AbstractAccessLogValve.java:643)
		at org.apache.catalina.core.StandardEngineValve.invoke(StandardEngineValve.java:72)
		at org.apache.catalina.connector.CoyoteAdapter.service(CoyoteAdapter.java:344)
		at org.apache.coyote.http11.Http11Processor.service(Http11Processor.java:398)
		at org.apache.coyote.AbstractProcessorLight.process(AbstractProcessorLight.java:63)
		at org.apache.coyote.AbstractProtocol$ConnectionHandler.process(AbstractProtocol.java:939)
		at org.apache.tomcat.util.net.NioEndpoint$SocketProcessor.doRun(NioEndpoint.java:1832)
		at org.apache.tomcat.util.net.SocketProcessorBase.run(SocketProcessorBase.java:52)
		at org.apache.tomcat.util.threads.ThreadPoolExecutor.runWorker(ThreadPoolExecutor.java:973)
		at org.apache.tomcat.util.threads.ThreadPoolExecutor$Worker.run(ThreadPoolExecutor.java:491)
		at org.apache.tomcat.util.threads.TaskThread$WrappingRunnable.run(TaskThread.java:63)
		at java.lang.Thread.run(Unknown Source)
30-Mar-2026 09:41:12.302 SEVERE [http-nio-8080-exec-29] org.apache.catalina.core.StandardWrapperValve.invoke Servlet.service() for servlet [dispatcher] in context with path [/demo] threw exception [Request processing failed; nested exception is org.springframework.jdbc.CannotGetJdbcConnectionException: Could not get JDBC Connection; nested exception is org.apache.commons.dbcp.SQLNestedException: Cannot get a connection, pool error Timeout waiting for idle object] with root cause
	java.util.NoSuchElementException: Timeout waiting for idle object
		at org.apache.commons.pool.impl.GenericObjectPool.borrowObject(GenericObjectPool.java:825)
		at org.apache.commons.dbcp.PoolingDataSource.getConnection(PoolingDataSource.java:96)
		at org.apache.commons.dbcp.BasicDataSource.getConnection(BasicDataSource.java:880)
		at com.timmy.datasource.SqlServerAwareDataSource.getConnection(SqlServerAwareDataSource.java:32)
		at org.springframework.jdbc.datasource.DataSourceUtils.doGetConnection(DataSourceUtils.java:111)
		at org.springframework.jdbc.datasource.DataSourceUtils.getConnection(DataSourceUtils.java:77)
		at org.springframework.jdbc.core.JdbcTemplate.execute(JdbcTemplate.java:628)
		at org.springframework.jdbc.core.JdbcTemplate.query(JdbcTemplate.java:693)
		at org.springframework.jdbc.core.JdbcTemplate.query(JdbcTemplate.java:725)
		at org.springframework.jdbc.core.JdbcTemplate.query(JdbcTemplate.java:735)
		at org.springframework.jdbc.core.JdbcTemplate.queryForObject(JdbcTemplate.java:803)
		at org.springframework.jdbc.core.JdbcTemplate.queryForObject(JdbcTemplate.java:822)
		at com.timmy.controller.AllController.getLatestLogFromDB(AllController.java:2467)
		at sun.reflect.GeneratedMethodAccessor160.invoke(Unknown Source)
		at sun.reflect.DelegatingMethodAccessorImpl.invoke(Unknown Source)
		at java.lang.reflect.Method.invoke(Unknown Source)
		at org.springframework.web.method.support.InvocableHandlerMethod.invoke(InvocableHandlerMethod.java:215)
		at org.springframework.web.method.support.InvocableHandlerMethod.invokeForRequest(InvocableHandlerMethod.java:132)
		at org.springframework.web.servlet.mvc.method.annotation.ServletInvocableHandlerMethod.invokeAndHandle(ServletInvocableHandlerMethod.java:104)
		at org.springframework.web.servlet.mvc.method.annotation.RequestMappingHandlerAdapter.invokeHandleMethod(RequestMappingHandlerAdapter.java:749)
		at org.springframework.web.servlet.mvc.method.annotation.RequestMappingHandlerAdapter.handleInternal(RequestMappingHandlerAdapter.java:690)
		at org.springframework.web.servlet.mvc.method.AbstractHandlerMethodAdapter.handle(AbstractHandlerMethodAdapter.java:83)
		at org.springframework.web.servlet.DispatcherServlet.doDispatch(DispatcherServlet.java:945)
		at org.springframework.web.servlet.DispatcherServlet.doService(DispatcherServlet.java:876)
		at org.springframework.web.servlet.FrameworkServlet.processRequest(FrameworkServlet.java:961)
		at org.springframework.web.servlet.FrameworkServlet.doGet(FrameworkServlet.java:852)
		at javax.servlet.http.HttpServlet.service(HttpServlet.java:529)
		at org.springframework.web.servlet.FrameworkServlet.service(FrameworkServlet.java:837)
		at javax.servlet.http.HttpServlet.service(HttpServlet.java:623)
		at org.apache.catalina.core.ApplicationFilterChain.internalDoFilter(ApplicationFilterChain.java:197)
		at org.apache.catalina.core.ApplicationFilterChain.doFilter(ApplicationFilterChain.java:142)
		at org.apache.tomcat.websocket.server.WsFilter.doFilter(WsFilter.java:51)
		at org.apache.catalina.core.ApplicationFilterChain.internalDoFilter(ApplicationFilterChain.java:166)
		at org.apache.catalina.core.ApplicationFilterChain.doFilter(ApplicationFilterChain.java:142)
		at com.timmy.util.AuthFilter.doFilter(AuthFilter.java:44)
		at org.apache.catalina.core.ApplicationFilterChain.internalDoFilter(ApplicationFilterChain.java:166)
		at org.apache.catalina.core.ApplicationFilterChain.doFilter(ApplicationFilterChain.java:142)
		at org.springframework.web.filter.CharacterEncodingFilter.doFilterInternal(CharacterEncodingFilter.java:88)
		at org.springframework.web.filter.OncePerRequestFilter.doFilter(OncePerRequestFilter.java:108)
		at org.apache.catalina.core.ApplicationFilterChain.internalDoFilter(ApplicationFilterChain.java:166)
		at org.apache.catalina.core.ApplicationFilterChain.doFilter(ApplicationFilterChain.java:142)
		at org.apache.catalina.core.StandardWrapperValve.invoke(StandardWrapperValve.java:166)
		at org.apache.catalina.core.StandardContextValve.invoke(StandardContextValve.java:88)
		at org.apache.catalina.authenticator.AuthenticatorBase.invoke(AuthenticatorBase.java:491)
		at org.apache.catalina.core.StandardHostValve.invoke(StandardHostValve.java:127)
		at org.apache.catalina.valves.ErrorReportValve.invoke(ErrorReportValve.java:83)
		at org.apache.catalina.valves.AbstractAccessLogValve.invoke(AbstractAccessLogValve.java:643)
		at org.apache.catalina.core.StandardEngineValve.invoke(StandardEngineValve.java:72)
		at org.apache.catalina.connector.CoyoteAdapter.service(CoyoteAdapter.java:344)
		at org.apache.coyote.http11.Http11Processor.service(Http11Processor.java:398)
		at org.apache.coyote.AbstractProcessorLight.process(AbstractProcessorLight.java:63)
		at org.apache.coyote.AbstractProtocol$ConnectionHandler.process(AbstractProtocol.java:939)
		at org.apache.tomcat.util.net.NioEndpoint$SocketProcessor.doRun(NioEndpoint.java:1832)
		at org.apache.tomcat.util.net.SocketProcessorBase.run(SocketProcessorBase.java:52)
		at org.apache.tomcat.util.threads.ThreadPoolExecutor.runWorker(ThreadPoolExecutor.java:973)
		at org.apache.tomcat.util.threads.ThreadPoolExecutor$Worker.run(ThreadPoolExecutor.java:491)
		at org.apache.tomcat.util.threads.TaskThread$WrappingRunnable.run(TaskThread.java:63)
		at java.lang.Thread.run(Unknown Source)
30-Mar-2026 09:41:17.308 SEVERE [http-nio-8080-exec-30] org.apache.catalina.core.StandardWrapperValve.invoke Servlet.service() for servlet [dispatcher] in context with path [/demo] threw exception [Request processing failed; nested exception is org.springframework.jdbc.CannotGetJdbcConnectionException: Could not get JDBC Connection; nested exception is org.apache.commons.dbcp.SQLNestedException: Cannot get a connection, pool error Timeout waiting for idle object] with root cause
	java.util.NoSuchElementException: Timeout waiting for idle object
		at org.apache.commons.pool.impl.GenericObjectPool.borrowObject(GenericObjectPool.java:825)
		at org.apache.commons.dbcp.PoolingDataSource.getConnection(PoolingDataSource.java:96)
		at org.apache.commons.dbcp.BasicDataSource.getConnection(BasicDataSource.java:880)
		at com.timmy.datasource.SqlServerAwareDataSource.getConnection(SqlServerAwareDataSource.java:32)
		at org.springframework.jdbc.datasource.DataSourceUtils.doGetConnection(DataSourceUtils.java:111)
		at org.springframework.jdbc.datasource.DataSourceUtils.getConnection(DataSourceUtils.java:77)
		at org.springframework.jdbc.core.JdbcTemplate.execute(JdbcTemplate.java:628)
		at org.springframework.jdbc.core.JdbcTemplate.query(JdbcTemplate.java:693)
		at org.springframework.jdbc.core.JdbcTemplate.query(JdbcTemplate.java:725)
		at org.springframework.jdbc.core.JdbcTemplate.query(JdbcTemplate.java:735)
		at org.springframework.jdbc.core.JdbcTemplate.queryForObject(JdbcTemplate.java:803)
		at org.springframework.jdbc.core.JdbcTemplate.queryForObject(JdbcTemplate.java:822)
		at com.timmy.controller.AllController.getLatestLogFromDB(AllController.java:2467)
		at sun.reflect.GeneratedMethodAccessor160.invoke(Unknown Source)
		at sun.reflect.DelegatingMethodAccessorImpl.invoke(Unknown Source)
		at java.lang.reflect.Method.invoke(Unknown Source)
		at org.springframework.web.method.support.InvocableHandlerMethod.invoke(InvocableHandlerMethod.java:215)
		at org.springframework.web.method.support.InvocableHandlerMethod.invokeForRequest(InvocableHandlerMethod.java:132)
		at org.springframework.web.servlet.mvc.method.annotation.ServletInvocableHandlerMethod.invokeAndHandle(ServletInvocableHandlerMethod.java:104)
		at org.springframework.web.servlet.mvc.method.annotation.RequestMappingHandlerAdapter.invokeHandleMethod(RequestMappingHandlerAdapter.java:749)
		at org.springframework.web.servlet.mvc.method.annotation.RequestMappingHandlerAdapter.handleInternal(RequestMappingHandlerAdapter.java:690)
		at org.springframework.web.servlet.mvc.method.AbstractHandlerMethodAdapter.handle(AbstractHandlerMethodAdapter.java:83)
		at org.springframework.web.servlet.DispatcherServlet.doDispatch(DispatcherServlet.java:945)
		at org.springframework.web.servlet.DispatcherServlet.doService(DispatcherServlet.java:876)
		at org.springframework.web.servlet.FrameworkServlet.processRequest(FrameworkServlet.java:961)
		at org.springframework.web.servlet.FrameworkServlet.doGet(FrameworkServlet.java:852)
		at javax.servlet.http.HttpServlet.service(HttpServlet.java:529)
		at org.springframework.web.servlet.FrameworkServlet.service(FrameworkServlet.java:837)
		at javax.servlet.http.HttpServlet.service(HttpServlet.java:623)
		at org.apache.catalina.core.ApplicationFilterChain.internalDoFilter(ApplicationFilterChain.java:197)
		at org.apache.catalina.core.ApplicationFilterChain.doFilter(ApplicationFilterChain.java:142)
		at org.apache.tomcat.websocket.server.WsFilter.doFilter(WsFilter.java:51)
		at org.apache.catalina.core.ApplicationFilterChain.internalDoFilter(ApplicationFilterChain.java:166)
		at org.apache.catalina.core.ApplicationFilterChain.doFilter(ApplicationFilterChain.java:142)
		at com.timmy.util.AuthFilter.doFilter(AuthFilter.java:44)
		at org.apache.catalina.core.ApplicationFilterChain.internalDoFilter(ApplicationFilterChain.java:166)
		at org.apache.catalina.core.ApplicationFilterChain.doFilter(ApplicationFilterChain.java:142)
		at org.springframework.web.filter.CharacterEncodingFilter.doFilterInternal(CharacterEncodingFilter.java:88)
		at org.springframework.web.filter.OncePerRequestFilter.doFilter(OncePerRequestFilter.java:108)
		at org.apache.catalina.core.ApplicationFilterChain.internalDoFilter(ApplicationFilterChain.java:166)
		at org.apache.catalina.core.ApplicationFilterChain.doFilter(ApplicationFilterChain.java:142)
		at org.apache.catalina.core.StandardWrapperValve.invoke(StandardWrapperValve.java:166)
		at org.apache.catalina.core.StandardContextValve.invoke(StandardContextValve.java:88)
		at org.apache.catalina.authenticator.AuthenticatorBase.invoke(AuthenticatorBase.java:491)
		at org.apache.catalina.core.StandardHostValve.invoke(StandardHostValve.java:127)
		at org.apache.catalina.valves.ErrorReportValve.invoke(ErrorReportValve.java:83)
		at org.apache.catalina.valves.AbstractAccessLogValve.invoke(AbstractAccessLogValve.java:643)
		at org.apache.catalina.core.StandardEngineValve.invoke(StandardEngineValve.java:72)
		at org.apache.catalina.connector.CoyoteAdapter.service(CoyoteAdapter.java:344)
		at org.apache.coyote.http11.Http11Processor.service(Http11Processor.java:398)
		at org.apache.coyote.AbstractProcessorLight.process(AbstractProcessorLight.java:63)
		at org.apache.coyote.AbstractProtocol$ConnectionHandler.process(AbstractProtocol.java:939)
		at org.apache.tomcat.util.net.NioEndpoint$SocketProcessor.doRun(NioEndpoint.java:1832)
		at org.apache.tomcat.util.net.SocketProcessorBase.run(SocketProcessorBase.java:52)
		at org.apache.tomcat.util.threads.ThreadPoolExecutor.runWorker(ThreadPoolExecutor.java:973)
		at org.apache.tomcat.util.threads.ThreadPoolExecutor$Worker.run(ThreadPoolExecutor.java:491)
		at org.apache.tomcat.util.threads.TaskThread$WrappingRunnable.run(TaskThread.java:63)
		at java.lang.Thread.run(Unknown Source)
30-Mar-2026 09:41:22.312 SEVERE [http-nio-8080-exec-31] org.apache.catalina.core.StandardWrapperValve.invoke Servlet.service() for servlet [dispatcher] in context with path [/demo] threw exception [Request processing failed; nested exception is org.springframework.jdbc.CannotGetJdbcConnectionException: Could not get JDBC Connection; nested exception is org.apache.commons.dbcp.SQLNestedException: Cannot get a connection, pool error Timeout waiting for idle object] with root cause
	java.util.NoSuchElementException: Timeout waiting for idle object
		at org.apache.commons.pool.impl.GenericObjectPool.borrowObject(GenericObjectPool.java:825)
		at org.apache.commons.dbcp.PoolingDataSource.getConnection(PoolingDataSource.java:96)
		at org.apache.commons.dbcp.BasicDataSource.getConnection(BasicDataSource.java:880)
		at com.timmy.datasource.SqlServerAwareDataSource.getConnection(SqlServerAwareDataSource.java:32)
		at org.springframework.jdbc.datasource.DataSourceUtils.doGetConnection(DataSourceUtils.java:111)
		at org.springframework.jdbc.datasource.DataSourceUtils.getConnection(DataSourceUtils.java:77)
		at org.springframework.jdbc.core.JdbcTemplate.execute(JdbcTemplate.java:628)
		at org.springframework.jdbc.core.JdbcTemplate.query(JdbcTemplate.java:693)
		at org.springframework.jdbc.core.JdbcTemplate.query(JdbcTemplate.java:725)
		at org.springframework.jdbc.core.JdbcTemplate.query(JdbcTemplate.java:735)
		at org.springframework.jdbc.core.JdbcTemplate.queryForObject(JdbcTemplate.java:803)
		at org.springframework.jdbc.core.JdbcTemplate.queryForObject(JdbcTemplate.java:822)
		at com.timmy.controller.AllController.getLatestLogFromDB(AllController.java:2467)
		at sun.reflect.GeneratedMethodAccessor160.invoke(Unknown Source)
		at sun.reflect.DelegatingMethodAccessorImpl.invoke(Unknown Source)
		at java.lang.reflect.Method.invoke(Unknown Source)
		at org.springframework.web.method.support.InvocableHandlerMethod.invoke(InvocableHandlerMethod.java:215)
		at org.springframework.web.method.support.InvocableHandlerMethod.invokeForRequest(InvocableHandlerMethod.java:132)
		at org.springframework.web.servlet.mvc.method.annotation.ServletInvocableHandlerMethod.invokeAndHandle(ServletInvocableHandlerMethod.java:104)
		at org.springframework.web.servlet.mvc.method.annotation.RequestMappingHandlerAdapter.invokeHandleMethod(RequestMappingHandlerAdapter.java:749)
		at org.springframework.web.servlet.mvc.method.annotation.RequestMappingHandlerAdapter.handleInternal(RequestMappingHandlerAdapter.java:690)
		at org.springframework.web.servlet.mvc.method.AbstractHandlerMethodAdapter.handle(AbstractHandlerMethodAdapter.java:83)
		at org.springframework.web.servlet.DispatcherServlet.doDispatch(DispatcherServlet.java:945)
		at org.springframework.web.servlet.DispatcherServlet.doService(DispatcherServlet.java:876)
		at org.springframework.web.servlet.FrameworkServlet.processRequest(FrameworkServlet.java:961)
		at org.springframework.web.servlet.FrameworkServlet.doGet(FrameworkServlet.java:852)
		at javax.servlet.http.HttpServlet.service(HttpServlet.java:529)
		at org.springframework.web.servlet.FrameworkServlet.service(FrameworkServlet.java:837)
		at javax.servlet.http.HttpServlet.service(HttpServlet.java:623)
		at org.apache.catalina.core.ApplicationFilterChain.internalDoFilter(ApplicationFilterChain.java:197)
		at org.apache.catalina.core.ApplicationFilterChain.doFilter(ApplicationFilterChain.java:142)
		at org.apache.tomcat.websocket.server.WsFilter.doFilter(WsFilter.java:51)
		at org.apache.catalina.core.ApplicationFilterChain.internalDoFilter(ApplicationFilterChain.java:166)
		at org.apache.catalina.core.ApplicationFilterChain.doFilter(ApplicationFilterChain.java:142)
		at com.timmy.util.AuthFilter.doFilter(AuthFilter.java:44)
		at org.apache.catalina.core.ApplicationFilterChain.internalDoFilter(ApplicationFilterChain.java:166)
		at org.apache.catalina.core.ApplicationFilterChain.doFilter(ApplicationFilterChain.java:142)
		at org.springframework.web.filter.CharacterEncodingFilter.doFilterInternal(CharacterEncodingFilter.java:88)
		at org.springframework.web.filter.OncePerRequestFilter.doFilter(OncePerRequestFilter.java:108)
		at org.apache.catalina.core.ApplicationFilterChain.internalDoFilter(ApplicationFilterChain.java:166)
		at org.apache.catalina.core.ApplicationFilterChain.doFilter(ApplicationFilterChain.java:142)
		at org.apache.catalina.core.StandardWrapperValve.invoke(StandardWrapperValve.java:166)
		at org.apache.catalina.core.StandardContextValve.invoke(StandardContextValve.java:88)
		at org.apache.catalina.authenticator.AuthenticatorBase.invoke(AuthenticatorBase.java:491)
		at org.apache.catalina.core.StandardHostValve.invoke(StandardHostValve.java:127)
		at org.apache.catalina.valves.ErrorReportValve.invoke(ErrorReportValve.java:83)
		at org.apache.catalina.valves.AbstractAccessLogValve.invoke(AbstractAccessLogValve.java:643)
		at org.apache.catalina.core.StandardEngineValve.invoke(StandardEngineValve.java:72)
		at org.apache.catalina.connector.CoyoteAdapter.service(CoyoteAdapter.java:344)
		at org.apache.coyote.http11.Http11Processor.service(Http11Processor.java:398)
		at org.apache.coyote.AbstractProcessorLight.process(AbstractProcessorLight.java:63)
		at org.apache.coyote.AbstractProtocol$ConnectionHandler.process(AbstractProtocol.java:939)
		at org.apache.tomcat.util.net.NioEndpoint$SocketProcessor.doRun(NioEndpoint.java:1832)
		at org.apache.tomcat.util.net.SocketProcessorBase.run(SocketProcessorBase.java:52)
		at org.apache.tomcat.util.threads.ThreadPoolExecutor.runWorker(ThreadPoolExecutor.java:973)
		at org.apache.tomcat.util.threads.ThreadPoolExecutor$Worker.run(ThreadPoolExecutor.java:491)
		at org.apache.tomcat.util.threads.TaskThread$WrappingRunnable.run(TaskThread.java:63)
		at java.lang.Thread.run(Unknown Source)
30-Mar-2026 09:41:25.955 SEVERE [http-nio-8080-exec-32] org.apache.catalina.core.StandardWrapperValve.invoke Servlet.service() for servlet [dispatcher] in context with path [/demo] threw exception [Request processing failed; nested exception is org.springframework.jdbc.CannotGetJdbcConnectionException: Could not get JDBC Connection; nested exception is org.apache.commons.dbcp.SQLNestedException: Cannot get a connection, pool error Timeout waiting for idle object] with root cause
	java.util.NoSuchElementException: Timeout waiting for idle object
		at org.apache.commons.pool.impl.GenericObjectPool.borrowObject(GenericObjectPool.java:825)
		at org.apache.commons.dbcp.PoolingDataSource.getConnection(PoolingDataSource.java:96)
		at org.apache.commons.dbcp.BasicDataSource.getConnection(BasicDataSource.java:880)
		at com.timmy.datasource.SqlServerAwareDataSource.getConnection(SqlServerAwareDataSource.java:32)
		at org.springframework.jdbc.datasource.DataSourceUtils.doGetConnection(DataSourceUtils.java:111)
		at org.springframework.jdbc.datasource.DataSourceUtils.getConnection(DataSourceUtils.java:77)
		at org.springframework.jdbc.core.JdbcTemplate.execute(JdbcTemplate.java:628)
		at org.springframework.jdbc.core.JdbcTemplate.query(JdbcTemplate.java:693)
		at org.springframework.jdbc.core.JdbcTemplate.query(JdbcTemplate.java:725)
		at org.springframework.jdbc.core.JdbcTemplate.query(JdbcTemplate.java:735)
		at org.springframework.jdbc.core.JdbcTemplate.queryForObject(JdbcTemplate.java:803)
		at org.springframework.jdbc.core.JdbcTemplate.queryForObject(JdbcTemplate.java:822)
		at com.timmy.controller.AllController.getLatestLogFromDB(AllController.java:2467)
		at sun.reflect.GeneratedMethodAccessor160.invoke(Unknown Source)
		at sun.reflect.DelegatingMethodAccessorImpl.invoke(Unknown Source)
		at java.lang.reflect.Method.invoke(Unknown Source)
		at org.springframework.web.method.support.InvocableHandlerMethod.invoke(InvocableHandlerMethod.java:215)
		at org.springframework.web.method.support.InvocableHandlerMethod.invokeForRequest(InvocableHandlerMethod.java:132)
		at org.springframework.web.servlet.mvc.method.annotation.ServletInvocableHandlerMethod.invokeAndHandle(ServletInvocableHandlerMethod.java:104)
		at org.springframework.web.servlet.mvc.method.annotation.RequestMappingHandlerAdapter.invokeHandleMethod(RequestMappingHandlerAdapter.java:749)
		at org.springframework.web.servlet.mvc.method.annotation.RequestMappingHandlerAdapter.handleInternal(RequestMappingHandlerAdapter.java:690)
		at org.springframework.web.servlet.mvc.method.AbstractHandlerMethodAdapter.handle(AbstractHandlerMethodAdapter.java:83)
		at org.springframework.web.servlet.DispatcherServlet.doDispatch(DispatcherServlet.java:945)
		at org.springframework.web.servlet.DispatcherServlet.doService(DispatcherServlet.java:876)
		at org.springframework.web.servlet.FrameworkServlet.processRequest(FrameworkServlet.java:961)
		at org.springframework.web.servlet.FrameworkServlet.doGet(FrameworkServlet.java:852)
		at javax.servlet.http.HttpServlet.service(HttpServlet.java:529)
		at org.springframework.web.servlet.FrameworkServlet.service(FrameworkServlet.java:837)
		at javax.servlet.http.HttpServlet.service(HttpServlet.java:623)
		at org.apache.catalina.core.ApplicationFilterChain.internalDoFilter(ApplicationFilterChain.java:197)
		at org.apache.catalina.core.ApplicationFilterChain.doFilter(ApplicationFilterChain.java:142)
		at org.apache.tomcat.websocket.server.WsFilter.doFilter(WsFilter.java:51)
		at org.apache.catalina.core.ApplicationFilterChain.internalDoFilter(ApplicationFilterChain.java:166)
		at org.apache.catalina.core.ApplicationFilterChain.doFilter(ApplicationFilterChain.java:142)
		at com.timmy.util.AuthFilter.doFilter(AuthFilter.java:44)
		at org.apache.catalina.core.ApplicationFilterChain.internalDoFilter(ApplicationFilterChain.java:166)
		at org.apache.catalina.core.ApplicationFilterChain.doFilter(ApplicationFilterChain.java:142)
		at org.springframework.web.filter.CharacterEncodingFilter.doFilterInternal(CharacterEncodingFilter.java:88)
		at org.springframework.web.filter.OncePerRequestFilter.doFilter(OncePerRequestFilter.java:108)
		at org.apache.catalina.core.ApplicationFilterChain.internalDoFilter(ApplicationFilterChain.java:166)
		at org.apache.catalina.core.ApplicationFilterChain.doFilter(ApplicationFilterChain.java:142)
		at org.apache.catalina.core.StandardWrapperValve.invoke(StandardWrapperValve.java:166)
		at org.apache.catalina.core.StandardContextValve.invoke(StandardContextValve.java:88)
		at org.apache.catalina.authenticator.AuthenticatorBase.invoke(AuthenticatorBase.java:491)
		at org.apache.catalina.core.StandardHostValve.invoke(StandardHostValve.java:127)
		at org.apache.catalina.valves.ErrorReportValve.invoke(ErrorReportValve.java:83)
		at org.apache.catalina.valves.AbstractAccessLogValve.invoke(AbstractAccessLogValve.java:643)
		at org.apache.catalina.core.StandardEngineValve.invoke(StandardEngineValve.java:72)
		at org.apache.catalina.connector.CoyoteAdapter.service(CoyoteAdapter.java:344)
		at org.apache.coyote.http11.Http11Processor.service(Http11Processor.java:398)
		at org.apache.coyote.AbstractProcessorLight.process(AbstractProcessorLight.java:63)
		at org.apache.coyote.AbstractProtocol$ConnectionHandler.process(AbstractProtocol.java:939)
		at org.apache.tomcat.util.net.NioEndpoint$SocketProcessor.doRun(NioEndpoint.java:1832)
		at org.apache.tomcat.util.net.SocketProcessorBase.run(SocketProcessorBase.java:52)
		at org.apache.tomcat.util.threads.ThreadPoolExecutor.runWorker(ThreadPoolExecutor.java:973)
		at org.apache.tomcat.util.threads.ThreadPoolExecutor$Worker.run(ThreadPoolExecutor.java:491)
		at org.apache.tomcat.util.threads.TaskThread$WrappingRunnable.run(TaskThread.java:63)
		at java.lang.Thread.run(Unknown Source)
30-Mar-2026 09:41:27.307 SEVERE [http-nio-8080-exec-33] org.apache.catalina.core.StandardWrapperValve.invoke Servlet.service() for servlet [dispatcher] in context with path [/demo] threw exception [Request processing failed; nested exception is org.springframework.jdbc.CannotGetJdbcConnectionException: Could not get JDBC Connection; nested exception is org.apache.commons.dbcp.SQLNestedException: Cannot get a connection, pool error Timeout waiting for idle object] with root cause
	java.util.NoSuchElementException: Timeout waiting for idle object
		at org.apache.commons.pool.impl.GenericObjectPool.borrowObject(GenericObjectPool.java:825)
		at org.apache.commons.dbcp.PoolingDataSource.getConnection(PoolingDataSource.java:96)
		at org.apache.commons.dbcp.BasicDataSource.getConnection(BasicDataSource.java:880)
		at com.timmy.datasource.SqlServerAwareDataSource.getConnection(SqlServerAwareDataSource.java:32)
		at org.springframework.jdbc.datasource.DataSourceUtils.doGetConnection(DataSourceUtils.java:111)
		at org.springframework.jdbc.datasource.DataSourceUtils.getConnection(DataSourceUtils.java:77)
		at org.springframework.jdbc.core.JdbcTemplate.execute(JdbcTemplate.java:628)
		at org.springframework.jdbc.core.JdbcTemplate.query(JdbcTemplate.java:693)
		at org.springframework.jdbc.core.JdbcTemplate.query(JdbcTemplate.java:725)
		at org.springframework.jdbc.core.JdbcTemplate.query(JdbcTemplate.java:735)
		at org.springframework.jdbc.core.JdbcTemplate.queryForObject(JdbcTemplate.java:803)
		at org.springframework.jdbc.core.JdbcTemplate.queryForObject(JdbcTemplate.java:822)
		at com.timmy.controller.AllController.getLatestLogFromDB(AllController.java:2467)
		at sun.reflect.GeneratedMethodAccessor160.invoke(Unknown Source)
		at sun.reflect.DelegatingMethodAccessorImpl.invoke(Unknown Source)
		at java.lang.reflect.Method.invoke(Unknown Source)
		at org.springframework.web.method.support.InvocableHandlerMethod.invoke(InvocableHandlerMethod.java:215)
		at org.springframework.web.method.support.InvocableHandlerMethod.invokeForRequest(InvocableHandlerMethod.java:132)
		at org.springframework.web.servlet.mvc.method.annotation.ServletInvocableHandlerMethod.invokeAndHandle(ServletInvocableHandlerMethod.java:104)
		at org.springframework.web.servlet.mvc.method.annotation.RequestMappingHandlerAdapter.invokeHandleMethod(RequestMappingHandlerAdapter.java:749)
		at org.springframework.web.servlet.mvc.method.annotation.RequestMappingHandlerAdapter.handleInternal(RequestMappingHandlerAdapter.java:690)
		at org.springframework.web.servlet.mvc.method.AbstractHandlerMethodAdapter.handle(AbstractHandlerMethodAdapter.java:83)
		at org.springframework.web.servlet.DispatcherServlet.doDispatch(DispatcherServlet.java:945)
		at org.springframework.web.servlet.DispatcherServlet.doService(DispatcherServlet.java:876)
		at org.springframework.web.servlet.FrameworkServlet.processRequest(FrameworkServlet.java:961)
		at org.springframework.web.servlet.FrameworkServlet.doGet(FrameworkServlet.java:852)
		at javax.servlet.http.HttpServlet.service(HttpServlet.java:529)
		at org.springframework.web.servlet.FrameworkServlet.service(FrameworkServlet.java:837)
		at javax.servlet.http.HttpServlet.service(HttpServlet.java:623)
		at org.apache.catalina.core.ApplicationFilterChain.internalDoFilter(ApplicationFilterChain.java:197)
		at org.apache.catalina.core.ApplicationFilterChain.doFilter(ApplicationFilterChain.java:142)
		at org.apache.tomcat.websocket.server.WsFilter.doFilter(WsFilter.java:51)
		at org.apache.catalina.core.ApplicationFilterChain.internalDoFilter(ApplicationFilterChain.java:166)
		at org.apache.catalina.core.ApplicationFilterChain.doFilter(ApplicationFilterChain.java:142)
		at com.timmy.util.AuthFilter.doFilter(AuthFilter.java:44)
		at org.apache.catalina.core.ApplicationFilterChain.internalDoFilter(ApplicationFilterChain.java:166)
		at org.apache.catalina.core.ApplicationFilterChain.doFilter(ApplicationFilterChain.java:142)
		at org.springframework.web.filter.CharacterEncodingFilter.doFilterInternal(CharacterEncodingFilter.java:88)
		at org.springframework.web.filter.OncePerRequestFilter.doFilter(OncePerRequestFilter.java:108)
		at org.apache.catalina.core.ApplicationFilterChain.internalDoFilter(ApplicationFilterChain.java:166)
		at org.apache.catalina.core.ApplicationFilterChain.doFilter(ApplicationFilterChain.java:142)
		at org.apache.catalina.core.StandardWrapperValve.invoke(StandardWrapperValve.java:166)
		at org.apache.catalina.core.StandardContextValve.invoke(StandardContextValve.java:88)
		at org.apache.catalina.authenticator.AuthenticatorBase.invoke(AuthenticatorBase.java:491)
		at org.apache.catalina.core.StandardHostValve.invoke(StandardHostValve.java:127)
		at org.apache.catalina.valves.ErrorReportValve.invoke(ErrorReportValve.java:83)
		at org.apache.catalina.valves.AbstractAccessLogValve.invoke(AbstractAccessLogValve.java:643)
		at org.apache.catalina.core.StandardEngineValve.invoke(StandardEngineValve.java:72)
		at org.apache.catalina.connector.CoyoteAdapter.service(CoyoteAdapter.java:344)
		at org.apache.coyote.http11.Http11Processor.service(Http11Processor.java:398)
		at org.apache.coyote.AbstractProcessorLight.process(AbstractProcessorLight.java:63)
		at org.apache.coyote.AbstractProtocol$ConnectionHandler.process(AbstractProtocol.java:939)
		at org.apache.tomcat.util.net.NioEndpoint$SocketProcessor.doRun(NioEndpoint.java:1832)
		at org.apache.tomcat.util.net.SocketProcessorBase.run(SocketProcessorBase.java:52)
		at org.apache.tomcat.util.threads.ThreadPoolExecutor.runWorker(ThreadPoolExecutor.java:973)
		at org.apache.tomcat.util.threads.ThreadPoolExecutor$Worker.run(ThreadPoolExecutor.java:491)
		at org.apache.tomcat.util.threads.TaskThread$WrappingRunnable.run(TaskThread.java:63)
		at java.lang.Thread.run(Unknown Source)
30-Mar-2026 09:41:32.326 SEVERE [http-nio-8080-exec-34] org.apache.catalina.core.StandardWrapperValve.invoke Servlet.service() for servlet [dispatcher] in context with path [/demo] threw exception [Request processing failed; nested exception is org.springframework.jdbc.CannotGetJdbcConnectionException: Could not get JDBC Connection; nested exception is org.apache.commons.dbcp.SQLNestedException: Cannot get a connection, pool error Timeout waiting for idle object] with root cause
	java.util.NoSuchElementException: Timeout waiting for idle object
		at org.apache.commons.pool.impl.GenericObjectPool.borrowObject(GenericObjectPool.java:825)
		at org.apache.commons.dbcp.PoolingDataSource.getConnection(PoolingDataSource.java:96)
		at org.apache.commons.dbcp.BasicDataSource.getConnection(BasicDataSource.java:880)
		at com.timmy.datasource.SqlServerAwareDataSource.getConnection(SqlServerAwareDataSource.java:32)
		at org.springframework.jdbc.datasource.DataSourceUtils.doGetConnection(DataSourceUtils.java:111)
		at org.springframework.jdbc.datasource.DataSourceUtils.getConnection(DataSourceUtils.java:77)
		at org.springframework.jdbc.core.JdbcTemplate.execute(JdbcTemplate.java:628)
		at org.springframework.jdbc.core.JdbcTemplate.query(JdbcTemplate.java:693)
		at org.springframework.jdbc.core.JdbcTemplate.query(JdbcTemplate.java:725)
		at org.springframework.jdbc.core.JdbcTemplate.query(JdbcTemplate.java:735)
		at org.springframework.jdbc.core.JdbcTemplate.queryForObject(JdbcTemplate.java:803)
		at org.springframework.jdbc.core.JdbcTemplate.queryForObject(JdbcTemplate.java:822)
		at com.timmy.controller.AllController.getLatestLogFromDB(AllController.java:2467)
		at sun.reflect.GeneratedMethodAccessor160.invoke(Unknown Source)
		at sun.reflect.DelegatingMethodAccessorImpl.invoke(Unknown Source)
		at java.lang.reflect.Method.invoke(Unknown Source)
		at org.springframework.web.method.support.InvocableHandlerMethod.invoke(InvocableHandlerMethod.java:215)
		at org.springframework.web.method.support.InvocableHandlerMethod.invokeForRequest(InvocableHandlerMethod.java:132)
		at org.springframework.web.servlet.mvc.method.annotation.ServletInvocableHandlerMethod.invokeAndHandle(ServletInvocableHandlerMethod.java:104)
		at org.springframework.web.servlet.mvc.method.annotation.RequestMappingHandlerAdapter.invokeHandleMethod(RequestMappingHandlerAdapter.java:749)
		at org.springframework.web.servlet.mvc.method.annotation.RequestMappingHandlerAdapter.handleInternal(RequestMappingHandlerAdapter.java:690)
		at org.springframework.web.servlet.mvc.method.AbstractHandlerMethodAdapter.handle(AbstractHandlerMethodAdapter.java:83)
		at org.springframework.web.servlet.DispatcherServlet.doDispatch(DispatcherServlet.java:945)
		at org.springframework.web.servlet.DispatcherServlet.doService(DispatcherServlet.java:876)
		at org.springframework.web.servlet.FrameworkServlet.processRequest(FrameworkServlet.java:961)
		at org.springframework.web.servlet.FrameworkServlet.doGet(FrameworkServlet.java:852)
		at javax.servlet.http.HttpServlet.service(HttpServlet.java:529)
		at org.springframework.web.servlet.FrameworkServlet.service(FrameworkServlet.java:837)
		at javax.servlet.http.HttpServlet.service(HttpServlet.java:623)
		at org.apache.catalina.core.ApplicationFilterChain.internalDoFilter(ApplicationFilterChain.java:197)
		at org.apache.catalina.core.ApplicationFilterChain.doFilter(ApplicationFilterChain.java:142)
		at org.apache.tomcat.websocket.server.WsFilter.doFilter(WsFilter.java:51)
		at org.apache.catalina.core.ApplicationFilterChain.internalDoFilter(ApplicationFilterChain.java:166)
		at org.apache.catalina.core.ApplicationFilterChain.doFilter(ApplicationFilterChain.java:142)
		at com.timmy.util.AuthFilter.doFilter(AuthFilter.java:44)
		at org.apache.catalina.core.ApplicationFilterChain.internalDoFilter(ApplicationFilterChain.java:166)
		at org.apache.catalina.core.ApplicationFilterChain.doFilter(ApplicationFilterChain.java:142)
		at org.springframework.web.filter.CharacterEncodingFilter.doFilterInternal(CharacterEncodingFilter.java:88)
		at org.springframework.web.filter.OncePerRequestFilter.doFilter(OncePerRequestFilter.java:108)
		at org.apache.catalina.core.ApplicationFilterChain.internalDoFilter(ApplicationFilterChain.java:166)
		at org.apache.catalina.core.ApplicationFilterChain.doFilter(ApplicationFilterChain.java:142)
		at org.apache.catalina.core.StandardWrapperValve.invoke(StandardWrapperValve.java:166)
		at org.apache.catalina.core.StandardContextValve.invoke(StandardContextValve.java:88)
		at org.apache.catalina.authenticator.AuthenticatorBase.invoke(AuthenticatorBase.java:491)
		at org.apache.catalina.core.StandardHostValve.invoke(StandardHostValve.java:127)
		at org.apache.catalina.valves.ErrorReportValve.invoke(ErrorReportValve.java:83)
		at org.apache.catalina.valves.AbstractAccessLogValve.invoke(AbstractAccessLogValve.java:643)
		at org.apache.catalina.core.StandardEngineValve.invoke(StandardEngineValve.java:72)
		at org.apache.catalina.connector.CoyoteAdapter.service(CoyoteAdapter.java:344)
		at org.apache.coyote.http11.Http11Processor.service(Http11Processor.java:398)
		at org.apache.coyote.AbstractProcessorLight.process(AbstractProcessorLight.java:63)
		at org.apache.coyote.AbstractProtocol$ConnectionHandler.process(AbstractProtocol.java:939)
		at org.apache.tomcat.util.net.NioEndpoint$SocketProcessor.doRun(NioEndpoint.java:1832)
		at org.apache.tomcat.util.net.SocketProcessorBase.run(SocketProcessorBase.java:52)
		at org.apache.tomcat.util.threads.ThreadPoolExecutor.runWorker(ThreadPoolExecutor.java:973)
		at org.apache.tomcat.util.threads.ThreadPoolExecutor$Worker.run(ThreadPoolExecutor.java:491)
		at org.apache.tomcat.util.threads.TaskThread$WrappingRunnable.run(TaskThread.java:63)
		at java.lang.Thread.run(Unknown Source)
30-Mar-2026 09:41:37.312 SEVERE [http-nio-8080-exec-35] org.apache.catalina.core.StandardWrapperValve.invoke Servlet.service() for servlet [dispatcher] in context with path [/demo] threw exception [Request processing failed; nested exception is org.springframework.jdbc.CannotGetJdbcConnectionException: Could not get JDBC Connection; nested exception is org.apache.commons.dbcp.SQLNestedException: Cannot get a connection, pool error Timeout waiting for idle object] with root cause
	java.util.NoSuchElementException: Timeout waiting for idle object
		at org.apache.commons.pool.impl.GenericObjectPool.borrowObject(GenericObjectPool.java:825)
		at org.apache.commons.dbcp.PoolingDataSource.getConnection(PoolingDataSource.java:96)
		at org.apache.commons.dbcp.BasicDataSource.getConnection(BasicDataSource.java:880)
		at com.timmy.datasource.SqlServerAwareDataSource.getConnection(SqlServerAwareDataSource.java:32)
		at org.springframework.jdbc.datasource.DataSourceUtils.doGetConnection(DataSourceUtils.java:111)
		at org.springframework.jdbc.datasource.DataSourceUtils.getConnection(DataSourceUtils.java:77)
		at org.springframework.jdbc.core.JdbcTemplate.execute(JdbcTemplate.java:628)
		at org.springframework.jdbc.core.JdbcTemplate.query(JdbcTemplate.java:693)
		at org.springframework.jdbc.core.JdbcTemplate.query(JdbcTemplate.java:725)
		at org.springframework.jdbc.core.JdbcTemplate.query(JdbcTemplate.java:735)
		at org.springframework.jdbc.core.JdbcTemplate.queryForObject(JdbcTemplate.java:803)
		at org.springframework.jdbc.core.JdbcTemplate.queryForObject(JdbcTemplate.java:822)
		at com.timmy.controller.AllController.getLatestLogFromDB(AllController.java:2467)
		at sun.reflect.GeneratedMethodAccessor160.invoke(Unknown Source)
		at sun.reflect.DelegatingMethodAccessorImpl.invoke(Unknown Source)
		at java.lang.reflect.Method.invoke(Unknown Source)
		at org.springframework.web.method.support.InvocableHandlerMethod.invoke(InvocableHandlerMethod.java:215)
		at org.springframework.web.method.support.InvocableHandlerMethod.invokeForRequest(InvocableHandlerMethod.java:132)
		at org.springframework.web.servlet.mvc.method.annotation.ServletInvocableHandlerMethod.invokeAndHandle(ServletInvocableHandlerMethod.java:104)
		at org.springframework.web.servlet.mvc.method.annotation.RequestMappingHandlerAdapter.invokeHandleMethod(RequestMappingHandlerAdapter.java:749)
		at org.springframework.web.servlet.mvc.method.annotation.RequestMappingHandlerAdapter.handleInternal(RequestMappingHandlerAdapter.java:690)
		at org.springframework.web.servlet.mvc.method.AbstractHandlerMethodAdapter.handle(AbstractHandlerMethodAdapter.java:83)
		at org.springframework.web.servlet.DispatcherServlet.doDispatch(DispatcherServlet.java:945)
		at org.springframework.web.servlet.DispatcherServlet.doService(DispatcherServlet.java:876)
		at org.springframework.web.servlet.FrameworkServlet.processRequest(FrameworkServlet.java:961)
		at org.springframework.web.servlet.FrameworkServlet.doGet(FrameworkServlet.java:852)
		at javax.servlet.http.HttpServlet.service(HttpServlet.java:529)
		at org.springframework.web.servlet.FrameworkServlet.service(FrameworkServlet.java:837)
		at javax.servlet.http.HttpServlet.service(HttpServlet.java:623)
		at org.apache.catalina.core.ApplicationFilterChain.internalDoFilter(ApplicationFilterChain.java:197)
		at org.apache.catalina.core.ApplicationFilterChain.doFilter(ApplicationFilterChain.java:142)
		at org.apache.tomcat.websocket.server.WsFilter.doFilter(WsFilter.java:51)
		at org.apache.catalina.core.ApplicationFilterChain.internalDoFilter(ApplicationFilterChain.java:166)
		at org.apache.catalina.core.ApplicationFilterChain.doFilter(ApplicationFilterChain.java:142)
		at com.timmy.util.AuthFilter.doFilter(AuthFilter.java:44)
		at org.apache.catalina.core.ApplicationFilterChain.internalDoFilter(ApplicationFilterChain.java:166)
		at org.apache.catalina.core.ApplicationFilterChain.doFilter(ApplicationFilterChain.java:142)
		at org.springframework.web.filter.CharacterEncodingFilter.doFilterInternal(CharacterEncodingFilter.java:88)
		at org.springframework.web.filter.OncePerRequestFilter.doFilter(OncePerRequestFilter.java:108)
		at org.apache.catalina.core.ApplicationFilterChain.internalDoFilter(ApplicationFilterChain.java:166)
		at org.apache.catalina.core.ApplicationFilterChain.doFilter(ApplicationFilterChain.java:142)
		at org.apache.catalina.core.StandardWrapperValve.invoke(StandardWrapperValve.java:166)
		at org.apache.catalina.core.StandardContextValve.invoke(StandardContextValve.java:88)
		at org.apache.catalina.authenticator.AuthenticatorBase.invoke(AuthenticatorBase.java:491)
		at org.apache.catalina.core.StandardHostValve.invoke(StandardHostValve.java:127)
		at org.apache.catalina.valves.ErrorReportValve.invoke(ErrorReportValve.java:83)
		at org.apache.catalina.valves.AbstractAccessLogValve.invoke(AbstractAccessLogValve.java:643)
		at org.apache.catalina.core.StandardEngineValve.invoke(StandardEngineValve.java:72)
		at org.apache.catalina.connector.CoyoteAdapter.service(CoyoteAdapter.java:344)
		at org.apache.coyote.http11.Http11Processor.service(Http11Processor.java:398)
		at org.apache.coyote.AbstractProcessorLight.process(AbstractProcessorLight.java:63)
		at org.apache.coyote.AbstractProtocol$ConnectionHandler.process(AbstractProtocol.java:939)
		at org.apache.tomcat.util.net.NioEndpoint$SocketProcessor.doRun(NioEndpoint.java:1832)
		at org.apache.tomcat.util.net.SocketProcessorBase.run(SocketProcessorBase.java:52)
		at org.apache.tomcat.util.threads.ThreadPoolExecutor.runWorker(ThreadPoolExecutor.java:973)
		at org.apache.tomcat.util.threads.ThreadPoolExecutor$Worker.run(ThreadPoolExecutor.java:491)
		at org.apache.tomcat.util.threads.TaskThread$WrappingRunnable.run(TaskThread.java:63)
		at java.lang.Thread.run(Unknown Source)
30-Mar-2026 09:41:42.312 SEVERE [http-nio-8080-exec-20] org.apache.catalina.core.StandardWrapperValve.invoke Servlet.service() for servlet [dispatcher] in context with path [/demo] threw exception [Request processing failed; nested exception is org.springframework.jdbc.CannotGetJdbcConnectionException: Could not get JDBC Connection; nested exception is org.apache.commons.dbcp.SQLNestedException: Cannot get a connection, pool error Timeout waiting for idle object] with root cause
	java.util.NoSuchElementException: Timeout waiting for idle object
		at org.apache.commons.pool.impl.GenericObjectPool.borrowObject(GenericObjectPool.java:825)
		at org.apache.commons.dbcp.PoolingDataSource.getConnection(PoolingDataSource.java:96)
		at org.apache.commons.dbcp.BasicDataSource.getConnection(BasicDataSource.java:880)
		at com.timmy.datasource.SqlServerAwareDataSource.getConnection(SqlServerAwareDataSource.java:32)
		at org.springframework.jdbc.datasource.DataSourceUtils.doGetConnection(DataSourceUtils.java:111)
		at org.springframework.jdbc.datasource.DataSourceUtils.getConnection(DataSourceUtils.java:77)
		at org.springframework.jdbc.core.JdbcTemplate.execute(JdbcTemplate.java:628)
		at org.springframework.jdbc.core.JdbcTemplate.query(JdbcTemplate.java:693)
		at org.springframework.jdbc.core.JdbcTemplate.query(JdbcTemplate.java:725)
		at org.springframework.jdbc.core.JdbcTemplate.query(JdbcTemplate.java:735)
		at org.springframework.jdbc.core.JdbcTemplate.queryForObject(JdbcTemplate.java:803)
		at org.springframework.jdbc.core.JdbcTemplate.queryForObject(JdbcTemplate.java:822)
		at com.timmy.controller.AllController.getLatestLogFromDB(AllController.java:2467)
		at sun.reflect.GeneratedMethodAccessor160.invoke(Unknown Source)
		at sun.reflect.DelegatingMethodAccessorImpl.invoke(Unknown Source)
		at java.lang.reflect.Method.invoke(Unknown Source)
		at org.springframework.web.method.support.InvocableHandlerMethod.invoke(InvocableHandlerMethod.java:215)
		at org.springframework.web.method.support.InvocableHandlerMethod.invokeForRequest(InvocableHandlerMethod.java:132)
		at org.springframework.web.servlet.mvc.method.annotation.ServletInvocableHandlerMethod.invokeAndHandle(ServletInvocableHandlerMethod.java:104)
		at org.springframework.web.servlet.mvc.method.annotation.RequestMappingHandlerAdapter.invokeHandleMethod(RequestMappingHandlerAdapter.java:749)
		at org.springframework.web.servlet.mvc.method.annotation.RequestMappingHandlerAdapter.handleInternal(RequestMappingHandlerAdapter.java:690)
		at org.springframework.web.servlet.mvc.method.AbstractHandlerMethodAdapter.handle(AbstractHandlerMethodAdapter.java:83)
		at org.springframework.web.servlet.DispatcherServlet.doDispatch(DispatcherServlet.java:945)
		at org.springframework.web.servlet.DispatcherServlet.doService(DispatcherServlet.java:876)
		at org.springframework.web.servlet.FrameworkServlet.processRequest(FrameworkServlet.java:961)
		at org.springframework.web.servlet.FrameworkServlet.doGet(FrameworkServlet.java:852)
		at javax.servlet.http.HttpServlet.service(HttpServlet.java:529)
		at org.springframework.web.servlet.FrameworkServlet.service(FrameworkServlet.java:837)
		at javax.servlet.http.HttpServlet.service(HttpServlet.java:623)
		at org.apache.catalina.core.ApplicationFilterChain.internalDoFilter(ApplicationFilterChain.java:197)
		at org.apache.catalina.core.ApplicationFilterChain.doFilter(ApplicationFilterChain.java:142)
		at org.apache.tomcat.websocket.server.WsFilter.doFilter(WsFilter.java:51)
		at org.apache.catalina.core.ApplicationFilterChain.internalDoFilter(ApplicationFilterChain.java:166)
		at org.apache.catalina.core.ApplicationFilterChain.doFilter(ApplicationFilterChain.java:142)
		at com.timmy.util.AuthFilter.doFilter(AuthFilter.java:44)
		at org.apache.catalina.core.ApplicationFilterChain.internalDoFilter(ApplicationFilterChain.java:166)
		at org.apache.catalina.core.ApplicationFilterChain.doFilter(ApplicationFilterChain.java:142)
		at org.springframework.web.filter.CharacterEncodingFilter.doFilterInternal(CharacterEncodingFilter.java:88)
		at org.springframework.web.filter.OncePerRequestFilter.doFilter(OncePerRequestFilter.java:108)
		at org.apache.catalina.core.ApplicationFilterChain.internalDoFilter(ApplicationFilterChain.java:166)
		at org.apache.catalina.core.ApplicationFilterChain.doFilter(ApplicationFilterChain.java:142)
		at org.apache.catalina.core.StandardWrapperValve.invoke(StandardWrapperValve.java:166)
		at org.apache.catalina.core.StandardContextValve.invoke(StandardContextValve.java:88)
		at org.apache.catalina.authenticator.AuthenticatorBase.invoke(AuthenticatorBase.java:491)
		at org.apache.catalina.core.StandardHostValve.invoke(StandardHostValve.java:127)
		at org.apache.catalina.valves.ErrorReportValve.invoke(ErrorReportValve.java:83)
		at org.apache.catalina.valves.AbstractAccessLogValve.invoke(AbstractAccessLogValve.java:643)
		at org.apache.catalina.core.StandardEngineValve.invoke(StandardEngineValve.java:72)
		at org.apache.catalina.connector.CoyoteAdapter.service(CoyoteAdapter.java:344)
		at org.apache.coyote.http11.Http11Processor.service(Http11Processor.java:398)
		at org.apache.coyote.AbstractProcessorLight.process(AbstractProcessorLight.java:63)
		at org.apache.coyote.AbstractProtocol$ConnectionHandler.process(AbstractProtocol.java:939)
		at org.apache.tomcat.util.net.NioEndpoint$SocketProcessor.doRun(NioEndpoint.java:1832)
		at org.apache.tomcat.util.net.SocketProcessorBase.run(SocketProcessorBase.java:52)
		at org.apache.tomcat.util.threads.ThreadPoolExecutor.runWorker(ThreadPoolExecutor.java:973)
		at org.apache.tomcat.util.threads.ThreadPoolExecutor$Worker.run(ThreadPoolExecutor.java:491)
		at org.apache.tomcat.util.threads.TaskThread$WrappingRunnable.run(TaskThread.java:63)
		at java.lang.Thread.run(Unknown Source)
30-Mar-2026 09:41:47.312 SEVERE [http-nio-8080-exec-21] org.apache.catalina.core.StandardWrapperValve.invoke Servlet.service() for servlet [dispatcher] in context with path [/demo] threw exception [Request processing failed; nested exception is org.springframework.jdbc.CannotGetJdbcConnectionException: Could not get JDBC Connection; nested exception is org.apache.commons.dbcp.SQLNestedException: Cannot get a connection, pool error Timeout waiting for idle object] with root cause
	java.util.NoSuchElementException: Timeout waiting for idle object
		at org.apache.commons.pool.impl.GenericObjectPool.borrowObject(GenericObjectPool.java:825)
		at org.apache.commons.dbcp.PoolingDataSource.getConnection(PoolingDataSource.java:96)
		at org.apache.commons.dbcp.BasicDataSource.getConnection(BasicDataSource.java:880)
		at com.timmy.datasource.SqlServerAwareDataSource.getConnection(SqlServerAwareDataSource.java:32)
		at org.springframework.jdbc.datasource.DataSourceUtils.doGetConnection(DataSourceUtils.java:111)
		at org.springframework.jdbc.datasource.DataSourceUtils.getConnection(DataSourceUtils.java:77)
		at org.springframework.jdbc.core.JdbcTemplate.execute(JdbcTemplate.java:628)
		at org.springframework.jdbc.core.JdbcTemplate.query(JdbcTemplate.java:693)
		at org.springframework.jdbc.core.JdbcTemplate.query(JdbcTemplate.java:725)
		at org.springframework.jdbc.core.JdbcTemplate.query(JdbcTemplate.java:735)
		at org.springframework.jdbc.core.JdbcTemplate.queryForObject(JdbcTemplate.java:803)
		at org.springframework.jdbc.core.JdbcTemplate.queryForObject(JdbcTemplate.java:822)
		at com.timmy.controller.AllController.getLatestLogFromDB(AllController.java:2467)
		at sun.reflect.GeneratedMethodAccessor160.invoke(Unknown Source)
		at sun.reflect.DelegatingMethodAccessorImpl.invoke(Unknown Source)
		at java.lang.reflect.Method.invoke(Unknown Source)
		at org.springframework.web.method.support.InvocableHandlerMethod.invoke(InvocableHandlerMethod.java:215)
		at org.springframework.web.method.support.InvocableHandlerMethod.invokeForRequest(InvocableHandlerMethod.java:132)
		at org.springframework.web.servlet.mvc.method.annotation.ServletInvocableHandlerMethod.invokeAndHandle(ServletInvocableHandlerMethod.java:104)
		at org.springframework.web.servlet.mvc.method.annotation.RequestMappingHandlerAdapter.invokeHandleMethod(RequestMappingHandlerAdapter.java:749)
		at org.springframework.web.servlet.mvc.method.annotation.RequestMappingHandlerAdapter.handleInternal(RequestMappingHandlerAdapter.java:690)
		at org.springframework.web.servlet.mvc.method.AbstractHandlerMethodAdapter.handle(AbstractHandlerMethodAdapter.java:83)
		at org.springframework.web.servlet.DispatcherServlet.doDispatch(DispatcherServlet.java:945)
		at org.springframework.web.servlet.DispatcherServlet.doService(DispatcherServlet.java:876)
		at org.springframework.web.servlet.FrameworkServlet.processRequest(FrameworkServlet.java:961)
		at org.springframework.web.servlet.FrameworkServlet.doGet(FrameworkServlet.java:852)
		at javax.servlet.http.HttpServlet.service(HttpServlet.java:529)
		at org.springframework.web.servlet.FrameworkServlet.service(FrameworkServlet.java:837)
		at javax.servlet.http.HttpServlet.service(HttpServlet.java:623)
		at org.apache.catalina.core.ApplicationFilterChain.internalDoFilter(ApplicationFilterChain.java:197)
		at org.apache.catalina.core.ApplicationFilterChain.doFilter(ApplicationFilterChain.java:142)
		at org.apache.tomcat.websocket.server.WsFilter.doFilter(WsFilter.java:51)
		at org.apache.catalina.core.ApplicationFilterChain.internalDoFilter(ApplicationFilterChain.java:166)
		at org.apache.catalina.core.ApplicationFilterChain.doFilter(ApplicationFilterChain.java:142)
		at com.timmy.util.AuthFilter.doFilter(AuthFilter.java:44)
		at org.apache.catalina.core.ApplicationFilterChain.internalDoFilter(ApplicationFilterChain.java:166)
		at org.apache.catalina.core.ApplicationFilterChain.doFilter(ApplicationFilterChain.java:142)
		at org.springframework.web.filter.CharacterEncodingFilter.doFilterInternal(CharacterEncodingFilter.java:88)
		at org.springframework.web.filter.OncePerRequestFilter.doFilter(OncePerRequestFilter.java:108)
		at org.apache.catalina.core.ApplicationFilterChain.internalDoFilter(ApplicationFilterChain.java:166)
		at org.apache.catalina.core.ApplicationFilterChain.doFilter(ApplicationFilterChain.java:142)
		at org.apache.catalina.core.StandardWrapperValve.invoke(StandardWrapperValve.java:166)
		at org.apache.catalina.core.StandardContextValve.invoke(StandardContextValve.java:88)
		at org.apache.catalina.authenticator.AuthenticatorBase.invoke(AuthenticatorBase.java:491)
		at org.apache.catalina.core.StandardHostValve.invoke(StandardHostValve.java:127)
		at org.apache.catalina.valves.ErrorReportValve.invoke(ErrorReportValve.java:83)
		at org.apache.catalina.valves.AbstractAccessLogValve.invoke(AbstractAccessLogValve.java:643)
		at org.apache.catalina.core.StandardEngineValve.invoke(StandardEngineValve.java:72)
		at org.apache.catalina.connector.CoyoteAdapter.service(CoyoteAdapter.java:344)
		at org.apache.coyote.http11.Http11Processor.service(Http11Processor.java:398)
		at org.apache.coyote.AbstractProcessorLight.process(AbstractProcessorLight.java:63)
		at org.apache.coyote.AbstractProtocol$ConnectionHandler.process(AbstractProtocol.java:939)
		at org.apache.tomcat.util.net.NioEndpoint$SocketProcessor.doRun(NioEndpoint.java:1832)
		at org.apache.tomcat.util.net.SocketProcessorBase.run(SocketProcessorBase.java:52)
		at org.apache.tomcat.util.threads.ThreadPoolExecutor.runWorker(ThreadPoolExecutor.java:973)
		at org.apache.tomcat.util.threads.ThreadPoolExecutor$Worker.run(ThreadPoolExecutor.java:491)
		at org.apache.tomcat.util.threads.TaskThread$WrappingRunnable.run(TaskThread.java:63)
		at java.lang.Thread.run(Unknown Source)
30-Mar-2026 09:41:52.290 SEVERE [http-nio-8080-exec-22] org.apache.catalina.core.StandardWrapperValve.invoke Servlet.service() for servlet [dispatcher] in context with path [/demo] threw exception [Request processing failed; nested exception is org.springframework.jdbc.CannotGetJdbcConnectionException: Could not get JDBC Connection; nested exception is org.apache.commons.dbcp.SQLNestedException: Cannot get a connection, pool error Timeout waiting for idle object] with root cause
	java.util.NoSuchElementException: Timeout waiting for idle object
		at org.apache.commons.pool.impl.GenericObjectPool.borrowObject(GenericObjectPool.java:825)
		at org.apache.commons.dbcp.PoolingDataSource.getConnection(PoolingDataSource.java:96)
		at org.apache.commons.dbcp.BasicDataSource.getConnection(BasicDataSource.java:880)
		at com.timmy.datasource.SqlServerAwareDataSource.getConnection(SqlServerAwareDataSource.java:32)
		at org.springframework.jdbc.datasource.DataSourceUtils.doGetConnection(DataSourceUtils.java:111)
		at org.springframework.jdbc.datasource.DataSourceUtils.getConnection(DataSourceUtils.java:77)
		at org.springframework.jdbc.core.JdbcTemplate.execute(JdbcTemplate.java:628)
		at org.springframework.jdbc.core.JdbcTemplate.query(JdbcTemplate.java:693)
		at org.springframework.jdbc.core.JdbcTemplate.query(JdbcTemplate.java:725)
		at org.springframework.jdbc.core.JdbcTemplate.query(JdbcTemplate.java:735)
		at org.springframework.jdbc.core.JdbcTemplate.queryForObject(JdbcTemplate.java:803)
		at org.springframework.jdbc.core.JdbcTemplate.queryForObject(JdbcTemplate.java:822)
		at com.timmy.controller.AllController.getLatestLogFromDB(AllController.java:2467)
		at sun.reflect.GeneratedMethodAccessor160.invoke(Unknown Source)
		at sun.reflect.DelegatingMethodAccessorImpl.invoke(Unknown Source)
		at java.lang.reflect.Method.invoke(Unknown Source)
		at org.springframework.web.method.support.InvocableHandlerMethod.invoke(InvocableHandlerMethod.java:215)
		at org.springframework.web.method.support.InvocableHandlerMethod.invokeForRequest(InvocableHandlerMethod.java:132)
		at org.springframework.web.servlet.mvc.method.annotation.ServletInvocableHandlerMethod.invokeAndHandle(ServletInvocableHandlerMethod.java:104)
		at org.springframework.web.servlet.mvc.method.annotation.RequestMappingHandlerAdapter.invokeHandleMethod(RequestMappingHandlerAdapter.java:749)
		at org.springframework.web.servlet.mvc.method.annotation.RequestMappingHandlerAdapter.handleInternal(RequestMappingHandlerAdapter.java:690)
		at org.springframework.web.servlet.mvc.method.AbstractHandlerMethodAdapter.handle(AbstractHandlerMethodAdapter.java:83)
		at org.springframework.web.servlet.DispatcherServlet.doDispatch(DispatcherServlet.java:945)
		at org.springframework.web.servlet.DispatcherServlet.doService(DispatcherServlet.java:876)
		at org.springframework.web.servlet.FrameworkServlet.processRequest(FrameworkServlet.java:961)
		at org.springframework.web.servlet.FrameworkServlet.doGet(FrameworkServlet.java:852)
		at javax.servlet.http.HttpServlet.service(HttpServlet.java:529)
		at org.springframework.web.servlet.FrameworkServlet.service(FrameworkServlet.java:837)
		at javax.servlet.http.HttpServlet.service(HttpServlet.java:623)
		at org.apache.catalina.core.ApplicationFilterChain.internalDoFilter(ApplicationFilterChain.java:197)
		at org.apache.catalina.core.ApplicationFilterChain.doFilter(ApplicationFilterChain.java:142)
		at org.apache.tomcat.websocket.server.WsFilter.doFilter(WsFilter.java:51)
		at org.apache.catalina.core.ApplicationFilterChain.internalDoFilter(ApplicationFilterChain.java:166)
		at org.apache.catalina.core.ApplicationFilterChain.doFilter(ApplicationFilterChain.java:142)
		at com.timmy.util.AuthFilter.doFilter(AuthFilter.java:44)
		at org.apache.catalina.core.ApplicationFilterChain.internalDoFilter(ApplicationFilterChain.java:166)
		at org.apache.catalina.core.ApplicationFilterChain.doFilter(ApplicationFilterChain.java:142)
		at org.springframework.web.filter.CharacterEncodingFilter.doFilterInternal(CharacterEncodingFilter.java:88)
		at org.springframework.web.filter.OncePerRequestFilter.doFilter(OncePerRequestFilter.java:108)
		at org.apache.catalina.core.ApplicationFilterChain.internalDoFilter(ApplicationFilterChain.java:166)
		at org.apache.catalina.core.ApplicationFilterChain.doFilter(ApplicationFilterChain.java:142)
		at org.apache.catalina.core.StandardWrapperValve.invoke(StandardWrapperValve.java:166)
		at org.apache.catalina.core.StandardContextValve.invoke(StandardContextValve.java:88)
		at org.apache.catalina.authenticator.AuthenticatorBase.invoke(AuthenticatorBase.java:491)
		at org.apache.catalina.core.StandardHostValve.invoke(StandardHostValve.java:127)
		at org.apache.catalina.valves.ErrorReportValve.invoke(ErrorReportValve.java:83)
		at org.apache.catalina.valves.AbstractAccessLogValve.invoke(AbstractAccessLogValve.java:643)
		at org.apache.catalina.core.StandardEngineValve.invoke(StandardEngineValve.java:72)
		at org.apache.catalina.connector.CoyoteAdapter.service(CoyoteAdapter.java:344)
		at org.apache.coyote.http11.Http11Processor.service(Http11Processor.java:398)
		at org.apache.coyote.AbstractProcessorLight.process(AbstractProcessorLight.java:63)
		at org.apache.coyote.AbstractProtocol$ConnectionHandler.process(AbstractProtocol.java:939)
		at org.apache.tomcat.util.net.NioEndpoint$SocketProcessor.doRun(NioEndpoint.java:1832)
		at org.apache.tomcat.util.net.SocketProcessorBase.run(SocketProcessorBase.java:52)
		at org.apache.tomcat.util.threads.ThreadPoolExecutor.runWorker(ThreadPoolExecutor.java:973)
		at org.apache.tomcat.util.threads.ThreadPoolExecutor$Worker.run(ThreadPoolExecutor.java:491)
		at org.apache.tomcat.util.threads.TaskThread$WrappingRunnable.run(TaskThread.java:63)
		at java.lang.Thread.run(Unknown Source)
30-Mar-2026 09:41:52.921 SEVERE [http-nio-8080-exec-36] org.apache.catalina.core.StandardWrapperValve.invoke Servlet.service() for servlet [dispatcher] in context with path [/demo] threw exception [Request processing failed; nested exception is org.mybatis.spring.MyBatisSystemException: nested exception is org.apache.ibatis.exceptions.PersistenceException: 
### Error querying database.  Cause: org.springframework.jdbc.CannotGetJdbcConnectionException: Could not get JDBC Connection; nested exception is org.apache.commons.dbcp.SQLNestedException: Cannot get a connection, pool error Timeout waiting for idle object
### The error may exist in file [C:\Users\PVUNL\Downloads\FingerprintClient_IDSL_DEVICEFIX_datasync\FingerprintClient_IDSL_DEVICEFIX\app\tomcat\webapps\demo\WEB-INF\classes\com\timmy\mapper\DeviceMapper.xml]
### The error may involve com.timmy.mapper.DeviceMapper.findAllDevice
### The error occurred while executing a query
### Cause: org.springframework.jdbc.CannotGetJdbcConnectionException: Could not get JDBC Connection; nested exception is org.apache.commons.dbcp.SQLNestedException: Cannot get a connection, pool error Timeout waiting for idle object] with root cause
	java.util.NoSuchElementException: Timeout waiting for idle object
		at org.apache.commons.pool.impl.GenericObjectPool.borrowObject(GenericObjectPool.java:825)
		at org.apache.commons.dbcp.PoolingDataSource.getConnection(PoolingDataSource.java:96)
		at org.apache.commons.dbcp.BasicDataSource.getConnection(BasicDataSource.java:880)
		at com.timmy.datasource.SqlServerAwareDataSource.getConnection(SqlServerAwareDataSource.java:32)
		at org.springframework.jdbc.datasource.DataSourceUtils.doGetConnection(DataSourceUtils.java:111)
		at org.springframework.jdbc.datasource.DataSourceUtils.getConnection(DataSourceUtils.java:77)
		at org.mybatis.spring.transaction.SpringManagedTransaction.openConnection(SpringManagedTransaction.java:81)
		at org.mybatis.spring.transaction.SpringManagedTransaction.getConnection(SpringManagedTransaction.java:67)
		at org.apache.ibatis.executor.BaseExecutor.getConnection(BaseExecutor.java:279)
		at org.apache.ibatis.executor.SimpleExecutor.prepareStatement(SimpleExecutor.java:72)
		at org.apache.ibatis.executor.SimpleExecutor.doQuery(SimpleExecutor.java:59)
		at org.apache.ibatis.executor.BaseExecutor.queryFromDatabase(BaseExecutor.java:267)
		at org.apache.ibatis.executor.BaseExecutor.query(BaseExecutor.java:137)
		at org.apache.ibatis.executor.CachingExecutor.query(CachingExecutor.java:96)
		at com.github.pagehelper.PageInterceptor.intercept(PageInterceptor.java:143)
		at org.apache.ibatis.plugin.Plugin.invoke(Plugin.java:60)
		at com.sun.proxy.$Proxy31.query(Unknown Source)
		at org.apache.ibatis.session.defaults.DefaultSqlSession.selectList(DefaultSqlSession.java:108)
		at org.apache.ibatis.session.defaults.DefaultSqlSession.selectList(DefaultSqlSession.java:102)
		at sun.reflect.GeneratedMethodAccessor54.invoke(Unknown Source)
		at sun.reflect.DelegatingMethodAccessorImpl.invoke(Unknown Source)
		at java.lang.reflect.Method.invoke(Unknown Source)
		at org.mybatis.spring.SqlSessionTemplate$SqlSessionInterceptor.invoke(SqlSessionTemplate.java:358)
		at com.sun.proxy.$Proxy13.selectList(Unknown Source)
		at org.mybatis.spring.SqlSessionTemplate.selectList(SqlSessionTemplate.java:198)
		at org.apache.ibatis.binding.MapperMethod.executeForMany(MapperMethod.java:119)
		at org.apache.ibatis.binding.MapperMethod.execute(MapperMethod.java:63)
		at org.apache.ibatis.binding.MapperProxy.invoke(MapperProxy.java:52)
		at com.sun.proxy.$Proxy14.findAllDevice(Unknown Source)
		at com.timmy.serviceImpl.DeviceServiceImpl.findAllDevice(DeviceServiceImpl.java:25)
		at com.timmy.controller.AllController.getAllDevice(AllController.java:225)
		at sun.reflect.GeneratedMethodAccessor112.invoke(Unknown Source)
		at sun.reflect.DelegatingMethodAccessorImpl.invoke(Unknown Source)
		at java.lang.reflect.Method.invoke(Unknown Source)
		at org.springframework.web.method.support.InvocableHandlerMethod.invoke(InvocableHandlerMethod.java:215)
		at org.springframework.web.method.support.InvocableHandlerMethod.invokeForRequest(InvocableHandlerMethod.java:132)
		at org.springframework.web.servlet.mvc.method.annotation.ServletInvocableHandlerMethod.invokeAndHandle(ServletInvocableHandlerMethod.java:104)
		at org.springframework.web.servlet.mvc.method.annotation.RequestMappingHandlerAdapter.invokeHandleMethod(RequestMappingHandlerAdapter.java:749)
		at org.springframework.web.servlet.mvc.method.annotation.RequestMappingHandlerAdapter.handleInternal(RequestMappingHandlerAdapter.java:690)
		at org.springframework.web.servlet.mvc.method.AbstractHandlerMethodAdapter.handle(AbstractHandlerMethodAdapter.java:83)
		at org.springframework.web.servlet.DispatcherServlet.doDispatch(DispatcherServlet.java:945)
		at org.springframework.web.servlet.DispatcherServlet.doService(DispatcherServlet.java:876)
		at org.springframework.web.servlet.FrameworkServlet.processRequest(FrameworkServlet.java:961)
		at org.springframework.web.servlet.FrameworkServlet.doGet(FrameworkServlet.java:852)
		at javax.servlet.http.HttpServlet.service(HttpServlet.java:529)
		at org.springframework.web.servlet.FrameworkServlet.service(FrameworkServlet.java:837)
		at javax.servlet.http.HttpServlet.service(HttpServlet.java:623)
		at org.apache.catalina.core.ApplicationFilterChain.internalDoFilter(ApplicationFilterChain.java:197)
		at org.apache.catalina.core.ApplicationFilterChain.doFilter(ApplicationFilterChain.java:142)
		at org.apache.tomcat.websocket.server.WsFilter.doFilter(WsFilter.java:51)
		at org.apache.catalina.core.ApplicationFilterChain.internalDoFilter(ApplicationFilterChain.java:166)
		at org.apache.catalina.core.ApplicationFilterChain.doFilter(ApplicationFilterChain.java:142)
		at com.timmy.util.AuthFilter.doFilter(AuthFilter.java:44)
		at org.apache.catalina.core.ApplicationFilterChain.internalDoFilter(ApplicationFilterChain.java:166)
		at org.apache.catalina.core.ApplicationFilterChain.doFilter(ApplicationFilterChain.java:142)
		at org.springframework.web.filter.CharacterEncodingFilter.doFilterInternal(CharacterEncodingFilter.java:88)
		at org.springframework.web.filter.OncePerRequestFilter.doFilter(OncePerRequestFilter.java:108)
		at org.apache.catalina.core.ApplicationFilterChain.internalDoFilter(ApplicationFilterChain.java:166)
		at org.apache.catalina.core.ApplicationFilterChain.doFilter(ApplicationFilterChain.java:142)
		at org.apache.catalina.core.StandardWrapperValve.invoke(StandardWrapperValve.java:166)
		at org.apache.catalina.core.StandardContextValve.invoke(StandardContextValve.java:88)
		at org.apache.catalina.authenticator.AuthenticatorBase.invoke(AuthenticatorBase.java:491)
		at org.apache.catalina.core.StandardHostValve.invoke(StandardHostValve.java:127)
		at org.apache.catalina.valves.ErrorReportValve.invoke(ErrorReportValve.java:83)
		at org.apache.catalina.valves.AbstractAccessLogValve.invoke(AbstractAccessLogValve.java:643)
		at org.apache.catalina.core.StandardEngineValve.invoke(StandardEngineValve.java:72)
		at org.apache.catalina.connector.CoyoteAdapter.service(CoyoteAdapter.java:344)
		at org.apache.coyote.http11.Http11Processor.service(Http11Processor.java:398)
		at org.apache.coyote.AbstractProcessorLight.process(AbstractProcessorLight.java:63)
		at org.apache.coyote.AbstractProtocol$ConnectionHandler.process(AbstractProtocol.java:939)
		at org.apache.tomcat.util.net.NioEndpoint$SocketProcessor.doRun(NioEndpoint.java:1832)
		at org.apache.tomcat.util.net.SocketProcessorBase.run(SocketProcessorBase.java:52)
		at org.apache.tomcat.util.threads.ThreadPoolExecutor.runWorker(ThreadPoolExecutor.java:973)
		at org.apache.tomcat.util.threads.ThreadPoolExecutor$Worker.run(ThreadPoolExecutor.java:491)
		at org.apache.tomcat.util.threads.TaskThread$WrappingRunnable.run(TaskThread.java:63)
		at java.lang.Thread.run(Unknown Source)
30-Mar-2026 09:41:57.908 SEVERE [http-nio-8080-exec-24] org.apache.catalina.core.StandardWrapperValve.invoke Servlet.service() for servlet [dispatcher] in context with path [/demo] threw exception [Request processing failed; nested exception is org.mybatis.spring.MyBatisSystemException: nested exception is org.apache.ibatis.exceptions.PersistenceException: 
### Error querying database.  Cause: org.springframework.jdbc.CannotGetJdbcConnectionException: Could not get JDBC Connection; nested exception is org.apache.commons.dbcp.SQLNestedException: Cannot get a connection, pool error Timeout waiting for idle object
### The error may exist in file [C:\Users\PVUNL\Downloads\FingerprintClient_IDSL_DEVICEFIX_datasync\FingerprintClient_IDSL_DEVICEFIX\app\tomcat\webapps\demo\WEB-INF\classes\com\timmy\mapper\DeviceMapper.xml]
### The error may involve com.timmy.mapper.DeviceMapper.findAllDevice
### The error occurred while executing a query
### Cause: org.springframework.jdbc.CannotGetJdbcConnectionException: Could not get JDBC Connection; nested exception is org.apache.commons.dbcp.SQLNestedException: Cannot get a connection, pool error Timeout waiting for idle object] with root cause
	java.util.NoSuchElementException: Timeout waiting for idle object
		at org.apache.commons.pool.impl.GenericObjectPool.borrowObject(GenericObjectPool.java:825)
		at org.apache.commons.dbcp.PoolingDataSource.getConnection(PoolingDataSource.java:96)
		at org.apache.commons.dbcp.BasicDataSource.getConnection(BasicDataSource.java:880)
		at com.timmy.datasource.SqlServerAwareDataSource.getConnection(SqlServerAwareDataSource.java:32)
		at org.springframework.jdbc.datasource.DataSourceUtils.doGetConnection(DataSourceUtils.java:111)
		at org.springframework.jdbc.datasource.DataSourceUtils.getConnection(DataSourceUtils.java:77)
		at org.mybatis.spring.transaction.SpringManagedTransaction.openConnection(SpringManagedTransaction.java:81)
		at org.mybatis.spring.transaction.SpringManagedTransaction.getConnection(SpringManagedTransaction.java:67)
		at org.apache.ibatis.executor.BaseExecutor.getConnection(BaseExecutor.java:279)
		at org.apache.ibatis.executor.SimpleExecutor.prepareStatement(SimpleExecutor.java:72)
		at org.apache.ibatis.executor.SimpleExecutor.doQuery(SimpleExecutor.java:59)
		at org.apache.ibatis.executor.BaseExecutor.queryFromDatabase(BaseExecutor.java:267)
		at org.apache.ibatis.executor.BaseExecutor.query(BaseExecutor.java:137)
		at org.apache.ibatis.executor.CachingExecutor.query(CachingExecutor.java:96)
		at com.github.pagehelper.PageInterceptor.intercept(PageInterceptor.java:143)
		at org.apache.ibatis.plugin.Plugin.invoke(Plugin.java:60)
		at com.sun.proxy.$Proxy31.query(Unknown Source)
		at org.apache.ibatis.session.defaults.DefaultSqlSession.selectList(DefaultSqlSession.java:108)
		at org.apache.ibatis.session.defaults.DefaultSqlSession.selectList(DefaultSqlSession.java:102)
		at sun.reflect.GeneratedMethodAccessor54.invoke(Unknown Source)
		at sun.reflect.DelegatingMethodAccessorImpl.invoke(Unknown Source)
		at java.lang.reflect.Method.invoke(Unknown Source)
		at org.mybatis.spring.SqlSessionTemplate$SqlSessionInterceptor.invoke(SqlSessionTemplate.java:358)
		at com.sun.proxy.$Proxy13.selectList(Unknown Source)
		at org.mybatis.spring.SqlSessionTemplate.selectList(SqlSessionTemplate.java:198)
		at org.apache.ibatis.binding.MapperMethod.executeForMany(MapperMethod.java:119)
		at org.apache.ibatis.binding.MapperMethod.execute(MapperMethod.java:63)
		at org.apache.ibatis.binding.MapperProxy.invoke(MapperProxy.java:52)
		at com.sun.proxy.$Proxy14.findAllDevice(Unknown Source)
		at com.timmy.serviceImpl.DeviceServiceImpl.findAllDevice(DeviceServiceImpl.java:25)
		at com.timmy.controller.AllController.getAllDevice(AllController.java:225)
		at sun.reflect.GeneratedMethodAccessor112.invoke(Unknown Source)
		at sun.reflect.DelegatingMethodAccessorImpl.invoke(Unknown Source)
		at java.lang.reflect.Method.invoke(Unknown Source)
		at org.springframework.web.method.support.InvocableHandlerMethod.invoke(InvocableHandlerMethod.java:215)
		at org.springframework.web.method.support.InvocableHandlerMethod.invokeForRequest(InvocableHandlerMethod.java:132)
		at org.springframework.web.servlet.mvc.method.annotation.ServletInvocableHandlerMethod.invokeAndHandle(ServletInvocableHandlerMethod.java:104)
		at org.springframework.web.servlet.mvc.method.annotation.RequestMappingHandlerAdapter.invokeHandleMethod(RequestMappingHandlerAdapter.java:749)
		at org.springframework.web.servlet.mvc.method.annotation.RequestMappingHandlerAdapter.handleInternal(RequestMappingHandlerAdapter.java:690)
		at org.springframework.web.servlet.mvc.method.AbstractHandlerMethodAdapter.handle(AbstractHandlerMethodAdapter.java:83)
		at org.springframework.web.servlet.DispatcherServlet.doDispatch(DispatcherServlet.java:945)
		at org.springframework.web.servlet.DispatcherServlet.doService(DispatcherServlet.java:876)
		at org.springframework.web.servlet.FrameworkServlet.processRequest(FrameworkServlet.java:961)
		at org.springframework.web.servlet.FrameworkServlet.doGet(FrameworkServlet.java:852)
		at javax.servlet.http.HttpServlet.service(HttpServlet.java:529)
		at org.springframework.web.servlet.FrameworkServlet.service(FrameworkServlet.java:837)
		at javax.servlet.http.HttpServlet.service(HttpServlet.java:623)
		at org.apache.catalina.core.ApplicationFilterChain.internalDoFilter(ApplicationFilterChain.java:197)
		at org.apache.catalina.core.ApplicationFilterChain.doFilter(ApplicationFilterChain.java:142)
		at org.apache.tomcat.websocket.server.WsFilter.doFilter(WsFilter.java:51)
		at org.apache.catalina.core.ApplicationFilterChain.internalDoFilter(ApplicationFilterChain.java:166)
		at org.apache.catalina.core.ApplicationFilterChain.doFilter(ApplicationFilterChain.java:142)
		at com.timmy.util.AuthFilter.doFilter(AuthFilter.java:44)
		at org.apache.catalina.core.ApplicationFilterChain.internalDoFilter(ApplicationFilterChain.java:166)
		at org.apache.catalina.core.ApplicationFilterChain.doFilter(ApplicationFilterChain.java:142)
		at org.springframework.web.filter.CharacterEncodingFilter.doFilterInternal(CharacterEncodingFilter.java:88)
		at org.springframework.web.filter.OncePerRequestFilter.doFilter(OncePerRequestFilter.java:108)
		at org.apache.catalina.core.ApplicationFilterChain.internalDoFilter(ApplicationFilterChain.java:166)
		at org.apache.catalina.core.ApplicationFilterChain.doFilter(ApplicationFilterChain.java:142)
		at org.apache.catalina.core.StandardWrapperValve.invoke(StandardWrapperValve.java:166)
		at org.apache.catalina.core.StandardContextValve.invoke(StandardContextValve.java:88)
		at org.apache.catalina.authenticator.AuthenticatorBase.invoke(AuthenticatorBase.java:491)
		at org.apache.catalina.core.StandardHostValve.invoke(StandardHostValve.java:127)
		at org.apache.catalina.valves.ErrorReportValve.invoke(ErrorReportValve.java:83)
		at org.apache.catalina.valves.AbstractAccessLogValve.invoke(AbstractAccessLogValve.java:643)
		at org.apache.catalina.core.StandardEngineValve.invoke(StandardEngineValve.java:72)
		at org.apache.catalina.connector.CoyoteAdapter.service(CoyoteAdapter.java:344)
		at org.apache.coyote.http11.Http11Processor.service(Http11Processor.java:398)
		at org.apache.coyote.AbstractProcessorLight.process(AbstractProcessorLight.java:63)
		at org.apache.coyote.AbstractProtocol$ConnectionHandler.process(AbstractProtocol.java:939)
		at org.apache.tomcat.util.net.NioEndpoint$SocketProcessor.doRun(NioEndpoint.java:1832)
		at org.apache.tomcat.util.net.SocketProcessorBase.run(SocketProcessorBase.java:52)
		at org.apache.tomcat.util.threads.ThreadPoolExecutor.runWorker(ThreadPoolExecutor.java:973)
		at org.apache.tomcat.util.threads.ThreadPoolExecutor$Worker.run(ThreadPoolExecutor.java:491)
		at org.apache.tomcat.util.threads.TaskThread$WrappingRunnable.run(TaskThread.java:63)
		at java.lang.Thread.run(Unknown Source)
30-Mar-2026 09:41:59.316 SEVERE [http-nio-8080-exec-25] org.apache.catalina.core.StandardWrapperValve.invoke Servlet.service() for servlet [dispatcher] in context with path [/demo] threw exception [Request processing failed; nested exception is org.springframework.jdbc.CannotGetJdbcConnectionException: Could not get JDBC Connection; nested exception is org.apache.commons.dbcp.SQLNestedException: Cannot get a connection, pool error Timeout waiting for idle object] with root cause
	java.util.NoSuchElementException: Timeout waiting for idle object
		at org.apache.commons.pool.impl.GenericObjectPool.borrowObject(GenericObjectPool.java:825)
		at org.apache.commons.dbcp.PoolingDataSource.getConnection(PoolingDataSource.java:96)
		at org.apache.commons.dbcp.BasicDataSource.getConnection(BasicDataSource.java:880)
		at com.timmy.datasource.SqlServerAwareDataSource.getConnection(SqlServerAwareDataSource.java:32)
		at org.springframework.jdbc.datasource.DataSourceUtils.doGetConnection(DataSourceUtils.java:111)
		at org.springframework.jdbc.datasource.DataSourceUtils.getConnection(DataSourceUtils.java:77)
		at org.springframework.jdbc.core.JdbcTemplate.execute(JdbcTemplate.java:628)
		at org.springframework.jdbc.core.JdbcTemplate.query(JdbcTemplate.java:693)
		at org.springframework.jdbc.core.JdbcTemplate.query(JdbcTemplate.java:725)
		at org.springframework.jdbc.core.JdbcTemplate.query(JdbcTemplate.java:735)
		at org.springframework.jdbc.core.JdbcTemplate.queryForObject(JdbcTemplate.java:803)
		at org.springframework.jdbc.core.JdbcTemplate.queryForObject(JdbcTemplate.java:822)
		at com.timmy.controller.AllController.getAllPersonFromDB(AllController.java:2335)
		at sun.reflect.GeneratedMethodAccessor159.invoke(Unknown Source)
		at sun.reflect.DelegatingMethodAccessorImpl.invoke(Unknown Source)
		at java.lang.reflect.Method.invoke(Unknown Source)
		at org.springframework.web.method.support.InvocableHandlerMethod.invoke(InvocableHandlerMethod.java:215)
		at org.springframework.web.method.support.InvocableHandlerMethod.invokeForRequest(InvocableHandlerMethod.java:132)
		at org.springframework.web.servlet.mvc.method.annotation.ServletInvocableHandlerMethod.invokeAndHandle(ServletInvocableHandlerMethod.java:104)
		at org.springframework.web.servlet.mvc.method.annotation.RequestMappingHandlerAdapter.invokeHandleMethod(RequestMappingHandlerAdapter.java:749)
		at org.springframework.web.servlet.mvc.method.annotation.RequestMappingHandlerAdapter.handleInternal(RequestMappingHandlerAdapter.java:690)
		at org.springframework.web.servlet.mvc.method.AbstractHandlerMethodAdapter.handle(AbstractHandlerMethodAdapter.java:83)
		at org.springframework.web.servlet.DispatcherServlet.doDispatch(DispatcherServlet.java:945)
		at org.springframework.web.servlet.DispatcherServlet.doService(DispatcherServlet.java:876)
		at org.springframework.web.servlet.FrameworkServlet.processRequest(FrameworkServlet.java:961)
		at org.springframework.web.servlet.FrameworkServlet.doGet(FrameworkServlet.java:852)
		at javax.servlet.http.HttpServlet.service(HttpServlet.java:529)
		at org.springframework.web.servlet.FrameworkServlet.service(FrameworkServlet.java:837)
		at javax.servlet.http.HttpServlet.service(HttpServlet.java:623)
		at org.apache.catalina.core.ApplicationFilterChain.internalDoFilter(ApplicationFilterChain.java:197)
		at org.apache.catalina.core.ApplicationFilterChain.doFilter(ApplicationFilterChain.java:142)
		at org.apache.tomcat.websocket.server.WsFilter.doFilter(WsFilter.java:51)
		at org.apache.catalina.core.ApplicationFilterChain.internalDoFilter(ApplicationFilterChain.java:166)
		at org.apache.catalina.core.ApplicationFilterChain.doFilter(ApplicationFilterChain.java:142)
		at com.timmy.util.AuthFilter.doFilter(AuthFilter.java:44)
		at org.apache.catalina.core.ApplicationFilterChain.internalDoFilter(ApplicationFilterChain.java:166)
		at org.apache.catalina.core.ApplicationFilterChain.doFilter(ApplicationFilterChain.java:142)
		at org.springframework.web.filter.CharacterEncodingFilter.doFilterInternal(CharacterEncodingFilter.java:88)
		at org.springframework.web.filter.OncePerRequestFilter.doFilter(OncePerRequestFilter.java:108)
		at org.apache.catalina.core.ApplicationFilterChain.internalDoFilter(ApplicationFilterChain.java:166)
		at org.apache.catalina.core.ApplicationFilterChain.doFilter(ApplicationFilterChain.java:142)
		at org.apache.catalina.core.StandardWrapperValve.invoke(StandardWrapperValve.java:166)
		at org.apache.catalina.core.StandardContextValve.invoke(StandardContextValve.java:88)
		at org.apache.catalina.authenticator.AuthenticatorBase.invoke(AuthenticatorBase.java:491)
		at org.apache.catalina.core.StandardHostValve.invoke(StandardHostValve.java:127)
		at org.apache.catalina.valves.ErrorReportValve.invoke(ErrorReportValve.java:83)
		at org.apache.catalina.valves.AbstractAccessLogValve.invoke(AbstractAccessLogValve.java:643)
		at org.apache.catalina.core.StandardEngineValve.invoke(StandardEngineValve.java:72)
		at org.apache.catalina.connector.CoyoteAdapter.service(CoyoteAdapter.java:344)
		at org.apache.coyote.http11.Http11Processor.service(Http11Processor.java:398)
		at org.apache.coyote.AbstractProcessorLight.process(AbstractProcessorLight.java:63)
		at org.apache.coyote.AbstractProtocol$ConnectionHandler.process(AbstractProtocol.java:939)
		at org.apache.tomcat.util.net.NioEndpoint$SocketProcessor.doRun(NioEndpoint.java:1832)
		at org.apache.tomcat.util.net.SocketProcessorBase.run(SocketProcessorBase.java:52)
		at org.apache.tomcat.util.threads.ThreadPoolExecutor.runWorker(ThreadPoolExecutor.java:973)
		at org.apache.tomcat.util.threads.ThreadPoolExecutor$Worker.run(ThreadPoolExecutor.java:491)
		at org.apache.tomcat.util.threads.TaskThread$WrappingRunnable.run(TaskThread.java:63)
		at java.lang.Thread.run(Unknown Source)
30-Mar-2026 09:42:52.367 SEVERE [http-nio-8080-exec-26] org.apache.catalina.core.StandardWrapperValve.invoke Servlet.service() for servlet [dispatcher] in context with path [/demo] threw exception [Request processing failed; nested exception is org.springframework.jdbc.CannotGetJdbcConnectionException: Could not get JDBC Connection; nested exception is org.apache.commons.dbcp.SQLNestedException: Cannot get a connection, pool error Timeout waiting for idle object] with root cause
	java.util.NoSuchElementException: Timeout waiting for idle object
		at org.apache.commons.pool.impl.GenericObjectPool.borrowObject(GenericObjectPool.java:825)
		at org.apache.commons.dbcp.PoolingDataSource.getConnection(PoolingDataSource.java:96)
		at org.apache.commons.dbcp.BasicDataSource.getConnection(BasicDataSource.java:880)
		at com.timmy.datasource.SqlServerAwareDataSource.getConnection(SqlServerAwareDataSource.java:32)
		at org.springframework.jdbc.datasource.DataSourceUtils.doGetConnection(DataSourceUtils.java:111)
		at org.springframework.jdbc.datasource.DataSourceUtils.getConnection(DataSourceUtils.java:77)
		at org.springframework.jdbc.core.JdbcTemplate.execute(JdbcTemplate.java:628)
		at org.springframework.jdbc.core.JdbcTemplate.query(JdbcTemplate.java:693)
		at org.springframework.jdbc.core.JdbcTemplate.query(JdbcTemplate.java:725)
		at org.springframework.jdbc.core.JdbcTemplate.query(JdbcTemplate.java:735)
		at org.springframework.jdbc.core.JdbcTemplate.queryForObject(JdbcTemplate.java:803)
		at org.springframework.jdbc.core.JdbcTemplate.queryForObject(JdbcTemplate.java:822)
		at com.timmy.controller.AllController.getAllPersonFromDB(AllController.java:2335)
		at sun.reflect.GeneratedMethodAccessor159.invoke(Unknown Source)
		at sun.reflect.DelegatingMethodAccessorImpl.invoke(Unknown Source)
		at java.lang.reflect.Method.invoke(Unknown Source)
		at org.springframework.web.method.support.InvocableHandlerMethod.invoke(InvocableHandlerMethod.java:215)
		at org.springframework.web.method.support.InvocableHandlerMethod.invokeForRequest(InvocableHandlerMethod.java:132)
		at org.springframework.web.servlet.mvc.method.annotation.ServletInvocableHandlerMethod.invokeAndHandle(ServletInvocableHandlerMethod.java:104)
		at org.springframework.web.servlet.mvc.method.annotation.RequestMappingHandlerAdapter.invokeHandleMethod(RequestMappingHandlerAdapter.java:749)
		at org.springframework.web.servlet.mvc.method.annotation.RequestMappingHandlerAdapter.handleInternal(RequestMappingHandlerAdapter.java:690)
		at org.springframework.web.servlet.mvc.method.AbstractHandlerMethodAdapter.handle(AbstractHandlerMethodAdapter.java:83)
		at org.springframework.web.servlet.DispatcherServlet.doDispatch(DispatcherServlet.java:945)
		at org.springframework.web.servlet.DispatcherServlet.doService(DispatcherServlet.java:876)
		at org.springframework.web.servlet.FrameworkServlet.processRequest(FrameworkServlet.java:961)
		at org.springframework.web.servlet.FrameworkServlet.doGet(FrameworkServlet.java:852)
		at javax.servlet.http.HttpServlet.service(HttpServlet.java:529)
		at org.springframework.web.servlet.FrameworkServlet.service(FrameworkServlet.java:837)
		at javax.servlet.http.HttpServlet.service(HttpServlet.java:623)
		at org.apache.catalina.core.ApplicationFilterChain.internalDoFilter(ApplicationFilterChain.java:197)
		at org.apache.catalina.core.ApplicationFilterChain.doFilter(ApplicationFilterChain.java:142)
		at org.apache.tomcat.websocket.server.WsFilter.doFilter(WsFilter.java:51)
		at org.apache.catalina.core.ApplicationFilterChain.internalDoFilter(ApplicationFilterChain.java:166)
		at org.apache.catalina.core.ApplicationFilterChain.doFilter(ApplicationFilterChain.java:142)
		at com.timmy.util.AuthFilter.doFilter(AuthFilter.java:44)
		at org.apache.catalina.core.ApplicationFilterChain.internalDoFilter(ApplicationFilterChain.java:166)
		at org.apache.catalina.core.ApplicationFilterChain.doFilter(ApplicationFilterChain.java:142)
		at org.springframework.web.filter.CharacterEncodingFilter.doFilterInternal(CharacterEncodingFilter.java:88)
		at org.springframework.web.filter.OncePerRequestFilter.doFilter(OncePerRequestFilter.java:108)
		at org.apache.catalina.core.ApplicationFilterChain.internalDoFilter(ApplicationFilterChain.java:166)
		at org.apache.catalina.core.ApplicationFilterChain.doFilter(ApplicationFilterChain.java:142)
		at org.apache.catalina.core.StandardWrapperValve.invoke(StandardWrapperValve.java:166)
		at org.apache.catalina.core.StandardContextValve.invoke(StandardContextValve.java:88)
		at org.apache.catalina.authenticator.AuthenticatorBase.invoke(AuthenticatorBase.java:491)
		at org.apache.catalina.core.StandardHostValve.invoke(StandardHostValve.java:127)
		at org.apache.catalina.valves.ErrorReportValve.invoke(ErrorReportValve.java:83)
		at org.apache.catalina.valves.AbstractAccessLogValve.invoke(AbstractAccessLogValve.java:643)
		at org.apache.catalina.core.StandardEngineValve.invoke(StandardEngineValve.java:72)
		at org.apache.catalina.connector.CoyoteAdapter.service(CoyoteAdapter.java:344)
		at org.apache.coyote.http11.Http11Processor.service(Http11Processor.java:398)
		at org.apache.coyote.AbstractProcessorLight.process(AbstractProcessorLight.java:63)
		at org.apache.coyote.AbstractProtocol$ConnectionHandler.process(AbstractProtocol.java:939)
		at org.apache.tomcat.util.net.NioEndpoint$SocketProcessor.doRun(NioEndpoint.java:1832)
		at org.apache.tomcat.util.net.SocketProcessorBase.run(SocketProcessorBase.java:52)
		at org.apache.tomcat.util.threads.ThreadPoolExecutor.runWorker(ThreadPoolExecutor.java:973)
		at org.apache.tomcat.util.threads.ThreadPoolExecutor$Worker.run(ThreadPoolExecutor.java:491)
		at org.apache.tomcat.util.threads.TaskThread$WrappingRunnable.run(TaskThread.java:63)
		at java.lang.Thread.run(Unknown Source)
30-Mar-2026 09:42:52.449 SEVERE [http-nio-8080-exec-27] org.apache.catalina.core.StandardWrapperValve.invoke Servlet.service() for servlet [dispatcher] in context with path [/demo] threw exception [Request processing failed; nested exception is org.mybatis.spring.MyBatisSystemException: nested exception is org.apache.ibatis.exceptions.PersistenceException: 
### Error querying database.  Cause: org.springframework.jdbc.CannotGetJdbcConnectionException: Could not get JDBC Connection; nested exception is org.apache.commons.dbcp.SQLNestedException: Cannot get a connection, pool error Timeout waiting for idle object
### The error may exist in file [C:\Users\PVUNL\Downloads\FingerprintClient_IDSL_DEVICEFIX_datasync\FingerprintClient_IDSL_DEVICEFIX\app\tomcat\webapps\demo\WEB-INF\classes\com\timmy\mapper\DeviceMapper.xml]
### The error may involve com.timmy.mapper.DeviceMapper.findAllDevice
### The error occurred while executing a query
### Cause: org.springframework.jdbc.CannotGetJdbcConnectionException: Could not get JDBC Connection; nested exception is org.apache.commons.dbcp.SQLNestedException: Cannot get a connection, pool error Timeout waiting for idle object] with root cause
	java.util.NoSuchElementException: Timeout waiting for idle object
		at org.apache.commons.pool.impl.GenericObjectPool.borrowObject(GenericObjectPool.java:825)
		at org.apache.commons.dbcp.PoolingDataSource.getConnection(PoolingDataSource.java:96)
		at org.apache.commons.dbcp.BasicDataSource.getConnection(BasicDataSource.java:880)
		at com.timmy.datasource.SqlServerAwareDataSource.getConnection(SqlServerAwareDataSource.java:32)
		at org.springframework.jdbc.datasource.DataSourceUtils.doGetConnection(DataSourceUtils.java:111)
		at org.springframework.jdbc.datasource.DataSourceUtils.getConnection(DataSourceUtils.java:77)
		at org.mybatis.spring.transaction.SpringManagedTransaction.openConnection(SpringManagedTransaction.java:81)
		at org.mybatis.spring.transaction.SpringManagedTransaction.getConnection(SpringManagedTransaction.java:67)
		at org.apache.ibatis.executor.BaseExecutor.getConnection(BaseExecutor.java:279)
		at org.apache.ibatis.executor.SimpleExecutor.prepareStatement(SimpleExecutor.java:72)
		at org.apache.ibatis.executor.SimpleExecutor.doQuery(SimpleExecutor.java:59)
		at org.apache.ibatis.executor.BaseExecutor.queryFromDatabase(BaseExecutor.java:267)
		at org.apache.ibatis.executor.BaseExecutor.query(BaseExecutor.java:137)
		at org.apache.ibatis.executor.CachingExecutor.query(CachingExecutor.java:96)
		at com.github.pagehelper.PageInterceptor.intercept(PageInterceptor.java:143)
		at org.apache.ibatis.plugin.Plugin.invoke(Plugin.java:60)
		at com.sun.proxy.$Proxy31.query(Unknown Source)
		at org.apache.ibatis.session.defaults.DefaultSqlSession.selectList(DefaultSqlSession.java:108)
		at org.apache.ibatis.session.defaults.DefaultSqlSession.selectList(DefaultSqlSession.java:102)
		at sun.reflect.GeneratedMethodAccessor54.invoke(Unknown Source)
		at sun.reflect.DelegatingMethodAccessorImpl.invoke(Unknown Source)
		at java.lang.reflect.Method.invoke(Unknown Source)
		at org.mybatis.spring.SqlSessionTemplate$SqlSessionInterceptor.invoke(SqlSessionTemplate.java:358)
		at com.sun.proxy.$Proxy13.selectList(Unknown Source)
		at org.mybatis.spring.SqlSessionTemplate.selectList(SqlSessionTemplate.java:198)
		at org.apache.ibatis.binding.MapperMethod.executeForMany(MapperMethod.java:119)
		at org.apache.ibatis.binding.MapperMethod.execute(MapperMethod.java:63)
		at org.apache.ibatis.binding.MapperProxy.invoke(MapperProxy.java:52)
		at com.sun.proxy.$Proxy14.findAllDevice(Unknown Source)
		at com.timmy.serviceImpl.DeviceServiceImpl.findAllDevice(DeviceServiceImpl.java:25)
		at com.timmy.controller.AllController.getAllDevice(AllController.java:225)
		at sun.reflect.GeneratedMethodAccessor112.invoke(Unknown Source)
		at sun.reflect.DelegatingMethodAccessorImpl.invoke(Unknown Source)
		at java.lang.reflect.Method.invoke(Unknown Source)
		at org.springframework.web.method.support.InvocableHandlerMethod.invoke(InvocableHandlerMethod.java:215)
		at org.springframework.web.method.support.InvocableHandlerMethod.invokeForRequest(InvocableHandlerMethod.java:132)
		at org.springframework.web.servlet.mvc.method.annotation.ServletInvocableHandlerMethod.invokeAndHandle(ServletInvocableHandlerMethod.java:104)
		at org.springframework.web.servlet.mvc.method.annotation.RequestMappingHandlerAdapter.invokeHandleMethod(RequestMappingHandlerAdapter.java:749)
		at org.springframework.web.servlet.mvc.method.annotation.RequestMappingHandlerAdapter.handleInternal(RequestMappingHandlerAdapter.java:690)
		at org.springframework.web.servlet.mvc.method.AbstractHandlerMethodAdapter.handle(AbstractHandlerMethodAdapter.java:83)
		at org.springframework.web.servlet.DispatcherServlet.doDispatch(DispatcherServlet.java:945)
		at org.springframework.web.servlet.DispatcherServlet.doService(DispatcherServlet.java:876)
		at org.springframework.web.servlet.FrameworkServlet.processRequest(FrameworkServlet.java:961)
		at org.springframework.web.servlet.FrameworkServlet.doGet(FrameworkServlet.java:852)
		at javax.servlet.http.HttpServlet.service(HttpServlet.java:529)
		at org.springframework.web.servlet.FrameworkServlet.service(FrameworkServlet.java:837)
		at javax.servlet.http.HttpServlet.service(HttpServlet.java:623)
		at org.apache.catalina.core.ApplicationFilterChain.internalDoFilter(ApplicationFilterChain.java:197)
		at org.apache.catalina.core.ApplicationFilterChain.doFilter(ApplicationFilterChain.java:142)
		at org.apache.tomcat.websocket.server.WsFilter.doFilter(WsFilter.java:51)
		at org.apache.catalina.core.ApplicationFilterChain.internalDoFilter(ApplicationFilterChain.java:166)
		at org.apache.catalina.core.ApplicationFilterChain.doFilter(ApplicationFilterChain.java:142)
		at com.timmy.util.AuthFilter.doFilter(AuthFilter.java:44)
		at org.apache.catalina.core.ApplicationFilterChain.internalDoFilter(ApplicationFilterChain.java:166)
		at org.apache.catalina.core.ApplicationFilterChain.doFilter(ApplicationFilterChain.java:142)
		at org.springframework.web.filter.CharacterEncodingFilter.doFilterInternal(CharacterEncodingFilter.java:88)
		at org.springframework.web.filter.OncePerRequestFilter.doFilter(OncePerRequestFilter.java:108)
		at org.apache.catalina.core.ApplicationFilterChain.internalDoFilter(ApplicationFilterChain.java:166)
		at org.apache.catalina.core.ApplicationFilterChain.doFilter(ApplicationFilterChain.java:142)
		at org.apache.catalina.core.StandardWrapperValve.invoke(StandardWrapperValve.java:166)
		at org.apache.catalina.core.StandardContextValve.invoke(StandardContextValve.java:88)
		at org.apache.catalina.authenticator.AuthenticatorBase.invoke(AuthenticatorBase.java:491)
		at org.apache.catalina.core.StandardHostValve.invoke(StandardHostValve.java:127)
		at org.apache.catalina.valves.ErrorReportValve.invoke(ErrorReportValve.java:83)
		at org.apache.catalina.valves.AbstractAccessLogValve.invoke(AbstractAccessLogValve.java:643)
		at org.apache.catalina.core.StandardEngineValve.invoke(StandardEngineValve.java:72)
		at org.apache.catalina.connector.CoyoteAdapter.service(CoyoteAdapter.java:344)
		at org.apache.coyote.http11.Http11Processor.service(Http11Processor.java:398)
		at org.apache.coyote.AbstractProcessorLight.process(AbstractProcessorLight.java:63)
		at org.apache.coyote.AbstractProtocol$ConnectionHandler.process(AbstractProtocol.java:939)
		at org.apache.tomcat.util.net.NioEndpoint$SocketProcessor.doRun(NioEndpoint.java:1832)
		at org.apache.tomcat.util.net.SocketProcessorBase.run(SocketProcessorBase.java:52)
		at org.apache.tomcat.util.threads.ThreadPoolExecutor.runWorker(ThreadPoolExecutor.java:973)
		at org.apache.tomcat.util.threads.ThreadPoolExecutor$Worker.run(ThreadPoolExecutor.java:491)
		at org.apache.tomcat.util.threads.TaskThread$WrappingRunnable.run(TaskThread.java:63)
		at java.lang.Thread.run(Unknown Source)
30-Mar-2026 09:42:52.449 SEVERE [http-nio-8080-exec-28] org.apache.catalina.core.StandardWrapperValve.invoke Servlet.service() for servlet [dispatcher] in context with path [/demo] threw exception [Request processing failed; nested exception is org.mybatis.spring.MyBatisSystemException: nested exception is org.apache.ibatis.exceptions.PersistenceException: 
### Error querying database.  Cause: org.springframework.jdbc.CannotGetJdbcConnectionException: Could not get JDBC Connection; nested exception is org.apache.commons.dbcp.SQLNestedException: Cannot get a connection, pool error Timeout waiting for idle object
### The error may exist in file [C:\Users\PVUNL\Downloads\FingerprintClient_IDSL_DEVICEFIX_datasync\FingerprintClient_IDSL_DEVICEFIX\app\tomcat\webapps\demo\WEB-INF\classes\com\timmy\mapper\PersonMapper.xml]
### The error may involve com.timmy.mapper.PersonMapper.selectAll_COUNT
### The error occurred while executing a query
### Cause: org.springframework.jdbc.CannotGetJdbcConnectionException: Could not get JDBC Connection; nested exception is org.apache.commons.dbcp.SQLNestedException: Cannot get a connection, pool error Timeout waiting for idle object] with root cause
	java.util.NoSuchElementException: Timeout waiting for idle object
		at org.apache.commons.pool.impl.GenericObjectPool.borrowObject(GenericObjectPool.java:825)
		at org.apache.commons.dbcp.PoolingDataSource.getConnection(PoolingDataSource.java:96)
		at org.apache.commons.dbcp.BasicDataSource.getConnection(BasicDataSource.java:880)
		at com.timmy.datasource.SqlServerAwareDataSource.getConnection(SqlServerAwareDataSource.java:32)
		at org.springframework.jdbc.datasource.DataSourceUtils.doGetConnection(DataSourceUtils.java:111)
		at org.springframework.jdbc.datasource.DataSourceUtils.getConnection(DataSourceUtils.java:77)
		at org.mybatis.spring.transaction.SpringManagedTransaction.openConnection(SpringManagedTransaction.java:81)
		at org.mybatis.spring.transaction.SpringManagedTransaction.getConnection(SpringManagedTransaction.java:67)
		at org.apache.ibatis.executor.BaseExecutor.getConnection(BaseExecutor.java:279)
		at org.apache.ibatis.executor.SimpleExecutor.prepareStatement(SimpleExecutor.java:72)
		at org.apache.ibatis.executor.SimpleExecutor.doQuery(SimpleExecutor.java:59)
		at org.apache.ibatis.executor.BaseExecutor.queryFromDatabase(BaseExecutor.java:267)
		at org.apache.ibatis.executor.BaseExecutor.query(BaseExecutor.java:137)
		at org.apache.ibatis.executor.CachingExecutor.query(CachingExecutor.java:96)
		at com.github.pagehelper.PageInterceptor.executeAutoCount(PageInterceptor.java:201)
		at com.github.pagehelper.PageInterceptor.intercept(PageInterceptor.java:113)
		at org.apache.ibatis.plugin.Plugin.invoke(Plugin.java:60)
		at com.sun.proxy.$Proxy31.query(Unknown Source)
		at org.apache.ibatis.session.defaults.DefaultSqlSession.selectList(DefaultSqlSession.java:108)
		at org.apache.ibatis.session.defaults.DefaultSqlSession.selectList(DefaultSqlSession.java:102)
		at sun.reflect.GeneratedMethodAccessor54.invoke(Unknown Source)
		at sun.reflect.DelegatingMethodAccessorImpl.invoke(Unknown Source)
		at java.lang.reflect.Method.invoke(Unknown Source)
		at org.mybatis.spring.SqlSessionTemplate$SqlSessionInterceptor.invoke(SqlSessionTemplate.java:358)
		at com.sun.proxy.$Proxy13.selectList(Unknown Source)
		at org.mybatis.spring.SqlSessionTemplate.selectList(SqlSessionTemplate.java:198)
		at org.apache.ibatis.binding.MapperMethod.executeForMany(MapperMethod.java:119)
		at org.apache.ibatis.binding.MapperMethod.execute(MapperMethod.java:63)
		at org.apache.ibatis.binding.MapperProxy.invoke(MapperProxy.java:52)
		at com.sun.proxy.$Proxy18.selectAll(Unknown Source)
		at com.timmy.serviceImpl.PersonServiceImpl.selectAll(PersonServiceImpl.java:84)
		at com.timmy.controller.AllController.getAllPersonFromDB(AllController.java:2313)
		at sun.reflect.GeneratedMethodAccessor159.invoke(Unknown Source)
		at sun.reflect.DelegatingMethodAccessorImpl.invoke(Unknown Source)
		at java.lang.reflect.Method.invoke(Unknown Source)
		at org.springframework.web.method.support.InvocableHandlerMethod.invoke(InvocableHandlerMethod.java:215)
		at org.springframework.web.method.support.InvocableHandlerMethod.invokeForRequest(InvocableHandlerMethod.java:132)
		at org.springframework.web.servlet.mvc.method.annotation.ServletInvocableHandlerMethod.invokeAndHandle(ServletInvocableHandlerMethod.java:104)
		at org.springframework.web.servlet.mvc.method.annotation.RequestMappingHandlerAdapter.invokeHandleMethod(RequestMappingHandlerAdapter.java:749)
		at org.springframework.web.servlet.mvc.method.annotation.RequestMappingHandlerAdapter.handleInternal(RequestMappingHandlerAdapter.java:690)
		at org.springframework.web.servlet.mvc.method.AbstractHandlerMethodAdapter.handle(AbstractHandlerMethodAdapter.java:83)
		at org.springframework.web.servlet.DispatcherServlet.doDispatch(DispatcherServlet.java:945)
		at org.springframework.web.servlet.DispatcherServlet.doService(DispatcherServlet.java:876)
		at org.springframework.web.servlet.FrameworkServlet.processRequest(FrameworkServlet.java:961)
		at org.springframework.web.servlet.FrameworkServlet.doGet(FrameworkServlet.java:852)
		at javax.servlet.http.HttpServlet.service(HttpServlet.java:529)
		at org.springframework.web.servlet.FrameworkServlet.service(FrameworkServlet.java:837)
		at javax.servlet.http.HttpServlet.service(HttpServlet.java:623)
		at org.apache.catalina.core.ApplicationFilterChain.internalDoFilter(ApplicationFilterChain.java:197)
		at org.apache.catalina.core.ApplicationFilterChain.doFilter(ApplicationFilterChain.java:142)
		at org.apache.tomcat.websocket.server.WsFilter.doFilter(WsFilter.java:51)
		at org.apache.catalina.core.ApplicationFilterChain.internalDoFilter(ApplicationFilterChain.java:166)
		at org.apache.catalina.core.ApplicationFilterChain.doFilter(ApplicationFilterChain.java:142)
		at com.timmy.util.AuthFilter.doFilter(AuthFilter.java:44)
		at org.apache.catalina.core.ApplicationFilterChain.internalDoFilter(ApplicationFilterChain.java:166)
		at org.apache.catalina.core.ApplicationFilterChain.doFilter(ApplicationFilterChain.java:142)
		at org.springframework.web.filter.CharacterEncodingFilter.doFilterInternal(CharacterEncodingFilter.java:88)
		at org.springframework.web.filter.OncePerRequestFilter.doFilter(OncePerRequestFilter.java:108)
		at org.apache.catalina.core.ApplicationFilterChain.internalDoFilter(ApplicationFilterChain.java:166)
		at org.apache.catalina.core.ApplicationFilterChain.doFilter(ApplicationFilterChain.java:142)
		at org.apache.catalina.core.StandardWrapperValve.invoke(StandardWrapperValve.java:166)
		at org.apache.catalina.core.StandardContextValve.invoke(StandardContextValve.java:88)
		at org.apache.catalina.authenticator.AuthenticatorBase.invoke(AuthenticatorBase.java:491)
		at org.apache.catalina.core.StandardHostValve.invoke(StandardHostValve.java:127)
		at org.apache.catalina.valves.ErrorReportValve.invoke(ErrorReportValve.java:83)
		at org.apache.catalina.valves.AbstractAccessLogValve.invoke(AbstractAccessLogValve.java:643)
		at org.apache.catalina.core.StandardEngineValve.invoke(StandardEngineValve.java:72)
		at org.apache.catalina.connector.CoyoteAdapter.service(CoyoteAdapter.java:344)
		at org.apache.coyote.http11.Http11Processor.service(Http11Processor.java:398)
		at org.apache.coyote.AbstractProcessorLight.process(AbstractProcessorLight.java:63)
		at org.apache.coyote.AbstractProtocol$ConnectionHandler.process(AbstractProtocol.java:939)
		at org.apache.tomcat.util.net.NioEndpoint$SocketProcessor.doRun(NioEndpoint.java:1832)
		at org.apache.tomcat.util.net.SocketProcessorBase.run(SocketProcessorBase.java:52)
		at org.apache.tomcat.util.threads.ThreadPoolExecutor.runWorker(ThreadPoolExecutor.java:973)
		at org.apache.tomcat.util.threads.ThreadPoolExecutor$Worker.run(ThreadPoolExecutor.java:491)
		at org.apache.tomcat.util.threads.TaskThread$WrappingRunnable.run(TaskThread.java:63)
		at java.lang.Thread.run(Unknown Source)
30-Mar-2026 09:42:59.054 SEVERE [http-nio-8080-exec-33] org.apache.catalina.core.StandardWrapperValve.invoke Servlet.service() for servlet [dispatcher] in context with path [/demo] threw exception [Request processing failed; nested exception is org.mybatis.spring.MyBatisSystemException: nested exception is org.apache.ibatis.exceptions.PersistenceException: 
### Error querying database.  Cause: org.springframework.jdbc.CannotGetJdbcConnectionException: Could not get JDBC Connection; nested exception is org.apache.commons.dbcp.SQLNestedException: Cannot get a connection, pool error Timeout waiting for idle object
### The error may exist in file [C:\Users\PVUNL\Downloads\FingerprintClient_IDSL_DEVICEFIX_datasync\FingerprintClient_IDSL_DEVICEFIX\app\tomcat\webapps\demo\WEB-INF\classes\com\timmy\mapper\DeviceMapper.xml]
### The error may involve com.timmy.mapper.DeviceMapper.findAllDevice
### The error occurred while executing a query
### Cause: org.springframework.jdbc.CannotGetJdbcConnectionException: Could not get JDBC Connection; nested exception is org.apache.commons.dbcp.SQLNestedException: Cannot get a connection, pool error Timeout waiting for idle object] with root cause
	java.util.NoSuchElementException: Timeout waiting for idle object
		at org.apache.commons.pool.impl.GenericObjectPool.borrowObject(GenericObjectPool.java:825)
		at org.apache.commons.dbcp.PoolingDataSource.getConnection(PoolingDataSource.java:96)
		at org.apache.commons.dbcp.BasicDataSource.getConnection(BasicDataSource.java:880)
		at com.timmy.datasource.SqlServerAwareDataSource.getConnection(SqlServerAwareDataSource.java:32)
		at org.springframework.jdbc.datasource.DataSourceUtils.doGetConnection(DataSourceUtils.java:111)
		at org.springframework.jdbc.datasource.DataSourceUtils.getConnection(DataSourceUtils.java:77)
		at org.mybatis.spring.transaction.SpringManagedTransaction.openConnection(SpringManagedTransaction.java:81)
		at org.mybatis.spring.transaction.SpringManagedTransaction.getConnection(SpringManagedTransaction.java:67)
		at org.apache.ibatis.executor.BaseExecutor.getConnection(BaseExecutor.java:279)
		at org.apache.ibatis.executor.SimpleExecutor.prepareStatement(SimpleExecutor.java:72)
		at org.apache.ibatis.executor.SimpleExecutor.doQuery(SimpleExecutor.java:59)
		at org.apache.ibatis.executor.BaseExecutor.queryFromDatabase(BaseExecutor.java:267)
		at org.apache.ibatis.executor.BaseExecutor.query(BaseExecutor.java:137)
		at org.apache.ibatis.executor.CachingExecutor.query(CachingExecutor.java:96)
		at com.github.pagehelper.PageInterceptor.intercept(PageInterceptor.java:143)
		at org.apache.ibatis.plugin.Plugin.invoke(Plugin.java:60)
		at com.sun.proxy.$Proxy31.query(Unknown Source)
		at org.apache.ibatis.session.defaults.DefaultSqlSession.selectList(DefaultSqlSession.java:108)
		at org.apache.ibatis.session.defaults.DefaultSqlSession.selectList(DefaultSqlSession.java:102)
		at sun.reflect.GeneratedMethodAccessor54.invoke(Unknown Source)
		at sun.reflect.DelegatingMethodAccessorImpl.invoke(Unknown Source)
		at java.lang.reflect.Method.invoke(Unknown Source)
		at org.mybatis.spring.SqlSessionTemplate$SqlSessionInterceptor.invoke(SqlSessionTemplate.java:358)
		at com.sun.proxy.$Proxy13.selectList(Unknown Source)
		at org.mybatis.spring.SqlSessionTemplate.selectList(SqlSessionTemplate.java:198)
		at org.apache.ibatis.binding.MapperMethod.executeForMany(MapperMethod.java:119)
		at org.apache.ibatis.binding.MapperMethod.execute(MapperMethod.java:63)
		at org.apache.ibatis.binding.MapperProxy.invoke(MapperProxy.java:52)
		at com.sun.proxy.$Proxy14.findAllDevice(Unknown Source)
		at com.timmy.serviceImpl.DeviceServiceImpl.findAllDevice(DeviceServiceImpl.java:25)
		at com.timmy.controller.AllController.getAllDevice(AllController.java:225)
		at sun.reflect.GeneratedMethodAccessor112.invoke(Unknown Source)
		at sun.reflect.DelegatingMethodAccessorImpl.invoke(Unknown Source)
		at java.lang.reflect.Method.invoke(Unknown Source)
		at org.springframework.web.method.support.InvocableHandlerMethod.invoke(InvocableHandlerMethod.java:215)
		at org.springframework.web.method.support.InvocableHandlerMethod.invokeForRequest(InvocableHandlerMethod.java:132)
		at org.springframework.web.servlet.mvc.method.annotation.ServletInvocableHandlerMethod.invokeAndHandle(ServletInvocableHandlerMethod.java:104)
		at org.springframework.web.servlet.mvc.method.annotation.RequestMappingHandlerAdapter.invokeHandleMethod(RequestMappingHandlerAdapter.java:749)
		at org.springframework.web.servlet.mvc.method.annotation.RequestMappingHandlerAdapter.handleInternal(RequestMappingHandlerAdapter.java:690)
		at org.springframework.web.servlet.mvc.method.AbstractHandlerMethodAdapter.handle(AbstractHandlerMethodAdapter.java:83)
		at org.springframework.web.servlet.DispatcherServlet.doDispatch(DispatcherServlet.java:945)
		at org.springframework.web.servlet.DispatcherServlet.doService(DispatcherServlet.java:876)
		at org.springframework.web.servlet.FrameworkServlet.processRequest(FrameworkServlet.java:961)
		at org.springframework.web.servlet.FrameworkServlet.doGet(FrameworkServlet.java:852)
		at javax.servlet.http.HttpServlet.service(HttpServlet.java:529)
		at org.springframework.web.servlet.FrameworkServlet.service(FrameworkServlet.java:837)
		at javax.servlet.http.HttpServlet.service(HttpServlet.java:623)
		at org.apache.catalina.core.ApplicationFilterChain.internalDoFilter(ApplicationFilterChain.java:197)
		at org.apache.catalina.core.ApplicationFilterChain.doFilter(ApplicationFilterChain.java:142)
		at org.apache.tomcat.websocket.server.WsFilter.doFilter(WsFilter.java:51)
		at org.apache.catalina.core.ApplicationFilterChain.internalDoFilter(ApplicationFilterChain.java:166)
		at org.apache.catalina.core.ApplicationFilterChain.doFilter(ApplicationFilterChain.java:142)
		at com.timmy.util.AuthFilter.doFilter(AuthFilter.java:44)
		at org.apache.catalina.core.ApplicationFilterChain.internalDoFilter(ApplicationFilterChain.java:166)
		at org.apache.catalina.core.ApplicationFilterChain.doFilter(ApplicationFilterChain.java:142)
		at org.springframework.web.filter.CharacterEncodingFilter.doFilterInternal(CharacterEncodingFilter.java:88)
		at org.springframework.web.filter.OncePerRequestFilter.doFilter(OncePerRequestFilter.java:108)
		at org.apache.catalina.core.ApplicationFilterChain.internalDoFilter(ApplicationFilterChain.java:166)
		at org.apache.catalina.core.ApplicationFilterChain.doFilter(ApplicationFilterChain.java:142)
		at org.apache.catalina.core.StandardWrapperValve.invoke(StandardWrapperValve.java:166)
		at org.apache.catalina.core.StandardContextValve.invoke(StandardContextValve.java:88)
		at org.apache.catalina.authenticator.AuthenticatorBase.invoke(AuthenticatorBase.java:491)
		at org.apache.catalina.core.StandardHostValve.invoke(StandardHostValve.java:127)
		at org.apache.catalina.valves.ErrorReportValve.invoke(ErrorReportValve.java:83)
		at org.apache.catalina.valves.AbstractAccessLogValve.invoke(AbstractAccessLogValve.java:643)
		at org.apache.catalina.core.StandardEngineValve.invoke(StandardEngineValve.java:72)
		at org.apache.catalina.connector.CoyoteAdapter.service(CoyoteAdapter.java:344)
		at org.apache.coyote.http11.Http11Processor.service(Http11Processor.java:398)
		at org.apache.coyote.AbstractProcessorLight.process(AbstractProcessorLight.java:63)
		at org.apache.coyote.AbstractProtocol$ConnectionHandler.process(AbstractProtocol.java:939)
		at org.apache.tomcat.util.net.NioEndpoint$SocketProcessor.doRun(NioEndpoint.java:1832)
		at org.apache.tomcat.util.net.SocketProcessorBase.run(SocketProcessorBase.java:52)
		at org.apache.tomcat.util.threads.ThreadPoolExecutor.runWorker(ThreadPoolExecutor.java:973)
		at org.apache.tomcat.util.threads.ThreadPoolExecutor$Worker.run(ThreadPoolExecutor.java:491)
		at org.apache.tomcat.util.threads.TaskThread$WrappingRunnable.run(TaskThread.java:63)
		at java.lang.Thread.run(Unknown Source)
30-Mar-2026 09:43:52.547 SEVERE [http-nio-8080-exec-32] org.apache.catalina.core.StandardWrapperValve.invoke Servlet.service() for servlet [dispatcher] in context with path [/demo] threw exception [Request processing failed; nested exception is org.mybatis.spring.MyBatisSystemException: nested exception is org.apache.ibatis.exceptions.PersistenceException: 
### Error querying database.  Cause: org.springframework.jdbc.CannotGetJdbcConnectionException: Could not get JDBC Connection; nested exception is org.apache.commons.dbcp.SQLNestedException: Cannot get a connection, pool error Timeout waiting for idle object
### The error may exist in file [C:\Users\PVUNL\Downloads\FingerprintClient_IDSL_DEVICEFIX_datasync\FingerprintClient_IDSL_DEVICEFIX\app\tomcat\webapps\demo\WEB-INF\classes\com\timmy\mapper\DeviceMapper.xml]
### The error may involve com.timmy.mapper.DeviceMapper.findAllDevice
### The error occurred while executing a query
### Cause: org.springframework.jdbc.CannotGetJdbcConnectionException: Could not get JDBC Connection; nested exception is org.apache.commons.dbcp.SQLNestedException: Cannot get a connection, pool error Timeout waiting for idle object] with root cause
	java.util.NoSuchElementException: Timeout waiting for idle object
		at org.apache.commons.pool.impl.GenericObjectPool.borrowObject(GenericObjectPool.java:825)
		at org.apache.commons.dbcp.PoolingDataSource.getConnection(PoolingDataSource.java:96)
		at org.apache.commons.dbcp.BasicDataSource.getConnection(BasicDataSource.java:880)
		at com.timmy.datasource.SqlServerAwareDataSource.getConnection(SqlServerAwareDataSource.java:32)
		at org.springframework.jdbc.datasource.DataSourceUtils.doGetConnection(DataSourceUtils.java:111)
		at org.springframework.jdbc.datasource.DataSourceUtils.getConnection(DataSourceUtils.java:77)
		at org.mybatis.spring.transaction.SpringManagedTransaction.openConnection(SpringManagedTransaction.java:81)
		at org.mybatis.spring.transaction.SpringManagedTransaction.getConnection(SpringManagedTransaction.java:67)
		at org.apache.ibatis.executor.BaseExecutor.getConnection(BaseExecutor.java:279)
		at org.apache.ibatis.executor.SimpleExecutor.prepareStatement(SimpleExecutor.java:72)
		at org.apache.ibatis.executor.SimpleExecutor.doQuery(SimpleExecutor.java:59)
		at org.apache.ibatis.executor.BaseExecutor.queryFromDatabase(BaseExecutor.java:267)
		at org.apache.ibatis.executor.BaseExecutor.query(BaseExecutor.java:137)
		at org.apache.ibatis.executor.CachingExecutor.query(CachingExecutor.java:96)
		at com.github.pagehelper.PageInterceptor.intercept(PageInterceptor.java:143)
		at org.apache.ibatis.plugin.Plugin.invoke(Plugin.java:60)
		at com.sun.proxy.$Proxy31.query(Unknown Source)
		at org.apache.ibatis.session.defaults.DefaultSqlSession.selectList(DefaultSqlSession.java:108)
		at org.apache.ibatis.session.defaults.DefaultSqlSession.selectList(DefaultSqlSession.java:102)
		at sun.reflect.GeneratedMethodAccessor54.invoke(Unknown Source)
		at sun.reflect.DelegatingMethodAccessorImpl.invoke(Unknown Source)
		at java.lang.reflect.Method.invoke(Unknown Source)
		at org.mybatis.spring.SqlSessionTemplate$SqlSessionInterceptor.invoke(SqlSessionTemplate.java:358)
		at com.sun.proxy.$Proxy13.selectList(Unknown Source)
		at org.mybatis.spring.SqlSessionTemplate.selectList(SqlSessionTemplate.java:198)
		at org.apache.ibatis.binding.MapperMethod.executeForMany(MapperMethod.java:119)
		at org.apache.ibatis.binding.MapperMethod.execute(MapperMethod.java:63)
		at org.apache.ibatis.binding.MapperProxy.invoke(MapperProxy.java:52)
		at com.sun.proxy.$Proxy14.findAllDevice(Unknown Source)
		at com.timmy.serviceImpl.DeviceServiceImpl.findAllDevice(DeviceServiceImpl.java:25)
		at com.timmy.controller.AllController.getAllDevice(AllController.java:225)
		at sun.reflect.GeneratedMethodAccessor112.invoke(Unknown Source)
		at sun.reflect.DelegatingMethodAccessorImpl.invoke(Unknown Source)
		at java.lang.reflect.Method.invoke(Unknown Source)
		at org.springframework.web.method.support.InvocableHandlerMethod.invoke(InvocableHandlerMethod.java:215)
		at org.springframework.web.method.support.InvocableHandlerMethod.invokeForRequest(InvocableHandlerMethod.java:132)
		at org.springframework.web.servlet.mvc.method.annotation.ServletInvocableHandlerMethod.invokeAndHandle(ServletInvocableHandlerMethod.java:104)
		at org.springframework.web.servlet.mvc.method.annotation.RequestMappingHandlerAdapter.invokeHandleMethod(RequestMappingHandlerAdapter.java:749)
		at org.springframework.web.servlet.mvc.method.annotation.RequestMappingHandlerAdapter.handleInternal(RequestMappingHandlerAdapter.java:690)
		at org.springframework.web.servlet.mvc.method.AbstractHandlerMethodAdapter.handle(AbstractHandlerMethodAdapter.java:83)
		at org.springframework.web.servlet.DispatcherServlet.doDispatch(DispatcherServlet.java:945)
		at org.springframework.web.servlet.DispatcherServlet.doService(DispatcherServlet.java:876)
		at org.springframework.web.servlet.FrameworkServlet.processRequest(FrameworkServlet.java:961)
		at org.springframework.web.servlet.FrameworkServlet.doGet(FrameworkServlet.java:852)
		at javax.servlet.http.HttpServlet.service(HttpServlet.java:529)
		at org.springframework.web.servlet.FrameworkServlet.service(FrameworkServlet.java:837)
		at javax.servlet.http.HttpServlet.service(HttpServlet.java:623)
		at org.apache.catalina.core.ApplicationFilterChain.internalDoFilter(ApplicationFilterChain.java:197)
		at org.apache.catalina.core.ApplicationFilterChain.doFilter(ApplicationFilterChain.java:142)
		at org.apache.tomcat.websocket.server.WsFilter.doFilter(WsFilter.java:51)
		at org.apache.catalina.core.ApplicationFilterChain.internalDoFilter(ApplicationFilterChain.java:166)
		at org.apache.catalina.core.ApplicationFilterChain.doFilter(ApplicationFilterChain.java:142)
		at com.timmy.util.AuthFilter.doFilter(AuthFilter.java:44)
		at org.apache.catalina.core.ApplicationFilterChain.internalDoFilter(ApplicationFilterChain.java:166)
		at org.apache.catalina.core.ApplicationFilterChain.doFilter(ApplicationFilterChain.java:142)
		at org.springframework.web.filter.CharacterEncodingFilter.doFilterInternal(CharacterEncodingFilter.java:88)
		at org.springframework.web.filter.OncePerRequestFilter.doFilter(OncePerRequestFilter.java:108)
		at org.apache.catalina.core.ApplicationFilterChain.internalDoFilter(ApplicationFilterChain.java:166)
		at org.apache.catalina.core.ApplicationFilterChain.doFilter(ApplicationFilterChain.java:142)
		at org.apache.catalina.core.StandardWrapperValve.invoke(StandardWrapperValve.java:166)
		at org.apache.catalina.core.StandardContextValve.invoke(StandardContextValve.java:88)
		at org.apache.catalina.authenticator.AuthenticatorBase.invoke(AuthenticatorBase.java:491)
		at org.apache.catalina.core.StandardHostValve.invoke(StandardHostValve.java:127)
		at org.apache.catalina.valves.ErrorReportValve.invoke(ErrorReportValve.java:83)
		at org.apache.catalina.valves.AbstractAccessLogValve.invoke(AbstractAccessLogValve.java:643)
		at org.apache.catalina.core.StandardEngineValve.invoke(StandardEngineValve.java:72)
		at org.apache.catalina.connector.CoyoteAdapter.service(CoyoteAdapter.java:344)
		at org.apache.coyote.http11.Http11Processor.service(Http11Processor.java:398)
		at org.apache.coyote.AbstractProcessorLight.process(AbstractProcessorLight.java:63)
		at org.apache.coyote.AbstractProtocol$ConnectionHandler.process(AbstractProtocol.java:939)
		at org.apache.tomcat.util.net.NioEndpoint$SocketProcessor.doRun(NioEndpoint.java:1832)
		at org.apache.tomcat.util.net.SocketProcessorBase.run(SocketProcessorBase.java:52)
		at org.apache.tomcat.util.threads.ThreadPoolExecutor.runWorker(ThreadPoolExecutor.java:973)
		at org.apache.tomcat.util.threads.ThreadPoolExecutor$Worker.run(ThreadPoolExecutor.java:491)
		at org.apache.tomcat.util.threads.TaskThread$WrappingRunnable.run(TaskThread.java:63)
		at java.lang.Thread.run(Unknown Source)
30-Mar-2026 09:43:52.547 SEVERE [http-nio-8080-exec-29] org.apache.catalina.core.StandardWrapperValve.invoke Servlet.service() for servlet [dispatcher] in context with path [/demo] threw exception [Request processing failed; nested exception is org.mybatis.spring.MyBatisSystemException: nested exception is org.apache.ibatis.exceptions.PersistenceException: 
### Error querying database.  Cause: org.springframework.jdbc.CannotGetJdbcConnectionException: Could not get JDBC Connection; nested exception is org.apache.commons.dbcp.SQLNestedException: Cannot get a connection, pool error Timeout waiting for idle object
### The error may exist in file [C:\Users\PVUNL\Downloads\FingerprintClient_IDSL_DEVICEFIX_datasync\FingerprintClient_IDSL_DEVICEFIX\app\tomcat\webapps\demo\WEB-INF\classes\com\timmy\mapper\PersonMapper.xml]
### The error may involve com.timmy.mapper.PersonMapper.selectAll_COUNT
### The error occurred while executing a query
### Cause: org.springframework.jdbc.CannotGetJdbcConnectionException: Could not get JDBC Connection; nested exception is org.apache.commons.dbcp.SQLNestedException: Cannot get a connection, pool error Timeout waiting for idle object] with root cause
	java.util.NoSuchElementException: Timeout waiting for idle object
		at org.apache.commons.pool.impl.GenericObjectPool.borrowObject(GenericObjectPool.java:825)
		at org.apache.commons.dbcp.PoolingDataSource.getConnection(PoolingDataSource.java:96)
		at org.apache.commons.dbcp.BasicDataSource.getConnection(BasicDataSource.java:880)
		at com.timmy.datasource.SqlServerAwareDataSource.getConnection(SqlServerAwareDataSource.java:32)
		at org.springframework.jdbc.datasource.DataSourceUtils.doGetConnection(DataSourceUtils.java:111)
		at org.springframework.jdbc.datasource.DataSourceUtils.getConnection(DataSourceUtils.java:77)
		at org.mybatis.spring.transaction.SpringManagedTransaction.openConnection(SpringManagedTransaction.java:81)
		at org.mybatis.spring.transaction.SpringManagedTransaction.getConnection(SpringManagedTransaction.java:67)
		at org.apache.ibatis.executor.BaseExecutor.getConnection(BaseExecutor.java:279)
		at org.apache.ibatis.executor.SimpleExecutor.prepareStatement(SimpleExecutor.java:72)
		at org.apache.ibatis.executor.SimpleExecutor.doQuery(SimpleExecutor.java:59)
		at org.apache.ibatis.executor.BaseExecutor.queryFromDatabase(BaseExecutor.java:267)
		at org.apache.ibatis.executor.BaseExecutor.query(BaseExecutor.java:137)
		at org.apache.ibatis.executor.CachingExecutor.query(CachingExecutor.java:96)
		at com.github.pagehelper.PageInterceptor.executeAutoCount(PageInterceptor.java:201)
		at com.github.pagehelper.PageInterceptor.intercept(PageInterceptor.java:113)
		at org.apache.ibatis.plugin.Plugin.invoke(Plugin.java:60)
		at com.sun.proxy.$Proxy31.query(Unknown Source)
		at org.apache.ibatis.session.defaults.DefaultSqlSession.selectList(DefaultSqlSession.java:108)
		at org.apache.ibatis.session.defaults.DefaultSqlSession.selectList(DefaultSqlSession.java:102)
		at sun.reflect.GeneratedMethodAccessor54.invoke(Unknown Source)
		at sun.reflect.DelegatingMethodAccessorImpl.invoke(Unknown Source)
		at java.lang.reflect.Method.invoke(Unknown Source)
		at org.mybatis.spring.SqlSessionTemplate$SqlSessionInterceptor.invoke(SqlSessionTemplate.java:358)
		at com.sun.proxy.$Proxy13.selectList(Unknown Source)
		at org.mybatis.spring.SqlSessionTemplate.selectList(SqlSessionTemplate.java:198)
		at org.apache.ibatis.binding.MapperMethod.executeForMany(MapperMethod.java:119)
		at org.apache.ibatis.binding.MapperMethod.execute(MapperMethod.java:63)
		at org.apache.ibatis.binding.MapperProxy.invoke(MapperProxy.java:52)
		at com.sun.proxy.$Proxy18.selectAll(Unknown Source)
		at com.timmy.serviceImpl.PersonServiceImpl.selectAll(PersonServiceImpl.java:84)
		at com.timmy.controller.AllController.getAllPersonFromDB(AllController.java:2313)
		at sun.reflect.GeneratedMethodAccessor159.invoke(Unknown Source)
		at sun.reflect.DelegatingMethodAccessorImpl.invoke(Unknown Source)
		at java.lang.reflect.Method.invoke(Unknown Source)
		at org.springframework.web.method.support.InvocableHandlerMethod.invoke(InvocableHandlerMethod.java:215)
		at org.springframework.web.method.support.InvocableHandlerMethod.invokeForRequest(InvocableHandlerMethod.java:132)
		at org.springframework.web.servlet.mvc.method.annotation.ServletInvocableHandlerMethod.invokeAndHandle(ServletInvocableHandlerMethod.java:104)
		at org.springframework.web.servlet.mvc.method.annotation.RequestMappingHandlerAdapter.invokeHandleMethod(RequestMappingHandlerAdapter.java:749)
		at org.springframework.web.servlet.mvc.method.annotation.RequestMappingHandlerAdapter.handleInternal(RequestMappingHandlerAdapter.java:690)
		at org.springframework.web.servlet.mvc.method.AbstractHandlerMethodAdapter.handle(AbstractHandlerMethodAdapter.java:83)
		at org.springframework.web.servlet.DispatcherServlet.doDispatch(DispatcherServlet.java:945)
		at org.springframework.web.servlet.DispatcherServlet.doService(DispatcherServlet.java:876)
		at org.springframework.web.servlet.FrameworkServlet.processRequest(FrameworkServlet.java:961)
		at org.springframework.web.servlet.FrameworkServlet.doGet(FrameworkServlet.java:852)
		at javax.servlet.http.HttpServlet.service(HttpServlet.java:529)
		at org.springframework.web.servlet.FrameworkServlet.service(FrameworkServlet.java:837)
		at javax.servlet.http.HttpServlet.service(HttpServlet.java:623)
		at org.apache.catalina.core.ApplicationFilterChain.internalDoFilter(ApplicationFilterChain.java:197)
		at org.apache.catalina.core.ApplicationFilterChain.doFilter(ApplicationFilterChain.java:142)
		at org.apache.tomcat.websocket.server.WsFilter.doFilter(WsFilter.java:51)
		at org.apache.catalina.core.ApplicationFilterChain.internalDoFilter(ApplicationFilterChain.java:166)
		at org.apache.catalina.core.ApplicationFilterChain.doFilter(ApplicationFilterChain.java:142)
		at com.timmy.util.AuthFilter.doFilter(AuthFilter.java:44)
		at org.apache.catalina.core.ApplicationFilterChain.internalDoFilter(ApplicationFilterChain.java:166)
		at org.apache.catalina.core.ApplicationFilterChain.doFilter(ApplicationFilterChain.java:142)
		at org.springframework.web.filter.CharacterEncodingFilter.doFilterInternal(CharacterEncodingFilter.java:88)
		at org.springframework.web.filter.OncePerRequestFilter.doFilter(OncePerRequestFilter.java:108)
		at org.apache.catalina.core.ApplicationFilterChain.internalDoFilter(ApplicationFilterChain.java:166)
		at org.apache.catalina.core.ApplicationFilterChain.doFilter(ApplicationFilterChain.java:142)
		at org.apache.catalina.core.StandardWrapperValve.invoke(StandardWrapperValve.java:166)
		at org.apache.catalina.core.StandardContextValve.invoke(StandardContextValve.java:88)
		at org.apache.catalina.authenticator.AuthenticatorBase.invoke(AuthenticatorBase.java:491)
		at org.apache.catalina.core.StandardHostValve.invoke(StandardHostValve.java:127)
		at org.apache.catalina.valves.ErrorReportValve.invoke(ErrorReportValve.java:83)
		at org.apache.catalina.valves.AbstractAccessLogValve.invoke(AbstractAccessLogValve.java:643)
		at org.apache.catalina.core.StandardEngineValve.invoke(StandardEngineValve.java:72)
		at org.apache.catalina.connector.CoyoteAdapter.service(CoyoteAdapter.java:344)
		at org.apache.coyote.http11.Http11Processor.service(Http11Processor.java:398)
		at org.apache.coyote.AbstractProcessorLight.process(AbstractProcessorLight.java:63)
		at org.apache.coyote.AbstractProtocol$ConnectionHandler.process(AbstractProtocol.java:939)
		at org.apache.tomcat.util.net.NioEndpoint$SocketProcessor.doRun(NioEndpoint.java:1832)
		at org.apache.tomcat.util.net.SocketProcessorBase.run(SocketProcessorBase.java:52)
		at org.apache.tomcat.util.threads.ThreadPoolExecutor.runWorker(ThreadPoolExecutor.java:973)
		at org.apache.tomcat.util.threads.ThreadPoolExecutor$Worker.run(ThreadPoolExecutor.java:491)
		at org.apache.tomcat.util.threads.TaskThread$WrappingRunnable.run(TaskThread.java:63)
		at java.lang.Thread.run(Unknown Source)
30-Mar-2026 09:44:52.581 SEVERE [http-nio-8080-exec-37] org.apache.catalina.core.StandardWrapperValve.invoke Servlet.service() for servlet [dispatcher] in context with path [/demo] threw exception [Request processing failed; nested exception is org.mybatis.spring.MyBatisSystemException: nested exception is org.apache.ibatis.exceptions.PersistenceException: 
### Error querying database.  Cause: org.springframework.jdbc.CannotGetJdbcConnectionException: Could not get JDBC Connection; nested exception is org.apache.commons.dbcp.SQLNestedException: Cannot get a connection, pool error Timeout waiting for idle object
### The error may exist in file [C:\Users\PVUNL\Downloads\FingerprintClient_IDSL_DEVICEFIX_datasync\FingerprintClient_IDSL_DEVICEFIX\app\tomcat\webapps\demo\WEB-INF\classes\com\timmy\mapper\DeviceMapper.xml]
### The error may involve com.timmy.mapper.DeviceMapper.findAllDevice
### The error occurred while executing a query
### Cause: org.springframework.jdbc.CannotGetJdbcConnectionException: Could not get JDBC Connection; nested exception is org.apache.commons.dbcp.SQLNestedException: Cannot get a connection, pool error Timeout waiting for idle object] with root cause
	java.util.NoSuchElementException: Timeout waiting for idle object
		at org.apache.commons.pool.impl.GenericObjectPool.borrowObject(GenericObjectPool.java:825)
		at org.apache.commons.dbcp.PoolingDataSource.getConnection(PoolingDataSource.java:96)
		at org.apache.commons.dbcp.BasicDataSource.getConnection(BasicDataSource.java:880)
		at com.timmy.datasource.SqlServerAwareDataSource.getConnection(SqlServerAwareDataSource.java:32)
		at org.springframework.jdbc.datasource.DataSourceUtils.doGetConnection(DataSourceUtils.java:111)
		at org.springframework.jdbc.datasource.DataSourceUtils.getConnection(DataSourceUtils.java:77)
		at org.mybatis.spring.transaction.SpringManagedTransaction.openConnection(SpringManagedTransaction.java:81)
		at org.mybatis.spring.transaction.SpringManagedTransaction.getConnection(SpringManagedTransaction.java:67)
		at org.apache.ibatis.executor.BaseExecutor.getConnection(BaseExecutor.java:279)
		at org.apache.ibatis.executor.SimpleExecutor.prepareStatement(SimpleExecutor.java:72)
		at org.apache.ibatis.executor.SimpleExecutor.doQuery(SimpleExecutor.java:59)
		at org.apache.ibatis.executor.BaseExecutor.queryFromDatabase(BaseExecutor.java:267)
		at org.apache.ibatis.executor.BaseExecutor.query(BaseExecutor.java:137)
		at org.apache.ibatis.executor.CachingExecutor.query(CachingExecutor.java:96)
		at com.github.pagehelper.PageInterceptor.intercept(PageInterceptor.java:143)
		at org.apache.ibatis.plugin.Plugin.invoke(Plugin.java:60)
		at com.sun.proxy.$Proxy31.query(Unknown Source)
		at org.apache.ibatis.session.defaults.DefaultSqlSession.selectList(DefaultSqlSession.java:108)
		at org.apache.ibatis.session.defaults.DefaultSqlSession.selectList(DefaultSqlSession.java:102)
		at sun.reflect.GeneratedMethodAccessor54.invoke(Unknown Source)
		at sun.reflect.DelegatingMethodAccessorImpl.invoke(Unknown Source)
		at java.lang.reflect.Method.invoke(Unknown Source)
		at org.mybatis.spring.SqlSessionTemplate$SqlSessionInterceptor.invoke(SqlSessionTemplate.java:358)
		at com.sun.proxy.$Proxy13.selectList(Unknown Source)
		at org.mybatis.spring.SqlSessionTemplate.selectList(SqlSessionTemplate.java:198)
		at org.apache.ibatis.binding.MapperMethod.executeForMany(MapperMethod.java:119)
		at org.apache.ibatis.binding.MapperMethod.execute(MapperMethod.java:63)
		at org.apache.ibatis.binding.MapperProxy.invoke(MapperProxy.java:52)
		at com.sun.proxy.$Proxy14.findAllDevice(Unknown Source)
		at com.timmy.serviceImpl.DeviceServiceImpl.findAllDevice(DeviceServiceImpl.java:25)
		at com.timmy.controller.AllController.getAllDevice(AllController.java:225)
		at sun.reflect.GeneratedMethodAccessor112.invoke(Unknown Source)
		at sun.reflect.DelegatingMethodAccessorImpl.invoke(Unknown Source)
		at java.lang.reflect.Method.invoke(Unknown Source)
		at org.springframework.web.method.support.InvocableHandlerMethod.invoke(InvocableHandlerMethod.java:215)
		at org.springframework.web.method.support.InvocableHandlerMethod.invokeForRequest(InvocableHandlerMethod.java:132)
		at org.springframework.web.servlet.mvc.method.annotation.ServletInvocableHandlerMethod.invokeAndHandle(ServletInvocableHandlerMethod.java:104)
		at org.springframework.web.servlet.mvc.method.annotation.RequestMappingHandlerAdapter.invokeHandleMethod(RequestMappingHandlerAdapter.java:749)
		at org.springframework.web.servlet.mvc.method.annotation.RequestMappingHandlerAdapter.handleInternal(RequestMappingHandlerAdapter.java:690)
		at org.springframework.web.servlet.mvc.method.AbstractHandlerMethodAdapter.handle(AbstractHandlerMethodAdapter.java:83)
		at org.springframework.web.servlet.DispatcherServlet.doDispatch(DispatcherServlet.java:945)
		at org.springframework.web.servlet.DispatcherServlet.doService(DispatcherServlet.java:876)
		at org.springframework.web.servlet.FrameworkServlet.processRequest(FrameworkServlet.java:961)
		at org.springframework.web.servlet.FrameworkServlet.doGet(FrameworkServlet.java:852)
		at javax.servlet.http.HttpServlet.service(HttpServlet.java:529)
		at org.springframework.web.servlet.FrameworkServlet.service(FrameworkServlet.java:837)
		at javax.servlet.http.HttpServlet.service(HttpServlet.java:623)
		at org.apache.catalina.core.ApplicationFilterChain.internalDoFilter(ApplicationFilterChain.java:197)
		at org.apache.catalina.core.ApplicationFilterChain.doFilter(ApplicationFilterChain.java:142)
		at org.apache.tomcat.websocket.server.WsFilter.doFilter(WsFilter.java:51)
		at org.apache.catalina.core.ApplicationFilterChain.internalDoFilter(ApplicationFilterChain.java:166)
		at org.apache.catalina.core.ApplicationFilterChain.doFilter(ApplicationFilterChain.java:142)
		at com.timmy.util.AuthFilter.doFilter(AuthFilter.java:44)
		at org.apache.catalina.core.ApplicationFilterChain.internalDoFilter(ApplicationFilterChain.java:166)
		at org.apache.catalina.core.ApplicationFilterChain.doFilter(ApplicationFilterChain.java:142)
		at org.springframework.web.filter.CharacterEncodingFilter.doFilterInternal(CharacterEncodingFilter.java:88)
		at org.springframework.web.filter.OncePerRequestFilter.doFilter(OncePerRequestFilter.java:108)
		at org.apache.catalina.core.ApplicationFilterChain.internalDoFilter(ApplicationFilterChain.java:166)
		at org.apache.catalina.core.ApplicationFilterChain.doFilter(ApplicationFilterChain.java:142)
		at org.apache.catalina.core.StandardWrapperValve.invoke(StandardWrapperValve.java:166)
		at org.apache.catalina.core.StandardContextValve.invoke(StandardContextValve.java:88)
		at org.apache.catalina.authenticator.AuthenticatorBase.invoke(AuthenticatorBase.java:491)
		at org.apache.catalina.core.StandardHostValve.invoke(StandardHostValve.java:127)
		at org.apache.catalina.valves.ErrorReportValve.invoke(ErrorReportValve.java:83)
		at org.apache.catalina.valves.AbstractAccessLogValve.invoke(AbstractAccessLogValve.java:643)
		at org.apache.catalina.core.StandardEngineValve.invoke(StandardEngineValve.java:72)
		at org.apache.catalina.connector.CoyoteAdapter.service(CoyoteAdapter.java:344)
		at org.apache.coyote.http11.Http11Processor.service(Http11Processor.java:398)
		at org.apache.coyote.AbstractProcessorLight.process(AbstractProcessorLight.java:63)
		at org.apache.coyote.AbstractProtocol$ConnectionHandler.process(AbstractProtocol.java:939)
		at org.apache.tomcat.util.net.NioEndpoint$SocketProcessor.doRun(NioEndpoint.java:1832)
		at org.apache.tomcat.util.net.SocketProcessorBase.run(SocketProcessorBase.java:52)
		at org.apache.tomcat.util.threads.ThreadPoolExecutor.runWorker(ThreadPoolExecutor.java:973)
		at org.apache.tomcat.util.threads.ThreadPoolExecutor$Worker.run(ThreadPoolExecutor.java:491)
		at org.apache.tomcat.util.threads.TaskThread$WrappingRunnable.run(TaskThread.java:63)
		at java.lang.Thread.run(Unknown Source)
