05-Apr-2026 11:04:52.571 INFO [main] org.apache.catalina.startup.VersionLoggerListener.log Server version name:   Apache Tomcat/9.0.115
05-Apr-2026 11:04:52.613 INFO [main] org.apache.catalina.startup.VersionLoggerListener.log Server built:          Jan 21 2026 08:17:26 UTC
05-Apr-2026 11:04:52.614 INFO [main] org.apache.catalina.startup.VersionLoggerListener.log Server version number: 9.0.115.0
05-Apr-2026 11:04:52.614 INFO [main] org.apache.catalina.startup.VersionLoggerListener.log OS Name:               Windows 10
05-Apr-2026 11:04:52.614 INFO [main] org.apache.catalina.startup.VersionLoggerListener.log OS Version:            10.0
05-Apr-2026 11:04:52.614 INFO [main] org.apache.catalina.startup.VersionLoggerListener.log Architecture:          amd64
05-Apr-2026 11:04:52.614 INFO [main] org.apache.catalina.startup.VersionLoggerListener.log Java Home:             D:\housys\FingerprintClient_IDSL_DEVICEFIX03042026\FingerprintClient_IDSL_DEVICEFIX\app\jre
05-Apr-2026 11:04:52.614 INFO [main] org.apache.catalina.startup.VersionLoggerListener.log JVM Version:           1.8.0_202-b08
05-Apr-2026 11:04:52.614 INFO [main] org.apache.catalina.startup.VersionLoggerListener.log JVM Vendor:            Oracle Corporation
05-Apr-2026 11:04:52.614 INFO [main] org.apache.catalina.startup.VersionLoggerListener.log CATALINA_BASE:         D:\housys\FingerprintClient_IDSL_DEVICEFIX03042026\FingerprintClient_IDSL_DEVICEFIX\app\tomcat
05-Apr-2026 11:04:52.615 INFO [main] org.apache.catalina.startup.VersionLoggerListener.log CATALINA_HOME:         D:\housys\FingerprintClient_IDSL_DEVICEFIX03042026\FingerprintClient_IDSL_DEVICEFIX\app\tomcat
05-Apr-2026 11:04:52.725 INFO [main] org.apache.catalina.startup.VersionLoggerListener.log Command line argument: -Djava.util.logging.config.file=D:\housys\FingerprintClient_IDSL_DEVICEFIX03042026\FingerprintClient_IDSL_DEVICEFIX\app\tomcat\conf\logging.properties
05-Apr-2026 11:04:52.726 INFO [main] org.apache.catalina.startup.VersionLoggerListener.log Command line argument: -Djava.util.logging.manager=org.apache.juli.ClassLoaderLogManager
05-Apr-2026 11:04:52.726 INFO [main] org.apache.catalina.startup.VersionLoggerListener.log Command line argument: -Djava.library.path=D:\housys\FingerprintClient_IDSL_DEVICEFIX03042026\FingerprintClient_IDSL_DEVICEFIX\app\tomcat\bin
05-Apr-2026 11:04:52.726 INFO [main] org.apache.catalina.startup.VersionLoggerListener.log Command line argument: -Dsqlserver.auth.dll.path=D:\housys\FingerprintClient_IDSL_DEVICEFIX03042026\FingerprintClient_IDSL_DEVICEFIX\app\tomcat\bin\mssql-jdbc_auth-13.2.1.x64.dll
05-Apr-2026 11:04:52.726 INFO [main] org.apache.catalina.startup.VersionLoggerListener.log Command line argument: -Djdk.tls.ephemeralDHKeySize=2048
05-Apr-2026 11:04:52.726 INFO [main] org.apache.catalina.startup.VersionLoggerListener.log Command line argument: -Djava.protocol.handler.pkgs=org.apache.catalina.webresources
05-Apr-2026 11:04:52.727 INFO [main] org.apache.catalina.startup.VersionLoggerListener.log Command line argument: -Dsun.io.useCanonCaches=false
05-Apr-2026 11:04:52.727 INFO [main] org.apache.catalina.startup.VersionLoggerListener.log Command line argument: -Djava.library.path=D:\housys\FingerprintClient_IDSL_DEVICEFIX03042026\FingerprintClient_IDSL_DEVICEFIX\app\tomcat\bin
05-Apr-2026 11:04:52.727 INFO [main] org.apache.catalina.startup.VersionLoggerListener.log Command line argument: -Dsqlserver.auth.dll.path=D:\housys\FingerprintClient_IDSL_DEVICEFIX03042026\FingerprintClient_IDSL_DEVICEFIX\app\tomcat\bin\mssql-jdbc_auth-13.2.1.x64.dll
05-Apr-2026 11:04:52.727 INFO [main] org.apache.catalina.startup.VersionLoggerListener.log Command line argument: -Dignore.endorsed.dirs=
05-Apr-2026 11:04:52.727 INFO [main] org.apache.catalina.startup.VersionLoggerListener.log Command line argument: -Dcatalina.base=D:\housys\FingerprintClient_IDSL_DEVICEFIX03042026\FingerprintClient_IDSL_DEVICEFIX\app\tomcat
05-Apr-2026 11:04:52.727 INFO [main] org.apache.catalina.startup.VersionLoggerListener.log Command line argument: -Dcatalina.home=D:\housys\FingerprintClient_IDSL_DEVICEFIX03042026\FingerprintClient_IDSL_DEVICEFIX\app\tomcat
05-Apr-2026 11:04:52.727 INFO [main] org.apache.catalina.startup.VersionLoggerListener.log Command line argument: -Djava.io.tmpdir=D:\housys\FingerprintClient_IDSL_DEVICEFIX03042026\FingerprintClient_IDSL_DEVICEFIX\app\tomcat\temp
05-Apr-2026 11:04:52.881 INFO [main] org.apache.catalina.core.AprLifecycleListener.lifecycleEvent Loaded Apache Tomcat Native library [1.3.5] using APR version [1.7.6].
05-Apr-2026 11:04:52.881 INFO [main] org.apache.catalina.core.AprLifecycleListener.lifecycleEvent APR capabilities: IPv6 [true], sendfile [true], accept filters [false], random [true], UDS [true].
05-Apr-2026 11:04:52.881 INFO [main] org.apache.catalina.core.AprLifecycleListener.lifecycleEvent APR/OpenSSL configuration: useAprConnector [false], useOpenSSL [true]
05-Apr-2026 11:04:52.904 INFO [main] org.apache.catalina.core.AprLifecycleListener.initializeSSL OpenSSL successfully initialized [OpenSSL 3.0.18 30 Sep 2025]
05-Apr-2026 11:04:57.637 INFO [main] org.apache.coyote.AbstractProtocol.init Initializing ProtocolHandler ["http-nio-8080"]
05-Apr-2026 11:04:57.685 INFO [main] org.apache.catalina.startup.Catalina.load Server initialization in [5784] milliseconds
05-Apr-2026 11:04:57.742 INFO [main] org.apache.catalina.core.StandardService.startInternal Starting service [Catalina]
05-Apr-2026 11:04:57.742 INFO [main] org.apache.catalina.core.StandardEngine.startInternal Starting Servlet engine: [Apache Tomcat/9.0.115]
05-Apr-2026 11:04:59.121 INFO [main] org.apache.catalina.startup.HostConfig.deployWAR Deploying web application archive [D:\housys\FingerprintClient_IDSL_DEVICEFIX03042026\FingerprintClient_IDSL_DEVICEFIX\app\tomcat\webapps\demo.war]
05-Apr-2026 11:05:34.433 INFO [main] org.apache.jasper.servlet.TldScanner.scanJars At least one JAR was scanned for TLDs yet contained no TLDs. Enable debug logging for this logger for a complete list of JARs that were scanned but no TLDs were found in them. Skipping unneeded JARs during scanning can improve startup time and JSP compilation time.
05-Apr-2026 11:05:44.593 INFO [main] org.apache.catalina.startup.HostConfig.deployWAR Deployment of web application archive [D:\housys\FingerprintClient_IDSL_DEVICEFIX03042026\FingerprintClient_IDSL_DEVICEFIX\app\tomcat\webapps\demo.war] has finished in [45,470] ms
05-Apr-2026 11:05:44.593 INFO [main] org.apache.catalina.startup.HostConfig.deployDirectory Deploying web application directory [D:\housys\FingerprintClient_IDSL_DEVICEFIX03042026\FingerprintClient_IDSL_DEVICEFIX\app\tomcat\webapps\docs]
05-Apr-2026 11:05:44.650 INFO [main] org.apache.catalina.startup.HostConfig.deployDirectory Deployment of web application directory [D:\housys\FingerprintClient_IDSL_DEVICEFIX03042026\FingerprintClient_IDSL_DEVICEFIX\app\tomcat\webapps\docs] has finished in [57] ms
05-Apr-2026 11:05:44.650 INFO [main] org.apache.catalina.startup.HostConfig.deployDirectory Deploying web application directory [D:\housys\FingerprintClient_IDSL_DEVICEFIX03042026\FingerprintClient_IDSL_DEVICEFIX\app\tomcat\webapps\examples]
05-Apr-2026 11:05:47.104 INFO [main] org.apache.catalina.startup.HostConfig.deployDirectory Deployment of web application directory [D:\housys\FingerprintClient_IDSL_DEVICEFIX03042026\FingerprintClient_IDSL_DEVICEFIX\app\tomcat\webapps\examples] has finished in [2,454] ms
05-Apr-2026 11:05:47.104 INFO [main] org.apache.catalina.startup.HostConfig.deployDirectory Deploying web application directory [D:\housys\FingerprintClient_IDSL_DEVICEFIX03042026\FingerprintClient_IDSL_DEVICEFIX\app\tomcat\webapps\host-manager]
05-Apr-2026 11:05:47.162 INFO [main] org.apache.catalina.startup.HostConfig.deployDirectory Deployment of web application directory [D:\housys\FingerprintClient_IDSL_DEVICEFIX03042026\FingerprintClient_IDSL_DEVICEFIX\app\tomcat\webapps\host-manager] has finished in [58] ms
05-Apr-2026 11:05:47.162 INFO [main] org.apache.catalina.startup.HostConfig.deployDirectory Deploying web application directory [D:\housys\FingerprintClient_IDSL_DEVICEFIX03042026\FingerprintClient_IDSL_DEVICEFIX\app\tomcat\webapps\manager]
05-Apr-2026 11:05:47.227 INFO [main] org.apache.catalina.startup.HostConfig.deployDirectory Deployment of web application directory [D:\housys\FingerprintClient_IDSL_DEVICEFIX03042026\FingerprintClient_IDSL_DEVICEFIX\app\tomcat\webapps\manager] has finished in [65] ms
05-Apr-2026 11:05:47.227 INFO [main] org.apache.catalina.startup.HostConfig.deployDirectory Deploying web application directory [D:\housys\FingerprintClient_IDSL_DEVICEFIX03042026\FingerprintClient_IDSL_DEVICEFIX\app\tomcat\webapps\ROOT]
05-Apr-2026 11:05:47.262 INFO [main] org.apache.catalina.startup.HostConfig.deployDirectory Deployment of web application directory [D:\housys\FingerprintClient_IDSL_DEVICEFIX03042026\FingerprintClient_IDSL_DEVICEFIX\app\tomcat\webapps\ROOT] has finished in [35] ms
05-Apr-2026 11:05:47.269 INFO [main] org.apache.coyote.AbstractProtocol.start Starting ProtocolHandler ["http-nio-8080"]
05-Apr-2026 11:05:47.283 INFO [main] org.apache.catalina.startup.Catalina.start Server startup in [49598] milliseconds
05-Apr-2026 12:08:37.694 INFO [Thread-13] org.apache.coyote.AbstractProtocol.pause Pausing ProtocolHandler ["http-nio-8080"]
05-Apr-2026 12:08:37.863 INFO [Thread-13] org.apache.catalina.core.StandardService.stopInternal Stopping service [Catalina]
05-Apr-2026 12:08:38.074 WARNING [Thread-13] org.apache.catalina.loader.WebappClassLoaderBase.clearReferencesJdbc The web application [demo] registered the JDBC driver [com.microsoft.sqlserver.jdbc.SQLServerDriver] but failed to unregister it when the web application was stopped. To prevent a memory leak, the JDBC Driver has been forcibly unregistered.
05-Apr-2026 12:08:38.074 WARNING [Thread-13] org.apache.catalina.loader.WebappClassLoaderBase.clearReferencesThreads The web application [demo] appears to have started a thread named [Timer-0] but has failed to stop it. This is very likely to create a memory leak. Stack trace of thread:
 java.lang.Object.wait(Native Method)
 java.util.TimerThread.mainLoop(Unknown Source)
 java.util.TimerThread.run(Unknown Source)
05-Apr-2026 12:08:38.092 INFO [Thread-13] org.apache.coyote.AbstractProtocol.stop Stopping ProtocolHandler ["http-nio-8080"]
05-Apr-2026 12:08:38.104 INFO [Thread-13] org.apache.coyote.AbstractProtocol.destroy Destroying ProtocolHandler ["http-nio-8080"]
05-Apr-2026 12:11:24.145 INFO [main] org.apache.catalina.startup.VersionLoggerListener.log Server version name:   Apache Tomcat/9.0.115
05-Apr-2026 12:11:24.151 INFO [main] org.apache.catalina.startup.VersionLoggerListener.log Server built:          Jan 21 2026 08:17:26 UTC
05-Apr-2026 12:11:24.151 INFO [main] org.apache.catalina.startup.VersionLoggerListener.log Server version number: 9.0.115.0
05-Apr-2026 12:11:24.151 INFO [main] org.apache.catalina.startup.VersionLoggerListener.log OS Name:               Windows 10
05-Apr-2026 12:11:24.151 INFO [main] org.apache.catalina.startup.VersionLoggerListener.log OS Version:            10.0
05-Apr-2026 12:11:24.151 INFO [main] org.apache.catalina.startup.VersionLoggerListener.log Architecture:          amd64
05-Apr-2026 12:11:24.151 INFO [main] org.apache.catalina.startup.VersionLoggerListener.log Java Home:             D:\housys\FingerprintClient_IDSL_DEVICEFIX03042026\FingerprintClient_IDSL_DEVICEFIX\app\jre
05-Apr-2026 12:11:24.151 INFO [main] org.apache.catalina.startup.VersionLoggerListener.log JVM Version:           1.8.0_202-b08
05-Apr-2026 12:11:24.151 INFO [main] org.apache.catalina.startup.VersionLoggerListener.log JVM Vendor:            Oracle Corporation
05-Apr-2026 12:11:24.151 INFO [main] org.apache.catalina.startup.VersionLoggerListener.log CATALINA_BASE:         D:\housys\FingerprintClient_IDSL_DEVICEFIX03042026\FingerprintClient_IDSL_DEVICEFIX\app\tomcat
05-Apr-2026 12:11:24.151 INFO [main] org.apache.catalina.startup.VersionLoggerListener.log CATALINA_HOME:         D:\housys\FingerprintClient_IDSL_DEVICEFIX03042026\FingerprintClient_IDSL_DEVICEFIX\app\tomcat
05-Apr-2026 12:11:24.169 INFO [main] org.apache.catalina.startup.VersionLoggerListener.log Command line argument: -Djava.util.logging.config.file=D:\housys\FingerprintClient_IDSL_DEVICEFIX03042026\FingerprintClient_IDSL_DEVICEFIX\app\tomcat\conf\logging.properties
05-Apr-2026 12:11:24.169 INFO [main] org.apache.catalina.startup.VersionLoggerListener.log Command line argument: -Djava.util.logging.manager=org.apache.juli.ClassLoaderLogManager
05-Apr-2026 12:11:24.169 INFO [main] org.apache.catalina.startup.VersionLoggerListener.log Command line argument: -Djava.library.path=D:\housys\FingerprintClient_IDSL_DEVICEFIX03042026\FingerprintClient_IDSL_DEVICEFIX\app\tomcat\bin
05-Apr-2026 12:11:24.169 INFO [main] org.apache.catalina.startup.VersionLoggerListener.log Command line argument: -Dsqlserver.auth.dll.path=D:\housys\FingerprintClient_IDSL_DEVICEFIX03042026\FingerprintClient_IDSL_DEVICEFIX\app\tomcat\bin\mssql-jdbc_auth-13.2.1.x64.dll
05-Apr-2026 12:11:24.169 INFO [main] org.apache.catalina.startup.VersionLoggerListener.log Command line argument: -Djdk.tls.ephemeralDHKeySize=2048
05-Apr-2026 12:11:24.169 INFO [main] org.apache.catalina.startup.VersionLoggerListener.log Command line argument: -Djava.protocol.handler.pkgs=org.apache.catalina.webresources
05-Apr-2026 12:11:24.169 INFO [main] org.apache.catalina.startup.VersionLoggerListener.log Command line argument: -Dsun.io.useCanonCaches=false
05-Apr-2026 12:11:24.169 INFO [main] org.apache.catalina.startup.VersionLoggerListener.log Command line argument: -Djava.library.path=D:\housys\FingerprintClient_IDSL_DEVICEFIX03042026\FingerprintClient_IDSL_DEVICEFIX\app\tomcat\bin
05-Apr-2026 12:11:24.169 INFO [main] org.apache.catalina.startup.VersionLoggerListener.log Command line argument: -Dsqlserver.auth.dll.path=D:\housys\FingerprintClient_IDSL_DEVICEFIX03042026\FingerprintClient_IDSL_DEVICEFIX\app\tomcat\bin\mssql-jdbc_auth-13.2.1.x64.dll
05-Apr-2026 12:11:24.169 INFO [main] org.apache.catalina.startup.VersionLoggerListener.log Command line argument: -Dignore.endorsed.dirs=
05-Apr-2026 12:11:24.169 INFO [main] org.apache.catalina.startup.VersionLoggerListener.log Command line argument: -Dcatalina.base=D:\housys\FingerprintClient_IDSL_DEVICEFIX03042026\FingerprintClient_IDSL_DEVICEFIX\app\tomcat
05-Apr-2026 12:11:24.169 INFO [main] org.apache.catalina.startup.VersionLoggerListener.log Command line argument: -Dcatalina.home=D:\housys\FingerprintClient_IDSL_DEVICEFIX03042026\FingerprintClient_IDSL_DEVICEFIX\app\tomcat
05-Apr-2026 12:11:24.169 INFO [main] org.apache.catalina.startup.VersionLoggerListener.log Command line argument: -Djava.io.tmpdir=D:\housys\FingerprintClient_IDSL_DEVICEFIX03042026\FingerprintClient_IDSL_DEVICEFIX\app\tomcat\temp
05-Apr-2026 12:11:24.232 INFO [main] org.apache.catalina.core.AprLifecycleListener.lifecycleEvent Loaded Apache Tomcat Native library [1.3.5] using APR version [1.7.6].
05-Apr-2026 12:11:24.232 INFO [main] org.apache.catalina.core.AprLifecycleListener.lifecycleEvent APR capabilities: IPv6 [true], sendfile [true], accept filters [false], random [true], UDS [true].
05-Apr-2026 12:11:24.232 INFO [main] org.apache.catalina.core.AprLifecycleListener.lifecycleEvent APR/OpenSSL configuration: useAprConnector [false], useOpenSSL [true]
05-Apr-2026 12:11:24.250 INFO [main] org.apache.catalina.core.AprLifecycleListener.initializeSSL OpenSSL successfully initialized [OpenSSL 3.0.18 30 Sep 2025]
05-Apr-2026 12:11:24.689 INFO [main] org.apache.coyote.AbstractProtocol.init Initializing ProtocolHandler ["http-nio-8080"]
05-Apr-2026 12:11:24.708 INFO [main] org.apache.catalina.startup.Catalina.load Server initialization in [808] milliseconds
05-Apr-2026 12:11:24.753 INFO [main] org.apache.catalina.core.StandardService.startInternal Starting service [Catalina]
05-Apr-2026 12:11:24.753 INFO [main] org.apache.catalina.core.StandardEngine.startInternal Starting Servlet engine: [Apache Tomcat/9.0.115]
05-Apr-2026 12:11:24.773 INFO [main] org.apache.catalina.startup.HostConfig.deployWAR Deploying web application archive [D:\housys\FingerprintClient_IDSL_DEVICEFIX03042026\FingerprintClient_IDSL_DEVICEFIX\app\tomcat\webapps\demo.war]
05-Apr-2026 12:11:29.291 INFO [main] org.apache.jasper.servlet.TldScanner.scanJars At least one JAR was scanned for TLDs yet contained no TLDs. Enable debug logging for this logger for a complete list of JARs that were scanned but no TLDs were found in them. Skipping unneeded JARs during scanning can improve startup time and JSP compilation time.
05-Apr-2026 12:11:35.994 INFO [main] org.apache.catalina.startup.HostConfig.deployWAR Deployment of web application archive [D:\housys\FingerprintClient_IDSL_DEVICEFIX03042026\FingerprintClient_IDSL_DEVICEFIX\app\tomcat\webapps\demo.war] has finished in [11,219] ms
05-Apr-2026 12:11:35.994 INFO [main] org.apache.catalina.startup.HostConfig.deployDirectory Deploying web application directory [D:\housys\FingerprintClient_IDSL_DEVICEFIX03042026\FingerprintClient_IDSL_DEVICEFIX\app\tomcat\webapps\docs]
05-Apr-2026 12:11:36.073 INFO [main] org.apache.catalina.startup.HostConfig.deployDirectory Deployment of web application directory [D:\housys\FingerprintClient_IDSL_DEVICEFIX03042026\FingerprintClient_IDSL_DEVICEFIX\app\tomcat\webapps\docs] has finished in [77] ms
05-Apr-2026 12:11:36.073 INFO [main] org.apache.catalina.startup.HostConfig.deployDirectory Deploying web application directory [D:\housys\FingerprintClient_IDSL_DEVICEFIX03042026\FingerprintClient_IDSL_DEVICEFIX\app\tomcat\webapps\examples]
05-Apr-2026 12:11:36.994 INFO [main] org.apache.catalina.startup.HostConfig.deployDirectory Deployment of web application directory [D:\housys\FingerprintClient_IDSL_DEVICEFIX03042026\FingerprintClient_IDSL_DEVICEFIX\app\tomcat\webapps\examples] has finished in [921] ms
05-Apr-2026 12:11:36.994 INFO [main] org.apache.catalina.startup.HostConfig.deployDirectory Deploying web application directory [D:\housys\FingerprintClient_IDSL_DEVICEFIX03042026\FingerprintClient_IDSL_DEVICEFIX\app\tomcat\webapps\host-manager]
05-Apr-2026 12:11:37.063 INFO [main] org.apache.catalina.startup.HostConfig.deployDirectory Deployment of web application directory [D:\housys\FingerprintClient_IDSL_DEVICEFIX03042026\FingerprintClient_IDSL_DEVICEFIX\app\tomcat\webapps\host-manager] has finished in [69] ms
05-Apr-2026 12:11:37.063 INFO [main] org.apache.catalina.startup.HostConfig.deployDirectory Deploying web application directory [D:\housys\FingerprintClient_IDSL_DEVICEFIX03042026\FingerprintClient_IDSL_DEVICEFIX\app\tomcat\webapps\manager]
05-Apr-2026 12:11:37.130 INFO [main] org.apache.catalina.startup.HostConfig.deployDirectory Deployment of web application directory [D:\housys\FingerprintClient_IDSL_DEVICEFIX03042026\FingerprintClient_IDSL_DEVICEFIX\app\tomcat\webapps\manager] has finished in [67] ms
05-Apr-2026 12:11:37.130 INFO [main] org.apache.catalina.startup.HostConfig.deployDirectory Deploying web application directory [D:\housys\FingerprintClient_IDSL_DEVICEFIX03042026\FingerprintClient_IDSL_DEVICEFIX\app\tomcat\webapps\ROOT]
05-Apr-2026 12:11:37.172 INFO [main] org.apache.catalina.startup.HostConfig.deployDirectory Deployment of web application directory [D:\housys\FingerprintClient_IDSL_DEVICEFIX03042026\FingerprintClient_IDSL_DEVICEFIX\app\tomcat\webapps\ROOT] has finished in [42] ms
05-Apr-2026 12:11:37.176 INFO [main] org.apache.coyote.AbstractProtocol.start Starting ProtocolHandler ["http-nio-8080"]
05-Apr-2026 12:11:37.193 INFO [main] org.apache.catalina.startup.Catalina.start Server startup in [12485] milliseconds
05-Apr-2026 12:15:17.924 INFO [Catalina-utility-2] org.apache.catalina.startup.HostConfig.reload Reloading context [/demo]
05-Apr-2026 12:15:17.924 INFO [Catalina-utility-2] org.apache.catalina.core.StandardContext.reload Reloading Context with name [/demo] has started
05-Apr-2026 12:15:18.042 WARNING [Catalina-utility-2] org.apache.catalina.loader.WebappClassLoaderBase.clearReferencesJdbc The web application [demo] registered the JDBC driver [com.microsoft.sqlserver.jdbc.SQLServerDriver] but failed to unregister it when the web application was stopped. To prevent a memory leak, the JDBC Driver has been forcibly unregistered.
05-Apr-2026 12:15:18.043 WARNING [Catalina-utility-2] org.apache.catalina.loader.WebappClassLoaderBase.clearReferencesThreads The web application [demo] appears to have started a thread named [Timer-0] but has failed to stop it. This is very likely to create a memory leak. Stack trace of thread:
 java.lang.Object.wait(Native Method)
 java.util.TimerThread.mainLoop(Unknown Source)
 java.util.TimerThread.run(Unknown Source)
05-Apr-2026 12:15:21.346 INFO [Catalina-utility-2] org.apache.jasper.servlet.TldScanner.scanJars At least one JAR was scanned for TLDs yet contained no TLDs. Enable debug logging for this logger for a complete list of JARs that were scanned but no TLDs were found in them. Skipping unneeded JARs during scanning can improve startup time and JSP compilation time.
05-Apr-2026 12:15:27.869 INFO [Catalina-utility-2] org.apache.catalina.core.StandardContext.reload Reloading Context with name [/demo] is completed
05-Apr-2026 12:22:02.997 INFO [Thread-13] org.apache.coyote.AbstractProtocol.pause Pausing ProtocolHandler ["http-nio-8080"]
05-Apr-2026 12:22:03.198 INFO [Thread-13] org.apache.catalina.core.StandardService.stopInternal Stopping service [Catalina]
05-Apr-2026 12:22:03.312 WARNING [Thread-13] org.apache.catalina.loader.WebappClassLoaderBase.clearReferencesJdbc The web application [demo] registered the JDBC driver [com.microsoft.sqlserver.jdbc.SQLServerDriver] but failed to unregister it when the web application was stopped. To prevent a memory leak, the JDBC Driver has been forcibly unregistered.
05-Apr-2026 12:22:03.312 WARNING [Thread-13] org.apache.catalina.loader.WebappClassLoaderBase.clearReferencesThreads The web application [demo] appears to have started a thread named [Timer-1] but has failed to stop it. This is very likely to create a memory leak. Stack trace of thread:
 java.lang.Object.wait(Native Method)
 java.util.TimerThread.mainLoop(Unknown Source)
 java.util.TimerThread.run(Unknown Source)
05-Apr-2026 12:22:03.326 INFO [Thread-13] org.apache.coyote.AbstractProtocol.stop Stopping ProtocolHandler ["http-nio-8080"]
05-Apr-2026 12:22:03.340 INFO [Thread-13] org.apache.coyote.AbstractProtocol.destroy Destroying ProtocolHandler ["http-nio-8080"]
05-Apr-2026 12:28:10.781 INFO [main] org.apache.catalina.startup.VersionLoggerListener.log Server version name:   Apache Tomcat/9.0.115
05-Apr-2026 12:28:10.787 INFO [main] org.apache.catalina.startup.VersionLoggerListener.log Server built:          Jan 21 2026 08:17:26 UTC
05-Apr-2026 12:28:10.787 INFO [main] org.apache.catalina.startup.VersionLoggerListener.log Server version number: 9.0.115.0
05-Apr-2026 12:28:10.787 INFO [main] org.apache.catalina.startup.VersionLoggerListener.log OS Name:               Windows 10
05-Apr-2026 12:28:10.789 INFO [main] org.apache.catalina.startup.VersionLoggerListener.log OS Version:            10.0
05-Apr-2026 12:28:10.789 INFO [main] org.apache.catalina.startup.VersionLoggerListener.log Architecture:          amd64
05-Apr-2026 12:28:10.789 INFO [main] org.apache.catalina.startup.VersionLoggerListener.log Java Home:             D:\housys\FingerprintClient_IDSL_DEVICEFIX03042026\FingerprintClient_IDSL_DEVICEFIX\app\jre
05-Apr-2026 12:28:10.789 INFO [main] org.apache.catalina.startup.VersionLoggerListener.log JVM Version:           1.8.0_202-b08
05-Apr-2026 12:28:10.789 INFO [main] org.apache.catalina.startup.VersionLoggerListener.log JVM Vendor:            Oracle Corporation
05-Apr-2026 12:28:10.789 INFO [main] org.apache.catalina.startup.VersionLoggerListener.log CATALINA_BASE:         D:\housys\FingerprintClient_IDSL_DEVICEFIX03042026\FingerprintClient_IDSL_DEVICEFIX\app\tomcat
05-Apr-2026 12:28:10.789 INFO [main] org.apache.catalina.startup.VersionLoggerListener.log CATALINA_HOME:         D:\housys\FingerprintClient_IDSL_DEVICEFIX03042026\FingerprintClient_IDSL_DEVICEFIX\app\tomcat
05-Apr-2026 12:28:10.804 INFO [main] org.apache.catalina.startup.VersionLoggerListener.log Command line argument: -Djava.util.logging.config.file=D:\housys\FingerprintClient_IDSL_DEVICEFIX03042026\FingerprintClient_IDSL_DEVICEFIX\app\tomcat\conf\logging.properties
05-Apr-2026 12:28:10.804 INFO [main] org.apache.catalina.startup.VersionLoggerListener.log Command line argument: -Djava.util.logging.manager=org.apache.juli.ClassLoaderLogManager
05-Apr-2026 12:28:10.804 INFO [main] org.apache.catalina.startup.VersionLoggerListener.log Command line argument: -Djava.library.path=D:\housys\FingerprintClient_IDSL_DEVICEFIX03042026\FingerprintClient_IDSL_DEVICEFIX\app\tomcat\bin
05-Apr-2026 12:28:10.804 INFO [main] org.apache.catalina.startup.VersionLoggerListener.log Command line argument: -Dsqlserver.auth.dll.path=D:\housys\FingerprintClient_IDSL_DEVICEFIX03042026\FingerprintClient_IDSL_DEVICEFIX\app\tomcat\bin\mssql-jdbc_auth-13.2.1.x64.dll
05-Apr-2026 12:28:10.804 INFO [main] org.apache.catalina.startup.VersionLoggerListener.log Command line argument: -Djdk.tls.ephemeralDHKeySize=2048
05-Apr-2026 12:28:10.804 INFO [main] org.apache.catalina.startup.VersionLoggerListener.log Command line argument: -Djava.protocol.handler.pkgs=org.apache.catalina.webresources
05-Apr-2026 12:28:10.804 INFO [main] org.apache.catalina.startup.VersionLoggerListener.log Command line argument: -Dsun.io.useCanonCaches=false
05-Apr-2026 12:28:10.804 INFO [main] org.apache.catalina.startup.VersionLoggerListener.log Command line argument: -Djava.library.path=D:\housys\FingerprintClient_IDSL_DEVICEFIX03042026\FingerprintClient_IDSL_DEVICEFIX\app\tomcat\bin
05-Apr-2026 12:28:10.804 INFO [main] org.apache.catalina.startup.VersionLoggerListener.log Command line argument: -Dsqlserver.auth.dll.path=D:\housys\FingerprintClient_IDSL_DEVICEFIX03042026\FingerprintClient_IDSL_DEVICEFIX\app\tomcat\bin\mssql-jdbc_auth-13.2.1.x64.dll
05-Apr-2026 12:28:10.804 INFO [main] org.apache.catalina.startup.VersionLoggerListener.log Command line argument: -Dignore.endorsed.dirs=
05-Apr-2026 12:28:10.804 INFO [main] org.apache.catalina.startup.VersionLoggerListener.log Command line argument: -Dcatalina.base=D:\housys\FingerprintClient_IDSL_DEVICEFIX03042026\FingerprintClient_IDSL_DEVICEFIX\app\tomcat
05-Apr-2026 12:28:10.804 INFO [main] org.apache.catalina.startup.VersionLoggerListener.log Command line argument: -Dcatalina.home=D:\housys\FingerprintClient_IDSL_DEVICEFIX03042026\FingerprintClient_IDSL_DEVICEFIX\app\tomcat
05-Apr-2026 12:28:10.804 INFO [main] org.apache.catalina.startup.VersionLoggerListener.log Command line argument: -Djava.io.tmpdir=D:\housys\FingerprintClient_IDSL_DEVICEFIX03042026\FingerprintClient_IDSL_DEVICEFIX\app\tomcat\temp
05-Apr-2026 12:28:10.820 INFO [main] org.apache.catalina.core.AprLifecycleListener.lifecycleEvent Loaded Apache Tomcat Native library [1.3.5] using APR version [1.7.6].
05-Apr-2026 12:28:10.820 INFO [main] org.apache.catalina.core.AprLifecycleListener.lifecycleEvent APR capabilities: IPv6 [true], sendfile [true], accept filters [false], random [true], UDS [true].
05-Apr-2026 12:28:10.820 INFO [main] org.apache.catalina.core.AprLifecycleListener.lifecycleEvent APR/OpenSSL configuration: useAprConnector [false], useOpenSSL [true]
05-Apr-2026 12:28:10.838 INFO [main] org.apache.catalina.core.AprLifecycleListener.initializeSSL OpenSSL successfully initialized [OpenSSL 3.0.18 30 Sep 2025]
05-Apr-2026 12:28:11.350 INFO [main] org.apache.coyote.AbstractProtocol.init Initializing ProtocolHandler ["http-nio-8080"]
05-Apr-2026 12:28:11.391 INFO [main] org.apache.catalina.startup.Catalina.load Server initialization in [858] milliseconds
05-Apr-2026 12:28:11.436 INFO [main] org.apache.catalina.core.StandardService.startInternal Starting service [Catalina]
05-Apr-2026 12:28:11.436 INFO [main] org.apache.catalina.core.StandardEngine.startInternal Starting Servlet engine: [Apache Tomcat/9.0.115]
05-Apr-2026 12:28:11.460 INFO [main] org.apache.catalina.startup.HostConfig.deployWAR Deploying web application archive [D:\housys\FingerprintClient_IDSL_DEVICEFIX03042026\FingerprintClient_IDSL_DEVICEFIX\app\tomcat\webapps\demo.war]
05-Apr-2026 12:28:15.623 INFO [main] org.apache.jasper.servlet.TldScanner.scanJars At least one JAR was scanned for TLDs yet contained no TLDs. Enable debug logging for this logger for a complete list of JARs that were scanned but no TLDs were found in them. Skipping unneeded JARs during scanning can improve startup time and JSP compilation time.
05-Apr-2026 12:28:22.764 INFO [main] org.apache.catalina.startup.HostConfig.deployWAR Deployment of web application archive [D:\housys\FingerprintClient_IDSL_DEVICEFIX03042026\FingerprintClient_IDSL_DEVICEFIX\app\tomcat\webapps\demo.war] has finished in [11,303] ms
05-Apr-2026 12:28:22.765 INFO [main] org.apache.catalina.startup.HostConfig.deployDirectory Deploying web application directory [D:\housys\FingerprintClient_IDSL_DEVICEFIX03042026\FingerprintClient_IDSL_DEVICEFIX\app\tomcat\webapps\docs]
05-Apr-2026 12:28:22.816 INFO [main] org.apache.catalina.startup.HostConfig.deployDirectory Deployment of web application directory [D:\housys\FingerprintClient_IDSL_DEVICEFIX03042026\FingerprintClient_IDSL_DEVICEFIX\app\tomcat\webapps\docs] has finished in [51] ms
05-Apr-2026 12:28:22.817 INFO [main] org.apache.catalina.startup.HostConfig.deployDirectory Deploying web application directory [D:\housys\FingerprintClient_IDSL_DEVICEFIX03042026\FingerprintClient_IDSL_DEVICEFIX\app\tomcat\webapps\examples]
05-Apr-2026 12:28:23.611 INFO [main] org.apache.catalina.startup.HostConfig.deployDirectory Deployment of web application directory [D:\housys\FingerprintClient_IDSL_DEVICEFIX03042026\FingerprintClient_IDSL_DEVICEFIX\app\tomcat\webapps\examples] has finished in [792] ms
05-Apr-2026 12:28:23.611 INFO [main] org.apache.catalina.startup.HostConfig.deployDirectory Deploying web application directory [D:\housys\FingerprintClient_IDSL_DEVICEFIX03042026\FingerprintClient_IDSL_DEVICEFIX\app\tomcat\webapps\host-manager]
05-Apr-2026 12:28:23.676 INFO [main] org.apache.catalina.startup.HostConfig.deployDirectory Deployment of web application directory [D:\housys\FingerprintClient_IDSL_DEVICEFIX03042026\FingerprintClient_IDSL_DEVICEFIX\app\tomcat\webapps\host-manager] has finished in [65] ms
05-Apr-2026 12:28:23.676 INFO [main] org.apache.catalina.startup.HostConfig.deployDirectory Deploying web application directory [D:\housys\FingerprintClient_IDSL_DEVICEFIX03042026\FingerprintClient_IDSL_DEVICEFIX\app\tomcat\webapps\manager]
05-Apr-2026 12:28:23.736 INFO [main] org.apache.catalina.startup.HostConfig.deployDirectory Deployment of web application directory [D:\housys\FingerprintClient_IDSL_DEVICEFIX03042026\FingerprintClient_IDSL_DEVICEFIX\app\tomcat\webapps\manager] has finished in [60] ms
05-Apr-2026 12:28:23.736 INFO [main] org.apache.catalina.startup.HostConfig.deployDirectory Deploying web application directory [D:\housys\FingerprintClient_IDSL_DEVICEFIX03042026\FingerprintClient_IDSL_DEVICEFIX\app\tomcat\webapps\ROOT]
05-Apr-2026 12:28:23.782 INFO [main] org.apache.catalina.startup.HostConfig.deployDirectory Deployment of web application directory [D:\housys\FingerprintClient_IDSL_DEVICEFIX03042026\FingerprintClient_IDSL_DEVICEFIX\app\tomcat\webapps\ROOT] has finished in [46] ms
05-Apr-2026 12:28:23.788 INFO [main] org.apache.coyote.AbstractProtocol.start Starting ProtocolHandler ["http-nio-8080"]
05-Apr-2026 12:28:23.810 INFO [main] org.apache.catalina.startup.Catalina.start Server startup in [12419] milliseconds
05-Apr-2026 12:39:05.055 INFO [Catalina-utility-2] org.apache.catalina.startup.HostConfig.reload Reloading context [/demo]
05-Apr-2026 12:39:05.055 INFO [Catalina-utility-2] org.apache.catalina.core.StandardContext.reload Reloading Context with name [/demo] has started
05-Apr-2026 12:39:05.255 WARNING [Catalina-utility-2] org.apache.catalina.loader.WebappClassLoaderBase.clearReferencesJdbc The web application [demo] registered the JDBC driver [com.microsoft.sqlserver.jdbc.SQLServerDriver] but failed to unregister it when the web application was stopped. To prevent a memory leak, the JDBC Driver has been forcibly unregistered.
05-Apr-2026 12:39:05.257 WARNING [Catalina-utility-2] org.apache.catalina.loader.WebappClassLoaderBase.clearReferencesThreads The web application [demo] appears to have started a thread named [Timer-0] but has failed to stop it. This is very likely to create a memory leak. Stack trace of thread:
 java.lang.Object.wait(Native Method)
 java.util.TimerThread.mainLoop(Unknown Source)
 java.util.TimerThread.run(Unknown Source)
05-Apr-2026 12:39:09.807 INFO [Catalina-utility-2] org.apache.jasper.servlet.TldScanner.scanJars At least one JAR was scanned for TLDs yet contained no TLDs. Enable debug logging for this logger for a complete list of JARs that were scanned but no TLDs were found in them. Skipping unneeded JARs during scanning can improve startup time and JSP compilation time.
05-Apr-2026 12:39:15.685 INFO [Catalina-utility-2] org.apache.catalina.core.StandardContext.reload Reloading Context with name [/demo] is completed
05-Apr-2026 12:39:25.705 INFO [Catalina-utility-1] org.apache.catalina.startup.HostConfig.undeploy Undeploying context []
05-Apr-2026 12:39:25.716 INFO [Catalina-utility-1] org.apache.catalina.startup.HostConfig.undeploy Undeploying context [/examples]
05-Apr-2026 12:39:25.837 INFO [Catalina-utility-1] org.apache.catalina.startup.HostConfig.undeploy Undeploying context [/demo]
05-Apr-2026 12:39:25.891 WARNING [Catalina-utility-1] org.apache.catalina.loader.WebappClassLoaderBase.clearReferencesJdbc The web application [demo] registered the JDBC driver [com.microsoft.sqlserver.jdbc.SQLServerDriver] but failed to unregister it when the web application was stopped. To prevent a memory leak, the JDBC Driver has been forcibly unregistered.
05-Apr-2026 12:39:25.891 WARNING [Catalina-utility-1] org.apache.catalina.loader.WebappClassLoaderBase.clearReferencesThreads The web application [demo] appears to have started a thread named [Timer-1] but has failed to stop it. This is very likely to create a memory leak. Stack trace of thread:
 java.lang.Object.wait(Native Method)
 java.util.TimerThread.mainLoop(Unknown Source)
 java.util.TimerThread.run(Unknown Source)
05-Apr-2026 12:39:25.940 INFO [Catalina-utility-1] org.apache.catalina.startup.HostConfig.undeploy Undeploying context [/host-manager]
05-Apr-2026 12:39:25.948 INFO [Catalina-utility-1] org.apache.catalina.startup.HostConfig.undeploy Undeploying context [/manager]
05-Apr-2026 12:39:25.957 INFO [Catalina-utility-1] org.apache.catalina.startup.HostConfig.undeploy Undeploying context [/docs]
05-Apr-2026 12:39:25.966 INFO [Catalina-utility-1] org.apache.catalina.startup.HostConfig.deployWAR Deploying web application archive [D:\housys\FingerprintClient_IDSL_DEVICEFIX03042026\FingerprintClient_IDSL_DEVICEFIX\app\tomcat\webapps\demo.war]
05-Apr-2026 12:39:29.007 INFO [Catalina-utility-1] org.apache.jasper.servlet.TldScanner.scanJars At least one JAR was scanned for TLDs yet contained no TLDs. Enable debug logging for this logger for a complete list of JARs that were scanned but no TLDs were found in them. Skipping unneeded JARs during scanning can improve startup time and JSP compilation time.
05-Apr-2026 12:39:34.190 INFO [Catalina-utility-1] org.apache.catalina.startup.HostConfig.deployWAR Deployment of web application archive [D:\housys\FingerprintClient_IDSL_DEVICEFIX03042026\FingerprintClient_IDSL_DEVICEFIX\app\tomcat\webapps\demo.war] has finished in [8,224] ms
05-Apr-2026 12:39:34.190 INFO [Catalina-utility-1] org.apache.catalina.startup.HostConfig.deployDirectory Deploying web application directory [D:\housys\FingerprintClient_IDSL_DEVICEFIX03042026\FingerprintClient_IDSL_DEVICEFIX\app\tomcat\webapps\docs]
05-Apr-2026 12:39:34.240 INFO [Catalina-utility-1] org.apache.catalina.startup.HostConfig.deployDirectory Deployment of web application directory [D:\housys\FingerprintClient_IDSL_DEVICEFIX03042026\FingerprintClient_IDSL_DEVICEFIX\app\tomcat\webapps\docs] has finished in [50] ms
05-Apr-2026 12:39:34.240 INFO [Catalina-utility-1] org.apache.catalina.startup.HostConfig.deployDirectory Deploying web application directory [D:\housys\FingerprintClient_IDSL_DEVICEFIX03042026\FingerprintClient_IDSL_DEVICEFIX\app\tomcat\webapps\examples]
05-Apr-2026 12:39:34.855 INFO [Catalina-utility-1] org.apache.catalina.startup.HostConfig.deployDirectory Deployment of web application directory [D:\housys\FingerprintClient_IDSL_DEVICEFIX03042026\FingerprintClient_IDSL_DEVICEFIX\app\tomcat\webapps\examples] has finished in [615] ms
05-Apr-2026 12:39:34.855 INFO [Catalina-utility-1] org.apache.catalina.startup.HostConfig.deployDirectory Deploying web application directory [D:\housys\FingerprintClient_IDSL_DEVICEFIX03042026\FingerprintClient_IDSL_DEVICEFIX\app\tomcat\webapps\host-manager]
05-Apr-2026 12:39:34.899 INFO [Catalina-utility-1] org.apache.catalina.startup.HostConfig.deployDirectory Deployment of web application directory [D:\housys\FingerprintClient_IDSL_DEVICEFIX03042026\FingerprintClient_IDSL_DEVICEFIX\app\tomcat\webapps\host-manager] has finished in [44] ms
05-Apr-2026 12:39:34.901 INFO [Catalina-utility-1] org.apache.catalina.startup.HostConfig.deployDirectory Deploying web application directory [D:\housys\FingerprintClient_IDSL_DEVICEFIX03042026\FingerprintClient_IDSL_DEVICEFIX\app\tomcat\webapps\manager]
05-Apr-2026 12:39:34.964 INFO [Catalina-utility-1] org.apache.catalina.startup.HostConfig.deployDirectory Deployment of web application directory [D:\housys\FingerprintClient_IDSL_DEVICEFIX03042026\FingerprintClient_IDSL_DEVICEFIX\app\tomcat\webapps\manager] has finished in [65] ms
05-Apr-2026 12:39:34.982 INFO [Catalina-utility-1] org.apache.catalina.startup.HostConfig.deployDirectory Deploying web application directory [D:\housys\FingerprintClient_IDSL_DEVICEFIX03042026\FingerprintClient_IDSL_DEVICEFIX\app\tomcat\webapps\ROOT]
05-Apr-2026 12:39:35.019 INFO [Catalina-utility-1] org.apache.catalina.startup.HostConfig.deployDirectory Deployment of web application directory [D:\housys\FingerprintClient_IDSL_DEVICEFIX03042026\FingerprintClient_IDSL_DEVICEFIX\app\tomcat\webapps\ROOT] has finished in [37] ms
05-Apr-2026 12:40:11.699 INFO [Thread-13] org.apache.coyote.AbstractProtocol.pause Pausing ProtocolHandler ["http-nio-8080"]
05-Apr-2026 12:40:11.896 INFO [Thread-13] org.apache.catalina.core.StandardService.stopInternal Stopping service [Catalina]
05-Apr-2026 12:40:11.994 WARNING [Thread-13] org.apache.catalina.loader.WebappClassLoaderBase.clearReferencesJdbc The web application [demo] registered the JDBC driver [com.microsoft.sqlserver.jdbc.SQLServerDriver] but failed to unregister it when the web application was stopped. To prevent a memory leak, the JDBC Driver has been forcibly unregistered.
05-Apr-2026 12:40:11.994 WARNING [Thread-13] org.apache.catalina.loader.WebappClassLoaderBase.clearReferencesThreads The web application [demo] appears to have started a thread named [Timer-2] but has failed to stop it. This is very likely to create a memory leak. Stack trace of thread:
 java.lang.Object.wait(Native Method)
 java.util.TimerThread.mainLoop(Unknown Source)
 java.util.TimerThread.run(Unknown Source)
05-Apr-2026 12:40:12.006 INFO [Thread-13] org.apache.coyote.AbstractProtocol.stop Stopping ProtocolHandler ["http-nio-8080"]
05-Apr-2026 12:40:12.024 INFO [Thread-13] org.apache.coyote.AbstractProtocol.destroy Destroying ProtocolHandler ["http-nio-8080"]
05-Apr-2026 12:43:47.915 INFO [main] org.apache.catalina.startup.VersionLoggerListener.log Server version name:   Apache Tomcat/9.0.115
05-Apr-2026 12:43:47.921 INFO [main] org.apache.catalina.startup.VersionLoggerListener.log Server built:          Jan 21 2026 08:17:26 UTC
05-Apr-2026 12:43:47.921 INFO [main] org.apache.catalina.startup.VersionLoggerListener.log Server version number: 9.0.115.0
05-Apr-2026 12:43:47.921 INFO [main] org.apache.catalina.startup.VersionLoggerListener.log OS Name:               Windows 10
05-Apr-2026 12:43:47.921 INFO [main] org.apache.catalina.startup.VersionLoggerListener.log OS Version:            10.0
05-Apr-2026 12:43:47.921 INFO [main] org.apache.catalina.startup.VersionLoggerListener.log Architecture:          amd64
05-Apr-2026 12:43:47.921 INFO [main] org.apache.catalina.startup.VersionLoggerListener.log Java Home:             D:\housys\FingerprintClient_IDSL_DEVICEFIX03042026\FingerprintClient_IDSL_DEVICEFIX\app\jre
05-Apr-2026 12:43:47.921 INFO [main] org.apache.catalina.startup.VersionLoggerListener.log JVM Version:           1.8.0_202-b08
05-Apr-2026 12:43:47.921 INFO [main] org.apache.catalina.startup.VersionLoggerListener.log JVM Vendor:            Oracle Corporation
05-Apr-2026 12:43:47.921 INFO [main] org.apache.catalina.startup.VersionLoggerListener.log CATALINA_BASE:         D:\housys\FingerprintClient_IDSL_DEVICEFIX03042026\FingerprintClient_IDSL_DEVICEFIX\app\tomcat
05-Apr-2026 12:43:47.921 INFO [main] org.apache.catalina.startup.VersionLoggerListener.log CATALINA_HOME:         D:\housys\FingerprintClient_IDSL_DEVICEFIX03042026\FingerprintClient_IDSL_DEVICEFIX\app\tomcat
05-Apr-2026 12:43:47.937 INFO [main] org.apache.catalina.startup.VersionLoggerListener.log Command line argument: -Djava.util.logging.config.file=D:\housys\FingerprintClient_IDSL_DEVICEFIX03042026\FingerprintClient_IDSL_DEVICEFIX\app\tomcat\conf\logging.properties
05-Apr-2026 12:43:47.937 INFO [main] org.apache.catalina.startup.VersionLoggerListener.log Command line argument: -Djava.util.logging.manager=org.apache.juli.ClassLoaderLogManager
05-Apr-2026 12:43:47.937 INFO [main] org.apache.catalina.startup.VersionLoggerListener.log Command line argument: -Djava.library.path=D:\housys\FingerprintClient_IDSL_DEVICEFIX03042026\FingerprintClient_IDSL_DEVICEFIX\app\tomcat\bin
05-Apr-2026 12:43:47.937 INFO [main] org.apache.catalina.startup.VersionLoggerListener.log Command line argument: -Dsqlserver.auth.dll.path=D:\housys\FingerprintClient_IDSL_DEVICEFIX03042026\FingerprintClient_IDSL_DEVICEFIX\app\tomcat\bin\mssql-jdbc_auth-13.2.1.x64.dll
05-Apr-2026 12:43:47.937 INFO [main] org.apache.catalina.startup.VersionLoggerListener.log Command line argument: -Djdk.tls.ephemeralDHKeySize=2048
05-Apr-2026 12:43:47.937 INFO [main] org.apache.catalina.startup.VersionLoggerListener.log Command line argument: -Djava.protocol.handler.pkgs=org.apache.catalina.webresources
05-Apr-2026 12:43:47.937 INFO [main] org.apache.catalina.startup.VersionLoggerListener.log Command line argument: -Dsun.io.useCanonCaches=false
05-Apr-2026 12:43:47.937 INFO [main] org.apache.catalina.startup.VersionLoggerListener.log Command line argument: -Djava.library.path=D:\housys\FingerprintClient_IDSL_DEVICEFIX03042026\FingerprintClient_IDSL_DEVICEFIX\app\tomcat\bin
05-Apr-2026 12:43:47.937 INFO [main] org.apache.catalina.startup.VersionLoggerListener.log Command line argument: -Dsqlserver.auth.dll.path=D:\housys\FingerprintClient_IDSL_DEVICEFIX03042026\FingerprintClient_IDSL_DEVICEFIX\app\tomcat\bin\mssql-jdbc_auth-13.2.1.x64.dll
05-Apr-2026 12:43:47.938 INFO [main] org.apache.catalina.startup.VersionLoggerListener.log Command line argument: -Dignore.endorsed.dirs=
05-Apr-2026 12:43:47.938 INFO [main] org.apache.catalina.startup.VersionLoggerListener.log Command line argument: -Dcatalina.base=D:\housys\FingerprintClient_IDSL_DEVICEFIX03042026\FingerprintClient_IDSL_DEVICEFIX\app\tomcat
05-Apr-2026 12:43:47.938 INFO [main] org.apache.catalina.startup.VersionLoggerListener.log Command line argument: -Dcatalina.home=D:\housys\FingerprintClient_IDSL_DEVICEFIX03042026\FingerprintClient_IDSL_DEVICEFIX\app\tomcat
05-Apr-2026 12:43:47.938 INFO [main] org.apache.catalina.startup.VersionLoggerListener.log Command line argument: -Djava.io.tmpdir=D:\housys\FingerprintClient_IDSL_DEVICEFIX03042026\FingerprintClient_IDSL_DEVICEFIX\app\tomcat\temp
05-Apr-2026 12:43:48.017 INFO [main] org.apache.catalina.core.AprLifecycleListener.lifecycleEvent Loaded Apache Tomcat Native library [1.3.5] using APR version [1.7.6].
05-Apr-2026 12:43:48.018 INFO [main] org.apache.catalina.core.AprLifecycleListener.lifecycleEvent APR capabilities: IPv6 [true], sendfile [true], accept filters [false], random [true], UDS [true].
05-Apr-2026 12:43:48.018 INFO [main] org.apache.catalina.core.AprLifecycleListener.lifecycleEvent APR/OpenSSL configuration: useAprConnector [false], useOpenSSL [true]
05-Apr-2026 12:43:48.048 INFO [main] org.apache.catalina.core.AprLifecycleListener.initializeSSL OpenSSL successfully initialized [OpenSSL 3.0.18 30 Sep 2025]
05-Apr-2026 12:43:48.486 INFO [main] org.apache.coyote.AbstractProtocol.init Initializing ProtocolHandler ["http-nio-8080"]
05-Apr-2026 12:43:48.511 INFO [main] org.apache.catalina.startup.Catalina.load Server initialization in [861] milliseconds
05-Apr-2026 12:43:48.547 INFO [main] org.apache.catalina.core.StandardService.startInternal Starting service [Catalina]
05-Apr-2026 12:43:48.547 INFO [main] org.apache.catalina.core.StandardEngine.startInternal Starting Servlet engine: [Apache Tomcat/9.0.115]
05-Apr-2026 12:43:48.566 INFO [main] org.apache.catalina.startup.HostConfig.deployWAR Deploying web application archive [D:\housys\FingerprintClient_IDSL_DEVICEFIX03042026\FingerprintClient_IDSL_DEVICEFIX\app\tomcat\webapps\demo.war]
05-Apr-2026 12:43:52.509 INFO [main] org.apache.jasper.servlet.TldScanner.scanJars At least one JAR was scanned for TLDs yet contained no TLDs. Enable debug logging for this logger for a complete list of JARs that were scanned but no TLDs were found in them. Skipping unneeded JARs during scanning can improve startup time and JSP compilation time.
05-Apr-2026 12:43:59.295 INFO [main] org.apache.catalina.startup.HostConfig.deployWAR Deployment of web application archive [D:\housys\FingerprintClient_IDSL_DEVICEFIX03042026\FingerprintClient_IDSL_DEVICEFIX\app\tomcat\webapps\demo.war] has finished in [10,724] ms
05-Apr-2026 12:43:59.295 INFO [main] org.apache.catalina.startup.HostConfig.deployDirectory Deploying web application directory [D:\housys\FingerprintClient_IDSL_DEVICEFIX03042026\FingerprintClient_IDSL_DEVICEFIX\app\tomcat\webapps\docs]
05-Apr-2026 12:43:59.341 INFO [main] org.apache.catalina.startup.HostConfig.deployDirectory Deployment of web application directory [D:\housys\FingerprintClient_IDSL_DEVICEFIX03042026\FingerprintClient_IDSL_DEVICEFIX\app\tomcat\webapps\docs] has finished in [46] ms
05-Apr-2026 12:43:59.341 INFO [main] org.apache.catalina.startup.HostConfig.deployDirectory Deploying web application directory [D:\housys\FingerprintClient_IDSL_DEVICEFIX03042026\FingerprintClient_IDSL_DEVICEFIX\app\tomcat\webapps\examples]
05-Apr-2026 12:44:00.064 INFO [main] org.apache.catalina.startup.HostConfig.deployDirectory Deployment of web application directory [D:\housys\FingerprintClient_IDSL_DEVICEFIX03042026\FingerprintClient_IDSL_DEVICEFIX\app\tomcat\webapps\examples] has finished in [723] ms
05-Apr-2026 12:44:00.064 INFO [main] org.apache.catalina.startup.HostConfig.deployDirectory Deploying web application directory [D:\housys\FingerprintClient_IDSL_DEVICEFIX03042026\FingerprintClient_IDSL_DEVICEFIX\app\tomcat\webapps\host-manager]
05-Apr-2026 12:44:00.165 INFO [main] org.apache.catalina.startup.HostConfig.deployDirectory Deployment of web application directory [D:\housys\FingerprintClient_IDSL_DEVICEFIX03042026\FingerprintClient_IDSL_DEVICEFIX\app\tomcat\webapps\host-manager] has finished in [101] ms
05-Apr-2026 12:44:00.165 INFO [main] org.apache.catalina.startup.HostConfig.deployDirectory Deploying web application directory [D:\housys\FingerprintClient_IDSL_DEVICEFIX03042026\FingerprintClient_IDSL_DEVICEFIX\app\tomcat\webapps\manager]
05-Apr-2026 12:44:00.223 INFO [main] org.apache.catalina.startup.HostConfig.deployDirectory Deployment of web application directory [D:\housys\FingerprintClient_IDSL_DEVICEFIX03042026\FingerprintClient_IDSL_DEVICEFIX\app\tomcat\webapps\manager] has finished in [58] ms
05-Apr-2026 12:44:00.223 INFO [main] org.apache.catalina.startup.HostConfig.deployDirectory Deploying web application directory [D:\housys\FingerprintClient_IDSL_DEVICEFIX03042026\FingerprintClient_IDSL_DEVICEFIX\app\tomcat\webapps\ROOT]
05-Apr-2026 12:44:00.261 INFO [main] org.apache.catalina.startup.HostConfig.deployDirectory Deployment of web application directory [D:\housys\FingerprintClient_IDSL_DEVICEFIX03042026\FingerprintClient_IDSL_DEVICEFIX\app\tomcat\webapps\ROOT] has finished in [37] ms
05-Apr-2026 12:44:00.265 INFO [main] org.apache.coyote.AbstractProtocol.start Starting ProtocolHandler ["http-nio-8080"]
05-Apr-2026 12:44:00.286 INFO [main] org.apache.catalina.startup.Catalina.start Server startup in [11775] milliseconds
05-Apr-2026 12:53:01.284 INFO [Thread-13] org.apache.coyote.AbstractProtocol.pause Pausing ProtocolHandler ["http-nio-8080"]
05-Apr-2026 12:53:01.488 INFO [Thread-13] org.apache.catalina.core.StandardService.stopInternal Stopping service [Catalina]
05-Apr-2026 12:53:01.619 WARNING [Thread-13] org.apache.catalina.loader.WebappClassLoaderBase.clearReferencesJdbc The web application [demo] registered the JDBC driver [com.microsoft.sqlserver.jdbc.SQLServerDriver] but failed to unregister it when the web application was stopped. To prevent a memory leak, the JDBC Driver has been forcibly unregistered.
05-Apr-2026 12:53:01.619 WARNING [Thread-13] org.apache.catalina.loader.WebappClassLoaderBase.clearReferencesThreads The web application [demo] appears to have started a thread named [Timer-0] but has failed to stop it. This is very likely to create a memory leak. Stack trace of thread:
 java.lang.Object.wait(Native Method)
 java.util.TimerThread.mainLoop(Unknown Source)
 java.util.TimerThread.run(Unknown Source)
05-Apr-2026 12:53:01.633 INFO [Thread-13] org.apache.coyote.AbstractProtocol.stop Stopping ProtocolHandler ["http-nio-8080"]
05-Apr-2026 12:53:01.647 INFO [Thread-13] org.apache.coyote.AbstractProtocol.destroy Destroying ProtocolHandler ["http-nio-8080"]
05-Apr-2026 12:55:20.397 INFO [main] org.apache.catalina.startup.VersionLoggerListener.log Server version name:   Apache Tomcat/9.0.115
05-Apr-2026 12:55:20.403 INFO [main] org.apache.catalina.startup.VersionLoggerListener.log Server built:          Jan 21 2026 08:17:26 UTC
05-Apr-2026 12:55:20.403 INFO [main] org.apache.catalina.startup.VersionLoggerListener.log Server version number: 9.0.115.0
05-Apr-2026 12:55:20.403 INFO [main] org.apache.catalina.startup.VersionLoggerListener.log OS Name:               Windows 10
05-Apr-2026 12:55:20.403 INFO [main] org.apache.catalina.startup.VersionLoggerListener.log OS Version:            10.0
05-Apr-2026 12:55:20.403 INFO [main] org.apache.catalina.startup.VersionLoggerListener.log Architecture:          amd64
05-Apr-2026 12:55:20.403 INFO [main] org.apache.catalina.startup.VersionLoggerListener.log Java Home:             D:\housys\FingerprintClient_IDSL_DEVICEFIX03042026\FingerprintClient_IDSL_DEVICEFIX\app\jre
05-Apr-2026 12:55:20.403 INFO [main] org.apache.catalina.startup.VersionLoggerListener.log JVM Version:           1.8.0_202-b08
05-Apr-2026 12:55:20.403 INFO [main] org.apache.catalina.startup.VersionLoggerListener.log JVM Vendor:            Oracle Corporation
05-Apr-2026 12:55:20.403 INFO [main] org.apache.catalina.startup.VersionLoggerListener.log CATALINA_BASE:         D:\housys\FingerprintClient_IDSL_DEVICEFIX03042026\FingerprintClient_IDSL_DEVICEFIX\app\tomcat
05-Apr-2026 12:55:20.403 INFO [main] org.apache.catalina.startup.VersionLoggerListener.log CATALINA_HOME:         D:\housys\FingerprintClient_IDSL_DEVICEFIX03042026\FingerprintClient_IDSL_DEVICEFIX\app\tomcat
05-Apr-2026 12:55:20.409 INFO [main] org.apache.catalina.startup.VersionLoggerListener.log Command line argument: -Djava.util.logging.config.file=D:\housys\FingerprintClient_IDSL_DEVICEFIX03042026\FingerprintClient_IDSL_DEVICEFIX\app\tomcat\conf\logging.properties
05-Apr-2026 12:55:20.409 INFO [main] org.apache.catalina.startup.VersionLoggerListener.log Command line argument: -Djava.util.logging.manager=org.apache.juli.ClassLoaderLogManager
05-Apr-2026 12:55:20.409 INFO [main] org.apache.catalina.startup.VersionLoggerListener.log Command line argument: -Djava.library.path=D:\housys\FingerprintClient_IDSL_DEVICEFIX03042026\FingerprintClient_IDSL_DEVICEFIX\app\tomcat\bin
05-Apr-2026 12:55:20.409 INFO [main] org.apache.catalina.startup.VersionLoggerListener.log Command line argument: -Dsqlserver.auth.dll.path=D:\housys\FingerprintClient_IDSL_DEVICEFIX03042026\FingerprintClient_IDSL_DEVICEFIX\app\tomcat\bin\mssql-jdbc_auth-13.2.1.x64.dll
05-Apr-2026 12:55:20.409 INFO [main] org.apache.catalina.startup.VersionLoggerListener.log Command line argument: -Djdk.tls.ephemeralDHKeySize=2048
05-Apr-2026 12:55:20.409 INFO [main] org.apache.catalina.startup.VersionLoggerListener.log Command line argument: -Djava.protocol.handler.pkgs=org.apache.catalina.webresources
05-Apr-2026 12:55:20.409 INFO [main] org.apache.catalina.startup.VersionLoggerListener.log Command line argument: -Dsun.io.useCanonCaches=false
05-Apr-2026 12:55:20.409 INFO [main] org.apache.catalina.startup.VersionLoggerListener.log Command line argument: -Djava.library.path=D:\housys\FingerprintClient_IDSL_DEVICEFIX03042026\FingerprintClient_IDSL_DEVICEFIX\app\tomcat\bin
05-Apr-2026 12:55:20.409 INFO [main] org.apache.catalina.startup.VersionLoggerListener.log Command line argument: -Dsqlserver.auth.dll.path=D:\housys\FingerprintClient_IDSL_DEVICEFIX03042026\FingerprintClient_IDSL_DEVICEFIX\app\tomcat\bin\mssql-jdbc_auth-13.2.1.x64.dll
05-Apr-2026 12:55:20.409 INFO [main] org.apache.catalina.startup.VersionLoggerListener.log Command line argument: -Dignore.endorsed.dirs=
05-Apr-2026 12:55:20.409 INFO [main] org.apache.catalina.startup.VersionLoggerListener.log Command line argument: -Dcatalina.base=D:\housys\FingerprintClient_IDSL_DEVICEFIX03042026\FingerprintClient_IDSL_DEVICEFIX\app\tomcat
05-Apr-2026 12:55:20.409 INFO [main] org.apache.catalina.startup.VersionLoggerListener.log Command line argument: -Dcatalina.home=D:\housys\FingerprintClient_IDSL_DEVICEFIX03042026\FingerprintClient_IDSL_DEVICEFIX\app\tomcat
05-Apr-2026 12:55:20.409 INFO [main] org.apache.catalina.startup.VersionLoggerListener.log Command line argument: -Djava.io.tmpdir=D:\housys\FingerprintClient_IDSL_DEVICEFIX03042026\FingerprintClient_IDSL_DEVICEFIX\app\tomcat\temp
05-Apr-2026 12:55:20.421 INFO [main] org.apache.catalina.core.AprLifecycleListener.lifecycleEvent Loaded Apache Tomcat Native library [1.3.5] using APR version [1.7.6].
05-Apr-2026 12:55:20.421 INFO [main] org.apache.catalina.core.AprLifecycleListener.lifecycleEvent APR capabilities: IPv6 [true], sendfile [true], accept filters [false], random [true], UDS [true].
05-Apr-2026 12:55:20.421 INFO [main] org.apache.catalina.core.AprLifecycleListener.lifecycleEvent APR/OpenSSL configuration: useAprConnector [false], useOpenSSL [true]
05-Apr-2026 12:55:20.443 INFO [main] org.apache.catalina.core.AprLifecycleListener.initializeSSL OpenSSL successfully initialized [OpenSSL 3.0.18 30 Sep 2025]
05-Apr-2026 12:55:20.822 INFO [main] org.apache.coyote.AbstractProtocol.init Initializing ProtocolHandler ["http-nio-8080"]
05-Apr-2026 12:55:20.842 INFO [main] org.apache.catalina.startup.Catalina.load Server initialization in [698] milliseconds
05-Apr-2026 12:55:20.875 INFO [main] org.apache.catalina.core.StandardService.startInternal Starting service [Catalina]
05-Apr-2026 12:55:20.875 INFO [main] org.apache.catalina.core.StandardEngine.startInternal Starting Servlet engine: [Apache Tomcat/9.0.115]
05-Apr-2026 12:55:20.896 INFO [main] org.apache.catalina.startup.HostConfig.deployWAR Deploying web application archive [D:\housys\FingerprintClient_IDSL_DEVICEFIX03042026\FingerprintClient_IDSL_DEVICEFIX\app\tomcat\webapps\demo.war]
05-Apr-2026 12:55:24.794 INFO [main] org.apache.jasper.servlet.TldScanner.scanJars At least one JAR was scanned for TLDs yet contained no TLDs. Enable debug logging for this logger for a complete list of JARs that were scanned but no TLDs were found in them. Skipping unneeded JARs during scanning can improve startup time and JSP compilation time.
05-Apr-2026 12:55:31.334 INFO [main] org.apache.catalina.startup.HostConfig.deployWAR Deployment of web application archive [D:\housys\FingerprintClient_IDSL_DEVICEFIX03042026\FingerprintClient_IDSL_DEVICEFIX\app\tomcat\webapps\demo.war] has finished in [10,436] ms
05-Apr-2026 12:55:31.336 INFO [main] org.apache.catalina.startup.HostConfig.deployDirectory Deploying web application directory [D:\housys\FingerprintClient_IDSL_DEVICEFIX03042026\FingerprintClient_IDSL_DEVICEFIX\app\tomcat\webapps\docs]
05-Apr-2026 12:55:31.379 INFO [main] org.apache.catalina.startup.HostConfig.deployDirectory Deployment of web application directory [D:\housys\FingerprintClient_IDSL_DEVICEFIX03042026\FingerprintClient_IDSL_DEVICEFIX\app\tomcat\webapps\docs] has finished in [43] ms
05-Apr-2026 12:55:31.381 INFO [main] org.apache.catalina.startup.HostConfig.deployDirectory Deploying web application directory [D:\housys\FingerprintClient_IDSL_DEVICEFIX03042026\FingerprintClient_IDSL_DEVICEFIX\app\tomcat\webapps\examples]
05-Apr-2026 12:55:32.199 INFO [main] org.apache.catalina.startup.HostConfig.deployDirectory Deployment of web application directory [D:\housys\FingerprintClient_IDSL_DEVICEFIX03042026\FingerprintClient_IDSL_DEVICEFIX\app\tomcat\webapps\examples] has finished in [820] ms
05-Apr-2026 12:55:32.199 INFO [main] org.apache.catalina.startup.HostConfig.deployDirectory Deploying web application directory [D:\housys\FingerprintClient_IDSL_DEVICEFIX03042026\FingerprintClient_IDSL_DEVICEFIX\app\tomcat\webapps\host-manager]
05-Apr-2026 12:55:32.246 INFO [main] org.apache.catalina.startup.HostConfig.deployDirectory Deployment of web application directory [D:\housys\FingerprintClient_IDSL_DEVICEFIX03042026\FingerprintClient_IDSL_DEVICEFIX\app\tomcat\webapps\host-manager] has finished in [47] ms
05-Apr-2026 12:55:32.246 INFO [main] org.apache.catalina.startup.HostConfig.deployDirectory Deploying web application directory [D:\housys\FingerprintClient_IDSL_DEVICEFIX03042026\FingerprintClient_IDSL_DEVICEFIX\app\tomcat\webapps\manager]
05-Apr-2026 12:55:32.305 INFO [main] org.apache.catalina.startup.HostConfig.deployDirectory Deployment of web application directory [D:\housys\FingerprintClient_IDSL_DEVICEFIX03042026\FingerprintClient_IDSL_DEVICEFIX\app\tomcat\webapps\manager] has finished in [59] ms
05-Apr-2026 12:55:32.305 INFO [main] org.apache.catalina.startup.HostConfig.deployDirectory Deploying web application directory [D:\housys\FingerprintClient_IDSL_DEVICEFIX03042026\FingerprintClient_IDSL_DEVICEFIX\app\tomcat\webapps\ROOT]
05-Apr-2026 12:55:32.337 INFO [main] org.apache.catalina.startup.HostConfig.deployDirectory Deployment of web application directory [D:\housys\FingerprintClient_IDSL_DEVICEFIX03042026\FingerprintClient_IDSL_DEVICEFIX\app\tomcat\webapps\ROOT] has finished in [32] ms
05-Apr-2026 12:55:32.341 INFO [main] org.apache.coyote.AbstractProtocol.start Starting ProtocolHandler ["http-nio-8080"]
05-Apr-2026 12:55:32.357 INFO [main] org.apache.catalina.startup.Catalina.start Server startup in [11513] milliseconds
05-Apr-2026 14:04:30.233 INFO [Thread-13] org.apache.coyote.AbstractProtocol.pause Pausing ProtocolHandler ["http-nio-8080"]
05-Apr-2026 14:04:30.407 INFO [Thread-13] org.apache.catalina.core.StandardService.stopInternal Stopping service [Catalina]
05-Apr-2026 14:04:30.671 WARNING [Thread-13] org.apache.catalina.loader.WebappClassLoaderBase.clearReferencesJdbc The web application [demo] registered the JDBC driver [com.microsoft.sqlserver.jdbc.SQLServerDriver] but failed to unregister it when the web application was stopped. To prevent a memory leak, the JDBC Driver has been forcibly unregistered.
05-Apr-2026 14:04:30.672 WARNING [Thread-13] org.apache.catalina.loader.WebappClassLoaderBase.clearReferencesThreads The web application [demo] appears to have started a thread named [Timer-0] but has failed to stop it. This is very likely to create a memory leak. Stack trace of thread:
 java.lang.Object.wait(Native Method)
 java.util.TimerThread.mainLoop(Unknown Source)
 java.util.TimerThread.run(Unknown Source)
05-Apr-2026 14:04:30.684 INFO [Thread-13] org.apache.coyote.AbstractProtocol.stop Stopping ProtocolHandler ["http-nio-8080"]
05-Apr-2026 14:04:30.692 INFO [Thread-13] org.apache.coyote.AbstractProtocol.destroy Destroying ProtocolHandler ["http-nio-8080"]
05-Apr-2026 14:23:02.902 INFO [main] org.apache.catalina.startup.VersionLoggerListener.log Server version name:   Apache Tomcat/9.0.115
05-Apr-2026 14:23:02.908 INFO [main] org.apache.catalina.startup.VersionLoggerListener.log Server built:          Jan 21 2026 08:17:26 UTC
05-Apr-2026 14:23:02.908 INFO [main] org.apache.catalina.startup.VersionLoggerListener.log Server version number: 9.0.115.0
05-Apr-2026 14:23:02.908 INFO [main] org.apache.catalina.startup.VersionLoggerListener.log OS Name:               Windows 10
05-Apr-2026 14:23:02.908 INFO [main] org.apache.catalina.startup.VersionLoggerListener.log OS Version:            10.0
05-Apr-2026 14:23:02.908 INFO [main] org.apache.catalina.startup.VersionLoggerListener.log Architecture:          amd64
05-Apr-2026 14:23:02.908 INFO [main] org.apache.catalina.startup.VersionLoggerListener.log Java Home:             D:\housys\FingerprintClient_IDSL_DEVICEFIX03042026\FingerprintClient_IDSL_DEVICEFIX\app\jre
05-Apr-2026 14:23:02.908 INFO [main] org.apache.catalina.startup.VersionLoggerListener.log JVM Version:           1.8.0_202-b08
05-Apr-2026 14:23:02.908 INFO [main] org.apache.catalina.startup.VersionLoggerListener.log JVM Vendor:            Oracle Corporation
05-Apr-2026 14:23:02.908 INFO [main] org.apache.catalina.startup.VersionLoggerListener.log CATALINA_BASE:         D:\housys\FingerprintClient_IDSL_DEVICEFIX03042026\FingerprintClient_IDSL_DEVICEFIX\app\tomcat
05-Apr-2026 14:23:02.908 INFO [main] org.apache.catalina.startup.VersionLoggerListener.log CATALINA_HOME:         D:\housys\FingerprintClient_IDSL_DEVICEFIX03042026\FingerprintClient_IDSL_DEVICEFIX\app\tomcat
05-Apr-2026 14:23:02.949 INFO [main] org.apache.catalina.startup.VersionLoggerListener.log Command line argument: -Djava.util.logging.config.file=D:\housys\FingerprintClient_IDSL_DEVICEFIX03042026\FingerprintClient_IDSL_DEVICEFIX\app\tomcat\conf\logging.properties
05-Apr-2026 14:23:02.949 INFO [main] org.apache.catalina.startup.VersionLoggerListener.log Command line argument: -Djava.util.logging.manager=org.apache.juli.ClassLoaderLogManager
05-Apr-2026 14:23:02.949 INFO [main] org.apache.catalina.startup.VersionLoggerListener.log Command line argument: -Djava.library.path=D:\housys\FingerprintClient_IDSL_DEVICEFIX03042026\FingerprintClient_IDSL_DEVICEFIX\app\tomcat\bin
05-Apr-2026 14:23:02.949 INFO [main] org.apache.catalina.startup.VersionLoggerListener.log Command line argument: -Dsqlserver.auth.dll.path=D:\housys\FingerprintClient_IDSL_DEVICEFIX03042026\FingerprintClient_IDSL_DEVICEFIX\app\tomcat\bin\mssql-jdbc_auth-13.2.1.x64.dll
05-Apr-2026 14:23:02.949 INFO [main] org.apache.catalina.startup.VersionLoggerListener.log Command line argument: -Djdk.tls.ephemeralDHKeySize=2048
05-Apr-2026 14:23:02.949 INFO [main] org.apache.catalina.startup.VersionLoggerListener.log Command line argument: -Djava.protocol.handler.pkgs=org.apache.catalina.webresources
05-Apr-2026 14:23:02.949 INFO [main] org.apache.catalina.startup.VersionLoggerListener.log Command line argument: -Dsun.io.useCanonCaches=false
05-Apr-2026 14:23:02.949 INFO [main] org.apache.catalina.startup.VersionLoggerListener.log Command line argument: -Djava.library.path=D:\housys\FingerprintClient_IDSL_DEVICEFIX03042026\FingerprintClient_IDSL_DEVICEFIX\app\tomcat\bin
05-Apr-2026 14:23:02.949 INFO [main] org.apache.catalina.startup.VersionLoggerListener.log Command line argument: -Dsqlserver.auth.dll.path=D:\housys\FingerprintClient_IDSL_DEVICEFIX03042026\FingerprintClient_IDSL_DEVICEFIX\app\tomcat\bin\mssql-jdbc_auth-13.2.1.x64.dll
05-Apr-2026 14:23:02.949 INFO [main] org.apache.catalina.startup.VersionLoggerListener.log Command line argument: -Dignore.endorsed.dirs=
05-Apr-2026 14:23:02.949 INFO [main] org.apache.catalina.startup.VersionLoggerListener.log Command line argument: -Dcatalina.base=D:\housys\FingerprintClient_IDSL_DEVICEFIX03042026\FingerprintClient_IDSL_DEVICEFIX\app\tomcat
05-Apr-2026 14:23:02.949 INFO [main] org.apache.catalina.startup.VersionLoggerListener.log Command line argument: -Dcatalina.home=D:\housys\FingerprintClient_IDSL_DEVICEFIX03042026\FingerprintClient_IDSL_DEVICEFIX\app\tomcat
05-Apr-2026 14:23:02.949 INFO [main] org.apache.catalina.startup.VersionLoggerListener.log Command line argument: -Djava.io.tmpdir=D:\housys\FingerprintClient_IDSL_DEVICEFIX03042026\FingerprintClient_IDSL_DEVICEFIX\app\tomcat\temp
05-Apr-2026 14:23:02.999 INFO [main] org.apache.catalina.core.AprLifecycleListener.lifecycleEvent Loaded Apache Tomcat Native library [1.3.5] using APR version [1.7.6].
05-Apr-2026 14:23:02.999 INFO [main] org.apache.catalina.core.AprLifecycleListener.lifecycleEvent APR capabilities: IPv6 [true], sendfile [true], accept filters [false], random [true], UDS [true].
05-Apr-2026 14:23:02.999 INFO [main] org.apache.catalina.core.AprLifecycleListener.lifecycleEvent APR/OpenSSL configuration: useAprConnector [false], useOpenSSL [true]
05-Apr-2026 14:23:03.013 INFO [main] org.apache.catalina.core.AprLifecycleListener.initializeSSL OpenSSL successfully initialized [OpenSSL 3.0.18 30 Sep 2025]
05-Apr-2026 14:23:03.389 INFO [main] org.apache.coyote.AbstractProtocol.init Initializing ProtocolHandler ["http-nio-8080"]
05-Apr-2026 14:23:03.407 INFO [main] org.apache.catalina.startup.Catalina.load Server initialization in [701] milliseconds
05-Apr-2026 14:23:03.438 INFO [main] org.apache.catalina.core.StandardService.startInternal Starting service [Catalina]
05-Apr-2026 14:23:03.438 INFO [main] org.apache.catalina.core.StandardEngine.startInternal Starting Servlet engine: [Apache Tomcat/9.0.115]
05-Apr-2026 14:23:03.456 INFO [main] org.apache.catalina.startup.HostConfig.deployWAR Deploying web application archive [D:\housys\FingerprintClient_IDSL_DEVICEFIX03042026\FingerprintClient_IDSL_DEVICEFIX\app\tomcat\webapps\demo.war]
05-Apr-2026 14:23:06.500 INFO [main] org.apache.jasper.servlet.TldScanner.scanJars At least one JAR was scanned for TLDs yet contained no TLDs. Enable debug logging for this logger for a complete list of JARs that were scanned but no TLDs were found in them. Skipping unneeded JARs during scanning can improve startup time and JSP compilation time.
05-Apr-2026 14:23:11.701 INFO [main] org.apache.catalina.startup.HostConfig.deployWAR Deployment of web application archive [D:\housys\FingerprintClient_IDSL_DEVICEFIX03042026\FingerprintClient_IDSL_DEVICEFIX\app\tomcat\webapps\demo.war] has finished in [8,243] ms
05-Apr-2026 14:23:11.701 INFO [main] org.apache.catalina.startup.HostConfig.deployDirectory Deploying web application directory [D:\housys\FingerprintClient_IDSL_DEVICEFIX03042026\FingerprintClient_IDSL_DEVICEFIX\app\tomcat\webapps\docs]
05-Apr-2026 14:23:11.745 INFO [main] org.apache.catalina.startup.HostConfig.deployDirectory Deployment of web application directory [D:\housys\FingerprintClient_IDSL_DEVICEFIX03042026\FingerprintClient_IDSL_DEVICEFIX\app\tomcat\webapps\docs] has finished in [44] ms
05-Apr-2026 14:23:11.745 INFO [main] org.apache.catalina.startup.HostConfig.deployDirectory Deploying web application directory [D:\housys\FingerprintClient_IDSL_DEVICEFIX03042026\FingerprintClient_IDSL_DEVICEFIX\app\tomcat\webapps\examples]
05-Apr-2026 14:23:12.325 INFO [main] org.apache.catalina.startup.HostConfig.deployDirectory Deployment of web application directory [D:\housys\FingerprintClient_IDSL_DEVICEFIX03042026\FingerprintClient_IDSL_DEVICEFIX\app\tomcat\webapps\examples] has finished in [580] ms
05-Apr-2026 14:23:12.325 INFO [main] org.apache.catalina.startup.HostConfig.deployDirectory Deploying web application directory [D:\housys\FingerprintClient_IDSL_DEVICEFIX03042026\FingerprintClient_IDSL_DEVICEFIX\app\tomcat\webapps\host-manager]
05-Apr-2026 14:23:12.392 INFO [main] org.apache.catalina.startup.HostConfig.deployDirectory Deployment of web application directory [D:\housys\FingerprintClient_IDSL_DEVICEFIX03042026\FingerprintClient_IDSL_DEVICEFIX\app\tomcat\webapps\host-manager] has finished in [67] ms
05-Apr-2026 14:23:12.392 INFO [main] org.apache.catalina.startup.HostConfig.deployDirectory Deploying web application directory [D:\housys\FingerprintClient_IDSL_DEVICEFIX03042026\FingerprintClient_IDSL_DEVICEFIX\app\tomcat\webapps\manager]
05-Apr-2026 14:23:12.469 INFO [main] org.apache.catalina.startup.HostConfig.deployDirectory Deployment of web application directory [D:\housys\FingerprintClient_IDSL_DEVICEFIX03042026\FingerprintClient_IDSL_DEVICEFIX\app\tomcat\webapps\manager] has finished in [77] ms
05-Apr-2026 14:23:12.469 INFO [main] org.apache.catalina.startup.HostConfig.deployDirectory Deploying web application directory [D:\housys\FingerprintClient_IDSL_DEVICEFIX03042026\FingerprintClient_IDSL_DEVICEFIX\app\tomcat\webapps\ROOT]
05-Apr-2026 14:23:12.529 INFO [main] org.apache.catalina.startup.HostConfig.deployDirectory Deployment of web application directory [D:\housys\FingerprintClient_IDSL_DEVICEFIX03042026\FingerprintClient_IDSL_DEVICEFIX\app\tomcat\webapps\ROOT] has finished in [60] ms
05-Apr-2026 14:23:12.535 INFO [main] org.apache.coyote.AbstractProtocol.start Starting ProtocolHandler ["http-nio-8080"]
05-Apr-2026 14:23:12.576 INFO [main] org.apache.catalina.startup.Catalina.start Server startup in [9168] milliseconds
05-Apr-2026 14:40:55.323 INFO [Thread-13] org.apache.coyote.AbstractProtocol.pause Pausing ProtocolHandler ["http-nio-8080"]
05-Apr-2026 14:40:55.606 INFO [Thread-13] org.apache.catalina.core.StandardService.stopInternal Stopping service [Catalina]
05-Apr-2026 14:40:55.938 WARNING [Thread-13] org.apache.catalina.loader.WebappClassLoaderBase.clearReferencesJdbc The web application [demo] registered the JDBC driver [com.microsoft.sqlserver.jdbc.SQLServerDriver] but failed to unregister it when the web application was stopped. To prevent a memory leak, the JDBC Driver has been forcibly unregistered.
05-Apr-2026 14:40:55.940 WARNING [Thread-13] org.apache.catalina.loader.WebappClassLoaderBase.clearReferencesThreads The web application [demo] appears to have started a thread named [Timer-0] but has failed to stop it. This is very likely to create a memory leak. Stack trace of thread:
 java.lang.Object.wait(Native Method)
 java.util.TimerThread.mainLoop(Unknown Source)
 java.util.TimerThread.run(Unknown Source)
05-Apr-2026 14:40:55.958 INFO [Thread-13] org.apache.coyote.AbstractProtocol.stop Stopping ProtocolHandler ["http-nio-8080"]
05-Apr-2026 14:40:55.971 INFO [Thread-13] org.apache.coyote.AbstractProtocol.destroy Destroying ProtocolHandler ["http-nio-8080"]
05-Apr-2026 14:43:37.431 INFO [main] org.apache.catalina.startup.VersionLoggerListener.log Server version name:   Apache Tomcat/9.0.115
05-Apr-2026 14:43:37.437 INFO [main] org.apache.catalina.startup.VersionLoggerListener.log Server built:          Jan 21 2026 08:17:26 UTC
05-Apr-2026 14:43:37.437 INFO [main] org.apache.catalina.startup.VersionLoggerListener.log Server version number: 9.0.115.0
05-Apr-2026 14:43:37.439 INFO [main] org.apache.catalina.startup.VersionLoggerListener.log OS Name:               Windows 10
05-Apr-2026 14:43:37.439 INFO [main] org.apache.catalina.startup.VersionLoggerListener.log OS Version:            10.0
05-Apr-2026 14:43:37.439 INFO [main] org.apache.catalina.startup.VersionLoggerListener.log Architecture:          amd64
05-Apr-2026 14:43:37.439 INFO [main] org.apache.catalina.startup.VersionLoggerListener.log Java Home:             D:\housys\FingerprintClient_IDSL_DEVICEFIX03042026\FingerprintClient_IDSL_DEVICEFIX\app\jre
05-Apr-2026 14:43:37.439 INFO [main] org.apache.catalina.startup.VersionLoggerListener.log JVM Version:           1.8.0_202-b08
05-Apr-2026 14:43:37.439 INFO [main] org.apache.catalina.startup.VersionLoggerListener.log JVM Vendor:            Oracle Corporation
05-Apr-2026 14:43:37.439 INFO [main] org.apache.catalina.startup.VersionLoggerListener.log CATALINA_BASE:         D:\housys\FingerprintClient_IDSL_DEVICEFIX03042026\FingerprintClient_IDSL_DEVICEFIX\app\tomcat
05-Apr-2026 14:43:37.439 INFO [main] org.apache.catalina.startup.VersionLoggerListener.log CATALINA_HOME:         D:\housys\FingerprintClient_IDSL_DEVICEFIX03042026\FingerprintClient_IDSL_DEVICEFIX\app\tomcat
05-Apr-2026 14:43:37.465 INFO [main] org.apache.catalina.startup.VersionLoggerListener.log Command line argument: -Djava.util.logging.config.file=D:\housys\FingerprintClient_IDSL_DEVICEFIX03042026\FingerprintClient_IDSL_DEVICEFIX\app\tomcat\conf\logging.properties
05-Apr-2026 14:43:37.465 INFO [main] org.apache.catalina.startup.VersionLoggerListener.log Command line argument: -Djava.util.logging.manager=org.apache.juli.ClassLoaderLogManager
05-Apr-2026 14:43:37.465 INFO [main] org.apache.catalina.startup.VersionLoggerListener.log Command line argument: -Djava.library.path=D:\housys\FingerprintClient_IDSL_DEVICEFIX03042026\FingerprintClient_IDSL_DEVICEFIX\app\tomcat\bin
05-Apr-2026 14:43:37.465 INFO [main] org.apache.catalina.startup.VersionLoggerListener.log Command line argument: -Dsqlserver.auth.dll.path=D:\housys\FingerprintClient_IDSL_DEVICEFIX03042026\FingerprintClient_IDSL_DEVICEFIX\app\tomcat\bin\mssql-jdbc_auth-13.2.1.x64.dll
05-Apr-2026 14:43:37.465 INFO [main] org.apache.catalina.startup.VersionLoggerListener.log Command line argument: -Djdk.tls.ephemeralDHKeySize=2048
05-Apr-2026 14:43:37.465 INFO [main] org.apache.catalina.startup.VersionLoggerListener.log Command line argument: -Djava.protocol.handler.pkgs=org.apache.catalina.webresources
05-Apr-2026 14:43:37.465 INFO [main] org.apache.catalina.startup.VersionLoggerListener.log Command line argument: -Dsun.io.useCanonCaches=false
05-Apr-2026 14:43:37.465 INFO [main] org.apache.catalina.startup.VersionLoggerListener.log Command line argument: -Djava.library.path=D:\housys\FingerprintClient_IDSL_DEVICEFIX03042026\FingerprintClient_IDSL_DEVICEFIX\app\tomcat\bin
05-Apr-2026 14:43:37.465 INFO [main] org.apache.catalina.startup.VersionLoggerListener.log Command line argument: -Dsqlserver.auth.dll.path=D:\housys\FingerprintClient_IDSL_DEVICEFIX03042026\FingerprintClient_IDSL_DEVICEFIX\app\tomcat\bin\mssql-jdbc_auth-13.2.1.x64.dll
05-Apr-2026 14:43:37.465 INFO [main] org.apache.catalina.startup.VersionLoggerListener.log Command line argument: -Dignore.endorsed.dirs=
05-Apr-2026 14:43:37.465 INFO [main] org.apache.catalina.startup.VersionLoggerListener.log Command line argument: -Dcatalina.base=D:\housys\FingerprintClient_IDSL_DEVICEFIX03042026\FingerprintClient_IDSL_DEVICEFIX\app\tomcat
05-Apr-2026 14:43:37.465 INFO [main] org.apache.catalina.startup.VersionLoggerListener.log Command line argument: -Dcatalina.home=D:\housys\FingerprintClient_IDSL_DEVICEFIX03042026\FingerprintClient_IDSL_DEVICEFIX\app\tomcat
05-Apr-2026 14:43:37.465 INFO [main] org.apache.catalina.startup.VersionLoggerListener.log Command line argument: -Djava.io.tmpdir=D:\housys\FingerprintClient_IDSL_DEVICEFIX03042026\FingerprintClient_IDSL_DEVICEFIX\app\tomcat\temp
05-Apr-2026 14:43:37.528 INFO [main] org.apache.catalina.core.AprLifecycleListener.lifecycleEvent Loaded Apache Tomcat Native library [1.3.5] using APR version [1.7.6].
05-Apr-2026 14:43:37.528 INFO [main] org.apache.catalina.core.AprLifecycleListener.lifecycleEvent APR capabilities: IPv6 [true], sendfile [true], accept filters [false], random [true], UDS [true].
05-Apr-2026 14:43:37.528 INFO [main] org.apache.catalina.core.AprLifecycleListener.lifecycleEvent APR/OpenSSL configuration: useAprConnector [false], useOpenSSL [true]
05-Apr-2026 14:43:37.546 INFO [main] org.apache.catalina.core.AprLifecycleListener.initializeSSL OpenSSL successfully initialized [OpenSSL 3.0.18 30 Sep 2025]
05-Apr-2026 14:43:38.002 INFO [main] org.apache.coyote.AbstractProtocol.init Initializing ProtocolHandler ["http-nio-8080"]
05-Apr-2026 14:43:38.032 INFO [main] org.apache.catalina.startup.Catalina.load Server initialization in [882] milliseconds
05-Apr-2026 14:43:38.078 INFO [main] org.apache.catalina.core.StandardService.startInternal Starting service [Catalina]
05-Apr-2026 14:43:38.078 INFO [main] org.apache.catalina.core.StandardEngine.startInternal Starting Servlet engine: [Apache Tomcat/9.0.115]
05-Apr-2026 14:43:38.101 INFO [main] org.apache.catalina.startup.HostConfig.deployWAR Deploying web application archive [D:\housys\FingerprintClient_IDSL_DEVICEFIX03042026\FingerprintClient_IDSL_DEVICEFIX\app\tomcat\webapps\demo.war]
05-Apr-2026 14:43:43.028 INFO [main] org.apache.jasper.servlet.TldScanner.scanJars At least one JAR was scanned for TLDs yet contained no TLDs. Enable debug logging for this logger for a complete list of JARs that were scanned but no TLDs were found in them. Skipping unneeded JARs during scanning can improve startup time and JSP compilation time.
05-Apr-2026 14:43:50.439 INFO [main] org.apache.catalina.startup.HostConfig.deployWAR Deployment of web application archive [D:\housys\FingerprintClient_IDSL_DEVICEFIX03042026\FingerprintClient_IDSL_DEVICEFIX\app\tomcat\webapps\demo.war] has finished in [12,338] ms
05-Apr-2026 14:43:50.439 INFO [main] org.apache.catalina.startup.HostConfig.deployDirectory Deploying web application directory [D:\housys\FingerprintClient_IDSL_DEVICEFIX03042026\FingerprintClient_IDSL_DEVICEFIX\app\tomcat\webapps\docs]
05-Apr-2026 14:43:50.499 INFO [main] org.apache.catalina.startup.HostConfig.deployDirectory Deployment of web application directory [D:\housys\FingerprintClient_IDSL_DEVICEFIX03042026\FingerprintClient_IDSL_DEVICEFIX\app\tomcat\webapps\docs] has finished in [60] ms
05-Apr-2026 14:43:50.499 INFO [main] org.apache.catalina.startup.HostConfig.deployDirectory Deploying web application directory [D:\housys\FingerprintClient_IDSL_DEVICEFIX03042026\FingerprintClient_IDSL_DEVICEFIX\app\tomcat\webapps\examples]
05-Apr-2026 14:43:51.550 INFO [main] org.apache.catalina.startup.HostConfig.deployDirectory Deployment of web application directory [D:\housys\FingerprintClient_IDSL_DEVICEFIX03042026\FingerprintClient_IDSL_DEVICEFIX\app\tomcat\webapps\examples] has finished in [1,051] ms
05-Apr-2026 14:43:51.550 INFO [main] org.apache.catalina.startup.HostConfig.deployDirectory Deploying web application directory [D:\housys\FingerprintClient_IDSL_DEVICEFIX03042026\FingerprintClient_IDSL_DEVICEFIX\app\tomcat\webapps\host-manager]
05-Apr-2026 14:43:51.648 INFO [main] org.apache.catalina.startup.HostConfig.deployDirectory Deployment of web application directory [D:\housys\FingerprintClient_IDSL_DEVICEFIX03042026\FingerprintClient_IDSL_DEVICEFIX\app\tomcat\webapps\host-manager] has finished in [98] ms
05-Apr-2026 14:43:51.648 INFO [main] org.apache.catalina.startup.HostConfig.deployDirectory Deploying web application directory [D:\housys\FingerprintClient_IDSL_DEVICEFIX03042026\FingerprintClient_IDSL_DEVICEFIX\app\tomcat\webapps\manager]
05-Apr-2026 14:43:51.717 INFO [main] org.apache.catalina.startup.HostConfig.deployDirectory Deployment of web application directory [D:\housys\FingerprintClient_IDSL_DEVICEFIX03042026\FingerprintClient_IDSL_DEVICEFIX\app\tomcat\webapps\manager] has finished in [69] ms
05-Apr-2026 14:43:51.719 INFO [main] org.apache.catalina.startup.HostConfig.deployDirectory Deploying web application directory [D:\housys\FingerprintClient_IDSL_DEVICEFIX03042026\FingerprintClient_IDSL_DEVICEFIX\app\tomcat\webapps\ROOT]
05-Apr-2026 14:43:51.768 INFO [main] org.apache.catalina.startup.HostConfig.deployDirectory Deployment of web application directory [D:\housys\FingerprintClient_IDSL_DEVICEFIX03042026\FingerprintClient_IDSL_DEVICEFIX\app\tomcat\webapps\ROOT] has finished in [49] ms
05-Apr-2026 14:43:51.774 INFO [main] org.apache.coyote.AbstractProtocol.start Starting ProtocolHandler ["http-nio-8080"]
05-Apr-2026 14:43:51.792 INFO [main] org.apache.catalina.startup.Catalina.start Server startup in [13758] milliseconds
05-Apr-2026 14:48:09.606 INFO [Thread-13] org.apache.coyote.AbstractProtocol.pause Pausing ProtocolHandler ["http-nio-8080"]
05-Apr-2026 14:48:09.834 INFO [Thread-13] org.apache.catalina.core.StandardService.stopInternal Stopping service [Catalina]
05-Apr-2026 14:48:10.012 WARNING [Thread-13] org.apache.catalina.loader.WebappClassLoaderBase.clearReferencesJdbc The web application [demo] registered the JDBC driver [com.microsoft.sqlserver.jdbc.SQLServerDriver] but failed to unregister it when the web application was stopped. To prevent a memory leak, the JDBC Driver has been forcibly unregistered.
05-Apr-2026 14:48:10.012 WARNING [Thread-13] org.apache.catalina.loader.WebappClassLoaderBase.clearReferencesThreads The web application [demo] appears to have started a thread named [Timer-0] but has failed to stop it. This is very likely to create a memory leak. Stack trace of thread:
 java.lang.Object.wait(Native Method)
 java.util.TimerThread.mainLoop(Unknown Source)
 java.util.TimerThread.run(Unknown Source)
05-Apr-2026 14:48:10.025 INFO [Thread-13] org.apache.coyote.AbstractProtocol.stop Stopping ProtocolHandler ["http-nio-8080"]
05-Apr-2026 14:48:10.041 INFO [Thread-13] org.apache.coyote.AbstractProtocol.destroy Destroying ProtocolHandler ["http-nio-8080"]
05-Apr-2026 14:51:49.477 INFO [main] org.apache.catalina.startup.VersionLoggerListener.log Server version name:   Apache Tomcat/9.0.115
05-Apr-2026 14:51:49.484 INFO [main] org.apache.catalina.startup.VersionLoggerListener.log Server built:          Jan 21 2026 08:17:26 UTC
05-Apr-2026 14:51:49.485 INFO [main] org.apache.catalina.startup.VersionLoggerListener.log Server version number: 9.0.115.0
05-Apr-2026 14:51:49.485 INFO [main] org.apache.catalina.startup.VersionLoggerListener.log OS Name:               Windows 10
05-Apr-2026 14:51:49.485 INFO [main] org.apache.catalina.startup.VersionLoggerListener.log OS Version:            10.0
05-Apr-2026 14:51:49.485 INFO [main] org.apache.catalina.startup.VersionLoggerListener.log Architecture:          amd64
05-Apr-2026 14:51:49.485 INFO [main] org.apache.catalina.startup.VersionLoggerListener.log Java Home:             D:\housys\FingerprintClient_IDSL_DEVICEFIX03042026\FingerprintClient_IDSL_DEVICEFIX\app\jre
05-Apr-2026 14:51:49.485 INFO [main] org.apache.catalina.startup.VersionLoggerListener.log JVM Version:           1.8.0_202-b08
05-Apr-2026 14:51:49.485 INFO [main] org.apache.catalina.startup.VersionLoggerListener.log JVM Vendor:            Oracle Corporation
05-Apr-2026 14:51:49.485 INFO [main] org.apache.catalina.startup.VersionLoggerListener.log CATALINA_BASE:         D:\housys\FingerprintClient_IDSL_DEVICEFIX03042026\FingerprintClient_IDSL_DEVICEFIX\app\tomcat
05-Apr-2026 14:51:49.485 INFO [main] org.apache.catalina.startup.VersionLoggerListener.log CATALINA_HOME:         D:\housys\FingerprintClient_IDSL_DEVICEFIX03042026\FingerprintClient_IDSL_DEVICEFIX\app\tomcat
05-Apr-2026 14:51:49.493 INFO [main] org.apache.catalina.startup.VersionLoggerListener.log Command line argument: -Djava.util.logging.config.file=D:\housys\FingerprintClient_IDSL_DEVICEFIX03042026\FingerprintClient_IDSL_DEVICEFIX\app\tomcat\conf\logging.properties
05-Apr-2026 14:51:49.494 INFO [main] org.apache.catalina.startup.VersionLoggerListener.log Command line argument: -Djava.util.logging.manager=org.apache.juli.ClassLoaderLogManager
05-Apr-2026 14:51:49.494 INFO [main] org.apache.catalina.startup.VersionLoggerListener.log Command line argument: -Djava.library.path=D:\housys\FingerprintClient_IDSL_DEVICEFIX03042026\FingerprintClient_IDSL_DEVICEFIX\app\tomcat\bin
05-Apr-2026 14:51:49.494 INFO [main] org.apache.catalina.startup.VersionLoggerListener.log Command line argument: -Dsqlserver.auth.dll.path=D:\housys\FingerprintClient_IDSL_DEVICEFIX03042026\FingerprintClient_IDSL_DEVICEFIX\app\tomcat\bin\mssql-jdbc_auth-13.2.1.x64.dll
05-Apr-2026 14:51:49.494 INFO [main] org.apache.catalina.startup.VersionLoggerListener.log Command line argument: -Djdk.tls.ephemeralDHKeySize=2048
05-Apr-2026 14:51:49.494 INFO [main] org.apache.catalina.startup.VersionLoggerListener.log Command line argument: -Djava.protocol.handler.pkgs=org.apache.catalina.webresources
05-Apr-2026 14:51:49.494 INFO [main] org.apache.catalina.startup.VersionLoggerListener.log Command line argument: -Dsun.io.useCanonCaches=false
05-Apr-2026 14:51:49.494 INFO [main] org.apache.catalina.startup.VersionLoggerListener.log Command line argument: -Djava.library.path=D:\housys\FingerprintClient_IDSL_DEVICEFIX03042026\FingerprintClient_IDSL_DEVICEFIX\app\tomcat\bin
05-Apr-2026 14:51:49.494 INFO [main] org.apache.catalina.startup.VersionLoggerListener.log Command line argument: -Dsqlserver.auth.dll.path=D:\housys\FingerprintClient_IDSL_DEVICEFIX03042026\FingerprintClient_IDSL_DEVICEFIX\app\tomcat\bin\mssql-jdbc_auth-13.2.1.x64.dll
05-Apr-2026 14:51:49.495 INFO [main] org.apache.catalina.startup.VersionLoggerListener.log Command line argument: -Dignore.endorsed.dirs=
05-Apr-2026 14:51:49.495 INFO [main] org.apache.catalina.startup.VersionLoggerListener.log Command line argument: -Dcatalina.base=D:\housys\FingerprintClient_IDSL_DEVICEFIX03042026\FingerprintClient_IDSL_DEVICEFIX\app\tomcat
05-Apr-2026 14:51:49.495 INFO [main] org.apache.catalina.startup.VersionLoggerListener.log Command line argument: -Dcatalina.home=D:\housys\FingerprintClient_IDSL_DEVICEFIX03042026\FingerprintClient_IDSL_DEVICEFIX\app\tomcat
05-Apr-2026 14:51:49.495 INFO [main] org.apache.catalina.startup.VersionLoggerListener.log Command line argument: -Djava.io.tmpdir=D:\housys\FingerprintClient_IDSL_DEVICEFIX03042026\FingerprintClient_IDSL_DEVICEFIX\app\tomcat\temp
05-Apr-2026 14:51:49.510 INFO [main] org.apache.catalina.core.AprLifecycleListener.lifecycleEvent Loaded Apache Tomcat Native library [1.3.5] using APR version [1.7.6].
05-Apr-2026 14:51:49.510 INFO [main] org.apache.catalina.core.AprLifecycleListener.lifecycleEvent APR capabilities: IPv6 [true], sendfile [true], accept filters [false], random [true], UDS [true].
05-Apr-2026 14:51:49.510 INFO [main] org.apache.catalina.core.AprLifecycleListener.lifecycleEvent APR/OpenSSL configuration: useAprConnector [false], useOpenSSL [true]
05-Apr-2026 14:51:49.531 INFO [main] org.apache.catalina.core.AprLifecycleListener.initializeSSL OpenSSL successfully initialized [OpenSSL 3.0.18 30 Sep 2025]
05-Apr-2026 14:51:50.040 INFO [main] org.apache.coyote.AbstractProtocol.init Initializing ProtocolHandler ["http-nio-8080"]
05-Apr-2026 14:51:50.073 INFO [main] org.apache.catalina.startup.Catalina.load Server initialization in [924] milliseconds
05-Apr-2026 14:51:50.115 INFO [main] org.apache.catalina.core.StandardService.startInternal Starting service [Catalina]
05-Apr-2026 14:51:50.115 INFO [main] org.apache.catalina.core.StandardEngine.startInternal Starting Servlet engine: [Apache Tomcat/9.0.115]
05-Apr-2026 14:51:50.145 INFO [main] org.apache.catalina.startup.HostConfig.deployWAR Deploying web application archive [D:\housys\FingerprintClient_IDSL_DEVICEFIX03042026\FingerprintClient_IDSL_DEVICEFIX\app\tomcat\webapps\demo.war]
05-Apr-2026 14:51:55.214 INFO [main] org.apache.jasper.servlet.TldScanner.scanJars At least one JAR was scanned for TLDs yet contained no TLDs. Enable debug logging for this logger for a complete list of JARs that were scanned but no TLDs were found in them. Skipping unneeded JARs during scanning can improve startup time and JSP compilation time.
05-Apr-2026 14:52:02.882 INFO [main] org.apache.catalina.startup.HostConfig.deployWAR Deployment of web application archive [D:\housys\FingerprintClient_IDSL_DEVICEFIX03042026\FingerprintClient_IDSL_DEVICEFIX\app\tomcat\webapps\demo.war] has finished in [12,737] ms
05-Apr-2026 14:52:02.882 INFO [main] org.apache.catalina.startup.HostConfig.deployDirectory Deploying web application directory [D:\housys\FingerprintClient_IDSL_DEVICEFIX03042026\FingerprintClient_IDSL_DEVICEFIX\app\tomcat\webapps\docs]
05-Apr-2026 14:52:02.943 INFO [main] org.apache.catalina.startup.HostConfig.deployDirectory Deployment of web application directory [D:\housys\FingerprintClient_IDSL_DEVICEFIX03042026\FingerprintClient_IDSL_DEVICEFIX\app\tomcat\webapps\docs] has finished in [61] ms
05-Apr-2026 14:52:02.943 INFO [main] org.apache.catalina.startup.HostConfig.deployDirectory Deploying web application directory [D:\housys\FingerprintClient_IDSL_DEVICEFIX03042026\FingerprintClient_IDSL_DEVICEFIX\app\tomcat\webapps\examples]
05-Apr-2026 14:52:03.838 INFO [main] org.apache.catalina.startup.HostConfig.deployDirectory Deployment of web application directory [D:\housys\FingerprintClient_IDSL_DEVICEFIX03042026\FingerprintClient_IDSL_DEVICEFIX\app\tomcat\webapps\examples] has finished in [895] ms
05-Apr-2026 14:52:03.839 INFO [main] org.apache.catalina.startup.HostConfig.deployDirectory Deploying web application directory [D:\housys\FingerprintClient_IDSL_DEVICEFIX03042026\FingerprintClient_IDSL_DEVICEFIX\app\tomcat\webapps\host-manager]
05-Apr-2026 14:52:03.901 INFO [main] org.apache.catalina.startup.HostConfig.deployDirectory Deployment of web application directory [D:\housys\FingerprintClient_IDSL_DEVICEFIX03042026\FingerprintClient_IDSL_DEVICEFIX\app\tomcat\webapps\host-manager] has finished in [62] ms
05-Apr-2026 14:52:03.903 INFO [main] org.apache.catalina.startup.HostConfig.deployDirectory Deploying web application directory [D:\housys\FingerprintClient_IDSL_DEVICEFIX03042026\FingerprintClient_IDSL_DEVICEFIX\app\tomcat\webapps\manager]
05-Apr-2026 14:52:03.978 INFO [main] org.apache.catalina.startup.HostConfig.deployDirectory Deployment of web application directory [D:\housys\FingerprintClient_IDSL_DEVICEFIX03042026\FingerprintClient_IDSL_DEVICEFIX\app\tomcat\webapps\manager] has finished in [75] ms
05-Apr-2026 14:52:03.979 INFO [main] org.apache.catalina.startup.HostConfig.deployDirectory Deploying web application directory [D:\housys\FingerprintClient_IDSL_DEVICEFIX03042026\FingerprintClient_IDSL_DEVICEFIX\app\tomcat\webapps\ROOT]
05-Apr-2026 14:52:04.035 INFO [main] org.apache.catalina.startup.HostConfig.deployDirectory Deployment of web application directory [D:\housys\FingerprintClient_IDSL_DEVICEFIX03042026\FingerprintClient_IDSL_DEVICEFIX\app\tomcat\webapps\ROOT] has finished in [56] ms
05-Apr-2026 14:52:04.042 INFO [main] org.apache.coyote.AbstractProtocol.start Starting ProtocolHandler ["http-nio-8080"]
05-Apr-2026 14:52:04.062 INFO [main] org.apache.catalina.startup.Catalina.start Server startup in [13988] milliseconds
05-Apr-2026 14:55:34.609 INFO [Catalina-utility-2] org.apache.catalina.startup.HostConfig.undeploy Undeploying context [/demo]
05-Apr-2026 14:55:34.740 WARNING [Catalina-utility-2] org.apache.catalina.loader.WebappClassLoaderBase.clearReferencesJdbc The web application [demo] registered the JDBC driver [com.microsoft.sqlserver.jdbc.SQLServerDriver] but failed to unregister it when the web application was stopped. To prevent a memory leak, the JDBC Driver has been forcibly unregistered.
05-Apr-2026 14:55:34.741 WARNING [Catalina-utility-2] org.apache.catalina.loader.WebappClassLoaderBase.clearReferencesThreads The web application [demo] appears to have started a thread named [Timer-0] but has failed to stop it. This is very likely to create a memory leak. Stack trace of thread:
 java.lang.Object.wait(Native Method)
 java.util.TimerThread.mainLoop(Unknown Source)
 java.util.TimerThread.run(Unknown Source)
05-Apr-2026 14:55:37.285 INFO [Catalina-utility-2] org.apache.catalina.startup.HostConfig.deployWAR Deploying web application archive [D:\housys\FingerprintClient_IDSL_DEVICEFIX03042026\FingerprintClient_IDSL_DEVICEFIX\app\tomcat\webapps\demo.war]
05-Apr-2026 14:55:45.355 INFO [Catalina-utility-2] org.apache.jasper.servlet.TldScanner.scanJars At least one JAR was scanned for TLDs yet contained no TLDs. Enable debug logging for this logger for a complete list of JARs that were scanned but no TLDs were found in them. Skipping unneeded JARs during scanning can improve startup time and JSP compilation time.
05-Apr-2026 14:55:51.544 INFO [Catalina-utility-2] org.apache.catalina.startup.HostConfig.deployWAR Deployment of web application archive [D:\housys\FingerprintClient_IDSL_DEVICEFIX03042026\FingerprintClient_IDSL_DEVICEFIX\app\tomcat\webapps\demo.war] has finished in [14,259] ms
05-Apr-2026 14:59:51.096 INFO [Thread-13] org.apache.coyote.AbstractProtocol.pause Pausing ProtocolHandler ["http-nio-8080"]
05-Apr-2026 14:59:51.301 INFO [Thread-13] org.apache.catalina.core.StandardService.stopInternal Stopping service [Catalina]
05-Apr-2026 14:59:51.459 WARNING [Thread-13] org.apache.catalina.loader.WebappClassLoaderBase.clearReferencesJdbc The web application [demo] registered the JDBC driver [com.microsoft.sqlserver.jdbc.SQLServerDriver] but failed to unregister it when the web application was stopped. To prevent a memory leak, the JDBC Driver has been forcibly unregistered.
05-Apr-2026 14:59:51.459 WARNING [Thread-13] org.apache.catalina.loader.WebappClassLoaderBase.clearReferencesThreads The web application [demo] appears to have started a thread named [Timer-1] but has failed to stop it. This is very likely to create a memory leak. Stack trace of thread:
 java.lang.Object.wait(Native Method)
 java.util.TimerThread.mainLoop(Unknown Source)
 java.util.TimerThread.run(Unknown Source)
05-Apr-2026 14:59:51.471 INFO [Thread-13] org.apache.coyote.AbstractProtocol.stop Stopping ProtocolHandler ["http-nio-8080"]
05-Apr-2026 14:59:51.491 INFO [Thread-13] org.apache.coyote.AbstractProtocol.destroy Destroying ProtocolHandler ["http-nio-8080"]
05-Apr-2026 15:02:56.434 INFO [main] org.apache.catalina.startup.VersionLoggerListener.log Server version name:   Apache Tomcat/9.0.115
05-Apr-2026 15:02:56.440 INFO [main] org.apache.catalina.startup.VersionLoggerListener.log Server built:          Jan 21 2026 08:17:26 UTC
05-Apr-2026 15:02:56.440 INFO [main] org.apache.catalina.startup.VersionLoggerListener.log Server version number: 9.0.115.0
05-Apr-2026 15:02:56.440 INFO [main] org.apache.catalina.startup.VersionLoggerListener.log OS Name:               Windows 10
05-Apr-2026 15:02:56.440 INFO [main] org.apache.catalina.startup.VersionLoggerListener.log OS Version:            10.0
05-Apr-2026 15:02:56.442 INFO [main] org.apache.catalina.startup.VersionLoggerListener.log Architecture:          amd64
05-Apr-2026 15:02:56.442 INFO [main] org.apache.catalina.startup.VersionLoggerListener.log Java Home:             D:\housys\FingerprintClient_IDSL_DEVICEFIX03042026\FingerprintClient_IDSL_DEVICEFIX\app\jre
05-Apr-2026 15:02:56.442 INFO [main] org.apache.catalina.startup.VersionLoggerListener.log JVM Version:           1.8.0_202-b08
05-Apr-2026 15:02:56.442 INFO [main] org.apache.catalina.startup.VersionLoggerListener.log JVM Vendor:            Oracle Corporation
05-Apr-2026 15:02:56.442 INFO [main] org.apache.catalina.startup.VersionLoggerListener.log CATALINA_BASE:         D:\housys\FingerprintClient_IDSL_DEVICEFIX03042026\FingerprintClient_IDSL_DEVICEFIX\app\tomcat
05-Apr-2026 15:02:56.442 INFO [main] org.apache.catalina.startup.VersionLoggerListener.log CATALINA_HOME:         D:\housys\FingerprintClient_IDSL_DEVICEFIX03042026\FingerprintClient_IDSL_DEVICEFIX\app\tomcat
05-Apr-2026 15:02:56.448 INFO [main] org.apache.catalina.startup.VersionLoggerListener.log Command line argument: -Djava.util.logging.config.file=D:\housys\FingerprintClient_IDSL_DEVICEFIX03042026\FingerprintClient_IDSL_DEVICEFIX\app\tomcat\conf\logging.properties
05-Apr-2026 15:02:56.448 INFO [main] org.apache.catalina.startup.VersionLoggerListener.log Command line argument: -Djava.util.logging.manager=org.apache.juli.ClassLoaderLogManager
05-Apr-2026 15:02:56.448 INFO [main] org.apache.catalina.startup.VersionLoggerListener.log Command line argument: -Djava.library.path=D:\housys\FingerprintClient_IDSL_DEVICEFIX03042026\FingerprintClient_IDSL_DEVICEFIX\app\tomcat\bin
05-Apr-2026 15:02:56.448 INFO [main] org.apache.catalina.startup.VersionLoggerListener.log Command line argument: -Dsqlserver.auth.dll.path=D:\housys\FingerprintClient_IDSL_DEVICEFIX03042026\FingerprintClient_IDSL_DEVICEFIX\app\tomcat\bin\mssql-jdbc_auth-13.2.1.x64.dll
05-Apr-2026 15:02:56.448 INFO [main] org.apache.catalina.startup.VersionLoggerListener.log Command line argument: -Djdk.tls.ephemeralDHKeySize=2048
05-Apr-2026 15:02:56.448 INFO [main] org.apache.catalina.startup.VersionLoggerListener.log Command line argument: -Djava.protocol.handler.pkgs=org.apache.catalina.webresources
05-Apr-2026 15:02:56.448 INFO [main] org.apache.catalina.startup.VersionLoggerListener.log Command line argument: -Dsun.io.useCanonCaches=false
05-Apr-2026 15:02:56.448 INFO [main] org.apache.catalina.startup.VersionLoggerListener.log Command line argument: -Djava.library.path=D:\housys\FingerprintClient_IDSL_DEVICEFIX03042026\FingerprintClient_IDSL_DEVICEFIX\app\tomcat\bin
05-Apr-2026 15:02:56.448 INFO [main] org.apache.catalina.startup.VersionLoggerListener.log Command line argument: -Dsqlserver.auth.dll.path=D:\housys\FingerprintClient_IDSL_DEVICEFIX03042026\FingerprintClient_IDSL_DEVICEFIX\app\tomcat\bin\mssql-jdbc_auth-13.2.1.x64.dll
05-Apr-2026 15:02:56.448 INFO [main] org.apache.catalina.startup.VersionLoggerListener.log Command line argument: -Dignore.endorsed.dirs=
05-Apr-2026 15:02:56.448 INFO [main] org.apache.catalina.startup.VersionLoggerListener.log Command line argument: -Dcatalina.base=D:\housys\FingerprintClient_IDSL_DEVICEFIX03042026\FingerprintClient_IDSL_DEVICEFIX\app\tomcat
05-Apr-2026 15:02:56.448 INFO [main] org.apache.catalina.startup.VersionLoggerListener.log Command line argument: -Dcatalina.home=D:\housys\FingerprintClient_IDSL_DEVICEFIX03042026\FingerprintClient_IDSL_DEVICEFIX\app\tomcat
05-Apr-2026 15:02:56.448 INFO [main] org.apache.catalina.startup.VersionLoggerListener.log Command line argument: -Djava.io.tmpdir=D:\housys\FingerprintClient_IDSL_DEVICEFIX03042026\FingerprintClient_IDSL_DEVICEFIX\app\tomcat\temp
05-Apr-2026 15:02:56.461 INFO [main] org.apache.catalina.core.AprLifecycleListener.lifecycleEvent Loaded Apache Tomcat Native library [1.3.5] using APR version [1.7.6].
05-Apr-2026 15:02:56.463 INFO [main] org.apache.catalina.core.AprLifecycleListener.lifecycleEvent APR capabilities: IPv6 [true], sendfile [true], accept filters [false], random [true], UDS [true].
05-Apr-2026 15:02:56.463 INFO [main] org.apache.catalina.core.AprLifecycleListener.lifecycleEvent APR/OpenSSL configuration: useAprConnector [false], useOpenSSL [true]
05-Apr-2026 15:02:56.483 INFO [main] org.apache.catalina.core.AprLifecycleListener.initializeSSL OpenSSL successfully initialized [OpenSSL 3.0.18 30 Sep 2025]
05-Apr-2026 15:02:56.954 INFO [main] org.apache.coyote.AbstractProtocol.init Initializing ProtocolHandler ["http-nio-8080"]
05-Apr-2026 15:02:56.980 INFO [main] org.apache.catalina.startup.Catalina.load Server initialization in [832] milliseconds
05-Apr-2026 15:02:57.017 INFO [main] org.apache.catalina.core.StandardService.startInternal Starting service [Catalina]
05-Apr-2026 15:02:57.017 INFO [main] org.apache.catalina.core.StandardEngine.startInternal Starting Servlet engine: [Apache Tomcat/9.0.115]
05-Apr-2026 15:02:57.039 INFO [main] org.apache.catalina.startup.HostConfig.deployWAR Deploying web application archive [D:\housys\FingerprintClient_IDSL_DEVICEFIX03042026\FingerprintClient_IDSL_DEVICEFIX\app\tomcat\webapps\demo.war]
05-Apr-2026 15:03:01.414 INFO [main] org.apache.jasper.servlet.TldScanner.scanJars At least one JAR was scanned for TLDs yet contained no TLDs. Enable debug logging for this logger for a complete list of JARs that were scanned but no TLDs were found in them. Skipping unneeded JARs during scanning can improve startup time and JSP compilation time.
05-Apr-2026 15:03:08.552 INFO [main] org.apache.catalina.startup.HostConfig.deployWAR Deployment of web application archive [D:\housys\FingerprintClient_IDSL_DEVICEFIX03042026\FingerprintClient_IDSL_DEVICEFIX\app\tomcat\webapps\demo.war] has finished in [11,511] ms
05-Apr-2026 15:03:08.552 INFO [main] org.apache.catalina.startup.HostConfig.deployDirectory Deploying web application directory [D:\housys\FingerprintClient_IDSL_DEVICEFIX03042026\FingerprintClient_IDSL_DEVICEFIX\app\tomcat\webapps\docs]
05-Apr-2026 15:03:08.605 INFO [main] org.apache.catalina.startup.HostConfig.deployDirectory Deployment of web application directory [D:\housys\FingerprintClient_IDSL_DEVICEFIX03042026\FingerprintClient_IDSL_DEVICEFIX\app\tomcat\webapps\docs] has finished in [53] ms
05-Apr-2026 15:03:08.607 INFO [main] org.apache.catalina.startup.HostConfig.deployDirectory Deploying web application directory [D:\housys\FingerprintClient_IDSL_DEVICEFIX03042026\FingerprintClient_IDSL_DEVICEFIX\app\tomcat\webapps\examples]
05-Apr-2026 15:03:09.378 INFO [main] org.apache.catalina.startup.HostConfig.deployDirectory Deployment of web application directory [D:\housys\FingerprintClient_IDSL_DEVICEFIX03042026\FingerprintClient_IDSL_DEVICEFIX\app\tomcat\webapps\examples] has finished in [773] ms
05-Apr-2026 15:03:09.378 INFO [main] org.apache.catalina.startup.HostConfig.deployDirectory Deploying web application directory [D:\housys\FingerprintClient_IDSL_DEVICEFIX03042026\FingerprintClient_IDSL_DEVICEFIX\app\tomcat\webapps\host-manager]
05-Apr-2026 15:03:09.469 INFO [main] org.apache.catalina.startup.HostConfig.deployDirectory Deployment of web application directory [D:\housys\FingerprintClient_IDSL_DEVICEFIX03042026\FingerprintClient_IDSL_DEVICEFIX\app\tomcat\webapps\host-manager] has finished in [91] ms
05-Apr-2026 15:03:09.469 INFO [main] org.apache.catalina.startup.HostConfig.deployDirectory Deploying web application directory [D:\housys\FingerprintClient_IDSL_DEVICEFIX03042026\FingerprintClient_IDSL_DEVICEFIX\app\tomcat\webapps\manager]
05-Apr-2026 15:03:09.527 INFO [main] org.apache.catalina.startup.HostConfig.deployDirectory Deployment of web application directory [D:\housys\FingerprintClient_IDSL_DEVICEFIX03042026\FingerprintClient_IDSL_DEVICEFIX\app\tomcat\webapps\manager] has finished in [58] ms
05-Apr-2026 15:03:09.528 INFO [main] org.apache.catalina.startup.HostConfig.deployDirectory Deploying web application directory [D:\housys\FingerprintClient_IDSL_DEVICEFIX03042026\FingerprintClient_IDSL_DEVICEFIX\app\tomcat\webapps\ROOT]
05-Apr-2026 15:03:09.567 INFO [main] org.apache.catalina.startup.HostConfig.deployDirectory Deployment of web application directory [D:\housys\FingerprintClient_IDSL_DEVICEFIX03042026\FingerprintClient_IDSL_DEVICEFIX\app\tomcat\webapps\ROOT] has finished in [39] ms
05-Apr-2026 15:03:09.571 INFO [main] org.apache.coyote.AbstractProtocol.start Starting ProtocolHandler ["http-nio-8080"]
05-Apr-2026 15:03:09.592 INFO [main] org.apache.catalina.startup.Catalina.start Server startup in [12611] milliseconds
05-Apr-2026 15:09:40.179 INFO [Catalina-utility-1] org.apache.catalina.startup.HostConfig.undeploy Undeploying context [/demo]
05-Apr-2026 15:09:40.297 WARNING [Catalina-utility-1] org.apache.catalina.loader.WebappClassLoaderBase.clearReferencesJdbc The web application [demo] registered the JDBC driver [com.microsoft.sqlserver.jdbc.SQLServerDriver] but failed to unregister it when the web application was stopped. To prevent a memory leak, the JDBC Driver has been forcibly unregistered.
05-Apr-2026 15:09:40.298 WARNING [Catalina-utility-1] org.apache.catalina.loader.WebappClassLoaderBase.clearReferencesThreads The web application [demo] appears to have started a thread named [Timer-0] but has failed to stop it. This is very likely to create a memory leak. Stack trace of thread:
 java.lang.Object.wait(Native Method)
 java.util.TimerThread.mainLoop(Unknown Source)
 java.util.TimerThread.run(Unknown Source)
05-Apr-2026 15:09:42.626 INFO [Catalina-utility-1] org.apache.catalina.startup.HostConfig.deployWAR Deploying web application archive [D:\housys\FingerprintClient_IDSL_DEVICEFIX03042026\FingerprintClient_IDSL_DEVICEFIX\app\tomcat\webapps\demo.war]
05-Apr-2026 15:09:51.811 INFO [Catalina-utility-1] org.apache.jasper.servlet.TldScanner.scanJars At least one JAR was scanned for TLDs yet contained no TLDs. Enable debug logging for this logger for a complete list of JARs that were scanned but no TLDs were found in them. Skipping unneeded JARs during scanning can improve startup time and JSP compilation time.
05-Apr-2026 15:09:58.738 INFO [Catalina-utility-1] org.apache.catalina.startup.HostConfig.deployWAR Deployment of web application archive [D:\housys\FingerprintClient_IDSL_DEVICEFIX03042026\FingerprintClient_IDSL_DEVICEFIX\app\tomcat\webapps\demo.war] has finished in [16,112] ms
05-Apr-2026 15:12:08.930 INFO [Catalina-utility-1] org.apache.catalina.startup.HostConfig.undeploy Undeploying context [/demo]
05-Apr-2026 15:12:09.025 WARNING [Catalina-utility-1] org.apache.catalina.loader.WebappClassLoaderBase.clearReferencesJdbc The web application [demo] registered the JDBC driver [com.microsoft.sqlserver.jdbc.SQLServerDriver] but failed to unregister it when the web application was stopped. To prevent a memory leak, the JDBC Driver has been forcibly unregistered.
05-Apr-2026 15:12:09.025 WARNING [Catalina-utility-1] org.apache.catalina.loader.WebappClassLoaderBase.clearReferencesThreads The web application [demo] appears to have started a thread named [Timer-1] but has failed to stop it. This is very likely to create a memory leak. Stack trace of thread:
 java.lang.Object.wait(Native Method)
 java.util.TimerThread.mainLoop(Unknown Source)
 java.util.TimerThread.run(Unknown Source)
05-Apr-2026 15:12:10.348 INFO [Catalina-utility-1] org.apache.catalina.startup.HostConfig.deployWAR Deploying web application archive [D:\housys\FingerprintClient_IDSL_DEVICEFIX03042026\FingerprintClient_IDSL_DEVICEFIX\app\tomcat\webapps\demo.war]
05-Apr-2026 15:12:18.214 INFO [Catalina-utility-1] org.apache.jasper.servlet.TldScanner.scanJars At least one JAR was scanned for TLDs yet contained no TLDs. Enable debug logging for this logger for a complete list of JARs that were scanned but no TLDs were found in them. Skipping unneeded JARs during scanning can improve startup time and JSP compilation time.
05-Apr-2026 15:12:24.053 INFO [Catalina-utility-1] org.apache.catalina.startup.HostConfig.deployWAR Deployment of web application archive [D:\housys\FingerprintClient_IDSL_DEVICEFIX03042026\FingerprintClient_IDSL_DEVICEFIX\app\tomcat\webapps\demo.war] has finished in [13,704] ms
05-Apr-2026 15:16:24.383 INFO [Catalina-utility-2] org.apache.catalina.startup.HostConfig.undeploy Undeploying context [/demo]
05-Apr-2026 15:16:24.476 WARNING [Catalina-utility-2] org.apache.catalina.loader.WebappClassLoaderBase.clearReferencesJdbc The web application [demo] registered the JDBC driver [com.microsoft.sqlserver.jdbc.SQLServerDriver] but failed to unregister it when the web application was stopped. To prevent a memory leak, the JDBC Driver has been forcibly unregistered.
05-Apr-2026 15:16:24.476 WARNING [Catalina-utility-2] org.apache.catalina.loader.WebappClassLoaderBase.clearReferencesThreads The web application [demo] appears to have started a thread named [Timer-2] but has failed to stop it. This is very likely to create a memory leak. Stack trace of thread:
 java.lang.Object.wait(Native Method)
 java.util.TimerThread.mainLoop(Unknown Source)
 java.util.TimerThread.run(Unknown Source)
05-Apr-2026 15:16:25.907 INFO [Catalina-utility-2] org.apache.catalina.startup.HostConfig.deployWAR Deploying web application archive [D:\housys\FingerprintClient_IDSL_DEVICEFIX03042026\FingerprintClient_IDSL_DEVICEFIX\app\tomcat\webapps\demo.war]
05-Apr-2026 15:16:32.550 INFO [Catalina-utility-2] org.apache.jasper.servlet.TldScanner.scanJars At least one JAR was scanned for TLDs yet contained no TLDs. Enable debug logging for this logger for a complete list of JARs that were scanned but no TLDs were found in them. Skipping unneeded JARs during scanning can improve startup time and JSP compilation time.
05-Apr-2026 15:16:38.760 INFO [Catalina-utility-2] org.apache.catalina.startup.HostConfig.deployWAR Deployment of web application archive [D:\housys\FingerprintClient_IDSL_DEVICEFIX03042026\FingerprintClient_IDSL_DEVICEFIX\app\tomcat\webapps\demo.war] has finished in [12,853] ms
05-Apr-2026 15:16:48.764 INFO [Catalina-utility-2] org.apache.catalina.startup.HostConfig.undeploy Undeploying context [/demo]
05-Apr-2026 15:16:48.848 WARNING [Catalina-utility-2] org.apache.catalina.loader.WebappClassLoaderBase.clearReferencesJdbc The web application [demo] registered the JDBC driver [com.microsoft.sqlserver.jdbc.SQLServerDriver] but failed to unregister it when the web application was stopped. To prevent a memory leak, the JDBC Driver has been forcibly unregistered.
05-Apr-2026 15:16:48.849 WARNING [Catalina-utility-2] org.apache.catalina.loader.WebappClassLoaderBase.clearReferencesThreads The web application [demo] appears to have started a thread named [Timer-3] but has failed to stop it. This is very likely to create a memory leak. Stack trace of thread:
 java.lang.Object.wait(Native Method)
 java.util.TimerThread.mainLoop(Unknown Source)
 java.util.TimerThread.run(Unknown Source)
05-Apr-2026 15:16:50.243 INFO [Catalina-utility-2] org.apache.catalina.startup.HostConfig.deployWAR Deploying web application archive [D:\housys\FingerprintClient_IDSL_DEVICEFIX03042026\FingerprintClient_IDSL_DEVICEFIX\app\tomcat\webapps\demo.war]
05-Apr-2026 15:16:59.815 INFO [Catalina-utility-2] org.apache.jasper.servlet.TldScanner.scanJars At least one JAR was scanned for TLDs yet contained no TLDs. Enable debug logging for this logger for a complete list of JARs that were scanned but no TLDs were found in them. Skipping unneeded JARs during scanning can improve startup time and JSP compilation time.
05-Apr-2026 15:17:06.426 INFO [Catalina-utility-2] org.apache.catalina.startup.HostConfig.deployWAR Deployment of web application archive [D:\housys\FingerprintClient_IDSL_DEVICEFIX03042026\FingerprintClient_IDSL_DEVICEFIX\app\tomcat\webapps\demo.war] has finished in [16,183] ms
05-Apr-2026 15:17:56.512 INFO [Catalina-utility-2] org.apache.catalina.startup.HostConfig.undeploy Undeploying context [/demo]
05-Apr-2026 15:17:56.602 WARNING [Catalina-utility-2] org.apache.catalina.loader.WebappClassLoaderBase.clearReferencesJdbc The web application [demo] registered the JDBC driver [com.microsoft.sqlserver.jdbc.SQLServerDriver] but failed to unregister it when the web application was stopped. To prevent a memory leak, the JDBC Driver has been forcibly unregistered.
05-Apr-2026 15:17:56.603 WARNING [Catalina-utility-2] org.apache.catalina.loader.WebappClassLoaderBase.clearReferencesThreads The web application [demo] appears to have started a thread named [Timer-4] but has failed to stop it. This is very likely to create a memory leak. Stack trace of thread:
 java.lang.Object.wait(Native Method)
 java.util.TimerThread.mainLoop(Unknown Source)
 java.util.TimerThread.run(Unknown Source)
05-Apr-2026 15:17:57.897 INFO [Catalina-utility-2] org.apache.catalina.startup.HostConfig.deployWAR Deploying web application archive [D:\housys\FingerprintClient_IDSL_DEVICEFIX03042026\FingerprintClient_IDSL_DEVICEFIX\app\tomcat\webapps\demo.war]
05-Apr-2026 15:18:04.012 INFO [Catalina-utility-2] org.apache.jasper.servlet.TldScanner.scanJars At least one JAR was scanned for TLDs yet contained no TLDs. Enable debug logging for this logger for a complete list of JARs that were scanned but no TLDs were found in them. Skipping unneeded JARs during scanning can improve startup time and JSP compilation time.
05-Apr-2026 15:18:12.824 INFO [Catalina-utility-2] org.apache.catalina.startup.HostConfig.deployWAR Deployment of web application archive [D:\housys\FingerprintClient_IDSL_DEVICEFIX03042026\FingerprintClient_IDSL_DEVICEFIX\app\tomcat\webapps\demo.war] has finished in [14,927] ms
05-Apr-2026 15:22:14.317 INFO [Thread-13] org.apache.coyote.AbstractProtocol.pause Pausing ProtocolHandler ["http-nio-8080"]
05-Apr-2026 15:22:14.515 INFO [Thread-13] org.apache.catalina.core.StandardService.stopInternal Stopping service [Catalina]
05-Apr-2026 15:22:14.654 WARNING [Thread-13] org.apache.catalina.loader.WebappClassLoaderBase.clearReferencesJdbc The web application [demo] registered the JDBC driver [com.microsoft.sqlserver.jdbc.SQLServerDriver] but failed to unregister it when the web application was stopped. To prevent a memory leak, the JDBC Driver has been forcibly unregistered.
05-Apr-2026 15:22:14.656 WARNING [Thread-13] org.apache.catalina.loader.WebappClassLoaderBase.clearReferencesThreads The web application [demo] appears to have started a thread named [Timer-5] but has failed to stop it. This is very likely to create a memory leak. Stack trace of thread:
 java.lang.Object.wait(Native Method)
 java.util.TimerThread.mainLoop(Unknown Source)
 java.util.TimerThread.run(Unknown Source)
05-Apr-2026 15:22:14.670 INFO [Thread-13] org.apache.coyote.AbstractProtocol.stop Stopping ProtocolHandler ["http-nio-8080"]
05-Apr-2026 15:22:14.690 INFO [Thread-13] org.apache.coyote.AbstractProtocol.destroy Destroying ProtocolHandler ["http-nio-8080"]
05-Apr-2026 15:26:57.524 INFO [main] org.apache.catalina.startup.VersionLoggerListener.log Server version name:   Apache Tomcat/9.0.115
05-Apr-2026 15:26:57.529 INFO [main] org.apache.catalina.startup.VersionLoggerListener.log Server built:          Jan 21 2026 08:17:26 UTC
05-Apr-2026 15:26:57.529 INFO [main] org.apache.catalina.startup.VersionLoggerListener.log Server version number: 9.0.115.0
05-Apr-2026 15:26:57.529 INFO [main] org.apache.catalina.startup.VersionLoggerListener.log OS Name:               Windows 10
05-Apr-2026 15:26:57.529 INFO [main] org.apache.catalina.startup.VersionLoggerListener.log OS Version:            10.0
05-Apr-2026 15:26:57.529 INFO [main] org.apache.catalina.startup.VersionLoggerListener.log Architecture:          amd64
05-Apr-2026 15:26:57.529 INFO [main] org.apache.catalina.startup.VersionLoggerListener.log Java Home:             D:\housys\FingerprintClient_IDSL_DEVICEFIX03042026\FingerprintClient_IDSL_DEVICEFIX\app\jre
05-Apr-2026 15:26:57.529 INFO [main] org.apache.catalina.startup.VersionLoggerListener.log JVM Version:           1.8.0_202-b08
05-Apr-2026 15:26:57.529 INFO [main] org.apache.catalina.startup.VersionLoggerListener.log JVM Vendor:            Oracle Corporation
05-Apr-2026 15:26:57.529 INFO [main] org.apache.catalina.startup.VersionLoggerListener.log CATALINA_BASE:         D:\housys\FingerprintClient_IDSL_DEVICEFIX03042026\FingerprintClient_IDSL_DEVICEFIX\app\tomcat
05-Apr-2026 15:26:57.529 INFO [main] org.apache.catalina.startup.VersionLoggerListener.log CATALINA_HOME:         D:\housys\FingerprintClient_IDSL_DEVICEFIX03042026\FingerprintClient_IDSL_DEVICEFIX\app\tomcat
05-Apr-2026 15:26:57.535 INFO [main] org.apache.catalina.startup.VersionLoggerListener.log Command line argument: -Djava.util.logging.config.file=D:\housys\FingerprintClient_IDSL_DEVICEFIX03042026\FingerprintClient_IDSL_DEVICEFIX\app\tomcat\conf\logging.properties
05-Apr-2026 15:26:57.535 INFO [main] org.apache.catalina.startup.VersionLoggerListener.log Command line argument: -Djava.util.logging.manager=org.apache.juli.ClassLoaderLogManager
05-Apr-2026 15:26:57.535 INFO [main] org.apache.catalina.startup.VersionLoggerListener.log Command line argument: -Djava.library.path=D:\housys\FingerprintClient_IDSL_DEVICEFIX03042026\FingerprintClient_IDSL_DEVICEFIX\app\tomcat\bin
05-Apr-2026 15:26:57.535 INFO [main] org.apache.catalina.startup.VersionLoggerListener.log Command line argument: -Dsqlserver.auth.dll.path=D:\housys\FingerprintClient_IDSL_DEVICEFIX03042026\FingerprintClient_IDSL_DEVICEFIX\app\tomcat\bin\mssql-jdbc_auth-13.2.1.x64.dll
05-Apr-2026 15:26:57.535 INFO [main] org.apache.catalina.startup.VersionLoggerListener.log Command line argument: -Djdk.tls.ephemeralDHKeySize=2048
05-Apr-2026 15:26:57.535 INFO [main] org.apache.catalina.startup.VersionLoggerListener.log Command line argument: -Djava.protocol.handler.pkgs=org.apache.catalina.webresources
05-Apr-2026 15:26:57.535 INFO [main] org.apache.catalina.startup.VersionLoggerListener.log Command line argument: -Dsun.io.useCanonCaches=false
05-Apr-2026 15:26:57.535 INFO [main] org.apache.catalina.startup.VersionLoggerListener.log Command line argument: -Djava.library.path=D:\housys\FingerprintClient_IDSL_DEVICEFIX03042026\FingerprintClient_IDSL_DEVICEFIX\app\tomcat\bin
05-Apr-2026 15:26:57.535 INFO [main] org.apache.catalina.startup.VersionLoggerListener.log Command line argument: -Dsqlserver.auth.dll.path=D:\housys\FingerprintClient_IDSL_DEVICEFIX03042026\FingerprintClient_IDSL_DEVICEFIX\app\tomcat\bin\mssql-jdbc_auth-13.2.1.x64.dll
05-Apr-2026 15:26:57.535 INFO [main] org.apache.catalina.startup.VersionLoggerListener.log Command line argument: -Dignore.endorsed.dirs=
05-Apr-2026 15:26:57.535 INFO [main] org.apache.catalina.startup.VersionLoggerListener.log Command line argument: -Dcatalina.base=D:\housys\FingerprintClient_IDSL_DEVICEFIX03042026\FingerprintClient_IDSL_DEVICEFIX\app\tomcat
05-Apr-2026 15:26:57.537 INFO [main] org.apache.catalina.startup.VersionLoggerListener.log Command line argument: -Dcatalina.home=D:\housys\FingerprintClient_IDSL_DEVICEFIX03042026\FingerprintClient_IDSL_DEVICEFIX\app\tomcat
05-Apr-2026 15:26:57.537 INFO [main] org.apache.catalina.startup.VersionLoggerListener.log Command line argument: -Djava.io.tmpdir=D:\housys\FingerprintClient_IDSL_DEVICEFIX03042026\FingerprintClient_IDSL_DEVICEFIX\app\tomcat\temp
05-Apr-2026 15:26:57.549 INFO [main] org.apache.catalina.core.AprLifecycleListener.lifecycleEvent Loaded Apache Tomcat Native library [1.3.5] using APR version [1.7.6].
05-Apr-2026 15:26:57.549 INFO [main] org.apache.catalina.core.AprLifecycleListener.lifecycleEvent APR capabilities: IPv6 [true], sendfile [true], accept filters [false], random [true], UDS [true].
05-Apr-2026 15:26:57.549 INFO [main] org.apache.catalina.core.AprLifecycleListener.lifecycleEvent APR/OpenSSL configuration: useAprConnector [false], useOpenSSL [true]
05-Apr-2026 15:26:57.565 INFO [main] org.apache.catalina.core.AprLifecycleListener.initializeSSL OpenSSL successfully initialized [OpenSSL 3.0.18 30 Sep 2025]
05-Apr-2026 15:26:57.968 INFO [main] org.apache.coyote.AbstractProtocol.init Initializing ProtocolHandler ["http-nio-8080"]
05-Apr-2026 15:26:58.002 INFO [main] org.apache.catalina.startup.Catalina.load Server initialization in [718] milliseconds
05-Apr-2026 15:26:58.040 INFO [main] org.apache.catalina.core.StandardService.startInternal Starting service [Catalina]
05-Apr-2026 15:26:58.040 INFO [main] org.apache.catalina.core.StandardEngine.startInternal Starting Servlet engine: [Apache Tomcat/9.0.115]
05-Apr-2026 15:26:58.062 INFO [main] org.apache.catalina.startup.HostConfig.deployWAR Deploying web application archive [D:\housys\FingerprintClient_IDSL_DEVICEFIX03042026\FingerprintClient_IDSL_DEVICEFIX\app\tomcat\webapps\demo.war]
05-Apr-2026 15:27:02.244 INFO [main] org.apache.jasper.servlet.TldScanner.scanJars At least one JAR was scanned for TLDs yet contained no TLDs. Enable debug logging for this logger for a complete list of JARs that were scanned but no TLDs were found in them. Skipping unneeded JARs during scanning can improve startup time and JSP compilation time.
05-Apr-2026 15:27:09.021 INFO [main] org.apache.catalina.startup.HostConfig.deployWAR Deployment of web application archive [D:\housys\FingerprintClient_IDSL_DEVICEFIX03042026\FingerprintClient_IDSL_DEVICEFIX\app\tomcat\webapps\demo.war] has finished in [10,958] ms
05-Apr-2026 15:27:09.022 INFO [main] org.apache.catalina.startup.HostConfig.deployDirectory Deploying web application directory [D:\housys\FingerprintClient_IDSL_DEVICEFIX03042026\FingerprintClient_IDSL_DEVICEFIX\app\tomcat\webapps\docs]
05-Apr-2026 15:27:09.072 INFO [main] org.apache.catalina.startup.HostConfig.deployDirectory Deployment of web application directory [D:\housys\FingerprintClient_IDSL_DEVICEFIX03042026\FingerprintClient_IDSL_DEVICEFIX\app\tomcat\webapps\docs] has finished in [50] ms
05-Apr-2026 15:27:09.072 INFO [main] org.apache.catalina.startup.HostConfig.deployDirectory Deploying web application directory [D:\housys\FingerprintClient_IDSL_DEVICEFIX03042026\FingerprintClient_IDSL_DEVICEFIX\app\tomcat\webapps\examples]
05-Apr-2026 15:27:09.808 INFO [main] org.apache.catalina.startup.HostConfig.deployDirectory Deployment of web application directory [D:\housys\FingerprintClient_IDSL_DEVICEFIX03042026\FingerprintClient_IDSL_DEVICEFIX\app\tomcat\webapps\examples] has finished in [736] ms
05-Apr-2026 15:27:09.808 INFO [main] org.apache.catalina.startup.HostConfig.deployDirectory Deploying web application directory [D:\housys\FingerprintClient_IDSL_DEVICEFIX03042026\FingerprintClient_IDSL_DEVICEFIX\app\tomcat\webapps\host-manager]
05-Apr-2026 15:27:09.870 INFO [main] org.apache.catalina.startup.HostConfig.deployDirectory Deployment of web application directory [D:\housys\FingerprintClient_IDSL_DEVICEFIX03042026\FingerprintClient_IDSL_DEVICEFIX\app\tomcat\webapps\host-manager] has finished in [62] ms
05-Apr-2026 15:27:09.870 INFO [main] org.apache.catalina.startup.HostConfig.deployDirectory Deploying web application directory [D:\housys\FingerprintClient_IDSL_DEVICEFIX03042026\FingerprintClient_IDSL_DEVICEFIX\app\tomcat\webapps\manager]
05-Apr-2026 15:27:09.924 INFO [main] org.apache.catalina.startup.HostConfig.deployDirectory Deployment of web application directory [D:\housys\FingerprintClient_IDSL_DEVICEFIX03042026\FingerprintClient_IDSL_DEVICEFIX\app\tomcat\webapps\manager] has finished in [54] ms
05-Apr-2026 15:27:09.924 INFO [main] org.apache.catalina.startup.HostConfig.deployDirectory Deploying web application directory [D:\housys\FingerprintClient_IDSL_DEVICEFIX03042026\FingerprintClient_IDSL_DEVICEFIX\app\tomcat\webapps\ROOT]
05-Apr-2026 15:27:09.966 INFO [main] org.apache.catalina.startup.HostConfig.deployDirectory Deployment of web application directory [D:\housys\FingerprintClient_IDSL_DEVICEFIX03042026\FingerprintClient_IDSL_DEVICEFIX\app\tomcat\webapps\ROOT] has finished in [42] ms
05-Apr-2026 15:27:09.971 INFO [main] org.apache.coyote.AbstractProtocol.start Starting ProtocolHandler ["http-nio-8080"]
05-Apr-2026 15:27:09.989 INFO [main] org.apache.catalina.startup.Catalina.start Server startup in [11987] milliseconds
05-Apr-2026 15:42:01.196 INFO [Catalina-utility-2] org.apache.catalina.startup.HostConfig.undeploy Undeploying context [/demo]
05-Apr-2026 15:42:01.297 WARNING [Catalina-utility-2] org.apache.catalina.loader.WebappClassLoaderBase.clearReferencesJdbc The web application [demo] registered the JDBC driver [com.microsoft.sqlserver.jdbc.SQLServerDriver] but failed to unregister it when the web application was stopped. To prevent a memory leak, the JDBC Driver has been forcibly unregistered.
05-Apr-2026 15:42:01.297 WARNING [Catalina-utility-2] org.apache.catalina.loader.WebappClassLoaderBase.clearReferencesThreads The web application [demo] appears to have started a thread named [Timer-0] but has failed to stop it. This is very likely to create a memory leak. Stack trace of thread:
 java.lang.Object.wait(Native Method)
 java.util.TimerThread.mainLoop(Unknown Source)
 java.util.TimerThread.run(Unknown Source)
05-Apr-2026 15:42:02.094 INFO [Catalina-utility-2] org.apache.catalina.startup.HostConfig.deployWAR Deploying web application archive [D:\housys\FingerprintClient_IDSL_DEVICEFIX03042026\FingerprintClient_IDSL_DEVICEFIX\app\tomcat\webapps\demo.war]
05-Apr-2026 15:42:09.966 INFO [Catalina-utility-2] org.apache.jasper.servlet.TldScanner.scanJars At least one JAR was scanned for TLDs yet contained no TLDs. Enable debug logging for this logger for a complete list of JARs that were scanned but no TLDs were found in them. Skipping unneeded JARs during scanning can improve startup time and JSP compilation time.
05-Apr-2026 15:42:14.487 INFO [Catalina-utility-2] org.apache.catalina.startup.HostConfig.deployWAR Deployment of web application archive [D:\housys\FingerprintClient_IDSL_DEVICEFIX03042026\FingerprintClient_IDSL_DEVICEFIX\app\tomcat\webapps\demo.war] has finished in [12,393] ms
05-Apr-2026 15:46:17.078 INFO [Thread-13] org.apache.coyote.AbstractProtocol.pause Pausing ProtocolHandler ["http-nio-8080"]
05-Apr-2026 15:46:17.233 INFO [Thread-13] org.apache.catalina.core.StandardService.stopInternal Stopping service [Catalina]
05-Apr-2026 15:46:17.356 WARNING [Thread-13] org.apache.catalina.loader.WebappClassLoaderBase.clearReferencesJdbc The web application [demo] registered the JDBC driver [com.microsoft.sqlserver.jdbc.SQLServerDriver] but failed to unregister it when the web application was stopped. To prevent a memory leak, the JDBC Driver has been forcibly unregistered.
05-Apr-2026 15:46:17.356 WARNING [Thread-13] org.apache.catalina.loader.WebappClassLoaderBase.clearReferencesThreads The web application [demo] appears to have started a thread named [Timer-1] but has failed to stop it. This is very likely to create a memory leak. Stack trace of thread:
 java.lang.Object.wait(Native Method)
 java.util.TimerThread.mainLoop(Unknown Source)
 java.util.TimerThread.run(Unknown Source)
05-Apr-2026 15:46:17.366 INFO [Thread-13] org.apache.coyote.AbstractProtocol.stop Stopping ProtocolHandler ["http-nio-8080"]
05-Apr-2026 15:46:17.376 INFO [Thread-13] org.apache.coyote.AbstractProtocol.destroy Destroying ProtocolHandler ["http-nio-8080"]
05-Apr-2026 15:48:01.138 INFO [main] org.apache.catalina.startup.VersionLoggerListener.log Server version name:   Apache Tomcat/9.0.115
05-Apr-2026 15:48:01.142 INFO [main] org.apache.catalina.startup.VersionLoggerListener.log Server built:          Jan 21 2026 08:17:26 UTC
05-Apr-2026 15:48:01.142 INFO [main] org.apache.catalina.startup.VersionLoggerListener.log Server version number: 9.0.115.0
05-Apr-2026 15:48:01.142 INFO [main] org.apache.catalina.startup.VersionLoggerListener.log OS Name:               Windows 10
05-Apr-2026 15:48:01.142 INFO [main] org.apache.catalina.startup.VersionLoggerListener.log OS Version:            10.0
05-Apr-2026 15:48:01.142 INFO [main] org.apache.catalina.startup.VersionLoggerListener.log Architecture:          amd64
05-Apr-2026 15:48:01.142 INFO [main] org.apache.catalina.startup.VersionLoggerListener.log Java Home:             D:\housys\FingerprintClient_IDSL_DEVICEFIX03042026\FingerprintClient_IDSL_DEVICEFIX\app\jre
05-Apr-2026 15:48:01.142 INFO [main] org.apache.catalina.startup.VersionLoggerListener.log JVM Version:           1.8.0_202-b08
05-Apr-2026 15:48:01.142 INFO [main] org.apache.catalina.startup.VersionLoggerListener.log JVM Vendor:            Oracle Corporation
05-Apr-2026 15:48:01.142 INFO [main] org.apache.catalina.startup.VersionLoggerListener.log CATALINA_BASE:         D:\housys\FingerprintClient_IDSL_DEVICEFIX03042026\FingerprintClient_IDSL_DEVICEFIX\app\tomcat
05-Apr-2026 15:48:01.142 INFO [main] org.apache.catalina.startup.VersionLoggerListener.log CATALINA_HOME:         D:\housys\FingerprintClient_IDSL_DEVICEFIX03042026\FingerprintClient_IDSL_DEVICEFIX\app\tomcat
05-Apr-2026 15:48:01.146 INFO [main] org.apache.catalina.startup.VersionLoggerListener.log Command line argument: -Djava.util.logging.config.file=D:\housys\FingerprintClient_IDSL_DEVICEFIX03042026\FingerprintClient_IDSL_DEVICEFIX\app\tomcat\conf\logging.properties
05-Apr-2026 15:48:01.146 INFO [main] org.apache.catalina.startup.VersionLoggerListener.log Command line argument: -Djava.util.logging.manager=org.apache.juli.ClassLoaderLogManager
05-Apr-2026 15:48:01.146 INFO [main] org.apache.catalina.startup.VersionLoggerListener.log Command line argument: -Djava.library.path=D:\housys\FingerprintClient_IDSL_DEVICEFIX03042026\FingerprintClient_IDSL_DEVICEFIX\app\tomcat\bin
05-Apr-2026 15:48:01.146 INFO [main] org.apache.catalina.startup.VersionLoggerListener.log Command line argument: -Dsqlserver.auth.dll.path=D:\housys\FingerprintClient_IDSL_DEVICEFIX03042026\FingerprintClient_IDSL_DEVICEFIX\app\tomcat\bin\mssql-jdbc_auth-13.2.1.x64.dll
05-Apr-2026 15:48:01.146 INFO [main] org.apache.catalina.startup.VersionLoggerListener.log Command line argument: -Djdk.tls.ephemeralDHKeySize=2048
05-Apr-2026 15:48:01.146 INFO [main] org.apache.catalina.startup.VersionLoggerListener.log Command line argument: -Djava.protocol.handler.pkgs=org.apache.catalina.webresources
05-Apr-2026 15:48:01.148 INFO [main] org.apache.catalina.startup.VersionLoggerListener.log Command line argument: -Dsun.io.useCanonCaches=false
05-Apr-2026 15:48:01.148 INFO [main] org.apache.catalina.startup.VersionLoggerListener.log Command line argument: -Djava.library.path=D:\housys\FingerprintClient_IDSL_DEVICEFIX03042026\FingerprintClient_IDSL_DEVICEFIX\app\tomcat\bin
05-Apr-2026 15:48:01.148 INFO [main] org.apache.catalina.startup.VersionLoggerListener.log Command line argument: -Dsqlserver.auth.dll.path=D:\housys\FingerprintClient_IDSL_DEVICEFIX03042026\FingerprintClient_IDSL_DEVICEFIX\app\tomcat\bin\mssql-jdbc_auth-13.2.1.x64.dll
05-Apr-2026 15:48:01.148 INFO [main] org.apache.catalina.startup.VersionLoggerListener.log Command line argument: -Dignore.endorsed.dirs=
05-Apr-2026 15:48:01.148 INFO [main] org.apache.catalina.startup.VersionLoggerListener.log Command line argument: -Dcatalina.base=D:\housys\FingerprintClient_IDSL_DEVICEFIX03042026\FingerprintClient_IDSL_DEVICEFIX\app\tomcat
05-Apr-2026 15:48:01.148 INFO [main] org.apache.catalina.startup.VersionLoggerListener.log Command line argument: -Dcatalina.home=D:\housys\FingerprintClient_IDSL_DEVICEFIX03042026\FingerprintClient_IDSL_DEVICEFIX\app\tomcat
05-Apr-2026 15:48:01.148 INFO [main] org.apache.catalina.startup.VersionLoggerListener.log Command line argument: -Djava.io.tmpdir=D:\housys\FingerprintClient_IDSL_DEVICEFIX03042026\FingerprintClient_IDSL_DEVICEFIX\app\tomcat\temp
05-Apr-2026 15:48:01.158 INFO [main] org.apache.catalina.core.AprLifecycleListener.lifecycleEvent Loaded Apache Tomcat Native library [1.3.5] using APR version [1.7.6].
05-Apr-2026 15:48:01.158 INFO [main] org.apache.catalina.core.AprLifecycleListener.lifecycleEvent APR capabilities: IPv6 [true], sendfile [true], accept filters [false], random [true], UDS [true].
05-Apr-2026 15:48:01.158 INFO [main] org.apache.catalina.core.AprLifecycleListener.lifecycleEvent APR/OpenSSL configuration: useAprConnector [false], useOpenSSL [true]
05-Apr-2026 15:48:01.172 INFO [main] org.apache.catalina.core.AprLifecycleListener.initializeSSL OpenSSL successfully initialized [OpenSSL 3.0.18 30 Sep 2025]
05-Apr-2026 15:48:01.485 INFO [main] org.apache.coyote.AbstractProtocol.init Initializing ProtocolHandler ["http-nio-8080"]
05-Apr-2026 15:48:01.507 INFO [main] org.apache.catalina.startup.Catalina.load Server initialization in [567] milliseconds
05-Apr-2026 15:48:01.536 INFO [main] org.apache.catalina.core.StandardService.startInternal Starting service [Catalina]
05-Apr-2026 15:48:01.536 INFO [main] org.apache.catalina.core.StandardEngine.startInternal Starting Servlet engine: [Apache Tomcat/9.0.115]
05-Apr-2026 15:48:01.554 INFO [main] org.apache.catalina.startup.HostConfig.deployWAR Deploying web application archive [D:\housys\FingerprintClient_IDSL_DEVICEFIX03042026\FingerprintClient_IDSL_DEVICEFIX\app\tomcat\webapps\demo.war]
05-Apr-2026 15:48:04.659 INFO [main] org.apache.jasper.servlet.TldScanner.scanJars At least one JAR was scanned for TLDs yet contained no TLDs. Enable debug logging for this logger for a complete list of JARs that were scanned but no TLDs were found in them. Skipping unneeded JARs during scanning can improve startup time and JSP compilation time.
05-Apr-2026 15:48:09.846 INFO [main] org.apache.catalina.startup.HostConfig.deployWAR Deployment of web application archive [D:\housys\FingerprintClient_IDSL_DEVICEFIX03042026\FingerprintClient_IDSL_DEVICEFIX\app\tomcat\webapps\demo.war] has finished in [8,292] ms
05-Apr-2026 15:48:09.848 INFO [main] org.apache.catalina.startup.HostConfig.deployDirectory Deploying web application directory [D:\housys\FingerprintClient_IDSL_DEVICEFIX03042026\FingerprintClient_IDSL_DEVICEFIX\app\tomcat\webapps\docs]
05-Apr-2026 15:48:09.884 INFO [main] org.apache.catalina.startup.HostConfig.deployDirectory Deployment of web application directory [D:\housys\FingerprintClient_IDSL_DEVICEFIX03042026\FingerprintClient_IDSL_DEVICEFIX\app\tomcat\webapps\docs] has finished in [36] ms
05-Apr-2026 15:48:09.884 INFO [main] org.apache.catalina.startup.HostConfig.deployDirectory Deploying web application directory [D:\housys\FingerprintClient_IDSL_DEVICEFIX03042026\FingerprintClient_IDSL_DEVICEFIX\app\tomcat\webapps\examples]
05-Apr-2026 15:48:10.504 INFO [main] org.apache.catalina.startup.HostConfig.deployDirectory Deployment of web application directory [D:\housys\FingerprintClient_IDSL_DEVICEFIX03042026\FingerprintClient_IDSL_DEVICEFIX\app\tomcat\webapps\examples] has finished in [620] ms
05-Apr-2026 15:48:10.505 INFO [main] org.apache.catalina.startup.HostConfig.deployDirectory Deploying web application directory [D:\housys\FingerprintClient_IDSL_DEVICEFIX03042026\FingerprintClient_IDSL_DEVICEFIX\app\tomcat\webapps\host-manager]
05-Apr-2026 15:48:10.556 INFO [main] org.apache.catalina.startup.HostConfig.deployDirectory Deployment of web application directory [D:\housys\FingerprintClient_IDSL_DEVICEFIX03042026\FingerprintClient_IDSL_DEVICEFIX\app\tomcat\webapps\host-manager] has finished in [51] ms
05-Apr-2026 15:48:10.557 INFO [main] org.apache.catalina.startup.HostConfig.deployDirectory Deploying web application directory [D:\housys\FingerprintClient_IDSL_DEVICEFIX03042026\FingerprintClient_IDSL_DEVICEFIX\app\tomcat\webapps\manager]
05-Apr-2026 15:48:10.605 INFO [main] org.apache.catalina.startup.HostConfig.deployDirectory Deployment of web application directory [D:\housys\FingerprintClient_IDSL_DEVICEFIX03042026\FingerprintClient_IDSL_DEVICEFIX\app\tomcat\webapps\manager] has finished in [48] ms
05-Apr-2026 15:48:10.605 INFO [main] org.apache.catalina.startup.HostConfig.deployDirectory Deploying web application directory [D:\housys\FingerprintClient_IDSL_DEVICEFIX03042026\FingerprintClient_IDSL_DEVICEFIX\app\tomcat\webapps\ROOT]
05-Apr-2026 15:48:10.639 INFO [main] org.apache.catalina.startup.HostConfig.deployDirectory Deployment of web application directory [D:\housys\FingerprintClient_IDSL_DEVICEFIX03042026\FingerprintClient_IDSL_DEVICEFIX\app\tomcat\webapps\ROOT] has finished in [34] ms
05-Apr-2026 15:48:10.644 INFO [main] org.apache.coyote.AbstractProtocol.start Starting ProtocolHandler ["http-nio-8080"]
05-Apr-2026 15:48:10.657 INFO [main] org.apache.catalina.startup.Catalina.start Server startup in [9149] milliseconds
05-Apr-2026 15:58:11.709 INFO [Thread-13] org.apache.coyote.AbstractProtocol.pause Pausing ProtocolHandler ["http-nio-8080"]
05-Apr-2026 15:58:11.865 INFO [Thread-13] org.apache.catalina.core.StandardService.stopInternal Stopping service [Catalina]
05-Apr-2026 15:58:12.502 WARNING [Thread-13] org.apache.catalina.loader.WebappClassLoaderBase.clearReferencesJdbc The web application [demo] registered the JDBC driver [com.microsoft.sqlserver.jdbc.SQLServerDriver] but failed to unregister it when the web application was stopped. To prevent a memory leak, the JDBC Driver has been forcibly unregistered.
05-Apr-2026 15:58:12.505 WARNING [Thread-13] org.apache.catalina.loader.WebappClassLoaderBase.clearReferencesThreads The web application [demo] appears to have started a thread named [Timer-0] but has failed to stop it. This is very likely to create a memory leak. Stack trace of thread:
 java.lang.Object.wait(Native Method)
 java.util.TimerThread.mainLoop(Unknown Source)
 java.util.TimerThread.run(Unknown Source)
05-Apr-2026 15:58:12.515 INFO [Thread-13] org.apache.coyote.AbstractProtocol.stop Stopping ProtocolHandler ["http-nio-8080"]
05-Apr-2026 15:58:12.525 INFO [Thread-13] org.apache.coyote.AbstractProtocol.destroy Destroying ProtocolHandler ["http-nio-8080"]
05-Apr-2026 16:00:29.996 INFO [main] org.apache.catalina.startup.VersionLoggerListener.log Server version name:   Apache Tomcat/9.0.115
05-Apr-2026 16:00:30.000 INFO [main] org.apache.catalina.startup.VersionLoggerListener.log Server built:          Jan 21 2026 08:17:26 UTC
05-Apr-2026 16:00:30.002 INFO [main] org.apache.catalina.startup.VersionLoggerListener.log Server version number: 9.0.115.0
05-Apr-2026 16:00:30.002 INFO [main] org.apache.catalina.startup.VersionLoggerListener.log OS Name:               Windows 10
05-Apr-2026 16:00:30.002 INFO [main] org.apache.catalina.startup.VersionLoggerListener.log OS Version:            10.0
05-Apr-2026 16:00:30.002 INFO [main] org.apache.catalina.startup.VersionLoggerListener.log Architecture:          amd64
05-Apr-2026 16:00:30.002 INFO [main] org.apache.catalina.startup.VersionLoggerListener.log Java Home:             d:\housys\FingerprintClient_IDSL_DEVICEFIX03042026\FingerprintClient_IDSL_DEVICEFIX\app\jre
05-Apr-2026 16:00:30.002 INFO [main] org.apache.catalina.startup.VersionLoggerListener.log JVM Version:           1.8.0_202-b08
05-Apr-2026 16:00:30.002 INFO [main] org.apache.catalina.startup.VersionLoggerListener.log JVM Vendor:            Oracle Corporation
05-Apr-2026 16:00:30.002 INFO [main] org.apache.catalina.startup.VersionLoggerListener.log CATALINA_BASE:         D:\housys\FingerprintClient_IDSL_DEVICEFIX03042026\FingerprintClient_IDSL_DEVICEFIX\app\tomcat
05-Apr-2026 16:00:30.002 INFO [main] org.apache.catalina.startup.VersionLoggerListener.log CATALINA_HOME:         D:\housys\FingerprintClient_IDSL_DEVICEFIX03042026\FingerprintClient_IDSL_DEVICEFIX\app\tomcat
05-Apr-2026 16:00:30.006 INFO [main] org.apache.catalina.startup.VersionLoggerListener.log Command line argument: -Djava.util.logging.config.file=d:\housys\FingerprintClient_IDSL_DEVICEFIX03042026\FingerprintClient_IDSL_DEVICEFIX\app\tomcat\conf\logging.properties
05-Apr-2026 16:00:30.006 INFO [main] org.apache.catalina.startup.VersionLoggerListener.log Command line argument: -Djava.util.logging.manager=org.apache.juli.ClassLoaderLogManager
05-Apr-2026 16:00:30.007 INFO [main] org.apache.catalina.startup.VersionLoggerListener.log Command line argument: -Djava.library.path=d:\housys\FingerprintClient_IDSL_DEVICEFIX03042026\FingerprintClient_IDSL_DEVICEFIX\app\tomcat\bin
05-Apr-2026 16:00:30.007 INFO [main] org.apache.catalina.startup.VersionLoggerListener.log Command line argument: -Dsqlserver.auth.dll.path=d:\housys\FingerprintClient_IDSL_DEVICEFIX03042026\FingerprintClient_IDSL_DEVICEFIX\app\tomcat\bin\mssql-jdbc_auth-13.2.1.x64.dll
05-Apr-2026 16:00:30.007 INFO [main] org.apache.catalina.startup.VersionLoggerListener.log Command line argument: -Djdk.tls.ephemeralDHKeySize=2048
05-Apr-2026 16:00:30.007 INFO [main] org.apache.catalina.startup.VersionLoggerListener.log Command line argument: -Djava.protocol.handler.pkgs=org.apache.catalina.webresources
05-Apr-2026 16:00:30.007 INFO [main] org.apache.catalina.startup.VersionLoggerListener.log Command line argument: -Dsun.io.useCanonCaches=false
05-Apr-2026 16:00:30.007 INFO [main] org.apache.catalina.startup.VersionLoggerListener.log Command line argument: -Dignore.endorsed.dirs=
05-Apr-2026 16:00:30.007 INFO [main] org.apache.catalina.startup.VersionLoggerListener.log Command line argument: -Dcatalina.base=d:\housys\FingerprintClient_IDSL_DEVICEFIX03042026\FingerprintClient_IDSL_DEVICEFIX\app\tomcat
05-Apr-2026 16:00:30.007 INFO [main] org.apache.catalina.startup.VersionLoggerListener.log Command line argument: -Dcatalina.home=d:\housys\FingerprintClient_IDSL_DEVICEFIX03042026\FingerprintClient_IDSL_DEVICEFIX\app\tomcat
05-Apr-2026 16:00:30.007 INFO [main] org.apache.catalina.startup.VersionLoggerListener.log Command line argument: -Djava.io.tmpdir=d:\housys\FingerprintClient_IDSL_DEVICEFIX03042026\FingerprintClient_IDSL_DEVICEFIX\app\tomcat\temp
05-Apr-2026 16:00:30.017 INFO [main] org.apache.catalina.core.AprLifecycleListener.lifecycleEvent Loaded Apache Tomcat Native library [1.3.5] using APR version [1.7.6].
05-Apr-2026 16:00:30.017 INFO [main] org.apache.catalina.core.AprLifecycleListener.lifecycleEvent APR capabilities: IPv6 [true], sendfile [true], accept filters [false], random [true], UDS [true].
05-Apr-2026 16:00:30.017 INFO [main] org.apache.catalina.core.AprLifecycleListener.lifecycleEvent APR/OpenSSL configuration: useAprConnector [false], useOpenSSL [true]
05-Apr-2026 16:00:30.033 INFO [main] org.apache.catalina.core.AprLifecycleListener.initializeSSL OpenSSL successfully initialized [OpenSSL 3.0.18 30 Sep 2025]
05-Apr-2026 16:00:30.396 INFO [main] org.apache.coyote.AbstractProtocol.init Initializing ProtocolHandler ["http-nio-8080"]
05-Apr-2026 16:00:30.417 INFO [main] org.apache.catalina.startup.Catalina.load Server initialization in [628] milliseconds
05-Apr-2026 16:00:33.488 INFO [main] org.apache.catalina.startup.VersionLoggerListener.log Server version name:   Apache Tomcat/9.0.115
05-Apr-2026 16:00:33.494 INFO [main] org.apache.catalina.startup.VersionLoggerListener.log Server built:          Jan 21 2026 08:17:26 UTC
05-Apr-2026 16:00:33.494 INFO [main] org.apache.catalina.startup.VersionLoggerListener.log Server version number: 9.0.115.0
05-Apr-2026 16:00:33.494 INFO [main] org.apache.catalina.startup.VersionLoggerListener.log OS Name:               Windows 10
05-Apr-2026 16:00:33.494 INFO [main] org.apache.catalina.startup.VersionLoggerListener.log OS Version:            10.0
05-Apr-2026 16:00:33.494 INFO [main] org.apache.catalina.startup.VersionLoggerListener.log Architecture:          amd64
05-Apr-2026 16:00:33.494 INFO [main] org.apache.catalina.startup.VersionLoggerListener.log Java Home:             d:\housys\FingerprintClient_IDSL_DEVICEFIX03042026\FingerprintClient_IDSL_DEVICEFIX\app\jre
05-Apr-2026 16:00:33.494 INFO [main] org.apache.catalina.startup.VersionLoggerListener.log JVM Version:           1.8.0_202-b08
05-Apr-2026 16:00:33.494 INFO [main] org.apache.catalina.startup.VersionLoggerListener.log JVM Vendor:            Oracle Corporation
05-Apr-2026 16:00:33.494 INFO [main] org.apache.catalina.startup.VersionLoggerListener.log CATALINA_BASE:         D:\housys\FingerprintClient_IDSL_DEVICEFIX03042026\FingerprintClient_IDSL_DEVICEFIX\app\tomcat
05-Apr-2026 16:00:33.494 INFO [main] org.apache.catalina.startup.VersionLoggerListener.log CATALINA_HOME:         D:\housys\FingerprintClient_IDSL_DEVICEFIX03042026\FingerprintClient_IDSL_DEVICEFIX\app\tomcat
05-Apr-2026 16:00:33.499 INFO [main] org.apache.catalina.startup.VersionLoggerListener.log Command line argument: -Djava.util.logging.config.file=d:\housys\FingerprintClient_IDSL_DEVICEFIX03042026\FingerprintClient_IDSL_DEVICEFIX\app\tomcat\conf\logging.properties
05-Apr-2026 16:00:33.499 INFO [main] org.apache.catalina.startup.VersionLoggerListener.log Command line argument: -Djava.util.logging.manager=org.apache.juli.ClassLoaderLogManager
05-Apr-2026 16:00:33.499 INFO [main] org.apache.catalina.startup.VersionLoggerListener.log Command line argument: -Djava.library.path=d:\housys\FingerprintClient_IDSL_DEVICEFIX03042026\FingerprintClient_IDSL_DEVICEFIX\app\tomcat\bin
05-Apr-2026 16:00:33.499 INFO [main] org.apache.catalina.startup.VersionLoggerListener.log Command line argument: -Dsqlserver.auth.dll.path=d:\housys\FingerprintClient_IDSL_DEVICEFIX03042026\FingerprintClient_IDSL_DEVICEFIX\app\tomcat\bin\mssql-jdbc_auth-13.2.1.x64.dll
05-Apr-2026 16:00:33.499 INFO [main] org.apache.catalina.startup.VersionLoggerListener.log Command line argument: -Djdk.tls.ephemeralDHKeySize=2048
05-Apr-2026 16:00:33.499 INFO [main] org.apache.catalina.startup.VersionLoggerListener.log Command line argument: -Djava.protocol.handler.pkgs=org.apache.catalina.webresources
05-Apr-2026 16:00:33.499 INFO [main] org.apache.catalina.startup.VersionLoggerListener.log Command line argument: -Dsun.io.useCanonCaches=false
05-Apr-2026 16:00:33.499 INFO [main] org.apache.catalina.startup.VersionLoggerListener.log Command line argument: -Djava.library.path=d:\housys\FingerprintClient_IDSL_DEVICEFIX03042026\FingerprintClient_IDSL_DEVICEFIX\app\tomcat\bin
05-Apr-2026 16:00:33.499 INFO [main] org.apache.catalina.startup.VersionLoggerListener.log Command line argument: -Dsqlserver.auth.dll.path=d:\housys\FingerprintClient_IDSL_DEVICEFIX03042026\FingerprintClient_IDSL_DEVICEFIX\app\tomcat\bin\mssql-jdbc_auth-13.2.1.x64.dll
05-Apr-2026 16:00:33.499 INFO [main] org.apache.catalina.startup.VersionLoggerListener.log Command line argument: -Dignore.endorsed.dirs=
05-Apr-2026 16:00:33.499 INFO [main] org.apache.catalina.startup.VersionLoggerListener.log Command line argument: -Dcatalina.base=d:\housys\FingerprintClient_IDSL_DEVICEFIX03042026\FingerprintClient_IDSL_DEVICEFIX\app\tomcat
05-Apr-2026 16:00:33.499 INFO [main] org.apache.catalina.startup.VersionLoggerListener.log Command line argument: -Dcatalina.home=d:\housys\FingerprintClient_IDSL_DEVICEFIX03042026\FingerprintClient_IDSL_DEVICEFIX\app\tomcat
05-Apr-2026 16:00:33.499 INFO [main] org.apache.catalina.startup.VersionLoggerListener.log Command line argument: -Djava.io.tmpdir=d:\housys\FingerprintClient_IDSL_DEVICEFIX03042026\FingerprintClient_IDSL_DEVICEFIX\app\tomcat\temp
05-Apr-2026 16:00:33.510 INFO [main] org.apache.catalina.core.AprLifecycleListener.lifecycleEvent Loaded Apache Tomcat Native library [1.3.5] using APR version [1.7.6].
05-Apr-2026 16:00:33.510 INFO [main] org.apache.catalina.core.AprLifecycleListener.lifecycleEvent APR capabilities: IPv6 [true], sendfile [true], accept filters [false], random [true], UDS [true].
05-Apr-2026 16:00:33.510 INFO [main] org.apache.catalina.core.AprLifecycleListener.lifecycleEvent APR/OpenSSL configuration: useAprConnector [false], useOpenSSL [true]
05-Apr-2026 16:00:33.527 INFO [main] org.apache.catalina.core.AprLifecycleListener.initializeSSL OpenSSL successfully initialized [OpenSSL 3.0.18 30 Sep 2025]
05-Apr-2026 16:00:33.852 INFO [main] org.apache.coyote.AbstractProtocol.init Initializing ProtocolHandler ["http-nio-8080"]
05-Apr-2026 16:00:33.869 INFO [main] org.apache.catalina.startup.Catalina.load Server initialization in [609] milliseconds
05-Apr-2026 16:00:33.896 INFO [main] org.apache.catalina.core.StandardService.startInternal Starting service [Catalina]
05-Apr-2026 16:00:33.896 INFO [main] org.apache.catalina.core.StandardEngine.startInternal Starting Servlet engine: [Apache Tomcat/9.0.115]
05-Apr-2026 16:00:33.914 INFO [main] org.apache.catalina.startup.HostConfig.deployWAR Deploying web application archive [D:\housys\FingerprintClient_IDSL_DEVICEFIX03042026\FingerprintClient_IDSL_DEVICEFIX\app\tomcat\webapps\demo.war]
05-Apr-2026 16:00:37.095 INFO [main] org.apache.jasper.servlet.TldScanner.scanJars At least one JAR was scanned for TLDs yet contained no TLDs. Enable debug logging for this logger for a complete list of JARs that were scanned but no TLDs were found in them. Skipping unneeded JARs during scanning can improve startup time and JSP compilation time.
05-Apr-2026 16:00:43.323 INFO [main] org.apache.catalina.startup.HostConfig.deployWAR Deployment of web application archive [D:\housys\FingerprintClient_IDSL_DEVICEFIX03042026\FingerprintClient_IDSL_DEVICEFIX\app\tomcat\webapps\demo.war] has finished in [9,407] ms
05-Apr-2026 16:00:43.323 INFO [main] org.apache.catalina.startup.HostConfig.deployDirectory Deploying web application directory [D:\housys\FingerprintClient_IDSL_DEVICEFIX03042026\FingerprintClient_IDSL_DEVICEFIX\app\tomcat\webapps\docs]
05-Apr-2026 16:00:43.365 INFO [main] org.apache.catalina.startup.HostConfig.deployDirectory Deployment of web application directory [D:\housys\FingerprintClient_IDSL_DEVICEFIX03042026\FingerprintClient_IDSL_DEVICEFIX\app\tomcat\webapps\docs] has finished in [42] ms
05-Apr-2026 16:00:43.366 INFO [main] org.apache.catalina.startup.HostConfig.deployDirectory Deploying web application directory [D:\housys\FingerprintClient_IDSL_DEVICEFIX03042026\FingerprintClient_IDSL_DEVICEFIX\app\tomcat\webapps\examples]
05-Apr-2026 16:00:43.952 INFO [main] org.apache.catalina.startup.HostConfig.deployDirectory Deployment of web application directory [D:\housys\FingerprintClient_IDSL_DEVICEFIX03042026\FingerprintClient_IDSL_DEVICEFIX\app\tomcat\webapps\examples] has finished in [586] ms
05-Apr-2026 16:00:43.952 INFO [main] org.apache.catalina.startup.HostConfig.deployDirectory Deploying web application directory [D:\housys\FingerprintClient_IDSL_DEVICEFIX03042026\FingerprintClient_IDSL_DEVICEFIX\app\tomcat\webapps\host-manager]
05-Apr-2026 16:00:44.004 INFO [main] org.apache.catalina.startup.HostConfig.deployDirectory Deployment of web application directory [D:\housys\FingerprintClient_IDSL_DEVICEFIX03042026\FingerprintClient_IDSL_DEVICEFIX\app\tomcat\webapps\host-manager] has finished in [52] ms
05-Apr-2026 16:00:44.004 INFO [main] org.apache.catalina.startup.HostConfig.deployDirectory Deploying web application directory [D:\housys\FingerprintClient_IDSL_DEVICEFIX03042026\FingerprintClient_IDSL_DEVICEFIX\app\tomcat\webapps\manager]
05-Apr-2026 16:00:44.052 INFO [main] org.apache.catalina.startup.HostConfig.deployDirectory Deployment of web application directory [D:\housys\FingerprintClient_IDSL_DEVICEFIX03042026\FingerprintClient_IDSL_DEVICEFIX\app\tomcat\webapps\manager] has finished in [48] ms
05-Apr-2026 16:00:44.052 INFO [main] org.apache.catalina.startup.HostConfig.deployDirectory Deploying web application directory [D:\housys\FingerprintClient_IDSL_DEVICEFIX03042026\FingerprintClient_IDSL_DEVICEFIX\app\tomcat\webapps\ROOT]
05-Apr-2026 16:00:44.092 INFO [main] org.apache.catalina.startup.HostConfig.deployDirectory Deployment of web application directory [D:\housys\FingerprintClient_IDSL_DEVICEFIX03042026\FingerprintClient_IDSL_DEVICEFIX\app\tomcat\webapps\ROOT] has finished in [40] ms
05-Apr-2026 16:00:44.097 INFO [main] org.apache.coyote.AbstractProtocol.start Starting ProtocolHandler ["http-nio-8080"]
05-Apr-2026 16:00:44.111 INFO [main] org.apache.catalina.startup.Catalina.start Server startup in [10242] milliseconds
05-Apr-2026 16:15:10.888 INFO [main] org.apache.catalina.startup.VersionLoggerListener.log Server version name:   Apache Tomcat/9.0.115
05-Apr-2026 16:15:10.895 INFO [main] org.apache.catalina.startup.VersionLoggerListener.log Server built:          Jan 21 2026 08:17:26 UTC
05-Apr-2026 16:15:10.895 INFO [main] org.apache.catalina.startup.VersionLoggerListener.log Server version number: 9.0.115.0
05-Apr-2026 16:15:10.895 INFO [main] org.apache.catalina.startup.VersionLoggerListener.log OS Name:               Windows 10
05-Apr-2026 16:15:10.895 INFO [main] org.apache.catalina.startup.VersionLoggerListener.log OS Version:            10.0
05-Apr-2026 16:15:10.895 INFO [main] org.apache.catalina.startup.VersionLoggerListener.log Architecture:          amd64
05-Apr-2026 16:15:10.895 INFO [main] org.apache.catalina.startup.VersionLoggerListener.log Java Home:             D:\housys\FingerprintClient_IDSL_DEVICEFIX03042026\FingerprintClient_IDSL_DEVICEFIX\app\jre
05-Apr-2026 16:15:10.895 INFO [main] org.apache.catalina.startup.VersionLoggerListener.log JVM Version:           1.8.0_202-b08
05-Apr-2026 16:15:10.895 INFO [main] org.apache.catalina.startup.VersionLoggerListener.log JVM Vendor:            Oracle Corporation
05-Apr-2026 16:15:10.895 INFO [main] org.apache.catalina.startup.VersionLoggerListener.log CATALINA_BASE:         D:\housys\FingerprintClient_IDSL_DEVICEFIX03042026\FingerprintClient_IDSL_DEVICEFIX\app\tomcat
05-Apr-2026 16:15:10.895 INFO [main] org.apache.catalina.startup.VersionLoggerListener.log CATALINA_HOME:         D:\housys\FingerprintClient_IDSL_DEVICEFIX03042026\FingerprintClient_IDSL_DEVICEFIX\app\tomcat
05-Apr-2026 16:15:10.901 INFO [main] org.apache.catalina.startup.VersionLoggerListener.log Command line argument: -Djava.util.logging.config.file=D:\housys\FingerprintClient_IDSL_DEVICEFIX03042026\FingerprintClient_IDSL_DEVICEFIX\app\tomcat\conf\logging.properties
05-Apr-2026 16:15:10.902 INFO [main] org.apache.catalina.startup.VersionLoggerListener.log Command line argument: -Djava.util.logging.manager=org.apache.juli.ClassLoaderLogManager
05-Apr-2026 16:15:10.902 INFO [main] org.apache.catalina.startup.VersionLoggerListener.log Command line argument: -Djava.library.path=D:\housys\FingerprintClient_IDSL_DEVICEFIX03042026\FingerprintClient_IDSL_DEVICEFIX\app\tomcat\bin
05-Apr-2026 16:15:10.902 INFO [main] org.apache.catalina.startup.VersionLoggerListener.log Command line argument: -Dsqlserver.auth.dll.path=D:\housys\FingerprintClient_IDSL_DEVICEFIX03042026\FingerprintClient_IDSL_DEVICEFIX\app\tomcat\bin\mssql-jdbc_auth-13.2.1.x64.dll
05-Apr-2026 16:15:10.902 INFO [main] org.apache.catalina.startup.VersionLoggerListener.log Command line argument: -Djdk.tls.ephemeralDHKeySize=2048
05-Apr-2026 16:15:10.902 INFO [main] org.apache.catalina.startup.VersionLoggerListener.log Command line argument: -Djava.protocol.handler.pkgs=org.apache.catalina.webresources
05-Apr-2026 16:15:10.902 INFO [main] org.apache.catalina.startup.VersionLoggerListener.log Command line argument: -Dsun.io.useCanonCaches=false
05-Apr-2026 16:15:10.902 INFO [main] org.apache.catalina.startup.VersionLoggerListener.log Command line argument: -Djava.library.path=D:\housys\FingerprintClient_IDSL_DEVICEFIX03042026\FingerprintClient_IDSL_DEVICEFIX\app\tomcat\bin
05-Apr-2026 16:15:10.902 INFO [main] org.apache.catalina.startup.VersionLoggerListener.log Command line argument: -Dsqlserver.auth.dll.path=D:\housys\FingerprintClient_IDSL_DEVICEFIX03042026\FingerprintClient_IDSL_DEVICEFIX\app\tomcat\bin\mssql-jdbc_auth-13.2.1.x64.dll
05-Apr-2026 16:15:10.902 INFO [main] org.apache.catalina.startup.VersionLoggerListener.log Command line argument: -Dignore.endorsed.dirs=
05-Apr-2026 16:15:10.902 INFO [main] org.apache.catalina.startup.VersionLoggerListener.log Command line argument: -Dcatalina.base=D:\housys\FingerprintClient_IDSL_DEVICEFIX03042026\FingerprintClient_IDSL_DEVICEFIX\app\tomcat
05-Apr-2026 16:15:10.902 INFO [main] org.apache.catalina.startup.VersionLoggerListener.log Command line argument: -Dcatalina.home=D:\housys\FingerprintClient_IDSL_DEVICEFIX03042026\FingerprintClient_IDSL_DEVICEFIX\app\tomcat
05-Apr-2026 16:15:10.902 INFO [main] org.apache.catalina.startup.VersionLoggerListener.log Command line argument: -Djava.io.tmpdir=D:\housys\FingerprintClient_IDSL_DEVICEFIX03042026\FingerprintClient_IDSL_DEVICEFIX\app\tomcat\temp
05-Apr-2026 16:15:10.914 INFO [main] org.apache.catalina.core.AprLifecycleListener.lifecycleEvent Loaded Apache Tomcat Native library [1.3.5] using APR version [1.7.6].
05-Apr-2026 16:15:10.914 INFO [main] org.apache.catalina.core.AprLifecycleListener.lifecycleEvent APR capabilities: IPv6 [true], sendfile [true], accept filters [false], random [true], UDS [true].
05-Apr-2026 16:15:10.914 INFO [main] org.apache.catalina.core.AprLifecycleListener.lifecycleEvent APR/OpenSSL configuration: useAprConnector [false], useOpenSSL [true]
05-Apr-2026 16:15:10.932 INFO [main] org.apache.catalina.core.AprLifecycleListener.initializeSSL OpenSSL successfully initialized [OpenSSL 3.0.18 30 Sep 2025]
05-Apr-2026 16:15:11.352 INFO [main] org.apache.coyote.AbstractProtocol.init Initializing ProtocolHandler ["http-nio-8080"]
05-Apr-2026 16:15:11.377 INFO [main] org.apache.catalina.startup.Catalina.load Server initialization in [744] milliseconds
05-Apr-2026 16:15:11.412 INFO [main] org.apache.catalina.core.StandardService.startInternal Starting service [Catalina]
05-Apr-2026 16:15:11.413 INFO [main] org.apache.catalina.core.StandardEngine.startInternal Starting Servlet engine: [Apache Tomcat/9.0.115]
05-Apr-2026 16:15:11.437 INFO [main] org.apache.catalina.startup.HostConfig.deployWAR Deploying web application archive [D:\housys\FingerprintClient_IDSL_DEVICEFIX03042026\FingerprintClient_IDSL_DEVICEFIX\app\tomcat\webapps\demo.war]
05-Apr-2026 16:15:15.686 INFO [main] org.apache.jasper.servlet.TldScanner.scanJars At least one JAR was scanned for TLDs yet contained no TLDs. Enable debug logging for this logger for a complete list of JARs that were scanned but no TLDs were found in them. Skipping unneeded JARs during scanning can improve startup time and JSP compilation time.
05-Apr-2026 16:15:22.630 INFO [main] org.apache.catalina.startup.HostConfig.deployWAR Deployment of web application archive [D:\housys\FingerprintClient_IDSL_DEVICEFIX03042026\FingerprintClient_IDSL_DEVICEFIX\app\tomcat\webapps\demo.war] has finished in [11,191] ms
05-Apr-2026 16:15:22.630 INFO [main] org.apache.catalina.startup.HostConfig.deployDirectory Deploying web application directory [D:\housys\FingerprintClient_IDSL_DEVICEFIX03042026\FingerprintClient_IDSL_DEVICEFIX\app\tomcat\webapps\docs]
05-Apr-2026 16:15:22.699 INFO [main] org.apache.catalina.startup.HostConfig.deployDirectory Deployment of web application directory [D:\housys\FingerprintClient_IDSL_DEVICEFIX03042026\FingerprintClient_IDSL_DEVICEFIX\app\tomcat\webapps\docs] has finished in [69] ms
05-Apr-2026 16:15:22.699 INFO [main] org.apache.catalina.startup.HostConfig.deployDirectory Deploying web application directory [D:\housys\FingerprintClient_IDSL_DEVICEFIX03042026\FingerprintClient_IDSL_DEVICEFIX\app\tomcat\webapps\examples]
05-Apr-2026 16:15:23.646 INFO [main] org.apache.catalina.startup.HostConfig.deployDirectory Deployment of web application directory [D:\housys\FingerprintClient_IDSL_DEVICEFIX03042026\FingerprintClient_IDSL_DEVICEFIX\app\tomcat\webapps\examples] has finished in [947] ms
05-Apr-2026 16:15:23.646 INFO [main] org.apache.catalina.startup.HostConfig.deployDirectory Deploying web application directory [D:\housys\FingerprintClient_IDSL_DEVICEFIX03042026\FingerprintClient_IDSL_DEVICEFIX\app\tomcat\webapps\host-manager]
05-Apr-2026 16:15:23.739 INFO [main] org.apache.catalina.startup.HostConfig.deployDirectory Deployment of web application directory [D:\housys\FingerprintClient_IDSL_DEVICEFIX03042026\FingerprintClient_IDSL_DEVICEFIX\app\tomcat\webapps\host-manager] has finished in [91] ms
05-Apr-2026 16:15:23.739 INFO [main] org.apache.catalina.startup.HostConfig.deployDirectory Deploying web application directory [D:\housys\FingerprintClient_IDSL_DEVICEFIX03042026\FingerprintClient_IDSL_DEVICEFIX\app\tomcat\webapps\manager]
05-Apr-2026 16:15:23.806 INFO [main] org.apache.catalina.startup.HostConfig.deployDirectory Deployment of web application directory [D:\housys\FingerprintClient_IDSL_DEVICEFIX03042026\FingerprintClient_IDSL_DEVICEFIX\app\tomcat\webapps\manager] has finished in [67] ms
05-Apr-2026 16:15:23.808 INFO [main] org.apache.catalina.startup.HostConfig.deployDirectory Deploying web application directory [D:\housys\FingerprintClient_IDSL_DEVICEFIX03042026\FingerprintClient_IDSL_DEVICEFIX\app\tomcat\webapps\ROOT]
05-Apr-2026 16:15:23.848 INFO [main] org.apache.catalina.startup.HostConfig.deployDirectory Deployment of web application directory [D:\housys\FingerprintClient_IDSL_DEVICEFIX03042026\FingerprintClient_IDSL_DEVICEFIX\app\tomcat\webapps\ROOT] has finished in [40] ms
05-Apr-2026 16:15:23.852 INFO [main] org.apache.coyote.AbstractProtocol.start Starting ProtocolHandler ["http-nio-8080"]
05-Apr-2026 16:15:23.869 INFO [main] org.apache.catalina.startup.Catalina.start Server startup in [12491] milliseconds
05-Apr-2026 16:18:50.139 INFO [Thread-13] org.apache.coyote.AbstractProtocol.pause Pausing ProtocolHandler ["http-nio-8080"]
05-Apr-2026 16:18:50.356 INFO [Thread-13] org.apache.catalina.core.StandardService.stopInternal Stopping service [Catalina]
05-Apr-2026 16:18:50.507 WARNING [Thread-13] org.apache.catalina.loader.WebappClassLoaderBase.clearReferencesJdbc The web application [demo] registered the JDBC driver [com.microsoft.sqlserver.jdbc.SQLServerDriver] but failed to unregister it when the web application was stopped. To prevent a memory leak, the JDBC Driver has been forcibly unregistered.
05-Apr-2026 16:18:50.507 WARNING [Thread-13] org.apache.catalina.loader.WebappClassLoaderBase.clearReferencesThreads The web application [demo] appears to have started a thread named [Timer-0] but has failed to stop it. This is very likely to create a memory leak. Stack trace of thread:
 java.lang.Object.wait(Native Method)
 java.util.TimerThread.mainLoop(Unknown Source)
 java.util.TimerThread.run(Unknown Source)
05-Apr-2026 16:18:50.521 INFO [Thread-13] org.apache.coyote.AbstractProtocol.stop Stopping ProtocolHandler ["http-nio-8080"]
05-Apr-2026 16:18:50.529 INFO [Thread-13] org.apache.coyote.AbstractProtocol.destroy Destroying ProtocolHandler ["http-nio-8080"]
05-Apr-2026 16:19:52.211 INFO [main] org.apache.catalina.startup.VersionLoggerListener.log Server version name:   Apache Tomcat/9.0.115
05-Apr-2026 16:19:52.219 INFO [main] org.apache.catalina.startup.VersionLoggerListener.log Server built:          Jan 21 2026 08:17:26 UTC
05-Apr-2026 16:19:52.219 INFO [main] org.apache.catalina.startup.VersionLoggerListener.log Server version number: 9.0.115.0
05-Apr-2026 16:19:52.220 INFO [main] org.apache.catalina.startup.VersionLoggerListener.log OS Name:               Windows 10
05-Apr-2026 16:19:52.220 INFO [main] org.apache.catalina.startup.VersionLoggerListener.log OS Version:            10.0
05-Apr-2026 16:19:52.220 INFO [main] org.apache.catalina.startup.VersionLoggerListener.log Architecture:          amd64
05-Apr-2026 16:19:52.220 INFO [main] org.apache.catalina.startup.VersionLoggerListener.log Java Home:             d:\housys\FingerprintClient_IDSL_DEVICEFIX03042026\FingerprintClient_IDSL_DEVICEFIX\app\jre
05-Apr-2026 16:19:52.220 INFO [main] org.apache.catalina.startup.VersionLoggerListener.log JVM Version:           1.8.0_202-b08
05-Apr-2026 16:19:52.220 INFO [main] org.apache.catalina.startup.VersionLoggerListener.log JVM Vendor:            Oracle Corporation
05-Apr-2026 16:19:52.220 INFO [main] org.apache.catalina.startup.VersionLoggerListener.log CATALINA_BASE:         D:\housys\FingerprintClient_IDSL_DEVICEFIX03042026\FingerprintClient_IDSL_DEVICEFIX\app\tomcat
05-Apr-2026 16:19:52.220 INFO [main] org.apache.catalina.startup.VersionLoggerListener.log CATALINA_HOME:         D:\housys\FingerprintClient_IDSL_DEVICEFIX03042026\FingerprintClient_IDSL_DEVICEFIX\app\tomcat
05-Apr-2026 16:19:52.226 INFO [main] org.apache.catalina.startup.VersionLoggerListener.log Command line argument: -Djava.util.logging.config.file=d:\housys\FingerprintClient_IDSL_DEVICEFIX03042026\FingerprintClient_IDSL_DEVICEFIX\app\tomcat\conf\logging.properties
05-Apr-2026 16:19:52.226 INFO [main] org.apache.catalina.startup.VersionLoggerListener.log Command line argument: -Djava.util.logging.manager=org.apache.juli.ClassLoaderLogManager
05-Apr-2026 16:19:52.226 INFO [main] org.apache.catalina.startup.VersionLoggerListener.log Command line argument: -Djava.library.path=d:\housys\FingerprintClient_IDSL_DEVICEFIX03042026\FingerprintClient_IDSL_DEVICEFIX\app\tomcat\bin
05-Apr-2026 16:19:52.226 INFO [main] org.apache.catalina.startup.VersionLoggerListener.log Command line argument: -Dsqlserver.auth.dll.path=d:\housys\FingerprintClient_IDSL_DEVICEFIX03042026\FingerprintClient_IDSL_DEVICEFIX\app\tomcat\bin\mssql-jdbc_auth-13.2.1.x64.dll
05-Apr-2026 16:19:52.226 INFO [main] org.apache.catalina.startup.VersionLoggerListener.log Command line argument: -Djdk.tls.ephemeralDHKeySize=2048
05-Apr-2026 16:19:52.226 INFO [main] org.apache.catalina.startup.VersionLoggerListener.log Command line argument: -Djava.protocol.handler.pkgs=org.apache.catalina.webresources
05-Apr-2026 16:19:52.226 INFO [main] org.apache.catalina.startup.VersionLoggerListener.log Command line argument: -Dsun.io.useCanonCaches=false
05-Apr-2026 16:19:52.226 INFO [main] org.apache.catalina.startup.VersionLoggerListener.log Command line argument: -Dignore.endorsed.dirs=
05-Apr-2026 16:19:52.226 INFO [main] org.apache.catalina.startup.VersionLoggerListener.log Command line argument: -Dcatalina.base=d:\housys\FingerprintClient_IDSL_DEVICEFIX03042026\FingerprintClient_IDSL_DEVICEFIX\app\tomcat
05-Apr-2026 16:19:52.226 INFO [main] org.apache.catalina.startup.VersionLoggerListener.log Command line argument: -Dcatalina.home=d:\housys\FingerprintClient_IDSL_DEVICEFIX03042026\FingerprintClient_IDSL_DEVICEFIX\app\tomcat
05-Apr-2026 16:19:52.226 INFO [main] org.apache.catalina.startup.VersionLoggerListener.log Command line argument: -Djava.io.tmpdir=d:\housys\FingerprintClient_IDSL_DEVICEFIX03042026\FingerprintClient_IDSL_DEVICEFIX\app\tomcat\temp
05-Apr-2026 16:19:52.240 INFO [main] org.apache.catalina.core.AprLifecycleListener.lifecycleEvent Loaded Apache Tomcat Native library [1.3.5] using APR version [1.7.6].
05-Apr-2026 16:19:52.240 INFO [main] org.apache.catalina.core.AprLifecycleListener.lifecycleEvent APR capabilities: IPv6 [true], sendfile [true], accept filters [false], random [true], UDS [true].
05-Apr-2026 16:19:52.240 INFO [main] org.apache.catalina.core.AprLifecycleListener.lifecycleEvent APR/OpenSSL configuration: useAprConnector [false], useOpenSSL [true]
05-Apr-2026 16:19:52.257 INFO [main] org.apache.catalina.core.AprLifecycleListener.initializeSSL OpenSSL successfully initialized [OpenSSL 3.0.18 30 Sep 2025]
05-Apr-2026 16:19:52.707 INFO [main] org.apache.coyote.AbstractProtocol.init Initializing ProtocolHandler ["http-nio-8080"]
05-Apr-2026 16:19:52.731 INFO [main] org.apache.catalina.startup.Catalina.load Server initialization in [776] milliseconds
05-Apr-2026 16:19:55.141 INFO [main] org.apache.catalina.startup.VersionLoggerListener.log Server version name:   Apache Tomcat/9.0.115
05-Apr-2026 16:19:55.148 INFO [main] org.apache.catalina.startup.VersionLoggerListener.log Server built:          Jan 21 2026 08:17:26 UTC
05-Apr-2026 16:19:55.148 INFO [main] org.apache.catalina.startup.VersionLoggerListener.log Server version number: 9.0.115.0
05-Apr-2026 16:19:55.148 INFO [main] org.apache.catalina.startup.VersionLoggerListener.log OS Name:               Windows 10
05-Apr-2026 16:19:55.150 INFO [main] org.apache.catalina.startup.VersionLoggerListener.log OS Version:            10.0
05-Apr-2026 16:19:55.150 INFO [main] org.apache.catalina.startup.VersionLoggerListener.log Architecture:          amd64
05-Apr-2026 16:19:55.150 INFO [main] org.apache.catalina.startup.VersionLoggerListener.log Java Home:             d:\housys\FingerprintClient_IDSL_DEVICEFIX03042026\FingerprintClient_IDSL_DEVICEFIX\app\jre
05-Apr-2026 16:19:55.150 INFO [main] org.apache.catalina.startup.VersionLoggerListener.log JVM Version:           1.8.0_202-b08
05-Apr-2026 16:19:55.150 INFO [main] org.apache.catalina.startup.VersionLoggerListener.log JVM Vendor:            Oracle Corporation
05-Apr-2026 16:19:55.150 INFO [main] org.apache.catalina.startup.VersionLoggerListener.log CATALINA_BASE:         D:\housys\FingerprintClient_IDSL_DEVICEFIX03042026\FingerprintClient_IDSL_DEVICEFIX\app\tomcat
05-Apr-2026 16:19:55.150 INFO [main] org.apache.catalina.startup.VersionLoggerListener.log CATALINA_HOME:         D:\housys\FingerprintClient_IDSL_DEVICEFIX03042026\FingerprintClient_IDSL_DEVICEFIX\app\tomcat
05-Apr-2026 16:19:55.156 INFO [main] org.apache.catalina.startup.VersionLoggerListener.log Command line argument: -Djava.util.logging.config.file=d:\housys\FingerprintClient_IDSL_DEVICEFIX03042026\FingerprintClient_IDSL_DEVICEFIX\app\tomcat\conf\logging.properties
05-Apr-2026 16:19:55.156 INFO [main] org.apache.catalina.startup.VersionLoggerListener.log Command line argument: -Djava.util.logging.manager=org.apache.juli.ClassLoaderLogManager
05-Apr-2026 16:19:55.156 INFO [main] org.apache.catalina.startup.VersionLoggerListener.log Command line argument: -Djava.library.path=d:\housys\FingerprintClient_IDSL_DEVICEFIX03042026\FingerprintClient_IDSL_DEVICEFIX\app\tomcat\bin
05-Apr-2026 16:19:55.156 INFO [main] org.apache.catalina.startup.VersionLoggerListener.log Command line argument: -Dsqlserver.auth.dll.path=d:\housys\FingerprintClient_IDSL_DEVICEFIX03042026\FingerprintClient_IDSL_DEVICEFIX\app\tomcat\bin\mssql-jdbc_auth-13.2.1.x64.dll
05-Apr-2026 16:19:55.156 INFO [main] org.apache.catalina.startup.VersionLoggerListener.log Command line argument: -Djdk.tls.ephemeralDHKeySize=2048
05-Apr-2026 16:19:55.156 INFO [main] org.apache.catalina.startup.VersionLoggerListener.log Command line argument: -Djava.protocol.handler.pkgs=org.apache.catalina.webresources
05-Apr-2026 16:19:55.156 INFO [main] org.apache.catalina.startup.VersionLoggerListener.log Command line argument: -Dsun.io.useCanonCaches=false
05-Apr-2026 16:19:55.156 INFO [main] org.apache.catalina.startup.VersionLoggerListener.log Command line argument: -Djava.library.path=d:\housys\FingerprintClient_IDSL_DEVICEFIX03042026\FingerprintClient_IDSL_DEVICEFIX\app\tomcat\bin
05-Apr-2026 16:19:55.156 INFO [main] org.apache.catalina.startup.VersionLoggerListener.log Command line argument: -Dsqlserver.auth.dll.path=d:\housys\FingerprintClient_IDSL_DEVICEFIX03042026\FingerprintClient_IDSL_DEVICEFIX\app\tomcat\bin\mssql-jdbc_auth-13.2.1.x64.dll
05-Apr-2026 16:19:55.156 INFO [main] org.apache.catalina.startup.VersionLoggerListener.log Command line argument: -Dignore.endorsed.dirs=
05-Apr-2026 16:19:55.156 INFO [main] org.apache.catalina.startup.VersionLoggerListener.log Command line argument: -Dcatalina.base=d:\housys\FingerprintClient_IDSL_DEVICEFIX03042026\FingerprintClient_IDSL_DEVICEFIX\app\tomcat
05-Apr-2026 16:19:55.158 INFO [main] org.apache.catalina.startup.VersionLoggerListener.log Command line argument: -Dcatalina.home=d:\housys\FingerprintClient_IDSL_DEVICEFIX03042026\FingerprintClient_IDSL_DEVICEFIX\app\tomcat
05-Apr-2026 16:19:55.158 INFO [main] org.apache.catalina.startup.VersionLoggerListener.log Command line argument: -Djava.io.tmpdir=d:\housys\FingerprintClient_IDSL_DEVICEFIX03042026\FingerprintClient_IDSL_DEVICEFIX\app\tomcat\temp
05-Apr-2026 16:19:55.169 INFO [main] org.apache.catalina.core.AprLifecycleListener.lifecycleEvent Loaded Apache Tomcat Native library [1.3.5] using APR version [1.7.6].
05-Apr-2026 16:19:55.171 INFO [main] org.apache.catalina.core.AprLifecycleListener.lifecycleEvent APR capabilities: IPv6 [true], sendfile [true], accept filters [false], random [true], UDS [true].
05-Apr-2026 16:19:55.171 INFO [main] org.apache.catalina.core.AprLifecycleListener.lifecycleEvent APR/OpenSSL configuration: useAprConnector [false], useOpenSSL [true]
05-Apr-2026 16:19:55.208 INFO [main] org.apache.catalina.core.AprLifecycleListener.initializeSSL OpenSSL successfully initialized [OpenSSL 3.0.18 30 Sep 2025]
05-Apr-2026 16:19:55.656 INFO [main] org.apache.coyote.AbstractProtocol.init Initializing ProtocolHandler ["http-nio-8080"]
05-Apr-2026 16:19:55.684 INFO [main] org.apache.catalina.startup.Catalina.load Server initialization in [795] milliseconds
05-Apr-2026 16:19:55.720 INFO [main] org.apache.catalina.core.StandardService.startInternal Starting service [Catalina]
05-Apr-2026 16:19:55.720 INFO [main] org.apache.catalina.core.StandardEngine.startInternal Starting Servlet engine: [Apache Tomcat/9.0.115]
05-Apr-2026 16:19:55.741 INFO [main] org.apache.catalina.startup.HostConfig.deployWAR Deploying web application archive [D:\housys\FingerprintClient_IDSL_DEVICEFIX03042026\FingerprintClient_IDSL_DEVICEFIX\app\tomcat\webapps\demo.war]
05-Apr-2026 16:19:59.941 INFO [main] org.apache.jasper.servlet.TldScanner.scanJars At least one JAR was scanned for TLDs yet contained no TLDs. Enable debug logging for this logger for a complete list of JARs that were scanned but no TLDs were found in them. Skipping unneeded JARs during scanning can improve startup time and JSP compilation time.
05-Apr-2026 16:20:07.783 INFO [main] org.apache.catalina.startup.HostConfig.deployWAR Deployment of web application archive [D:\housys\FingerprintClient_IDSL_DEVICEFIX03042026\FingerprintClient_IDSL_DEVICEFIX\app\tomcat\webapps\demo.war] has finished in [12,040] ms
05-Apr-2026 16:20:07.784 INFO [main] org.apache.catalina.startup.HostConfig.deployDirectory Deploying web application directory [D:\housys\FingerprintClient_IDSL_DEVICEFIX03042026\FingerprintClient_IDSL_DEVICEFIX\app\tomcat\webapps\docs]
05-Apr-2026 16:20:07.832 INFO [main] org.apache.catalina.startup.HostConfig.deployDirectory Deployment of web application directory [D:\housys\FingerprintClient_IDSL_DEVICEFIX03042026\FingerprintClient_IDSL_DEVICEFIX\app\tomcat\webapps\docs] has finished in [48] ms
05-Apr-2026 16:20:07.834 INFO [main] org.apache.catalina.startup.HostConfig.deployDirectory Deploying web application directory [D:\housys\FingerprintClient_IDSL_DEVICEFIX03042026\FingerprintClient_IDSL_DEVICEFIX\app\tomcat\webapps\examples]
05-Apr-2026 16:20:08.593 INFO [main] org.apache.catalina.startup.HostConfig.deployDirectory Deployment of web application directory [D:\housys\FingerprintClient_IDSL_DEVICEFIX03042026\FingerprintClient_IDSL_DEVICEFIX\app\tomcat\webapps\examples] has finished in [759] ms
05-Apr-2026 16:20:08.594 INFO [main] org.apache.catalina.startup.HostConfig.deployDirectory Deploying web application directory [D:\housys\FingerprintClient_IDSL_DEVICEFIX03042026\FingerprintClient_IDSL_DEVICEFIX\app\tomcat\webapps\host-manager]
05-Apr-2026 16:20:08.660 INFO [main] org.apache.catalina.startup.HostConfig.deployDirectory Deployment of web application directory [D:\housys\FingerprintClient_IDSL_DEVICEFIX03042026\FingerprintClient_IDSL_DEVICEFIX\app\tomcat\webapps\host-manager] has finished in [67] ms
05-Apr-2026 16:20:08.660 INFO [main] org.apache.catalina.startup.HostConfig.deployDirectory Deploying web application directory [D:\housys\FingerprintClient_IDSL_DEVICEFIX03042026\FingerprintClient_IDSL_DEVICEFIX\app\tomcat\webapps\manager]
05-Apr-2026 16:20:08.732 INFO [main] org.apache.catalina.startup.HostConfig.deployDirectory Deployment of web application directory [D:\housys\FingerprintClient_IDSL_DEVICEFIX03042026\FingerprintClient_IDSL_DEVICEFIX\app\tomcat\webapps\manager] has finished in [72] ms
05-Apr-2026 16:20:08.733 INFO [main] org.apache.catalina.startup.HostConfig.deployDirectory Deploying web application directory [D:\housys\FingerprintClient_IDSL_DEVICEFIX03042026\FingerprintClient_IDSL_DEVICEFIX\app\tomcat\webapps\ROOT]
05-Apr-2026 16:20:08.790 INFO [main] org.apache.catalina.startup.HostConfig.deployDirectory Deployment of web application directory [D:\housys\FingerprintClient_IDSL_DEVICEFIX03042026\FingerprintClient_IDSL_DEVICEFIX\app\tomcat\webapps\ROOT] has finished in [57] ms
05-Apr-2026 16:20:08.795 INFO [main] org.apache.coyote.AbstractProtocol.start Starting ProtocolHandler ["http-nio-8080"]
05-Apr-2026 16:20:08.816 INFO [main] org.apache.catalina.startup.Catalina.start Server startup in [13131] milliseconds
05-Apr-2026 16:26:29.103 INFO [main] org.apache.catalina.startup.VersionLoggerListener.log Server version name:   Apache Tomcat/9.0.115
05-Apr-2026 16:26:29.109 INFO [main] org.apache.catalina.startup.VersionLoggerListener.log Server built:          Jan 21 2026 08:17:26 UTC
05-Apr-2026 16:26:29.109 INFO [main] org.apache.catalina.startup.VersionLoggerListener.log Server version number: 9.0.115.0
05-Apr-2026 16:26:29.109 INFO [main] org.apache.catalina.startup.VersionLoggerListener.log OS Name:               Windows 10
05-Apr-2026 16:26:29.109 INFO [main] org.apache.catalina.startup.VersionLoggerListener.log OS Version:            10.0
05-Apr-2026 16:26:29.109 INFO [main] org.apache.catalina.startup.VersionLoggerListener.log Architecture:          amd64
05-Apr-2026 16:26:29.109 INFO [main] org.apache.catalina.startup.VersionLoggerListener.log Java Home:             D:\housys\FingerprintClient_IDSL_DEVICEFIX03042026\FingerprintClient_IDSL_DEVICEFIX\app\jre
05-Apr-2026 16:26:29.109 INFO [main] org.apache.catalina.startup.VersionLoggerListener.log JVM Version:           1.8.0_202-b08
05-Apr-2026 16:26:29.109 INFO [main] org.apache.catalina.startup.VersionLoggerListener.log JVM Vendor:            Oracle Corporation
05-Apr-2026 16:26:29.109 INFO [main] org.apache.catalina.startup.VersionLoggerListener.log CATALINA_BASE:         D:\housys\FingerprintClient_IDSL_DEVICEFIX03042026\FingerprintClient_IDSL_DEVICEFIX\app\tomcat
05-Apr-2026 16:26:29.109 INFO [main] org.apache.catalina.startup.VersionLoggerListener.log CATALINA_HOME:         D:\housys\FingerprintClient_IDSL_DEVICEFIX03042026\FingerprintClient_IDSL_DEVICEFIX\app\tomcat
05-Apr-2026 16:26:29.115 INFO [main] org.apache.catalina.startup.VersionLoggerListener.log Command line argument: -Djava.util.logging.config.file=D:\housys\FingerprintClient_IDSL_DEVICEFIX03042026\FingerprintClient_IDSL_DEVICEFIX\app\tomcat\conf\logging.properties
05-Apr-2026 16:26:29.115 INFO [main] org.apache.catalina.startup.VersionLoggerListener.log Command line argument: -Djava.util.logging.manager=org.apache.juli.ClassLoaderLogManager
05-Apr-2026 16:26:29.115 INFO [main] org.apache.catalina.startup.VersionLoggerListener.log Command line argument: -Djava.library.path=D:\housys\FingerprintClient_IDSL_DEVICEFIX03042026\FingerprintClient_IDSL_DEVICEFIX\app\tomcat\bin
05-Apr-2026 16:26:29.115 INFO [main] org.apache.catalina.startup.VersionLoggerListener.log Command line argument: -Dsqlserver.auth.dll.path=D:\housys\FingerprintClient_IDSL_DEVICEFIX03042026\FingerprintClient_IDSL_DEVICEFIX\app\tomcat\bin\mssql-jdbc_auth-13.2.1.x64.dll
05-Apr-2026 16:26:29.115 INFO [main] org.apache.catalina.startup.VersionLoggerListener.log Command line argument: -Djdk.tls.ephemeralDHKeySize=2048
05-Apr-2026 16:26:29.115 INFO [main] org.apache.catalina.startup.VersionLoggerListener.log Command line argument: -Djava.protocol.handler.pkgs=org.apache.catalina.webresources
05-Apr-2026 16:26:29.115 INFO [main] org.apache.catalina.startup.VersionLoggerListener.log Command line argument: -Dsun.io.useCanonCaches=false
05-Apr-2026 16:26:29.116 INFO [main] org.apache.catalina.startup.VersionLoggerListener.log Command line argument: -Dignore.endorsed.dirs=
05-Apr-2026 16:26:29.116 INFO [main] org.apache.catalina.startup.VersionLoggerListener.log Command line argument: -Dcatalina.base=D:\housys\FingerprintClient_IDSL_DEVICEFIX03042026\FingerprintClient_IDSL_DEVICEFIX\app\tomcat
05-Apr-2026 16:26:29.116 INFO [main] org.apache.catalina.startup.VersionLoggerListener.log Command line argument: -Dcatalina.home=D:\housys\FingerprintClient_IDSL_DEVICEFIX03042026\FingerprintClient_IDSL_DEVICEFIX\app\tomcat
05-Apr-2026 16:26:29.116 INFO [main] org.apache.catalina.startup.VersionLoggerListener.log Command line argument: -Djava.io.tmpdir=D:\housys\FingerprintClient_IDSL_DEVICEFIX03042026\FingerprintClient_IDSL_DEVICEFIX\app\tomcat\temp
05-Apr-2026 16:26:29.128 INFO [main] org.apache.catalina.core.AprLifecycleListener.lifecycleEvent Loaded Apache Tomcat Native library [1.3.5] using APR version [1.7.6].
05-Apr-2026 16:26:29.128 INFO [main] org.apache.catalina.core.AprLifecycleListener.lifecycleEvent APR capabilities: IPv6 [true], sendfile [true], accept filters [false], random [true], UDS [true].
05-Apr-2026 16:26:29.128 INFO [main] org.apache.catalina.core.AprLifecycleListener.lifecycleEvent APR/OpenSSL configuration: useAprConnector [false], useOpenSSL [true]
05-Apr-2026 16:26:29.144 INFO [main] org.apache.catalina.core.AprLifecycleListener.initializeSSL OpenSSL successfully initialized [OpenSSL 3.0.18 30 Sep 2025]
05-Apr-2026 16:26:29.539 INFO [main] org.apache.coyote.AbstractProtocol.init Initializing ProtocolHandler ["http-nio-8080"]
05-Apr-2026 16:26:29.565 INFO [main] org.apache.catalina.startup.Catalina.load Server initialization in [740] milliseconds
05-Apr-2026 16:26:30.739 INFO [main] org.apache.catalina.startup.VersionLoggerListener.log Server version name:   Apache Tomcat/9.0.115
05-Apr-2026 16:26:30.745 INFO [main] org.apache.catalina.startup.VersionLoggerListener.log Server built:          Jan 21 2026 08:17:26 UTC
05-Apr-2026 16:26:30.745 INFO [main] org.apache.catalina.startup.VersionLoggerListener.log Server version number: 9.0.115.0
05-Apr-2026 16:26:30.745 INFO [main] org.apache.catalina.startup.VersionLoggerListener.log OS Name:               Windows 10
05-Apr-2026 16:26:30.745 INFO [main] org.apache.catalina.startup.VersionLoggerListener.log OS Version:            10.0
05-Apr-2026 16:26:30.745 INFO [main] org.apache.catalina.startup.VersionLoggerListener.log Architecture:          amd64
05-Apr-2026 16:26:30.745 INFO [main] org.apache.catalina.startup.VersionLoggerListener.log Java Home:             D:\housys\FingerprintClient_IDSL_DEVICEFIX03042026\FingerprintClient_IDSL_DEVICEFIX\app\jre
05-Apr-2026 16:26:30.747 INFO [main] org.apache.catalina.startup.VersionLoggerListener.log JVM Version:           1.8.0_202-b08
05-Apr-2026 16:26:30.747 INFO [main] org.apache.catalina.startup.VersionLoggerListener.log JVM Vendor:            Oracle Corporation
05-Apr-2026 16:26:30.747 INFO [main] org.apache.catalina.startup.VersionLoggerListener.log CATALINA_BASE:         D:\housys\FingerprintClient_IDSL_DEVICEFIX03042026\FingerprintClient_IDSL_DEVICEFIX\app\tomcat
05-Apr-2026 16:26:30.747 INFO [main] org.apache.catalina.startup.VersionLoggerListener.log CATALINA_HOME:         D:\housys\FingerprintClient_IDSL_DEVICEFIX03042026\FingerprintClient_IDSL_DEVICEFIX\app\tomcat
05-Apr-2026 16:26:30.751 INFO [main] org.apache.catalina.startup.VersionLoggerListener.log Command line argument: -Djava.util.logging.config.file=D:\housys\FingerprintClient_IDSL_DEVICEFIX03042026\FingerprintClient_IDSL_DEVICEFIX\app\tomcat\conf\logging.properties
05-Apr-2026 16:26:30.751 INFO [main] org.apache.catalina.startup.VersionLoggerListener.log Command line argument: -Djava.util.logging.manager=org.apache.juli.ClassLoaderLogManager
05-Apr-2026 16:26:30.751 INFO [main] org.apache.catalina.startup.VersionLoggerListener.log Command line argument: -Djava.library.path=D:\housys\FingerprintClient_IDSL_DEVICEFIX03042026\FingerprintClient_IDSL_DEVICEFIX\app\tomcat\bin
05-Apr-2026 16:26:30.753 INFO [main] org.apache.catalina.startup.VersionLoggerListener.log Command line argument: -Dsqlserver.auth.dll.path=D:\housys\FingerprintClient_IDSL_DEVICEFIX03042026\FingerprintClient_IDSL_DEVICEFIX\app\tomcat\bin\mssql-jdbc_auth-13.2.1.x64.dll
05-Apr-2026 16:26:30.753 INFO [main] org.apache.catalina.startup.VersionLoggerListener.log Command line argument: -Djdk.tls.ephemeralDHKeySize=2048
05-Apr-2026 16:26:30.753 INFO [main] org.apache.catalina.startup.VersionLoggerListener.log Command line argument: -Djava.protocol.handler.pkgs=org.apache.catalina.webresources
05-Apr-2026 16:26:30.753 INFO [main] org.apache.catalina.startup.VersionLoggerListener.log Command line argument: -Dsun.io.useCanonCaches=false
05-Apr-2026 16:26:30.753 INFO [main] org.apache.catalina.startup.VersionLoggerListener.log Command line argument: -Djava.library.path=D:\housys\FingerprintClient_IDSL_DEVICEFIX03042026\FingerprintClient_IDSL_DEVICEFIX\app\tomcat\bin
05-Apr-2026 16:26:30.753 INFO [main] org.apache.catalina.startup.VersionLoggerListener.log Command line argument: -Dsqlserver.auth.dll.path=D:\housys\FingerprintClient_IDSL_DEVICEFIX03042026\FingerprintClient_IDSL_DEVICEFIX\app\tomcat\bin\mssql-jdbc_auth-13.2.1.x64.dll
05-Apr-2026 16:26:30.753 INFO [main] org.apache.catalina.startup.VersionLoggerListener.log Command line argument: -Dignore.endorsed.dirs=
05-Apr-2026 16:26:30.754 INFO [main] org.apache.catalina.startup.VersionLoggerListener.log Command line argument: -Dcatalina.base=D:\housys\FingerprintClient_IDSL_DEVICEFIX03042026\FingerprintClient_IDSL_DEVICEFIX\app\tomcat
05-Apr-2026 16:26:30.754 INFO [main] org.apache.catalina.startup.VersionLoggerListener.log Command line argument: -Dcatalina.home=D:\housys\FingerprintClient_IDSL_DEVICEFIX03042026\FingerprintClient_IDSL_DEVICEFIX\app\tomcat
05-Apr-2026 16:26:30.754 INFO [main] org.apache.catalina.startup.VersionLoggerListener.log Command line argument: -Djava.io.tmpdir=D:\housys\FingerprintClient_IDSL_DEVICEFIX03042026\FingerprintClient_IDSL_DEVICEFIX\app\tomcat\temp
05-Apr-2026 16:26:30.766 INFO [main] org.apache.catalina.core.AprLifecycleListener.lifecycleEvent Loaded Apache Tomcat Native library [1.3.5] using APR version [1.7.6].
05-Apr-2026 16:26:30.766 INFO [main] org.apache.catalina.core.AprLifecycleListener.lifecycleEvent APR capabilities: IPv6 [true], sendfile [true], accept filters [false], random [true], UDS [true].
05-Apr-2026 16:26:30.766 INFO [main] org.apache.catalina.core.AprLifecycleListener.lifecycleEvent APR/OpenSSL configuration: useAprConnector [false], useOpenSSL [true]
05-Apr-2026 16:26:30.789 INFO [main] org.apache.catalina.core.AprLifecycleListener.initializeSSL OpenSSL successfully initialized [OpenSSL 3.0.18 30 Sep 2025]
05-Apr-2026 16:26:31.243 INFO [main] org.apache.coyote.AbstractProtocol.init Initializing ProtocolHandler ["http-nio-8080"]
05-Apr-2026 16:26:31.269 INFO [main] org.apache.catalina.startup.Catalina.load Server initialization in [772] milliseconds
05-Apr-2026 16:26:31.306 INFO [main] org.apache.catalina.core.StandardService.startInternal Starting service [Catalina]
05-Apr-2026 16:26:31.307 INFO [main] org.apache.catalina.core.StandardEngine.startInternal Starting Servlet engine: [Apache Tomcat/9.0.115]
05-Apr-2026 16:26:31.327 INFO [main] org.apache.catalina.startup.HostConfig.deployWAR Deploying web application archive [D:\housys\FingerprintClient_IDSL_DEVICEFIX03042026\FingerprintClient_IDSL_DEVICEFIX\app\tomcat\webapps\demo.war]
05-Apr-2026 16:26:39.893 INFO [main] org.apache.jasper.servlet.TldScanner.scanJars At least one JAR was scanned for TLDs yet contained no TLDs. Enable debug logging for this logger for a complete list of JARs that were scanned but no TLDs were found in them. Skipping unneeded JARs during scanning can improve startup time and JSP compilation time.
05-Apr-2026 16:26:46.388 INFO [main] org.apache.catalina.startup.HostConfig.deployWAR Deployment of web application archive [D:\housys\FingerprintClient_IDSL_DEVICEFIX03042026\FingerprintClient_IDSL_DEVICEFIX\app\tomcat\webapps\demo.war] has finished in [15,059] ms
05-Apr-2026 16:26:46.389 INFO [main] org.apache.catalina.startup.HostConfig.deployDirectory Deploying web application directory [D:\housys\FingerprintClient_IDSL_DEVICEFIX03042026\FingerprintClient_IDSL_DEVICEFIX\app\tomcat\webapps\docs]
05-Apr-2026 16:26:46.436 INFO [main] org.apache.catalina.startup.HostConfig.deployDirectory Deployment of web application directory [D:\housys\FingerprintClient_IDSL_DEVICEFIX03042026\FingerprintClient_IDSL_DEVICEFIX\app\tomcat\webapps\docs] has finished in [47] ms
05-Apr-2026 16:26:46.436 INFO [main] org.apache.catalina.startup.HostConfig.deployDirectory Deploying web application directory [D:\housys\FingerprintClient_IDSL_DEVICEFIX03042026\FingerprintClient_IDSL_DEVICEFIX\app\tomcat\webapps\examples]
05-Apr-2026 16:26:47.162 INFO [main] org.apache.catalina.startup.HostConfig.deployDirectory Deployment of web application directory [D:\housys\FingerprintClient_IDSL_DEVICEFIX03042026\FingerprintClient_IDSL_DEVICEFIX\app\tomcat\webapps\examples] has finished in [725] ms
05-Apr-2026 16:26:47.162 INFO [main] org.apache.catalina.startup.HostConfig.deployDirectory Deploying web application directory [D:\housys\FingerprintClient_IDSL_DEVICEFIX03042026\FingerprintClient_IDSL_DEVICEFIX\app\tomcat\webapps\host-manager]
05-Apr-2026 16:26:47.221 INFO [main] org.apache.catalina.startup.HostConfig.deployDirectory Deployment of web application directory [D:\housys\FingerprintClient_IDSL_DEVICEFIX03042026\FingerprintClient_IDSL_DEVICEFIX\app\tomcat\webapps\host-manager] has finished in [59] ms
05-Apr-2026 16:26:47.223 INFO [main] org.apache.catalina.startup.HostConfig.deployDirectory Deploying web application directory [D:\housys\FingerprintClient_IDSL_DEVICEFIX03042026\FingerprintClient_IDSL_DEVICEFIX\app\tomcat\webapps\manager]
05-Apr-2026 16:26:47.279 INFO [main] org.apache.catalina.startup.HostConfig.deployDirectory Deployment of web application directory [D:\housys\FingerprintClient_IDSL_DEVICEFIX03042026\FingerprintClient_IDSL_DEVICEFIX\app\tomcat\webapps\manager] has finished in [56] ms
05-Apr-2026 16:26:47.280 INFO [main] org.apache.catalina.startup.HostConfig.deployDirectory Deploying web application directory [D:\housys\FingerprintClient_IDSL_DEVICEFIX03042026\FingerprintClient_IDSL_DEVICEFIX\app\tomcat\webapps\ROOT]
05-Apr-2026 16:26:47.320 INFO [main] org.apache.catalina.startup.HostConfig.deployDirectory Deployment of web application directory [D:\housys\FingerprintClient_IDSL_DEVICEFIX03042026\FingerprintClient_IDSL_DEVICEFIX\app\tomcat\webapps\ROOT] has finished in [39] ms
05-Apr-2026 16:26:47.325 INFO [main] org.apache.coyote.AbstractProtocol.start Starting ProtocolHandler ["http-nio-8080"]
05-Apr-2026 16:26:47.345 INFO [main] org.apache.catalina.startup.Catalina.start Server startup in [16074] milliseconds
05-Apr-2026 16:37:05.913 INFO [main] org.apache.catalina.startup.VersionLoggerListener.log Server version name:   Apache Tomcat/9.0.115
05-Apr-2026 16:37:05.919 INFO [main] org.apache.catalina.startup.VersionLoggerListener.log Server built:          Jan 21 2026 08:17:26 UTC
05-Apr-2026 16:37:05.919 INFO [main] org.apache.catalina.startup.VersionLoggerListener.log Server version number: 9.0.115.0
05-Apr-2026 16:37:05.919 INFO [main] org.apache.catalina.startup.VersionLoggerListener.log OS Name:               Windows 10
05-Apr-2026 16:37:05.919 INFO [main] org.apache.catalina.startup.VersionLoggerListener.log OS Version:            10.0
05-Apr-2026 16:37:05.919 INFO [main] org.apache.catalina.startup.VersionLoggerListener.log Architecture:          amd64
05-Apr-2026 16:37:05.919 INFO [main] org.apache.catalina.startup.VersionLoggerListener.log Java Home:             D:\housys\FingerprintClient_IDSL_DEVICEFIX03042026\FingerprintClient_IDSL_DEVICEFIX\app\jre
05-Apr-2026 16:37:05.919 INFO [main] org.apache.catalina.startup.VersionLoggerListener.log JVM Version:           1.8.0_202-b08
05-Apr-2026 16:37:05.919 INFO [main] org.apache.catalina.startup.VersionLoggerListener.log JVM Vendor:            Oracle Corporation
05-Apr-2026 16:37:05.920 INFO [main] org.apache.catalina.startup.VersionLoggerListener.log CATALINA_BASE:         D:\housys\FingerprintClient_IDSL_DEVICEFIX03042026\FingerprintClient_IDSL_DEVICEFIX\app\tomcat
05-Apr-2026 16:37:05.920 INFO [main] org.apache.catalina.startup.VersionLoggerListener.log CATALINA_HOME:         D:\housys\FingerprintClient_IDSL_DEVICEFIX03042026\FingerprintClient_IDSL_DEVICEFIX\app\tomcat
05-Apr-2026 16:37:05.926 INFO [main] org.apache.catalina.startup.VersionLoggerListener.log Command line argument: -Djava.util.logging.config.file=D:\housys\FingerprintClient_IDSL_DEVICEFIX03042026\FingerprintClient_IDSL_DEVICEFIX\app\tomcat\conf\logging.properties
05-Apr-2026 16:37:05.926 INFO [main] org.apache.catalina.startup.VersionLoggerListener.log Command line argument: -Djava.util.logging.manager=org.apache.juli.ClassLoaderLogManager
05-Apr-2026 16:37:05.926 INFO [main] org.apache.catalina.startup.VersionLoggerListener.log Command line argument: -Djava.library.path=D:\housys\FingerprintClient_IDSL_DEVICEFIX03042026\FingerprintClient_IDSL_DEVICEFIX\app\tomcat\bin
05-Apr-2026 16:37:05.926 INFO [main] org.apache.catalina.startup.VersionLoggerListener.log Command line argument: -Dsqlserver.auth.dll.path=D:\housys\FingerprintClient_IDSL_DEVICEFIX03042026\FingerprintClient_IDSL_DEVICEFIX\app\tomcat\bin\mssql-jdbc_auth-13.2.1.x64.dll
05-Apr-2026 16:37:05.926 INFO [main] org.apache.catalina.startup.VersionLoggerListener.log Command line argument: -Djdk.tls.ephemeralDHKeySize=2048
05-Apr-2026 16:37:05.926 INFO [main] org.apache.catalina.startup.VersionLoggerListener.log Command line argument: -Djava.protocol.handler.pkgs=org.apache.catalina.webresources
05-Apr-2026 16:37:05.926 INFO [main] org.apache.catalina.startup.VersionLoggerListener.log Command line argument: -Dsun.io.useCanonCaches=false
05-Apr-2026 16:37:05.926 INFO [main] org.apache.catalina.startup.VersionLoggerListener.log Command line argument: -Dignore.endorsed.dirs=
05-Apr-2026 16:37:05.927 INFO [main] org.apache.catalina.startup.VersionLoggerListener.log Command line argument: -Dcatalina.base=D:\housys\FingerprintClient_IDSL_DEVICEFIX03042026\FingerprintClient_IDSL_DEVICEFIX\app\tomcat
05-Apr-2026 16:37:05.927 INFO [main] org.apache.catalina.startup.VersionLoggerListener.log Command line argument: -Dcatalina.home=D:\housys\FingerprintClient_IDSL_DEVICEFIX03042026\FingerprintClient_IDSL_DEVICEFIX\app\tomcat
05-Apr-2026 16:37:05.927 INFO [main] org.apache.catalina.startup.VersionLoggerListener.log Command line argument: -Djava.io.tmpdir=D:\housys\FingerprintClient_IDSL_DEVICEFIX03042026\FingerprintClient_IDSL_DEVICEFIX\app\tomcat\temp
05-Apr-2026 16:37:05.939 INFO [main] org.apache.catalina.core.AprLifecycleListener.lifecycleEvent Loaded Apache Tomcat Native library [1.3.5] using APR version [1.7.6].
05-Apr-2026 16:37:05.939 INFO [main] org.apache.catalina.core.AprLifecycleListener.lifecycleEvent APR capabilities: IPv6 [true], sendfile [true], accept filters [false], random [true], UDS [true].
05-Apr-2026 16:37:05.939 INFO [main] org.apache.catalina.core.AprLifecycleListener.lifecycleEvent APR/OpenSSL configuration: useAprConnector [false], useOpenSSL [true]
05-Apr-2026 16:37:05.956 INFO [main] org.apache.catalina.core.AprLifecycleListener.initializeSSL OpenSSL successfully initialized [OpenSSL 3.0.18 30 Sep 2025]
05-Apr-2026 16:37:06.397 INFO [main] org.apache.coyote.AbstractProtocol.init Initializing ProtocolHandler ["http-nio-8080"]
05-Apr-2026 16:37:06.420 INFO [main] org.apache.catalina.startup.Catalina.load Server initialization in [823] milliseconds
05-Apr-2026 16:37:07.958 INFO [main] org.apache.catalina.startup.VersionLoggerListener.log Server version name:   Apache Tomcat/9.0.115
05-Apr-2026 16:37:07.963 INFO [main] org.apache.catalina.startup.VersionLoggerListener.log Server built:          Jan 21 2026 08:17:26 UTC
05-Apr-2026 16:37:07.964 INFO [main] org.apache.catalina.startup.VersionLoggerListener.log Server version number: 9.0.115.0
05-Apr-2026 16:37:07.964 INFO [main] org.apache.catalina.startup.VersionLoggerListener.log OS Name:               Windows 10
05-Apr-2026 16:37:07.964 INFO [main] org.apache.catalina.startup.VersionLoggerListener.log OS Version:            10.0
05-Apr-2026 16:37:07.965 INFO [main] org.apache.catalina.startup.VersionLoggerListener.log Architecture:          amd64
05-Apr-2026 16:37:07.965 INFO [main] org.apache.catalina.startup.VersionLoggerListener.log Java Home:             D:\housys\FingerprintClient_IDSL_DEVICEFIX03042026\FingerprintClient_IDSL_DEVICEFIX\app\jre
05-Apr-2026 16:37:07.965 INFO [main] org.apache.catalina.startup.VersionLoggerListener.log JVM Version:           1.8.0_202-b08
05-Apr-2026 16:37:07.965 INFO [main] org.apache.catalina.startup.VersionLoggerListener.log JVM Vendor:            Oracle Corporation
05-Apr-2026 16:37:07.965 INFO [main] org.apache.catalina.startup.VersionLoggerListener.log CATALINA_BASE:         D:\housys\FingerprintClient_IDSL_DEVICEFIX03042026\FingerprintClient_IDSL_DEVICEFIX\app\tomcat
05-Apr-2026 16:37:07.965 INFO [main] org.apache.catalina.startup.VersionLoggerListener.log CATALINA_HOME:         D:\housys\FingerprintClient_IDSL_DEVICEFIX03042026\FingerprintClient_IDSL_DEVICEFIX\app\tomcat
05-Apr-2026 16:37:07.971 INFO [main] org.apache.catalina.startup.VersionLoggerListener.log Command line argument: -Djava.util.logging.config.file=D:\housys\FingerprintClient_IDSL_DEVICEFIX03042026\FingerprintClient_IDSL_DEVICEFIX\app\tomcat\conf\logging.properties
05-Apr-2026 16:37:07.971 INFO [main] org.apache.catalina.startup.VersionLoggerListener.log Command line argument: -Djava.util.logging.manager=org.apache.juli.ClassLoaderLogManager
05-Apr-2026 16:37:07.971 INFO [main] org.apache.catalina.startup.VersionLoggerListener.log Command line argument: -Djava.library.path=D:\housys\FingerprintClient_IDSL_DEVICEFIX03042026\FingerprintClient_IDSL_DEVICEFIX\app\tomcat\bin
05-Apr-2026 16:37:07.971 INFO [main] org.apache.catalina.startup.VersionLoggerListener.log Command line argument: -Dsqlserver.auth.dll.path=D:\housys\FingerprintClient_IDSL_DEVICEFIX03042026\FingerprintClient_IDSL_DEVICEFIX\app\tomcat\bin\mssql-jdbc_auth-13.2.1.x64.dll
05-Apr-2026 16:37:07.971 INFO [main] org.apache.catalina.startup.VersionLoggerListener.log Command line argument: -Djdk.tls.ephemeralDHKeySize=2048
05-Apr-2026 16:37:07.971 INFO [main] org.apache.catalina.startup.VersionLoggerListener.log Command line argument: -Djava.protocol.handler.pkgs=org.apache.catalina.webresources
05-Apr-2026 16:37:07.971 INFO [main] org.apache.catalina.startup.VersionLoggerListener.log Command line argument: -Dsun.io.useCanonCaches=false
05-Apr-2026 16:37:07.971 INFO [main] org.apache.catalina.startup.VersionLoggerListener.log Command line argument: -Djava.library.path=D:\housys\FingerprintClient_IDSL_DEVICEFIX03042026\FingerprintClient_IDSL_DEVICEFIX\app\tomcat\bin
05-Apr-2026 16:37:07.973 INFO [main] org.apache.catalina.startup.VersionLoggerListener.log Command line argument: -Dsqlserver.auth.dll.path=D:\housys\FingerprintClient_IDSL_DEVICEFIX03042026\FingerprintClient_IDSL_DEVICEFIX\app\tomcat\bin\mssql-jdbc_auth-13.2.1.x64.dll
05-Apr-2026 16:37:07.973 INFO [main] org.apache.catalina.startup.VersionLoggerListener.log Command line argument: -Dignore.endorsed.dirs=
05-Apr-2026 16:37:07.973 INFO [main] org.apache.catalina.startup.VersionLoggerListener.log Command line argument: -Dcatalina.base=D:\housys\FingerprintClient_IDSL_DEVICEFIX03042026\FingerprintClient_IDSL_DEVICEFIX\app\tomcat
05-Apr-2026 16:37:07.973 INFO [main] org.apache.catalina.startup.VersionLoggerListener.log Command line argument: -Dcatalina.home=D:\housys\FingerprintClient_IDSL_DEVICEFIX03042026\FingerprintClient_IDSL_DEVICEFIX\app\tomcat
05-Apr-2026 16:37:07.973 INFO [main] org.apache.catalina.startup.VersionLoggerListener.log Command line argument: -Djava.io.tmpdir=D:\housys\FingerprintClient_IDSL_DEVICEFIX03042026\FingerprintClient_IDSL_DEVICEFIX\app\tomcat\temp
05-Apr-2026 16:37:07.986 INFO [main] org.apache.catalina.core.AprLifecycleListener.lifecycleEvent Loaded Apache Tomcat Native library [1.3.5] using APR version [1.7.6].
05-Apr-2026 16:37:07.986 INFO [main] org.apache.catalina.core.AprLifecycleListener.lifecycleEvent APR capabilities: IPv6 [true], sendfile [true], accept filters [false], random [true], UDS [true].
05-Apr-2026 16:37:07.986 INFO [main] org.apache.catalina.core.AprLifecycleListener.lifecycleEvent APR/OpenSSL configuration: useAprConnector [false], useOpenSSL [true]
05-Apr-2026 16:37:08.005 INFO [main] org.apache.catalina.core.AprLifecycleListener.initializeSSL OpenSSL successfully initialized [OpenSSL 3.0.18 30 Sep 2025]
05-Apr-2026 16:37:08.465 INFO [main] org.apache.coyote.AbstractProtocol.init Initializing ProtocolHandler ["http-nio-8080"]
05-Apr-2026 16:37:08.491 INFO [main] org.apache.catalina.startup.Catalina.load Server initialization in [803] milliseconds
05-Apr-2026 16:37:08.521 INFO [main] org.apache.catalina.core.StandardService.startInternal Starting service [Catalina]
05-Apr-2026 16:37:08.524 INFO [main] org.apache.catalina.core.StandardEngine.startInternal Starting Servlet engine: [Apache Tomcat/9.0.115]
05-Apr-2026 16:37:08.549 INFO [main] org.apache.catalina.startup.HostConfig.deployWAR Deploying web application archive [D:\housys\FingerprintClient_IDSL_DEVICEFIX03042026\FingerprintClient_IDSL_DEVICEFIX\app\tomcat\webapps\demo.war]
05-Apr-2026 16:37:13.443 INFO [main] org.apache.jasper.servlet.TldScanner.scanJars At least one JAR was scanned for TLDs yet contained no TLDs. Enable debug logging for this logger for a complete list of JARs that were scanned but no TLDs were found in them. Skipping unneeded JARs during scanning can improve startup time and JSP compilation time.
05-Apr-2026 16:37:21.371 INFO [main] org.apache.catalina.startup.HostConfig.deployWAR Deployment of web application archive [D:\housys\FingerprintClient_IDSL_DEVICEFIX03042026\FingerprintClient_IDSL_DEVICEFIX\app\tomcat\webapps\demo.war] has finished in [12,820] ms
05-Apr-2026 16:37:21.373 INFO [main] org.apache.catalina.startup.HostConfig.deployDirectory Deploying web application directory [D:\housys\FingerprintClient_IDSL_DEVICEFIX03042026\FingerprintClient_IDSL_DEVICEFIX\app\tomcat\webapps\docs]
05-Apr-2026 16:37:21.428 INFO [main] org.apache.catalina.startup.HostConfig.deployDirectory Deployment of web application directory [D:\housys\FingerprintClient_IDSL_DEVICEFIX03042026\FingerprintClient_IDSL_DEVICEFIX\app\tomcat\webapps\docs] has finished in [55] ms
05-Apr-2026 16:37:21.428 INFO [main] org.apache.catalina.startup.HostConfig.deployDirectory Deploying web application directory [D:\housys\FingerprintClient_IDSL_DEVICEFIX03042026\FingerprintClient_IDSL_DEVICEFIX\app\tomcat\webapps\examples]
05-Apr-2026 16:37:22.200 INFO [main] org.apache.catalina.startup.HostConfig.deployDirectory Deployment of web application directory [D:\housys\FingerprintClient_IDSL_DEVICEFIX03042026\FingerprintClient_IDSL_DEVICEFIX\app\tomcat\webapps\examples] has finished in [772] ms
05-Apr-2026 16:37:22.201 INFO [main] org.apache.catalina.startup.HostConfig.deployDirectory Deploying web application directory [D:\housys\FingerprintClient_IDSL_DEVICEFIX03042026\FingerprintClient_IDSL_DEVICEFIX\app\tomcat\webapps\host-manager]
05-Apr-2026 16:37:22.269 INFO [main] org.apache.catalina.startup.HostConfig.deployDirectory Deployment of web application directory [D:\housys\FingerprintClient_IDSL_DEVICEFIX03042026\FingerprintClient_IDSL_DEVICEFIX\app\tomcat\webapps\host-manager] has finished in [68] ms
05-Apr-2026 16:37:22.271 INFO [main] org.apache.catalina.startup.HostConfig.deployDirectory Deploying web application directory [D:\housys\FingerprintClient_IDSL_DEVICEFIX03042026\FingerprintClient_IDSL_DEVICEFIX\app\tomcat\webapps\manager]
05-Apr-2026 16:37:22.327 INFO [main] org.apache.catalina.startup.HostConfig.deployDirectory Deployment of web application directory [D:\housys\FingerprintClient_IDSL_DEVICEFIX03042026\FingerprintClient_IDSL_DEVICEFIX\app\tomcat\webapps\manager] has finished in [56] ms
05-Apr-2026 16:37:22.327 INFO [main] org.apache.catalina.startup.HostConfig.deployDirectory Deploying web application directory [D:\housys\FingerprintClient_IDSL_DEVICEFIX03042026\FingerprintClient_IDSL_DEVICEFIX\app\tomcat\webapps\ROOT]
05-Apr-2026 16:37:22.369 INFO [main] org.apache.catalina.startup.HostConfig.deployDirectory Deployment of web application directory [D:\housys\FingerprintClient_IDSL_DEVICEFIX03042026\FingerprintClient_IDSL_DEVICEFIX\app\tomcat\webapps\ROOT] has finished in [42] ms
05-Apr-2026 16:37:22.375 INFO [main] org.apache.coyote.AbstractProtocol.start Starting ProtocolHandler ["http-nio-8080"]
05-Apr-2026 16:37:22.394 INFO [main] org.apache.catalina.startup.Catalina.start Server startup in [13902] milliseconds
05-Apr-2026 16:37:53.418 INFO [main] org.apache.catalina.startup.VersionLoggerListener.log Server version name:   Apache Tomcat/9.0.115
05-Apr-2026 16:37:53.424 INFO [main] org.apache.catalina.startup.VersionLoggerListener.log Server built:          Jan 21 2026 08:17:26 UTC
05-Apr-2026 16:37:53.424 INFO [main] org.apache.catalina.startup.VersionLoggerListener.log Server version number: 9.0.115.0
05-Apr-2026 16:37:53.424 INFO [main] org.apache.catalina.startup.VersionLoggerListener.log OS Name:               Windows 10
05-Apr-2026 16:37:53.424 INFO [main] org.apache.catalina.startup.VersionLoggerListener.log OS Version:            10.0
05-Apr-2026 16:37:53.424 INFO [main] org.apache.catalina.startup.VersionLoggerListener.log Architecture:          amd64
05-Apr-2026 16:37:53.424 INFO [main] org.apache.catalina.startup.VersionLoggerListener.log Java Home:             D:\housys\FingerprintClient_IDSL_DEVICEFIX03042026\FingerprintClient_IDSL_DEVICEFIX\app\jre
05-Apr-2026 16:37:53.424 INFO [main] org.apache.catalina.startup.VersionLoggerListener.log JVM Version:           1.8.0_202-b08
05-Apr-2026 16:37:53.424 INFO [main] org.apache.catalina.startup.VersionLoggerListener.log JVM Vendor:            Oracle Corporation
05-Apr-2026 16:37:53.424 INFO [main] org.apache.catalina.startup.VersionLoggerListener.log CATALINA_BASE:         D:\housys\FingerprintClient_IDSL_DEVICEFIX03042026\FingerprintClient_IDSL_DEVICEFIX\app\tomcat
05-Apr-2026 16:37:53.424 INFO [main] org.apache.catalina.startup.VersionLoggerListener.log CATALINA_HOME:         D:\housys\FingerprintClient_IDSL_DEVICEFIX03042026\FingerprintClient_IDSL_DEVICEFIX\app\tomcat
05-Apr-2026 16:37:53.430 INFO [main] org.apache.catalina.startup.VersionLoggerListener.log Command line argument: -Djava.util.logging.config.file=D:\housys\FingerprintClient_IDSL_DEVICEFIX03042026\FingerprintClient_IDSL_DEVICEFIX\app\tomcat\conf\logging.properties
05-Apr-2026 16:37:53.430 INFO [main] org.apache.catalina.startup.VersionLoggerListener.log Command line argument: -Djava.util.logging.manager=org.apache.juli.ClassLoaderLogManager
05-Apr-2026 16:37:53.430 INFO [main] org.apache.catalina.startup.VersionLoggerListener.log Command line argument: -Djava.library.path=D:\housys\FingerprintClient_IDSL_DEVICEFIX03042026\FingerprintClient_IDSL_DEVICEFIX\app\tomcat\bin
05-Apr-2026 16:37:53.430 INFO [main] org.apache.catalina.startup.VersionLoggerListener.log Command line argument: -Dsqlserver.auth.dll.path=D:\housys\FingerprintClient_IDSL_DEVICEFIX03042026\FingerprintClient_IDSL_DEVICEFIX\app\tomcat\bin\mssql-jdbc_auth-13.2.1.x64.dll
05-Apr-2026 16:37:53.430 INFO [main] org.apache.catalina.startup.VersionLoggerListener.log Command line argument: -Djdk.tls.ephemeralDHKeySize=2048
05-Apr-2026 16:37:53.430 INFO [main] org.apache.catalina.startup.VersionLoggerListener.log Command line argument: -Djava.protocol.handler.pkgs=org.apache.catalina.webresources
05-Apr-2026 16:37:53.430 INFO [main] org.apache.catalina.startup.VersionLoggerListener.log Command line argument: -Dsun.io.useCanonCaches=false
05-Apr-2026 16:37:53.430 INFO [main] org.apache.catalina.startup.VersionLoggerListener.log Command line argument: -Dignore.endorsed.dirs=
05-Apr-2026 16:37:53.430 INFO [main] org.apache.catalina.startup.VersionLoggerListener.log Command line argument: -Dcatalina.base=D:\housys\FingerprintClient_IDSL_DEVICEFIX03042026\FingerprintClient_IDSL_DEVICEFIX\app\tomcat
05-Apr-2026 16:37:53.430 INFO [main] org.apache.catalina.startup.VersionLoggerListener.log Command line argument: -Dcatalina.home=D:\housys\FingerprintClient_IDSL_DEVICEFIX03042026\FingerprintClient_IDSL_DEVICEFIX\app\tomcat
05-Apr-2026 16:37:53.430 INFO [main] org.apache.catalina.startup.VersionLoggerListener.log Command line argument: -Djava.io.tmpdir=D:\housys\FingerprintClient_IDSL_DEVICEFIX03042026\FingerprintClient_IDSL_DEVICEFIX\app\tomcat\temp
05-Apr-2026 16:37:53.442 INFO [main] org.apache.catalina.core.AprLifecycleListener.lifecycleEvent Loaded Apache Tomcat Native library [1.3.5] using APR version [1.7.6].
05-Apr-2026 16:37:53.442 INFO [main] org.apache.catalina.core.AprLifecycleListener.lifecycleEvent APR capabilities: IPv6 [true], sendfile [true], accept filters [false], random [true], UDS [true].
05-Apr-2026 16:37:53.442 INFO [main] org.apache.catalina.core.AprLifecycleListener.lifecycleEvent APR/OpenSSL configuration: useAprConnector [false], useOpenSSL [true]
05-Apr-2026 16:37:53.460 INFO [main] org.apache.catalina.core.AprLifecycleListener.initializeSSL OpenSSL successfully initialized [OpenSSL 3.0.18 30 Sep 2025]
05-Apr-2026 16:37:53.862 INFO [main] org.apache.coyote.AbstractProtocol.init Initializing ProtocolHandler ["http-nio-8080"]
05-Apr-2026 16:37:53.886 INFO [main] org.apache.catalina.startup.Catalina.load Server initialization in [708] milliseconds
05-Apr-2026 16:37:55.333 INFO [main] org.apache.catalina.startup.VersionLoggerListener.log Server version name:   Apache Tomcat/9.0.115
05-Apr-2026 16:37:55.337 INFO [main] org.apache.catalina.startup.VersionLoggerListener.log Server built:          Jan 21 2026 08:17:26 UTC
05-Apr-2026 16:37:55.337 INFO [main] org.apache.catalina.startup.VersionLoggerListener.log Server version number: 9.0.115.0
05-Apr-2026 16:37:55.337 INFO [main] org.apache.catalina.startup.VersionLoggerListener.log OS Name:               Windows 10
05-Apr-2026 16:37:55.339 INFO [main] org.apache.catalina.startup.VersionLoggerListener.log OS Version:            10.0
05-Apr-2026 16:37:55.339 INFO [main] org.apache.catalina.startup.VersionLoggerListener.log Architecture:          amd64
05-Apr-2026 16:37:55.339 INFO [main] org.apache.catalina.startup.VersionLoggerListener.log Java Home:             D:\housys\FingerprintClient_IDSL_DEVICEFIX03042026\FingerprintClient_IDSL_DEVICEFIX\app\jre
05-Apr-2026 16:37:55.339 INFO [main] org.apache.catalina.startup.VersionLoggerListener.log JVM Version:           1.8.0_202-b08
05-Apr-2026 16:37:55.339 INFO [main] org.apache.catalina.startup.VersionLoggerListener.log JVM Vendor:            Oracle Corporation
05-Apr-2026 16:37:55.339 INFO [main] org.apache.catalina.startup.VersionLoggerListener.log CATALINA_BASE:         D:\housys\FingerprintClient_IDSL_DEVICEFIX03042026\FingerprintClient_IDSL_DEVICEFIX\app\tomcat
05-Apr-2026 16:37:55.339 INFO [main] org.apache.catalina.startup.VersionLoggerListener.log CATALINA_HOME:         D:\housys\FingerprintClient_IDSL_DEVICEFIX03042026\FingerprintClient_IDSL_DEVICEFIX\app\tomcat
05-Apr-2026 16:37:55.345 INFO [main] org.apache.catalina.startup.VersionLoggerListener.log Command line argument: -Djava.util.logging.config.file=D:\housys\FingerprintClient_IDSL_DEVICEFIX03042026\FingerprintClient_IDSL_DEVICEFIX\app\tomcat\conf\logging.properties
05-Apr-2026 16:37:55.345 INFO [main] org.apache.catalina.startup.VersionLoggerListener.log Command line argument: -Djava.util.logging.manager=org.apache.juli.ClassLoaderLogManager
05-Apr-2026 16:37:55.345 INFO [main] org.apache.catalina.startup.VersionLoggerListener.log Command line argument: -Djava.library.path=D:\housys\FingerprintClient_IDSL_DEVICEFIX03042026\FingerprintClient_IDSL_DEVICEFIX\app\tomcat\bin
05-Apr-2026 16:37:55.345 INFO [main] org.apache.catalina.startup.VersionLoggerListener.log Command line argument: -Dsqlserver.auth.dll.path=D:\housys\FingerprintClient_IDSL_DEVICEFIX03042026\FingerprintClient_IDSL_DEVICEFIX\app\tomcat\bin\mssql-jdbc_auth-13.2.1.x64.dll
05-Apr-2026 16:37:55.345 INFO [main] org.apache.catalina.startup.VersionLoggerListener.log Command line argument: -Djdk.tls.ephemeralDHKeySize=2048
05-Apr-2026 16:37:55.345 INFO [main] org.apache.catalina.startup.VersionLoggerListener.log Command line argument: -Djava.protocol.handler.pkgs=org.apache.catalina.webresources
05-Apr-2026 16:37:55.345 INFO [main] org.apache.catalina.startup.VersionLoggerListener.log Command line argument: -Dsun.io.useCanonCaches=false
05-Apr-2026 16:37:55.345 INFO [main] org.apache.catalina.startup.VersionLoggerListener.log Command line argument: -Djava.library.path=D:\housys\FingerprintClient_IDSL_DEVICEFIX03042026\FingerprintClient_IDSL_DEVICEFIX\app\tomcat\bin
05-Apr-2026 16:37:55.345 INFO [main] org.apache.catalina.startup.VersionLoggerListener.log Command line argument: -Dsqlserver.auth.dll.path=D:\housys\FingerprintClient_IDSL_DEVICEFIX03042026\FingerprintClient_IDSL_DEVICEFIX\app\tomcat\bin\mssql-jdbc_auth-13.2.1.x64.dll
05-Apr-2026 16:37:55.345 INFO [main] org.apache.catalina.startup.VersionLoggerListener.log Command line argument: -Dignore.endorsed.dirs=
05-Apr-2026 16:37:55.345 INFO [main] org.apache.catalina.startup.VersionLoggerListener.log Command line argument: -Dcatalina.base=D:\housys\FingerprintClient_IDSL_DEVICEFIX03042026\FingerprintClient_IDSL_DEVICEFIX\app\tomcat
05-Apr-2026 16:37:55.345 INFO [main] org.apache.catalina.startup.VersionLoggerListener.log Command line argument: -Dcatalina.home=D:\housys\FingerprintClient_IDSL_DEVICEFIX03042026\FingerprintClient_IDSL_DEVICEFIX\app\tomcat
05-Apr-2026 16:37:55.345 INFO [main] org.apache.catalina.startup.VersionLoggerListener.log Command line argument: -Djava.io.tmpdir=D:\housys\FingerprintClient_IDSL_DEVICEFIX03042026\FingerprintClient_IDSL_DEVICEFIX\app\tomcat\temp
05-Apr-2026 16:37:55.357 INFO [main] org.apache.catalina.core.AprLifecycleListener.lifecycleEvent Loaded Apache Tomcat Native library [1.3.5] using APR version [1.7.6].
05-Apr-2026 16:37:55.357 INFO [main] org.apache.catalina.core.AprLifecycleListener.lifecycleEvent APR capabilities: IPv6 [true], sendfile [true], accept filters [false], random [true], UDS [true].
05-Apr-2026 16:37:55.357 INFO [main] org.apache.catalina.core.AprLifecycleListener.lifecycleEvent APR/OpenSSL configuration: useAprConnector [false], useOpenSSL [true]
05-Apr-2026 16:37:55.374 INFO [main] org.apache.catalina.core.AprLifecycleListener.initializeSSL OpenSSL successfully initialized [OpenSSL 3.0.18 30 Sep 2025]
05-Apr-2026 16:37:55.804 INFO [main] org.apache.coyote.AbstractProtocol.init Initializing ProtocolHandler ["http-nio-8080"]
05-Apr-2026 16:37:55.830 INFO [main] org.apache.catalina.startup.Catalina.load Server initialization in [741] milliseconds
05-Apr-2026 16:37:55.866 INFO [main] org.apache.catalina.core.StandardService.startInternal Starting service [Catalina]
05-Apr-2026 16:37:55.868 INFO [main] org.apache.catalina.core.StandardEngine.startInternal Starting Servlet engine: [Apache Tomcat/9.0.115]
05-Apr-2026 16:37:55.887 INFO [main] org.apache.catalina.startup.HostConfig.deployWAR Deploying web application archive [D:\housys\FingerprintClient_IDSL_DEVICEFIX03042026\FingerprintClient_IDSL_DEVICEFIX\app\tomcat\webapps\demo.war]
05-Apr-2026 16:37:59.789 INFO [main] org.apache.jasper.servlet.TldScanner.scanJars At least one JAR was scanned for TLDs yet contained no TLDs. Enable debug logging for this logger for a complete list of JARs that were scanned but no TLDs were found in them. Skipping unneeded JARs during scanning can improve startup time and JSP compilation time.
05-Apr-2026 16:38:06.229 INFO [main] org.apache.catalina.startup.HostConfig.deployWAR Deployment of web application archive [D:\housys\FingerprintClient_IDSL_DEVICEFIX03042026\FingerprintClient_IDSL_DEVICEFIX\app\tomcat\webapps\demo.war] has finished in [10,342] ms
05-Apr-2026 16:38:06.231 INFO [main] org.apache.catalina.startup.HostConfig.deployDirectory Deploying web application directory [D:\housys\FingerprintClient_IDSL_DEVICEFIX03042026\FingerprintClient_IDSL_DEVICEFIX\app\tomcat\webapps\docs]
05-Apr-2026 16:38:06.280 INFO [main] org.apache.catalina.startup.HostConfig.deployDirectory Deployment of web application directory [D:\housys\FingerprintClient_IDSL_DEVICEFIX03042026\FingerprintClient_IDSL_DEVICEFIX\app\tomcat\webapps\docs] has finished in [49] ms
05-Apr-2026 16:38:06.280 INFO [main] org.apache.catalina.startup.HostConfig.deployDirectory Deploying web application directory [D:\housys\FingerprintClient_IDSL_DEVICEFIX03042026\FingerprintClient_IDSL_DEVICEFIX\app\tomcat\webapps\examples]
05-Apr-2026 16:38:07.010 INFO [main] org.apache.catalina.startup.HostConfig.deployDirectory Deployment of web application directory [D:\housys\FingerprintClient_IDSL_DEVICEFIX03042026\FingerprintClient_IDSL_DEVICEFIX\app\tomcat\webapps\examples] has finished in [730] ms
05-Apr-2026 16:38:07.012 INFO [main] org.apache.catalina.startup.HostConfig.deployDirectory Deploying web application directory [D:\housys\FingerprintClient_IDSL_DEVICEFIX03042026\FingerprintClient_IDSL_DEVICEFIX\app\tomcat\webapps\host-manager]
05-Apr-2026 16:38:07.080 INFO [main] org.apache.catalina.startup.HostConfig.deployDirectory Deployment of web application directory [D:\housys\FingerprintClient_IDSL_DEVICEFIX03042026\FingerprintClient_IDSL_DEVICEFIX\app\tomcat\webapps\host-manager] has finished in [68] ms
05-Apr-2026 16:38:07.080 INFO [main] org.apache.catalina.startup.HostConfig.deployDirectory Deploying web application directory [D:\housys\FingerprintClient_IDSL_DEVICEFIX03042026\FingerprintClient_IDSL_DEVICEFIX\app\tomcat\webapps\manager]
05-Apr-2026 16:38:07.151 INFO [main] org.apache.catalina.startup.HostConfig.deployDirectory Deployment of web application directory [D:\housys\FingerprintClient_IDSL_DEVICEFIX03042026\FingerprintClient_IDSL_DEVICEFIX\app\tomcat\webapps\manager] has finished in [71] ms
05-Apr-2026 16:38:07.151 INFO [main] org.apache.catalina.startup.HostConfig.deployDirectory Deploying web application directory [D:\housys\FingerprintClient_IDSL_DEVICEFIX03042026\FingerprintClient_IDSL_DEVICEFIX\app\tomcat\webapps\ROOT]
05-Apr-2026 16:38:07.192 INFO [main] org.apache.catalina.startup.HostConfig.deployDirectory Deployment of web application directory [D:\housys\FingerprintClient_IDSL_DEVICEFIX03042026\FingerprintClient_IDSL_DEVICEFIX\app\tomcat\webapps\ROOT] has finished in [39] ms
05-Apr-2026 16:38:07.196 INFO [main] org.apache.coyote.AbstractProtocol.start Starting ProtocolHandler ["http-nio-8080"]
05-Apr-2026 16:38:07.214 INFO [main] org.apache.catalina.startup.Catalina.start Server startup in [11383] milliseconds
05-Apr-2026 16:46:04.404 INFO [main] org.apache.catalina.startup.VersionLoggerListener.log Server version name:   Apache Tomcat/9.0.115
05-Apr-2026 16:46:04.408 INFO [main] org.apache.catalina.startup.VersionLoggerListener.log Server built:          Jan 21 2026 08:17:26 UTC
05-Apr-2026 16:46:04.408 INFO [main] org.apache.catalina.startup.VersionLoggerListener.log Server version number: 9.0.115.0
05-Apr-2026 16:46:04.408 INFO [main] org.apache.catalina.startup.VersionLoggerListener.log OS Name:               Windows 10
05-Apr-2026 16:46:04.410 INFO [main] org.apache.catalina.startup.VersionLoggerListener.log OS Version:            10.0
05-Apr-2026 16:46:04.410 INFO [main] org.apache.catalina.startup.VersionLoggerListener.log Architecture:          amd64
05-Apr-2026 16:46:04.410 INFO [main] org.apache.catalina.startup.VersionLoggerListener.log Java Home:             D:\housys\FingerprintClient_IDSL_DEVICEFIX03042026\FingerprintClient_IDSL_DEVICEFIX\app\jre
05-Apr-2026 16:46:04.410 INFO [main] org.apache.catalina.startup.VersionLoggerListener.log JVM Version:           1.8.0_202-b08
05-Apr-2026 16:46:04.410 INFO [main] org.apache.catalina.startup.VersionLoggerListener.log JVM Vendor:            Oracle Corporation
05-Apr-2026 16:46:04.410 INFO [main] org.apache.catalina.startup.VersionLoggerListener.log CATALINA_BASE:         D:\housys\FingerprintClient_IDSL_DEVICEFIX03042026\FingerprintClient_IDSL_DEVICEFIX\app\tomcat
05-Apr-2026 16:46:04.410 INFO [main] org.apache.catalina.startup.VersionLoggerListener.log CATALINA_HOME:         D:\housys\FingerprintClient_IDSL_DEVICEFIX03042026\FingerprintClient_IDSL_DEVICEFIX\app\tomcat
05-Apr-2026 16:46:04.424 INFO [main] org.apache.catalina.startup.VersionLoggerListener.log Command line argument: -Djava.util.logging.config.file=D:\housys\FingerprintClient_IDSL_DEVICEFIX03042026\FingerprintClient_IDSL_DEVICEFIX\app\tomcat\conf\logging.properties
05-Apr-2026 16:46:04.426 INFO [main] org.apache.catalina.startup.VersionLoggerListener.log Command line argument: -Djava.util.logging.manager=org.apache.juli.ClassLoaderLogManager
05-Apr-2026 16:46:04.426 INFO [main] org.apache.catalina.startup.VersionLoggerListener.log Command line argument: -Djava.library.path=D:\housys\FingerprintClient_IDSL_DEVICEFIX03042026\FingerprintClient_IDSL_DEVICEFIX\app\tomcat\bin
05-Apr-2026 16:46:04.426 INFO [main] org.apache.catalina.startup.VersionLoggerListener.log Command line argument: -Dsqlserver.auth.dll.path=D:\housys\FingerprintClient_IDSL_DEVICEFIX03042026\FingerprintClient_IDSL_DEVICEFIX\app\tomcat\bin\mssql-jdbc_auth-13.2.1.x64.dll
05-Apr-2026 16:46:04.426 INFO [main] org.apache.catalina.startup.VersionLoggerListener.log Command line argument: -Djdk.tls.ephemeralDHKeySize=2048
05-Apr-2026 16:46:04.426 INFO [main] org.apache.catalina.startup.VersionLoggerListener.log Command line argument: -Djava.protocol.handler.pkgs=org.apache.catalina.webresources
05-Apr-2026 16:46:04.426 INFO [main] org.apache.catalina.startup.VersionLoggerListener.log Command line argument: -Dsun.io.useCanonCaches=false
05-Apr-2026 16:46:04.426 INFO [main] org.apache.catalina.startup.VersionLoggerListener.log Command line argument: -Djava.library.path=D:\housys\FingerprintClient_IDSL_DEVICEFIX03042026\FingerprintClient_IDSL_DEVICEFIX\app\tomcat\bin
05-Apr-2026 16:46:04.426 INFO [main] org.apache.catalina.startup.VersionLoggerListener.log Command line argument: -Dsqlserver.auth.dll.path=D:\housys\FingerprintClient_IDSL_DEVICEFIX03042026\FingerprintClient_IDSL_DEVICEFIX\app\tomcat\bin\mssql-jdbc_auth-13.2.1.x64.dll
05-Apr-2026 16:46:04.426 INFO [main] org.apache.catalina.startup.VersionLoggerListener.log Command line argument: -Dignore.endorsed.dirs=
05-Apr-2026 16:46:04.426 INFO [main] org.apache.catalina.startup.VersionLoggerListener.log Command line argument: -Dcatalina.base=D:\housys\FingerprintClient_IDSL_DEVICEFIX03042026\FingerprintClient_IDSL_DEVICEFIX\app\tomcat
05-Apr-2026 16:46:04.426 INFO [main] org.apache.catalina.startup.VersionLoggerListener.log Command line argument: -Dcatalina.home=D:\housys\FingerprintClient_IDSL_DEVICEFIX03042026\FingerprintClient_IDSL_DEVICEFIX\app\tomcat
05-Apr-2026 16:46:04.426 INFO [main] org.apache.catalina.startup.VersionLoggerListener.log Command line argument: -Djava.io.tmpdir=D:\housys\FingerprintClient_IDSL_DEVICEFIX03042026\FingerprintClient_IDSL_DEVICEFIX\app\tomcat\temp
05-Apr-2026 16:46:04.489 INFO [main] org.apache.catalina.core.AprLifecycleListener.lifecycleEvent Loaded Apache Tomcat Native library [1.3.5] using APR version [1.7.6].
05-Apr-2026 16:46:04.489 INFO [main] org.apache.catalina.core.AprLifecycleListener.lifecycleEvent APR capabilities: IPv6 [true], sendfile [true], accept filters [false], random [true], UDS [true].
05-Apr-2026 16:46:04.489 INFO [main] org.apache.catalina.core.AprLifecycleListener.lifecycleEvent APR/OpenSSL configuration: useAprConnector [false], useOpenSSL [true]
05-Apr-2026 16:46:04.505 INFO [main] org.apache.catalina.core.AprLifecycleListener.initializeSSL OpenSSL successfully initialized [OpenSSL 3.0.18 30 Sep 2025]
05-Apr-2026 16:46:04.944 INFO [main] org.apache.coyote.AbstractProtocol.init Initializing ProtocolHandler ["http-nio-8080"]
05-Apr-2026 16:46:04.978 INFO [main] org.apache.catalina.startup.Catalina.load Server initialization in [815] milliseconds
05-Apr-2026 16:46:05.019 INFO [main] org.apache.catalina.core.StandardService.startInternal Starting service [Catalina]
05-Apr-2026 16:46:05.019 INFO [main] org.apache.catalina.core.StandardEngine.startInternal Starting Servlet engine: [Apache Tomcat/9.0.115]
05-Apr-2026 16:46:05.094 INFO [main] org.apache.catalina.startup.HostConfig.deployWAR Deploying web application archive [D:\housys\FingerprintClient_IDSL_DEVICEFIX03042026\FingerprintClient_IDSL_DEVICEFIX\app\tomcat\webapps\demo.war]
05-Apr-2026 16:46:09.859 INFO [main] org.apache.jasper.servlet.TldScanner.scanJars At least one JAR was scanned for TLDs yet contained no TLDs. Enable debug logging for this logger for a complete list of JARs that were scanned but no TLDs were found in them. Skipping unneeded JARs during scanning can improve startup time and JSP compilation time.
05-Apr-2026 16:46:16.473 INFO [main] org.apache.catalina.startup.HostConfig.deployWAR Deployment of web application archive [D:\housys\FingerprintClient_IDSL_DEVICEFIX03042026\FingerprintClient_IDSL_DEVICEFIX\app\tomcat\webapps\demo.war] has finished in [11,373] ms
05-Apr-2026 16:46:16.473 INFO [main] org.apache.catalina.startup.HostConfig.deployDirectory Deploying web application directory [D:\housys\FingerprintClient_IDSL_DEVICEFIX03042026\FingerprintClient_IDSL_DEVICEFIX\app\tomcat\webapps\docs]
05-Apr-2026 16:46:16.534 INFO [main] org.apache.catalina.startup.HostConfig.deployDirectory Deployment of web application directory [D:\housys\FingerprintClient_IDSL_DEVICEFIX03042026\FingerprintClient_IDSL_DEVICEFIX\app\tomcat\webapps\docs] has finished in [61] ms
05-Apr-2026 16:46:16.534 INFO [main] org.apache.catalina.startup.HostConfig.deployDirectory Deploying web application directory [D:\housys\FingerprintClient_IDSL_DEVICEFIX03042026\FingerprintClient_IDSL_DEVICEFIX\app\tomcat\webapps\examples]
05-Apr-2026 16:46:17.778 INFO [main] org.apache.catalina.startup.HostConfig.deployDirectory Deployment of web application directory [D:\housys\FingerprintClient_IDSL_DEVICEFIX03042026\FingerprintClient_IDSL_DEVICEFIX\app\tomcat\webapps\examples] has finished in [1,244] ms
05-Apr-2026 16:46:17.778 INFO [main] org.apache.catalina.startup.HostConfig.deployDirectory Deploying web application directory [D:\housys\FingerprintClient_IDSL_DEVICEFIX03042026\FingerprintClient_IDSL_DEVICEFIX\app\tomcat\webapps\host-manager]
05-Apr-2026 16:46:17.864 INFO [main] org.apache.catalina.startup.HostConfig.deployDirectory Deployment of web application directory [D:\housys\FingerprintClient_IDSL_DEVICEFIX03042026\FingerprintClient_IDSL_DEVICEFIX\app\tomcat\webapps\host-manager] has finished in [86] ms
05-Apr-2026 16:46:17.866 INFO [main] org.apache.catalina.startup.HostConfig.deployDirectory Deploying web application directory [D:\housys\FingerprintClient_IDSL_DEVICEFIX03042026\FingerprintClient_IDSL_DEVICEFIX\app\tomcat\webapps\manager]
05-Apr-2026 16:46:17.965 INFO [main] org.apache.catalina.startup.HostConfig.deployDirectory Deployment of web application directory [D:\housys\FingerprintClient_IDSL_DEVICEFIX03042026\FingerprintClient_IDSL_DEVICEFIX\app\tomcat\webapps\manager] has finished in [99] ms
05-Apr-2026 16:46:17.965 INFO [main] org.apache.catalina.startup.HostConfig.deployDirectory Deploying web application directory [D:\housys\FingerprintClient_IDSL_DEVICEFIX03042026\FingerprintClient_IDSL_DEVICEFIX\app\tomcat\webapps\ROOT]
05-Apr-2026 16:46:18.022 INFO [main] org.apache.catalina.startup.HostConfig.deployDirectory Deployment of web application directory [D:\housys\FingerprintClient_IDSL_DEVICEFIX03042026\FingerprintClient_IDSL_DEVICEFIX\app\tomcat\webapps\ROOT] has finished in [57] ms
05-Apr-2026 16:46:18.028 INFO [main] org.apache.coyote.AbstractProtocol.start Starting ProtocolHandler ["http-nio-8080"]
05-Apr-2026 16:46:18.052 INFO [main] org.apache.catalina.startup.Catalina.start Server startup in [13073] milliseconds
05-Apr-2026 17:31:52.856 INFO [main] org.apache.catalina.startup.VersionLoggerListener.log Server version name:   Apache Tomcat/9.0.115
05-Apr-2026 17:31:52.886 INFO [main] org.apache.catalina.startup.VersionLoggerListener.log Server built:          Jan 21 2026 08:17:26 UTC
05-Apr-2026 17:31:52.886 INFO [main] org.apache.catalina.startup.VersionLoggerListener.log Server version number: 9.0.115.0
05-Apr-2026 17:31:52.886 INFO [main] org.apache.catalina.startup.VersionLoggerListener.log OS Name:               Windows 10
05-Apr-2026 17:31:52.888 INFO [main] org.apache.catalina.startup.VersionLoggerListener.log OS Version:            10.0
05-Apr-2026 17:31:52.888 INFO [main] org.apache.catalina.startup.VersionLoggerListener.log Architecture:          amd64
05-Apr-2026 17:31:52.888 INFO [main] org.apache.catalina.startup.VersionLoggerListener.log Java Home:             D:\housys\FingerprintClient_IDSL_DEVICEFIX03042026\FingerprintClient_IDSL_DEVICEFIX\app\jre
05-Apr-2026 17:31:52.888 INFO [main] org.apache.catalina.startup.VersionLoggerListener.log JVM Version:           1.8.0_202-b08
05-Apr-2026 17:31:52.888 INFO [main] org.apache.catalina.startup.VersionLoggerListener.log JVM Vendor:            Oracle Corporation
05-Apr-2026 17:31:52.888 INFO [main] org.apache.catalina.startup.VersionLoggerListener.log CATALINA_BASE:         D:\housys\FingerprintClient_IDSL_DEVICEFIX03042026\FingerprintClient_IDSL_DEVICEFIX\app\tomcat
05-Apr-2026 17:31:52.888 INFO [main] org.apache.catalina.startup.VersionLoggerListener.log CATALINA_HOME:         D:\housys\FingerprintClient_IDSL_DEVICEFIX03042026\FingerprintClient_IDSL_DEVICEFIX\app\tomcat
05-Apr-2026 17:31:52.931 INFO [main] org.apache.catalina.startup.VersionLoggerListener.log Command line argument: -Djava.util.logging.config.file=D:\housys\FingerprintClient_IDSL_DEVICEFIX03042026\FingerprintClient_IDSL_DEVICEFIX\app\tomcat\conf\logging.properties
05-Apr-2026 17:31:52.931 INFO [main] org.apache.catalina.startup.VersionLoggerListener.log Command line argument: -Djava.util.logging.manager=org.apache.juli.ClassLoaderLogManager
05-Apr-2026 17:31:52.931 INFO [main] org.apache.catalina.startup.VersionLoggerListener.log Command line argument: -Djava.library.path=D:\housys\FingerprintClient_IDSL_DEVICEFIX03042026\FingerprintClient_IDSL_DEVICEFIX\app\tomcat\bin
05-Apr-2026 17:31:52.931 INFO [main] org.apache.catalina.startup.VersionLoggerListener.log Command line argument: -Dsqlserver.auth.dll.path=D:\housys\FingerprintClient_IDSL_DEVICEFIX03042026\FingerprintClient_IDSL_DEVICEFIX\app\tomcat\bin\mssql-jdbc_auth-13.2.1.x64.dll
05-Apr-2026 17:31:52.931 INFO [main] org.apache.catalina.startup.VersionLoggerListener.log Command line argument: -Djdk.tls.ephemeralDHKeySize=2048
05-Apr-2026 17:31:52.931 INFO [main] org.apache.catalina.startup.VersionLoggerListener.log Command line argument: -Djava.protocol.handler.pkgs=org.apache.catalina.webresources
05-Apr-2026 17:31:52.931 INFO [main] org.apache.catalina.startup.VersionLoggerListener.log Command line argument: -Dsun.io.useCanonCaches=false
05-Apr-2026 17:31:52.931 INFO [main] org.apache.catalina.startup.VersionLoggerListener.log Command line argument: -Djava.library.path=D:\housys\FingerprintClient_IDSL_DEVICEFIX03042026\FingerprintClient_IDSL_DEVICEFIX\app\tomcat\bin
05-Apr-2026 17:31:52.931 INFO [main] org.apache.catalina.startup.VersionLoggerListener.log Command line argument: -Dsqlserver.auth.dll.path=D:\housys\FingerprintClient_IDSL_DEVICEFIX03042026\FingerprintClient_IDSL_DEVICEFIX\app\tomcat\bin\mssql-jdbc_auth-13.2.1.x64.dll
05-Apr-2026 17:31:52.931 INFO [main] org.apache.catalina.startup.VersionLoggerListener.log Command line argument: -Dignore.endorsed.dirs=
05-Apr-2026 17:31:52.931 INFO [main] org.apache.catalina.startup.VersionLoggerListener.log Command line argument: -Dcatalina.base=D:\housys\FingerprintClient_IDSL_DEVICEFIX03042026\FingerprintClient_IDSL_DEVICEFIX\app\tomcat
05-Apr-2026 17:31:52.931 INFO [main] org.apache.catalina.startup.VersionLoggerListener.log Command line argument: -Dcatalina.home=D:\housys\FingerprintClient_IDSL_DEVICEFIX03042026\FingerprintClient_IDSL_DEVICEFIX\app\tomcat
05-Apr-2026 17:31:52.931 INFO [main] org.apache.catalina.startup.VersionLoggerListener.log Command line argument: -Djava.io.tmpdir=D:\housys\FingerprintClient_IDSL_DEVICEFIX03042026\FingerprintClient_IDSL_DEVICEFIX\app\tomcat\temp
05-Apr-2026 17:31:53.050 INFO [main] org.apache.catalina.core.AprLifecycleListener.lifecycleEvent Loaded Apache Tomcat Native library [1.3.5] using APR version [1.7.6].
05-Apr-2026 17:31:53.050 INFO [main] org.apache.catalina.core.AprLifecycleListener.lifecycleEvent APR capabilities: IPv6 [true], sendfile [true], accept filters [false], random [true], UDS [true].
05-Apr-2026 17:31:53.050 INFO [main] org.apache.catalina.core.AprLifecycleListener.lifecycleEvent APR/OpenSSL configuration: useAprConnector [false], useOpenSSL [true]
05-Apr-2026 17:31:53.062 INFO [main] org.apache.catalina.core.AprLifecycleListener.initializeSSL OpenSSL successfully initialized [OpenSSL 3.0.18 30 Sep 2025]
05-Apr-2026 17:31:53.600 INFO [main] org.apache.coyote.AbstractProtocol.init Initializing ProtocolHandler ["http-nio-8080"]
05-Apr-2026 17:31:53.626 INFO [main] org.apache.catalina.startup.Catalina.load Server initialization in [961] milliseconds
05-Apr-2026 17:31:53.662 INFO [main] org.apache.catalina.core.StandardService.startInternal Starting service [Catalina]
05-Apr-2026 17:31:53.662 INFO [main] org.apache.catalina.core.StandardEngine.startInternal Starting Servlet engine: [Apache Tomcat/9.0.115]
05-Apr-2026 17:31:53.729 INFO [main] org.apache.catalina.startup.HostConfig.deployWAR Deploying web application archive [D:\housys\FingerprintClient_IDSL_DEVICEFIX03042026\FingerprintClient_IDSL_DEVICEFIX\app\tomcat\webapps\demo.war]
05-Apr-2026 17:31:57.714 INFO [main] org.apache.jasper.servlet.TldScanner.scanJars At least one JAR was scanned for TLDs yet contained no TLDs. Enable debug logging for this logger for a complete list of JARs that were scanned but no TLDs were found in them. Skipping unneeded JARs during scanning can improve startup time and JSP compilation time.
05-Apr-2026 17:32:02.855 INFO [main] org.apache.catalina.startup.HostConfig.deployWAR Deployment of web application archive [D:\housys\FingerprintClient_IDSL_DEVICEFIX03042026\FingerprintClient_IDSL_DEVICEFIX\app\tomcat\webapps\demo.war] has finished in [9,126] ms
05-Apr-2026 17:32:02.857 INFO [main] org.apache.catalina.startup.HostConfig.deployDirectory Deploying web application directory [D:\housys\FingerprintClient_IDSL_DEVICEFIX03042026\FingerprintClient_IDSL_DEVICEFIX\app\tomcat\webapps\docs]
05-Apr-2026 17:32:02.916 INFO [main] org.apache.catalina.startup.HostConfig.deployDirectory Deployment of web application directory [D:\housys\FingerprintClient_IDSL_DEVICEFIX03042026\FingerprintClient_IDSL_DEVICEFIX\app\tomcat\webapps\docs] has finished in [57] ms
05-Apr-2026 17:32:02.916 INFO [main] org.apache.catalina.startup.HostConfig.deployDirectory Deploying web application directory [D:\housys\FingerprintClient_IDSL_DEVICEFIX03042026\FingerprintClient_IDSL_DEVICEFIX\app\tomcat\webapps\examples]
05-Apr-2026 17:32:03.700 INFO [main] org.apache.catalina.startup.HostConfig.deployDirectory Deployment of web application directory [D:\housys\FingerprintClient_IDSL_DEVICEFIX03042026\FingerprintClient_IDSL_DEVICEFIX\app\tomcat\webapps\examples] has finished in [784] ms
05-Apr-2026 17:32:03.700 INFO [main] org.apache.catalina.startup.HostConfig.deployDirectory Deploying web application directory [D:\housys\FingerprintClient_IDSL_DEVICEFIX03042026\FingerprintClient_IDSL_DEVICEFIX\app\tomcat\webapps\host-manager]
05-Apr-2026 17:32:03.765 INFO [main] org.apache.catalina.startup.HostConfig.deployDirectory Deployment of web application directory [D:\housys\FingerprintClient_IDSL_DEVICEFIX03042026\FingerprintClient_IDSL_DEVICEFIX\app\tomcat\webapps\host-manager] has finished in [65] ms
05-Apr-2026 17:32:03.767 INFO [main] org.apache.catalina.startup.HostConfig.deployDirectory Deploying web application directory [D:\housys\FingerprintClient_IDSL_DEVICEFIX03042026\FingerprintClient_IDSL_DEVICEFIX\app\tomcat\webapps\manager]
05-Apr-2026 17:32:03.828 INFO [main] org.apache.catalina.startup.HostConfig.deployDirectory Deployment of web application directory [D:\housys\FingerprintClient_IDSL_DEVICEFIX03042026\FingerprintClient_IDSL_DEVICEFIX\app\tomcat\webapps\manager] has finished in [61] ms
05-Apr-2026 17:32:03.830 INFO [main] org.apache.catalina.startup.HostConfig.deployDirectory Deploying web application directory [D:\housys\FingerprintClient_IDSL_DEVICEFIX03042026\FingerprintClient_IDSL_DEVICEFIX\app\tomcat\webapps\ROOT]
05-Apr-2026 17:32:03.875 INFO [main] org.apache.catalina.startup.HostConfig.deployDirectory Deployment of web application directory [D:\housys\FingerprintClient_IDSL_DEVICEFIX03042026\FingerprintClient_IDSL_DEVICEFIX\app\tomcat\webapps\ROOT] has finished in [45] ms
05-Apr-2026 17:32:03.879 INFO [main] org.apache.coyote.AbstractProtocol.start Starting ProtocolHandler ["http-nio-8080"]
05-Apr-2026 17:32:03.893 INFO [main] org.apache.catalina.startup.Catalina.start Server startup in [10267] milliseconds
05-Apr-2026 17:35:00.138 INFO [Thread-13] org.apache.coyote.AbstractProtocol.pause Pausing ProtocolHandler ["http-nio-8080"]
05-Apr-2026 17:35:00.306 INFO [Thread-13] org.apache.catalina.core.StandardService.stopInternal Stopping service [Catalina]
05-Apr-2026 17:35:00.438 WARNING [Thread-13] org.apache.catalina.loader.WebappClassLoaderBase.clearReferencesJdbc The web application [demo] registered the JDBC driver [com.microsoft.sqlserver.jdbc.SQLServerDriver] but failed to unregister it when the web application was stopped. To prevent a memory leak, the JDBC Driver has been forcibly unregistered.
05-Apr-2026 17:35:00.440 WARNING [Thread-13] org.apache.catalina.loader.WebappClassLoaderBase.clearReferencesThreads The web application [demo] appears to have started a thread named [Timer-0] but has failed to stop it. This is very likely to create a memory leak. Stack trace of thread:
 java.lang.Object.wait(Native Method)
 java.util.TimerThread.mainLoop(Unknown Source)
 java.util.TimerThread.run(Unknown Source)
05-Apr-2026 17:35:00.452 INFO [Thread-13] org.apache.coyote.AbstractProtocol.stop Stopping ProtocolHandler ["http-nio-8080"]
05-Apr-2026 17:35:00.464 INFO [Thread-13] org.apache.coyote.AbstractProtocol.destroy Destroying ProtocolHandler ["http-nio-8080"]
05-Apr-2026 17:39:58.744 INFO [main] org.apache.catalina.startup.VersionLoggerListener.log Server version name:   Apache Tomcat/9.0.115
05-Apr-2026 17:39:58.773 INFO [main] org.apache.catalina.startup.VersionLoggerListener.log Server built:          Jan 21 2026 08:17:26 UTC
05-Apr-2026 17:39:58.773 INFO [main] org.apache.catalina.startup.VersionLoggerListener.log Server version number: 9.0.115.0
05-Apr-2026 17:39:58.773 INFO [main] org.apache.catalina.startup.VersionLoggerListener.log OS Name:               Windows 10
05-Apr-2026 17:39:58.773 INFO [main] org.apache.catalina.startup.VersionLoggerListener.log OS Version:            10.0
05-Apr-2026 17:39:58.774 INFO [main] org.apache.catalina.startup.VersionLoggerListener.log Architecture:          amd64
05-Apr-2026 17:39:58.774 INFO [main] org.apache.catalina.startup.VersionLoggerListener.log Java Home:             D:\housys\FingerprintClient_IDSL_DEVICEFIX03042026\FingerprintClient_IDSL_DEVICEFIX\app\jre
05-Apr-2026 17:39:58.774 INFO [main] org.apache.catalina.startup.VersionLoggerListener.log JVM Version:           1.8.0_202-b08
05-Apr-2026 17:39:58.774 INFO [main] org.apache.catalina.startup.VersionLoggerListener.log JVM Vendor:            Oracle Corporation
05-Apr-2026 17:39:58.775 INFO [main] org.apache.catalina.startup.VersionLoggerListener.log CATALINA_BASE:         D:\housys\FingerprintClient_IDSL_DEVICEFIX03042026\FingerprintClient_IDSL_DEVICEFIX\app\tomcat
05-Apr-2026 17:39:58.775 INFO [main] org.apache.catalina.startup.VersionLoggerListener.log CATALINA_HOME:         D:\housys\FingerprintClient_IDSL_DEVICEFIX03042026\FingerprintClient_IDSL_DEVICEFIX\app\tomcat
05-Apr-2026 17:39:58.843 INFO [main] org.apache.catalina.startup.VersionLoggerListener.log Command line argument: -Djava.util.logging.config.file=D:\housys\FingerprintClient_IDSL_DEVICEFIX03042026\FingerprintClient_IDSL_DEVICEFIX\app\tomcat\conf\logging.properties
05-Apr-2026 17:39:58.844 INFO [main] org.apache.catalina.startup.VersionLoggerListener.log Command line argument: -Djava.util.logging.manager=org.apache.juli.ClassLoaderLogManager
05-Apr-2026 17:39:58.844 INFO [main] org.apache.catalina.startup.VersionLoggerListener.log Command line argument: -Djava.library.path=D:\housys\FingerprintClient_IDSL_DEVICEFIX03042026\FingerprintClient_IDSL_DEVICEFIX\app\tomcat\bin
05-Apr-2026 17:39:58.844 INFO [main] org.apache.catalina.startup.VersionLoggerListener.log Command line argument: -Dsqlserver.auth.dll.path=D:\housys\FingerprintClient_IDSL_DEVICEFIX03042026\FingerprintClient_IDSL_DEVICEFIX\app\tomcat\bin\mssql-jdbc_auth-13.2.1.x64.dll
05-Apr-2026 17:39:58.844 INFO [main] org.apache.catalina.startup.VersionLoggerListener.log Command line argument: -Djdk.tls.ephemeralDHKeySize=2048
05-Apr-2026 17:39:58.844 INFO [main] org.apache.catalina.startup.VersionLoggerListener.log Command line argument: -Djava.protocol.handler.pkgs=org.apache.catalina.webresources
05-Apr-2026 17:39:58.844 INFO [main] org.apache.catalina.startup.VersionLoggerListener.log Command line argument: -Dsun.io.useCanonCaches=false
05-Apr-2026 17:39:58.844 INFO [main] org.apache.catalina.startup.VersionLoggerListener.log Command line argument: -Djava.library.path=D:\housys\FingerprintClient_IDSL_DEVICEFIX03042026\FingerprintClient_IDSL_DEVICEFIX\app\tomcat\bin
05-Apr-2026 17:39:58.844 INFO [main] org.apache.catalina.startup.VersionLoggerListener.log Command line argument: -Dsqlserver.auth.dll.path=D:\housys\FingerprintClient_IDSL_DEVICEFIX03042026\FingerprintClient_IDSL_DEVICEFIX\app\tomcat\bin\mssql-jdbc_auth-13.2.1.x64.dll
05-Apr-2026 17:39:58.844 INFO [main] org.apache.catalina.startup.VersionLoggerListener.log Command line argument: -Dignore.endorsed.dirs=
05-Apr-2026 17:39:58.844 INFO [main] org.apache.catalina.startup.VersionLoggerListener.log Command line argument: -Dcatalina.base=D:\housys\FingerprintClient_IDSL_DEVICEFIX03042026\FingerprintClient_IDSL_DEVICEFIX\app\tomcat
05-Apr-2026 17:39:58.845 INFO [main] org.apache.catalina.startup.VersionLoggerListener.log Command line argument: -Dcatalina.home=D:\housys\FingerprintClient_IDSL_DEVICEFIX03042026\FingerprintClient_IDSL_DEVICEFIX\app\tomcat
05-Apr-2026 17:39:58.845 INFO [main] org.apache.catalina.startup.VersionLoggerListener.log Command line argument: -Djava.io.tmpdir=D:\housys\FingerprintClient_IDSL_DEVICEFIX03042026\FingerprintClient_IDSL_DEVICEFIX\app\tomcat\temp
05-Apr-2026 17:39:58.983 INFO [main] org.apache.catalina.core.AprLifecycleListener.lifecycleEvent Loaded Apache Tomcat Native library [1.3.5] using APR version [1.7.6].
05-Apr-2026 17:39:58.985 INFO [main] org.apache.catalina.core.AprLifecycleListener.lifecycleEvent APR capabilities: IPv6 [true], sendfile [true], accept filters [false], random [true], UDS [true].
05-Apr-2026 17:39:58.985 INFO [main] org.apache.catalina.core.AprLifecycleListener.lifecycleEvent APR/OpenSSL configuration: useAprConnector [false], useOpenSSL [true]
05-Apr-2026 17:39:59.003 INFO [main] org.apache.catalina.core.AprLifecycleListener.initializeSSL OpenSSL successfully initialized [OpenSSL 3.0.18 30 Sep 2025]
05-Apr-2026 17:40:01.506 INFO [main] org.apache.coyote.AbstractProtocol.init Initializing ProtocolHandler ["http-nio-8080"]
05-Apr-2026 17:40:01.525 INFO [main] org.apache.catalina.startup.Catalina.load Server initialization in [3149] milliseconds
05-Apr-2026 17:40:01.568 INFO [main] org.apache.catalina.core.StandardService.startInternal Starting service [Catalina]
05-Apr-2026 17:40:01.568 INFO [main] org.apache.catalina.core.StandardEngine.startInternal Starting Servlet engine: [Apache Tomcat/9.0.115]
05-Apr-2026 17:40:02.373 INFO [main] org.apache.catalina.startup.HostConfig.deployWAR Deploying web application archive [D:\housys\FingerprintClient_IDSL_DEVICEFIX03042026\FingerprintClient_IDSL_DEVICEFIX\app\tomcat\webapps\demo.war]
05-Apr-2026 17:40:22.941 INFO [main] org.apache.jasper.servlet.TldScanner.scanJars At least one JAR was scanned for TLDs yet contained no TLDs. Enable debug logging for this logger for a complete list of JARs that were scanned but no TLDs were found in them. Skipping unneeded JARs during scanning can improve startup time and JSP compilation time.
05-Apr-2026 17:40:32.469 INFO [main] org.apache.catalina.startup.HostConfig.deployWAR Deployment of web application archive [D:\housys\FingerprintClient_IDSL_DEVICEFIX03042026\FingerprintClient_IDSL_DEVICEFIX\app\tomcat\webapps\demo.war] has finished in [30,093] ms
05-Apr-2026 17:40:32.469 INFO [main] org.apache.catalina.startup.HostConfig.deployDirectory Deploying web application directory [D:\housys\FingerprintClient_IDSL_DEVICEFIX03042026\FingerprintClient_IDSL_DEVICEFIX\app\tomcat\webapps\docs]
05-Apr-2026 17:40:32.513 INFO [main] org.apache.catalina.startup.HostConfig.deployDirectory Deployment of web application directory [D:\housys\FingerprintClient_IDSL_DEVICEFIX03042026\FingerprintClient_IDSL_DEVICEFIX\app\tomcat\webapps\docs] has finished in [44] ms
05-Apr-2026 17:40:32.513 INFO [main] org.apache.catalina.startup.HostConfig.deployDirectory Deploying web application directory [D:\housys\FingerprintClient_IDSL_DEVICEFIX03042026\FingerprintClient_IDSL_DEVICEFIX\app\tomcat\webapps\examples]
05-Apr-2026 17:40:33.957 INFO [main] org.apache.catalina.startup.HostConfig.deployDirectory Deployment of web application directory [D:\housys\FingerprintClient_IDSL_DEVICEFIX03042026\FingerprintClient_IDSL_DEVICEFIX\app\tomcat\webapps\examples] has finished in [1,444] ms
05-Apr-2026 17:40:33.957 INFO [main] org.apache.catalina.startup.HostConfig.deployDirectory Deploying web application directory [D:\housys\FingerprintClient_IDSL_DEVICEFIX03042026\FingerprintClient_IDSL_DEVICEFIX\app\tomcat\webapps\host-manager]
05-Apr-2026 17:40:34.006 INFO [main] org.apache.catalina.startup.HostConfig.deployDirectory Deployment of web application directory [D:\housys\FingerprintClient_IDSL_DEVICEFIX03042026\FingerprintClient_IDSL_DEVICEFIX\app\tomcat\webapps\host-manager] has finished in [49] ms
05-Apr-2026 17:40:34.007 INFO [main] org.apache.catalina.startup.HostConfig.deployDirectory Deploying web application directory [D:\housys\FingerprintClient_IDSL_DEVICEFIX03042026\FingerprintClient_IDSL_DEVICEFIX\app\tomcat\webapps\manager]
05-Apr-2026 17:40:34.059 INFO [main] org.apache.catalina.startup.HostConfig.deployDirectory Deployment of web application directory [D:\housys\FingerprintClient_IDSL_DEVICEFIX03042026\FingerprintClient_IDSL_DEVICEFIX\app\tomcat\webapps\manager] has finished in [50] ms
05-Apr-2026 17:40:34.059 INFO [main] org.apache.catalina.startup.HostConfig.deployDirectory Deploying web application directory [D:\housys\FingerprintClient_IDSL_DEVICEFIX03042026\FingerprintClient_IDSL_DEVICEFIX\app\tomcat\webapps\ROOT]
05-Apr-2026 17:40:34.098 INFO [main] org.apache.catalina.startup.HostConfig.deployDirectory Deployment of web application directory [D:\housys\FingerprintClient_IDSL_DEVICEFIX03042026\FingerprintClient_IDSL_DEVICEFIX\app\tomcat\webapps\ROOT] has finished in [39] ms
05-Apr-2026 17:40:34.102 INFO [main] org.apache.coyote.AbstractProtocol.start Starting ProtocolHandler ["http-nio-8080"]
05-Apr-2026 17:40:34.116 INFO [main] org.apache.catalina.startup.Catalina.start Server startup in [32591] milliseconds
05-Apr-2026 17:47:20.579 INFO [Thread-13] org.apache.coyote.AbstractProtocol.pause Pausing ProtocolHandler ["http-nio-8080"]
05-Apr-2026 17:47:20.839 INFO [Thread-13] org.apache.catalina.core.StandardService.stopInternal Stopping service [Catalina]
05-Apr-2026 17:47:21.002 WARNING [Thread-13] org.apache.catalina.loader.WebappClassLoaderBase.clearReferencesJdbc The web application [demo] registered the JDBC driver [com.microsoft.sqlserver.jdbc.SQLServerDriver] but failed to unregister it when the web application was stopped. To prevent a memory leak, the JDBC Driver has been forcibly unregistered.
05-Apr-2026 17:47:21.003 WARNING [Thread-13] org.apache.catalina.loader.WebappClassLoaderBase.clearReferencesThreads The web application [demo] appears to have started a thread named [Timer-0] but has failed to stop it. This is very likely to create a memory leak. Stack trace of thread:
 java.lang.Object.wait(Native Method)
 java.util.TimerThread.mainLoop(Unknown Source)
 java.util.TimerThread.run(Unknown Source)
05-Apr-2026 17:47:21.023 INFO [Thread-13] org.apache.coyote.AbstractProtocol.stop Stopping ProtocolHandler ["http-nio-8080"]
05-Apr-2026 17:47:21.044 INFO [Thread-13] org.apache.coyote.AbstractProtocol.destroy Destroying ProtocolHandler ["http-nio-8080"]
05-Apr-2026 18:34:46.169 INFO [main] org.apache.catalina.startup.VersionLoggerListener.log Server version name:   Apache Tomcat/9.0.115
05-Apr-2026 18:34:46.175 INFO [main] org.apache.catalina.startup.VersionLoggerListener.log Server built:          Jan 21 2026 08:17:26 UTC
05-Apr-2026 18:34:46.175 INFO [main] org.apache.catalina.startup.VersionLoggerListener.log Server version number: 9.0.115.0
05-Apr-2026 18:34:46.175 INFO [main] org.apache.catalina.startup.VersionLoggerListener.log OS Name:               Windows 10
05-Apr-2026 18:34:46.175 INFO [main] org.apache.catalina.startup.VersionLoggerListener.log OS Version:            10.0
05-Apr-2026 18:34:46.175 INFO [main] org.apache.catalina.startup.VersionLoggerListener.log Architecture:          amd64
05-Apr-2026 18:34:46.176 INFO [main] org.apache.catalina.startup.VersionLoggerListener.log Java Home:             D:\housys\FingerprintClient_IDSL_DEVICEFIX03042026\FingerprintClient_IDSL_DEVICEFIX\app\jre
05-Apr-2026 18:34:46.176 INFO [main] org.apache.catalina.startup.VersionLoggerListener.log JVM Version:           1.8.0_202-b08
05-Apr-2026 18:34:46.176 INFO [main] org.apache.catalina.startup.VersionLoggerListener.log JVM Vendor:            Oracle Corporation
05-Apr-2026 18:34:46.176 INFO [main] org.apache.catalina.startup.VersionLoggerListener.log CATALINA_BASE:         D:\housys\FingerprintClient_IDSL_DEVICEFIX03042026\FingerprintClient_IDSL_DEVICEFIX\app\tomcat
05-Apr-2026 18:34:46.176 INFO [main] org.apache.catalina.startup.VersionLoggerListener.log CATALINA_HOME:         D:\housys\FingerprintClient_IDSL_DEVICEFIX03042026\FingerprintClient_IDSL_DEVICEFIX\app\tomcat
05-Apr-2026 18:34:46.216 INFO [main] org.apache.catalina.startup.VersionLoggerListener.log Command line argument: -Djava.util.logging.config.file=D:\housys\FingerprintClient_IDSL_DEVICEFIX03042026\FingerprintClient_IDSL_DEVICEFIX\app\tomcat\conf\logging.properties
05-Apr-2026 18:34:46.216 INFO [main] org.apache.catalina.startup.VersionLoggerListener.log Command line argument: -Djava.util.logging.manager=org.apache.juli.ClassLoaderLogManager
05-Apr-2026 18:34:46.216 INFO [main] org.apache.catalina.startup.VersionLoggerListener.log Command line argument: -Djava.library.path=D:\housys\FingerprintClient_IDSL_DEVICEFIX03042026\FingerprintClient_IDSL_DEVICEFIX\app\tomcat\bin
05-Apr-2026 18:34:46.216 INFO [main] org.apache.catalina.startup.VersionLoggerListener.log Command line argument: -Dsqlserver.auth.dll.path=D:\housys\FingerprintClient_IDSL_DEVICEFIX03042026\FingerprintClient_IDSL_DEVICEFIX\app\tomcat\bin\mssql-jdbc_auth-13.2.1.x64.dll
05-Apr-2026 18:34:46.216 INFO [main] org.apache.catalina.startup.VersionLoggerListener.log Command line argument: -Djdk.tls.ephemeralDHKeySize=2048
05-Apr-2026 18:34:46.216 INFO [main] org.apache.catalina.startup.VersionLoggerListener.log Command line argument: -Djava.protocol.handler.pkgs=org.apache.catalina.webresources
05-Apr-2026 18:34:46.216 INFO [main] org.apache.catalina.startup.VersionLoggerListener.log Command line argument: -Dsun.io.useCanonCaches=false
05-Apr-2026 18:34:46.216 INFO [main] org.apache.catalina.startup.VersionLoggerListener.log Command line argument: -Dignore.endorsed.dirs=
05-Apr-2026 18:34:46.216 INFO [main] org.apache.catalina.startup.VersionLoggerListener.log Command line argument: -Dcatalina.base=D:\housys\FingerprintClient_IDSL_DEVICEFIX03042026\FingerprintClient_IDSL_DEVICEFIX\app\tomcat
05-Apr-2026 18:34:46.217 INFO [main] org.apache.catalina.startup.VersionLoggerListener.log Command line argument: -Dcatalina.home=D:\housys\FingerprintClient_IDSL_DEVICEFIX03042026\FingerprintClient_IDSL_DEVICEFIX\app\tomcat
05-Apr-2026 18:34:46.217 INFO [main] org.apache.catalina.startup.VersionLoggerListener.log Command line argument: -Djava.io.tmpdir=D:\housys\FingerprintClient_IDSL_DEVICEFIX03042026\FingerprintClient_IDSL_DEVICEFIX\app\tomcat\temp
05-Apr-2026 18:34:46.292 INFO [main] org.apache.catalina.core.AprLifecycleListener.lifecycleEvent Loaded Apache Tomcat Native library [1.3.5] using APR version [1.7.6].
05-Apr-2026 18:34:46.292 INFO [main] org.apache.catalina.core.AprLifecycleListener.lifecycleEvent APR capabilities: IPv6 [true], sendfile [true], accept filters [false], random [true], UDS [true].
05-Apr-2026 18:34:46.292 INFO [main] org.apache.catalina.core.AprLifecycleListener.lifecycleEvent APR/OpenSSL configuration: useAprConnector [false], useOpenSSL [true]
05-Apr-2026 18:34:46.310 INFO [main] org.apache.catalina.core.AprLifecycleListener.initializeSSL OpenSSL successfully initialized [OpenSSL 3.0.18 30 Sep 2025]
05-Apr-2026 18:34:46.862 INFO [main] org.apache.coyote.AbstractProtocol.init Initializing ProtocolHandler ["http-nio-8080"]
05-Apr-2026 18:34:46.894 INFO [main] org.apache.catalina.startup.Catalina.load Server initialization in [1007] milliseconds
05-Apr-2026 18:34:48.551 INFO [main] org.apache.catalina.startup.VersionLoggerListener.log Server version name:   Apache Tomcat/9.0.115
05-Apr-2026 18:34:48.557 INFO [main] org.apache.catalina.startup.VersionLoggerListener.log Server built:          Jan 21 2026 08:17:26 UTC
05-Apr-2026 18:34:48.558 INFO [main] org.apache.catalina.startup.VersionLoggerListener.log Server version number: 9.0.115.0
05-Apr-2026 18:34:48.558 INFO [main] org.apache.catalina.startup.VersionLoggerListener.log OS Name:               Windows 10
05-Apr-2026 18:34:48.558 INFO [main] org.apache.catalina.startup.VersionLoggerListener.log OS Version:            10.0
05-Apr-2026 18:34:48.558 INFO [main] org.apache.catalina.startup.VersionLoggerListener.log Architecture:          amd64
05-Apr-2026 18:34:48.558 INFO [main] org.apache.catalina.startup.VersionLoggerListener.log Java Home:             D:\housys\FingerprintClient_IDSL_DEVICEFIX03042026\FingerprintClient_IDSL_DEVICEFIX\app\jre
05-Apr-2026 18:34:48.558 INFO [main] org.apache.catalina.startup.VersionLoggerListener.log JVM Version:           1.8.0_202-b08
05-Apr-2026 18:34:48.558 INFO [main] org.apache.catalina.startup.VersionLoggerListener.log JVM Vendor:            Oracle Corporation
05-Apr-2026 18:34:48.559 INFO [main] org.apache.catalina.startup.VersionLoggerListener.log CATALINA_BASE:         D:\housys\FingerprintClient_IDSL_DEVICEFIX03042026\FingerprintClient_IDSL_DEVICEFIX\app\tomcat
05-Apr-2026 18:34:48.559 INFO [main] org.apache.catalina.startup.VersionLoggerListener.log CATALINA_HOME:         D:\housys\FingerprintClient_IDSL_DEVICEFIX03042026\FingerprintClient_IDSL_DEVICEFIX\app\tomcat
05-Apr-2026 18:34:48.564 INFO [main] org.apache.catalina.startup.VersionLoggerListener.log Command line argument: -Djava.util.logging.config.file=D:\housys\FingerprintClient_IDSL_DEVICEFIX03042026\FingerprintClient_IDSL_DEVICEFIX\app\tomcat\conf\logging.properties
05-Apr-2026 18:34:48.564 INFO [main] org.apache.catalina.startup.VersionLoggerListener.log Command line argument: -Djava.util.logging.manager=org.apache.juli.ClassLoaderLogManager
05-Apr-2026 18:34:48.564 INFO [main] org.apache.catalina.startup.VersionLoggerListener.log Command line argument: -Djava.library.path=D:\housys\FingerprintClient_IDSL_DEVICEFIX03042026\FingerprintClient_IDSL_DEVICEFIX\app\tomcat\bin
05-Apr-2026 18:34:48.564 INFO [main] org.apache.catalina.startup.VersionLoggerListener.log Command line argument: -Dsqlserver.auth.dll.path=D:\housys\FingerprintClient_IDSL_DEVICEFIX03042026\FingerprintClient_IDSL_DEVICEFIX\app\tomcat\bin\mssql-jdbc_auth-13.2.1.x64.dll
05-Apr-2026 18:34:48.564 INFO [main] org.apache.catalina.startup.VersionLoggerListener.log Command line argument: -Djdk.tls.ephemeralDHKeySize=2048
05-Apr-2026 18:34:48.564 INFO [main] org.apache.catalina.startup.VersionLoggerListener.log Command line argument: -Djava.protocol.handler.pkgs=org.apache.catalina.webresources
05-Apr-2026 18:34:48.566 INFO [main] org.apache.catalina.startup.VersionLoggerListener.log Command line argument: -Dsun.io.useCanonCaches=false
05-Apr-2026 18:34:48.566 INFO [main] org.apache.catalina.startup.VersionLoggerListener.log Command line argument: -Djava.library.path=D:\housys\FingerprintClient_IDSL_DEVICEFIX03042026\FingerprintClient_IDSL_DEVICEFIX\app\tomcat\bin
05-Apr-2026 18:34:48.566 INFO [main] org.apache.catalina.startup.VersionLoggerListener.log Command line argument: -Dsqlserver.auth.dll.path=D:\housys\FingerprintClient_IDSL_DEVICEFIX03042026\FingerprintClient_IDSL_DEVICEFIX\app\tomcat\bin\mssql-jdbc_auth-13.2.1.x64.dll
05-Apr-2026 18:34:48.566 INFO [main] org.apache.catalina.startup.VersionLoggerListener.log Command line argument: -Dignore.endorsed.dirs=
05-Apr-2026 18:34:48.566 INFO [main] org.apache.catalina.startup.VersionLoggerListener.log Command line argument: -Dcatalina.base=D:\housys\FingerprintClient_IDSL_DEVICEFIX03042026\FingerprintClient_IDSL_DEVICEFIX\app\tomcat
05-Apr-2026 18:34:48.566 INFO [main] org.apache.catalina.startup.VersionLoggerListener.log Command line argument: -Dcatalina.home=D:\housys\FingerprintClient_IDSL_DEVICEFIX03042026\FingerprintClient_IDSL_DEVICEFIX\app\tomcat
05-Apr-2026 18:34:48.566 INFO [main] org.apache.catalina.startup.VersionLoggerListener.log Command line argument: -Djava.io.tmpdir=D:\housys\FingerprintClient_IDSL_DEVICEFIX03042026\FingerprintClient_IDSL_DEVICEFIX\app\tomcat\temp
05-Apr-2026 18:34:48.579 INFO [main] org.apache.catalina.core.AprLifecycleListener.lifecycleEvent Loaded Apache Tomcat Native library [1.3.5] using APR version [1.7.6].
05-Apr-2026 18:34:48.579 INFO [main] org.apache.catalina.core.AprLifecycleListener.lifecycleEvent APR capabilities: IPv6 [true], sendfile [true], accept filters [false], random [true], UDS [true].
05-Apr-2026 18:34:48.579 INFO [main] org.apache.catalina.core.AprLifecycleListener.lifecycleEvent APR/OpenSSL configuration: useAprConnector [false], useOpenSSL [true]
05-Apr-2026 18:34:48.599 INFO [main] org.apache.catalina.core.AprLifecycleListener.initializeSSL OpenSSL successfully initialized [OpenSSL 3.0.18 30 Sep 2025]
05-Apr-2026 18:34:49.090 INFO [main] org.apache.coyote.AbstractProtocol.init Initializing ProtocolHandler ["http-nio-8080"]
05-Apr-2026 18:34:49.118 INFO [main] org.apache.catalina.startup.Catalina.load Server initialization in [791] milliseconds
05-Apr-2026 18:34:49.165 INFO [main] org.apache.catalina.core.StandardService.startInternal Starting service [Catalina]
05-Apr-2026 18:34:49.165 INFO [main] org.apache.catalina.core.StandardEngine.startInternal Starting Servlet engine: [Apache Tomcat/9.0.115]
05-Apr-2026 18:34:49.190 INFO [main] org.apache.catalina.startup.HostConfig.deployWAR Deploying web application archive [D:\housys\FingerprintClient_IDSL_DEVICEFIX03042026\FingerprintClient_IDSL_DEVICEFIX\app\tomcat\webapps\demo.war]
05-Apr-2026 18:34:53.671 INFO [main] org.apache.jasper.servlet.TldScanner.scanJars At least one JAR was scanned for TLDs yet contained no TLDs. Enable debug logging for this logger for a complete list of JARs that were scanned but no TLDs were found in them. Skipping unneeded JARs during scanning can improve startup time and JSP compilation time.
05-Apr-2026 18:35:01.056 INFO [main] org.apache.catalina.startup.HostConfig.deployWAR Deployment of web application archive [D:\housys\FingerprintClient_IDSL_DEVICEFIX03042026\FingerprintClient_IDSL_DEVICEFIX\app\tomcat\webapps\demo.war] has finished in [11,860] ms
05-Apr-2026 18:35:01.057 INFO [main] org.apache.catalina.startup.HostConfig.deployDirectory Deploying web application directory [D:\housys\FingerprintClient_IDSL_DEVICEFIX03042026\FingerprintClient_IDSL_DEVICEFIX\app\tomcat\webapps\docs]
05-Apr-2026 18:35:01.107 INFO [main] org.apache.catalina.startup.HostConfig.deployDirectory Deployment of web application directory [D:\housys\FingerprintClient_IDSL_DEVICEFIX03042026\FingerprintClient_IDSL_DEVICEFIX\app\tomcat\webapps\docs] has finished in [51] ms
05-Apr-2026 18:35:01.107 INFO [main] org.apache.catalina.startup.HostConfig.deployDirectory Deploying web application directory [D:\housys\FingerprintClient_IDSL_DEVICEFIX03042026\FingerprintClient_IDSL_DEVICEFIX\app\tomcat\webapps\examples]
05-Apr-2026 18:35:01.979 INFO [main] org.apache.catalina.startup.HostConfig.deployDirectory Deployment of web application directory [D:\housys\FingerprintClient_IDSL_DEVICEFIX03042026\FingerprintClient_IDSL_DEVICEFIX\app\tomcat\webapps\examples] has finished in [872] ms
05-Apr-2026 18:35:01.981 INFO [main] org.apache.catalina.startup.HostConfig.deployDirectory Deploying web application directory [D:\housys\FingerprintClient_IDSL_DEVICEFIX03042026\FingerprintClient_IDSL_DEVICEFIX\app\tomcat\webapps\host-manager]
05-Apr-2026 18:35:02.047 INFO [main] org.apache.catalina.startup.HostConfig.deployDirectory Deployment of web application directory [D:\housys\FingerprintClient_IDSL_DEVICEFIX03042026\FingerprintClient_IDSL_DEVICEFIX\app\tomcat\webapps\host-manager] has finished in [65] ms
05-Apr-2026 18:35:02.047 INFO [main] org.apache.catalina.startup.HostConfig.deployDirectory Deploying web application directory [D:\housys\FingerprintClient_IDSL_DEVICEFIX03042026\FingerprintClient_IDSL_DEVICEFIX\app\tomcat\webapps\manager]
05-Apr-2026 18:35:02.112 INFO [main] org.apache.catalina.startup.HostConfig.deployDirectory Deployment of web application directory [D:\housys\FingerprintClient_IDSL_DEVICEFIX03042026\FingerprintClient_IDSL_DEVICEFIX\app\tomcat\webapps\manager] has finished in [65] ms
05-Apr-2026 18:35:02.114 INFO [main] org.apache.catalina.startup.HostConfig.deployDirectory Deploying web application directory [D:\housys\FingerprintClient_IDSL_DEVICEFIX03042026\FingerprintClient_IDSL_DEVICEFIX\app\tomcat\webapps\ROOT]
05-Apr-2026 18:35:02.151 INFO [main] org.apache.catalina.startup.HostConfig.deployDirectory Deployment of web application directory [D:\housys\FingerprintClient_IDSL_DEVICEFIX03042026\FingerprintClient_IDSL_DEVICEFIX\app\tomcat\webapps\ROOT] has finished in [37] ms
05-Apr-2026 18:35:02.157 INFO [main] org.apache.coyote.AbstractProtocol.start Starting ProtocolHandler ["http-nio-8080"]
05-Apr-2026 18:35:02.183 INFO [main] org.apache.catalina.startup.Catalina.start Server startup in [13064] milliseconds
