05-Apr-2026 10:39:08.958 SEVERE [http-nio-8080-exec-4] org.apache.catalina.core.StandardWrapperValve.invoke Servlet.service() for servlet [dispatcher] in context with path [/demo] threw exception [Handler processing failed; nested exception is java.lang.NoSuchMethodError: com.timmy.controller.AllController$ProfileImagePayload.<init>(Lcom/timmy/controller/AllController$1;)V] with root cause
	java.lang.NoSuchMethodError: com.timmy.controller.AllController$ProfileImagePayload.<init>(Lcom/timmy/controller/AllController$1;)V
		at com.timmy.controller.AllController.loadProfileImagePayloadByEnrollId(AllController.java:2947)
		at com.timmy.controller.AllController.applyProfileImageFallback(AllController.java:2867)
		at com.timmy.controller.AllController.getLatestLogFromDB(AllController.java:2628)
		at sun.reflect.NativeMethodAccessorImpl.invoke0(Native Method)
		at sun.reflect.NativeMethodAccessorImpl.invoke(Unknown Source)
		at sun.reflect.DelegatingMethodAccessorImpl.invoke(Unknown Source)
		at java.lang.reflect.Method.invoke(Unknown Source)
		at org.springframework.web.method.support.InvocableHandlerMethod.invoke(InvocableHandlerMethod.java:215)
		at org.springframework.web.method.support.InvocableHandlerMethod.invokeForRequest(InvocableHandlerMethod.java:132)
		at org.springframework.web.servlet.mvc.method.annotation.ServletInvocableHandlerMethod.invokeAndHandle(ServletInvocableHandlerMethod.java:104)
		at org.springframework.web.servlet.mvc.method.annotation.RequestMappingHandlerAdapter.invokeHandleMethod(RequestMappingHandlerAdapter.java:749)
		at org.springframework.web.servlet.mvc.method.annotation.RequestMappingHandlerAdapter.handleInternal(RequestMappingHandlerAdapter.java:690)
		at org.springframework.web.servlet.mvc.method.AbstractHandlerMethodAdapter.handle(AbstractHandlerMethodAdapter.java:83)
		at org.springframework.web.servlet.DispatcherServlet.doDispatch(DispatcherServlet.java:945)
		at org.springframework.web.servlet.DispatcherServlet.doService(DispatcherServlet.java:876)
		at org.springframework.web.servlet.FrameworkServlet.processRequest(FrameworkServlet.java:961)
		at org.springframework.web.servlet.FrameworkServlet.doGet(FrameworkServlet.java:852)
		at javax.servlet.http.HttpServlet.service(HttpServlet.java:529)
		at org.springframework.web.servlet.FrameworkServlet.service(FrameworkServlet.java:837)
		at javax.servlet.http.HttpServlet.service(HttpServlet.java:623)
		at org.apache.catalina.core.ApplicationFilterChain.internalDoFilter(ApplicationFilterChain.java:197)
		at org.apache.catalina.core.ApplicationFilterChain.doFilter(ApplicationFilterChain.java:142)
		at org.apache.tomcat.websocket.server.WsFilter.doFilter(WsFilter.java:51)
		at org.apache.catalina.core.ApplicationFilterChain.internalDoFilter(ApplicationFilterChain.java:166)
		at org.apache.catalina.core.ApplicationFilterChain.doFilter(ApplicationFilterChain.java:142)
		at com.timmy.util.AuthFilter.doFilter(AuthFilter.java:44)
		at org.apache.catalina.core.ApplicationFilterChain.internalDoFilter(ApplicationFilterChain.java:166)
		at org.apache.catalina.core.ApplicationFilterChain.doFilter(ApplicationFilterChain.java:142)
		at org.springframework.web.filter.CharacterEncodingFilter.doFilterInternal(CharacterEncodingFilter.java:88)
		at org.springframework.web.filter.OncePerRequestFilter.doFilter(OncePerRequestFilter.java:108)
		at org.apache.catalina.core.ApplicationFilterChain.internalDoFilter(ApplicationFilterChain.java:166)
		at org.apache.catalina.core.ApplicationFilterChain.doFilter(ApplicationFilterChain.java:142)
		at org.apache.catalina.core.StandardWrapperValve.invoke(StandardWrapperValve.java:166)
		at org.apache.catalina.core.StandardContextValve.invoke(StandardContextValve.java:88)
		at org.apache.catalina.authenticator.AuthenticatorBase.invoke(AuthenticatorBase.java:491)
		at org.apache.catalina.core.StandardHostValve.invoke(StandardHostValve.java:127)
		at org.apache.catalina.valves.ErrorReportValve.invoke(ErrorReportValve.java:83)
		at org.apache.catalina.valves.AbstractAccessLogValve.invoke(AbstractAccessLogValve.java:643)
		at org.apache.catalina.core.StandardEngineValve.invoke(StandardEngineValve.java:72)
		at org.apache.catalina.connector.CoyoteAdapter.service(CoyoteAdapter.java:344)
		at org.apache.coyote.http11.Http11Processor.service(Http11Processor.java:398)
		at org.apache.coyote.AbstractProcessorLight.process(AbstractProcessorLight.java:63)
		at org.apache.coyote.AbstractProtocol$ConnectionHandler.process(AbstractProtocol.java:939)
		at org.apache.tomcat.util.net.NioEndpoint$SocketProcessor.doRun(NioEndpoint.java:1832)
		at org.apache.tomcat.util.net.SocketProcessorBase.run(SocketProcessorBase.java:52)
		at org.apache.tomcat.util.threads.ThreadPoolExecutor.runWorker(ThreadPoolExecutor.java:973)
		at org.apache.tomcat.util.threads.ThreadPoolExecutor$Worker.run(ThreadPoolExecutor.java:491)
		at org.apache.tomcat.util.threads.TaskThread$WrappingRunnable.run(TaskThread.java:63)
		at java.lang.Thread.run(Unknown Source)
05-Apr-2026 10:39:11.966 SEVERE [http-nio-8080-exec-3] org.apache.catalina.core.StandardWrapperValve.invoke Servlet.service() for servlet [dispatcher] in context with path [/demo] threw exception [Handler processing failed; nested exception is java.lang.NoSuchMethodError: com.timmy.controller.AllController$ProfileImagePayload.<init>(Lcom/timmy/controller/AllController$1;)V] with root cause
	java.lang.NoSuchMethodError: com.timmy.controller.AllController$ProfileImagePayload.<init>(Lcom/timmy/controller/AllController$1;)V
		at com.timmy.controller.AllController.loadProfileImagePayloadByEnrollId(AllController.java:2947)
		at com.timmy.controller.AllController.applyProfileImageFallback(AllController.java:2867)
		at com.timmy.controller.AllController.getLatestLogFromDB(AllController.java:2628)
		at sun.reflect.GeneratedMethodAccessor118.invoke(Unknown Source)
		at sun.reflect.DelegatingMethodAccessorImpl.invoke(Unknown Source)
		at java.lang.reflect.Method.invoke(Unknown Source)
		at org.springframework.web.method.support.InvocableHandlerMethod.invoke(InvocableHandlerMethod.java:215)
		at org.springframework.web.method.support.InvocableHandlerMethod.invokeForRequest(InvocableHandlerMethod.java:132)
		at org.springframework.web.servlet.mvc.method.annotation.ServletInvocableHandlerMethod.invokeAndHandle(ServletInvocableHandlerMethod.java:104)
		at org.springframework.web.servlet.mvc.method.annotation.RequestMappingHandlerAdapter.invokeHandleMethod(RequestMappingHandlerAdapter.java:749)
		at org.springframework.web.servlet.mvc.method.annotation.RequestMappingHandlerAdapter.handleInternal(RequestMappingHandlerAdapter.java:690)
		at org.springframework.web.servlet.mvc.method.AbstractHandlerMethodAdapter.handle(AbstractHandlerMethodAdapter.java:83)
		at org.springframework.web.servlet.DispatcherServlet.doDispatch(DispatcherServlet.java:945)
		at org.springframework.web.servlet.DispatcherServlet.doService(DispatcherServlet.java:876)
		at org.springframework.web.servlet.FrameworkServlet.processRequest(FrameworkServlet.java:961)
		at org.springframework.web.servlet.FrameworkServlet.doGet(FrameworkServlet.java:852)
		at javax.servlet.http.HttpServlet.service(HttpServlet.java:529)
		at org.springframework.web.servlet.FrameworkServlet.service(FrameworkServlet.java:837)
		at javax.servlet.http.HttpServlet.service(HttpServlet.java:623)
		at org.apache.catalina.core.ApplicationFilterChain.internalDoFilter(ApplicationFilterChain.java:197)
		at org.apache.catalina.core.ApplicationFilterChain.doFilter(ApplicationFilterChain.java:142)
		at org.apache.tomcat.websocket.server.WsFilter.doFilter(WsFilter.java:51)
		at org.apache.catalina.core.ApplicationFilterChain.internalDoFilter(ApplicationFilterChain.java:166)
		at org.apache.catalina.core.ApplicationFilterChain.doFilter(ApplicationFilterChain.java:142)
		at com.timmy.util.AuthFilter.doFilter(AuthFilter.java:44)
		at org.apache.catalina.core.ApplicationFilterChain.internalDoFilter(ApplicationFilterChain.java:166)
		at org.apache.catalina.core.ApplicationFilterChain.doFilter(ApplicationFilterChain.java:142)
		at org.springframework.web.filter.CharacterEncodingFilter.doFilterInternal(CharacterEncodingFilter.java:88)
		at org.springframework.web.filter.OncePerRequestFilter.doFilter(OncePerRequestFilter.java:108)
		at org.apache.catalina.core.ApplicationFilterChain.internalDoFilter(ApplicationFilterChain.java:166)
		at org.apache.catalina.core.ApplicationFilterChain.doFilter(ApplicationFilterChain.java:142)
		at org.apache.catalina.core.StandardWrapperValve.invoke(StandardWrapperValve.java:166)
		at org.apache.catalina.core.StandardContextValve.invoke(StandardContextValve.java:88)
		at org.apache.catalina.authenticator.AuthenticatorBase.invoke(AuthenticatorBase.java:491)
		at org.apache.catalina.core.StandardHostValve.invoke(StandardHostValve.java:127)
		at org.apache.catalina.valves.ErrorReportValve.invoke(ErrorReportValve.java:83)
		at org.apache.catalina.valves.AbstractAccessLogValve.invoke(AbstractAccessLogValve.java:643)
		at org.apache.catalina.core.StandardEngineValve.invoke(StandardEngineValve.java:72)
		at org.apache.catalina.connector.CoyoteAdapter.service(CoyoteAdapter.java:344)
		at org.apache.coyote.http11.Http11Processor.service(Http11Processor.java:398)
		at org.apache.coyote.AbstractProcessorLight.process(AbstractProcessorLight.java:63)
		at org.apache.coyote.AbstractProtocol$ConnectionHandler.process(AbstractProtocol.java:939)
		at org.apache.tomcat.util.net.NioEndpoint$SocketProcessor.doRun(NioEndpoint.java:1832)
		at org.apache.tomcat.util.net.SocketProcessorBase.run(SocketProcessorBase.java:52)
		at org.apache.tomcat.util.threads.ThreadPoolExecutor.runWorker(ThreadPoolExecutor.java:973)
		at org.apache.tomcat.util.threads.ThreadPoolExecutor$Worker.run(ThreadPoolExecutor.java:491)
		at org.apache.tomcat.util.threads.TaskThread$WrappingRunnable.run(TaskThread.java:63)
		at java.lang.Thread.run(Unknown Source)
05-Apr-2026 10:39:13.831 SEVERE [http-nio-8080-exec-8] org.apache.catalina.core.StandardWrapperValve.invoke Servlet.service() for servlet [dispatcher] in context with path [/demo] threw exception [Handler processing failed; nested exception is java.lang.NoSuchMethodError: com.timmy.controller.AllController$ProfileImagePayload.<init>(Lcom/timmy/controller/AllController$1;)V] with root cause
	java.lang.NoSuchMethodError: com.timmy.controller.AllController$ProfileImagePayload.<init>(Lcom/timmy/controller/AllController$1;)V
		at com.timmy.controller.AllController.loadProfileImagePayloadByEnrollId(AllController.java:2947)
		at com.timmy.controller.AllController.applyProfileImageFallback(AllController.java:2867)
		at com.timmy.controller.AllController.getLatestLogFromDB(AllController.java:2628)
		at sun.reflect.GeneratedMethodAccessor118.invoke(Unknown Source)
		at sun.reflect.DelegatingMethodAccessorImpl.invoke(Unknown Source)
		at java.lang.reflect.Method.invoke(Unknown Source)
		at org.springframework.web.method.support.InvocableHandlerMethod.invoke(InvocableHandlerMethod.java:215)
		at org.springframework.web.method.support.InvocableHandlerMethod.invokeForRequest(InvocableHandlerMethod.java:132)
		at org.springframework.web.servlet.mvc.method.annotation.ServletInvocableHandlerMethod.invokeAndHandle(ServletInvocableHandlerMethod.java:104)
		at org.springframework.web.servlet.mvc.method.annotation.RequestMappingHandlerAdapter.invokeHandleMethod(RequestMappingHandlerAdapter.java:749)
		at org.springframework.web.servlet.mvc.method.annotation.RequestMappingHandlerAdapter.handleInternal(RequestMappingHandlerAdapter.java:690)
		at org.springframework.web.servlet.mvc.method.AbstractHandlerMethodAdapter.handle(AbstractHandlerMethodAdapter.java:83)
		at org.springframework.web.servlet.DispatcherServlet.doDispatch(DispatcherServlet.java:945)
		at org.springframework.web.servlet.DispatcherServlet.doService(DispatcherServlet.java:876)
		at org.springframework.web.servlet.FrameworkServlet.processRequest(FrameworkServlet.java:961)
		at org.springframework.web.servlet.FrameworkServlet.doGet(FrameworkServlet.java:852)
		at javax.servlet.http.HttpServlet.service(HttpServlet.java:529)
		at org.springframework.web.servlet.FrameworkServlet.service(FrameworkServlet.java:837)
		at javax.servlet.http.HttpServlet.service(HttpServlet.java:623)
		at org.apache.catalina.core.ApplicationFilterChain.internalDoFilter(ApplicationFilterChain.java:197)
		at org.apache.catalina.core.ApplicationFilterChain.doFilter(ApplicationFilterChain.java:142)
		at org.apache.tomcat.websocket.server.WsFilter.doFilter(WsFilter.java:51)
		at org.apache.catalina.core.ApplicationFilterChain.internalDoFilter(ApplicationFilterChain.java:166)
		at org.apache.catalina.core.ApplicationFilterChain.doFilter(ApplicationFilterChain.java:142)
		at com.timmy.util.AuthFilter.doFilter(AuthFilter.java:44)
		at org.apache.catalina.core.ApplicationFilterChain.internalDoFilter(ApplicationFilterChain.java:166)
		at org.apache.catalina.core.ApplicationFilterChain.doFilter(ApplicationFilterChain.java:142)
		at org.springframework.web.filter.CharacterEncodingFilter.doFilterInternal(CharacterEncodingFilter.java:88)
		at org.springframework.web.filter.OncePerRequestFilter.doFilter(OncePerRequestFilter.java:108)
		at org.apache.catalina.core.ApplicationFilterChain.internalDoFilter(ApplicationFilterChain.java:166)
		at org.apache.catalina.core.ApplicationFilterChain.doFilter(ApplicationFilterChain.java:142)
		at org.apache.catalina.core.StandardWrapperValve.invoke(StandardWrapperValve.java:166)
		at org.apache.catalina.core.StandardContextValve.invoke(StandardContextValve.java:88)
		at org.apache.catalina.authenticator.AuthenticatorBase.invoke(AuthenticatorBase.java:491)
		at org.apache.catalina.core.StandardHostValve.invoke(StandardHostValve.java:127)
		at org.apache.catalina.valves.ErrorReportValve.invoke(ErrorReportValve.java:83)
		at org.apache.catalina.valves.AbstractAccessLogValve.invoke(AbstractAccessLogValve.java:643)
		at org.apache.catalina.core.StandardEngineValve.invoke(StandardEngineValve.java:72)
		at org.apache.catalina.connector.CoyoteAdapter.service(CoyoteAdapter.java:344)
		at org.apache.coyote.http11.Http11Processor.service(Http11Processor.java:398)
		at org.apache.coyote.AbstractProcessorLight.process(AbstractProcessorLight.java:63)
		at org.apache.coyote.AbstractProtocol$ConnectionHandler.process(AbstractProtocol.java:939)
		at org.apache.tomcat.util.net.NioEndpoint$SocketProcessor.doRun(NioEndpoint.java:1832)
		at org.apache.tomcat.util.net.SocketProcessorBase.run(SocketProcessorBase.java:52)
		at org.apache.tomcat.util.threads.ThreadPoolExecutor.runWorker(ThreadPoolExecutor.java:973)
		at org.apache.tomcat.util.threads.ThreadPoolExecutor$Worker.run(ThreadPoolExecutor.java:491)
		at org.apache.tomcat.util.threads.TaskThread$WrappingRunnable.run(TaskThread.java:63)
		at java.lang.Thread.run(Unknown Source)
05-Apr-2026 10:39:18.836 SEVERE [http-nio-8080-exec-9] org.apache.catalina.core.StandardWrapperValve.invoke Servlet.service() for servlet [dispatcher] in context with path [/demo] threw exception [Handler processing failed; nested exception is java.lang.NoSuchMethodError: com.timmy.controller.AllController$ProfileImagePayload.<init>(Lcom/timmy/controller/AllController$1;)V] with root cause
	java.lang.NoSuchMethodError: com.timmy.controller.AllController$ProfileImagePayload.<init>(Lcom/timmy/controller/AllController$1;)V
		at com.timmy.controller.AllController.loadProfileImagePayloadByEnrollId(AllController.java:2947)
		at com.timmy.controller.AllController.applyProfileImageFallback(AllController.java:2867)
		at com.timmy.controller.AllController.getLatestLogFromDB(AllController.java:2628)
		at sun.reflect.GeneratedMethodAccessor118.invoke(Unknown Source)
		at sun.reflect.DelegatingMethodAccessorImpl.invoke(Unknown Source)
		at java.lang.reflect.Method.invoke(Unknown Source)
		at org.springframework.web.method.support.InvocableHandlerMethod.invoke(InvocableHandlerMethod.java:215)
		at org.springframework.web.method.support.InvocableHandlerMethod.invokeForRequest(InvocableHandlerMethod.java:132)
		at org.springframework.web.servlet.mvc.method.annotation.ServletInvocableHandlerMethod.invokeAndHandle(ServletInvocableHandlerMethod.java:104)
		at org.springframework.web.servlet.mvc.method.annotation.RequestMappingHandlerAdapter.invokeHandleMethod(RequestMappingHandlerAdapter.java:749)
		at org.springframework.web.servlet.mvc.method.annotation.RequestMappingHandlerAdapter.handleInternal(RequestMappingHandlerAdapter.java:690)
		at org.springframework.web.servlet.mvc.method.AbstractHandlerMethodAdapter.handle(AbstractHandlerMethodAdapter.java:83)
		at org.springframework.web.servlet.DispatcherServlet.doDispatch(DispatcherServlet.java:945)
		at org.springframework.web.servlet.DispatcherServlet.doService(DispatcherServlet.java:876)
		at org.springframework.web.servlet.FrameworkServlet.processRequest(FrameworkServlet.java:961)
		at org.springframework.web.servlet.FrameworkServlet.doGet(FrameworkServlet.java:852)
		at javax.servlet.http.HttpServlet.service(HttpServlet.java:529)
		at org.springframework.web.servlet.FrameworkServlet.service(FrameworkServlet.java:837)
		at javax.servlet.http.HttpServlet.service(HttpServlet.java:623)
		at org.apache.catalina.core.ApplicationFilterChain.internalDoFilter(ApplicationFilterChain.java:197)
		at org.apache.catalina.core.ApplicationFilterChain.doFilter(ApplicationFilterChain.java:142)
		at org.apache.tomcat.websocket.server.WsFilter.doFilter(WsFilter.java:51)
		at org.apache.catalina.core.ApplicationFilterChain.internalDoFilter(ApplicationFilterChain.java:166)
		at org.apache.catalina.core.ApplicationFilterChain.doFilter(ApplicationFilterChain.java:142)
		at com.timmy.util.AuthFilter.doFilter(AuthFilter.java:44)
		at org.apache.catalina.core.ApplicationFilterChain.internalDoFilter(ApplicationFilterChain.java:166)
		at org.apache.catalina.core.ApplicationFilterChain.doFilter(ApplicationFilterChain.java:142)
		at org.springframework.web.filter.CharacterEncodingFilter.doFilterInternal(CharacterEncodingFilter.java:88)
		at org.springframework.web.filter.OncePerRequestFilter.doFilter(OncePerRequestFilter.java:108)
		at org.apache.catalina.core.ApplicationFilterChain.internalDoFilter(ApplicationFilterChain.java:166)
		at org.apache.catalina.core.ApplicationFilterChain.doFilter(ApplicationFilterChain.java:142)
		at org.apache.catalina.core.StandardWrapperValve.invoke(StandardWrapperValve.java:166)
		at org.apache.catalina.core.StandardContextValve.invoke(StandardContextValve.java:88)
		at org.apache.catalina.authenticator.AuthenticatorBase.invoke(AuthenticatorBase.java:491)
		at org.apache.catalina.core.StandardHostValve.invoke(StandardHostValve.java:127)
		at org.apache.catalina.valves.ErrorReportValve.invoke(ErrorReportValve.java:83)
		at org.apache.catalina.valves.AbstractAccessLogValve.invoke(AbstractAccessLogValve.java:643)
		at org.apache.catalina.core.StandardEngineValve.invoke(StandardEngineValve.java:72)
		at org.apache.catalina.connector.CoyoteAdapter.service(CoyoteAdapter.java:344)
		at org.apache.coyote.http11.Http11Processor.service(Http11Processor.java:398)
		at org.apache.coyote.AbstractProcessorLight.process(AbstractProcessorLight.java:63)
		at org.apache.coyote.AbstractProtocol$ConnectionHandler.process(AbstractProtocol.java:939)
		at org.apache.tomcat.util.net.NioEndpoint$SocketProcessor.doRun(NioEndpoint.java:1832)
		at org.apache.tomcat.util.net.SocketProcessorBase.run(SocketProcessorBase.java:52)
		at org.apache.tomcat.util.threads.ThreadPoolExecutor.runWorker(ThreadPoolExecutor.java:973)
		at org.apache.tomcat.util.threads.ThreadPoolExecutor$Worker.run(ThreadPoolExecutor.java:491)
		at org.apache.tomcat.util.threads.TaskThread$WrappingRunnable.run(TaskThread.java:63)
		at java.lang.Thread.run(Unknown Source)
05-Apr-2026 10:39:23.835 SEVERE [http-nio-8080-exec-7] org.apache.catalina.core.StandardWrapperValve.invoke Servlet.service() for servlet [dispatcher] in context with path [/demo] threw exception [Handler processing failed; nested exception is java.lang.NoSuchMethodError: com.timmy.controller.AllController$ProfileImagePayload.<init>(Lcom/timmy/controller/AllController$1;)V] with root cause
	java.lang.NoSuchMethodError: com.timmy.controller.AllController$ProfileImagePayload.<init>(Lcom/timmy/controller/AllController$1;)V
		at com.timmy.controller.AllController.loadProfileImagePayloadByEnrollId(AllController.java:2947)
		at com.timmy.controller.AllController.applyProfileImageFallback(AllController.java:2867)
		at com.timmy.controller.AllController.getLatestLogFromDB(AllController.java:2628)
		at sun.reflect.GeneratedMethodAccessor118.invoke(Unknown Source)
		at sun.reflect.DelegatingMethodAccessorImpl.invoke(Unknown Source)
		at java.lang.reflect.Method.invoke(Unknown Source)
		at org.springframework.web.method.support.InvocableHandlerMethod.invoke(InvocableHandlerMethod.java:215)
		at org.springframework.web.method.support.InvocableHandlerMethod.invokeForRequest(InvocableHandlerMethod.java:132)
		at org.springframework.web.servlet.mvc.method.annotation.ServletInvocableHandlerMethod.invokeAndHandle(ServletInvocableHandlerMethod.java:104)
		at org.springframework.web.servlet.mvc.method.annotation.RequestMappingHandlerAdapter.invokeHandleMethod(RequestMappingHandlerAdapter.java:749)
		at org.springframework.web.servlet.mvc.method.annotation.RequestMappingHandlerAdapter.handleInternal(RequestMappingHandlerAdapter.java:690)
		at org.springframework.web.servlet.mvc.method.AbstractHandlerMethodAdapter.handle(AbstractHandlerMethodAdapter.java:83)
		at org.springframework.web.servlet.DispatcherServlet.doDispatch(DispatcherServlet.java:945)
		at org.springframework.web.servlet.DispatcherServlet.doService(DispatcherServlet.java:876)
		at org.springframework.web.servlet.FrameworkServlet.processRequest(FrameworkServlet.java:961)
		at org.springframework.web.servlet.FrameworkServlet.doGet(FrameworkServlet.java:852)
		at javax.servlet.http.HttpServlet.service(HttpServlet.java:529)
		at org.springframework.web.servlet.FrameworkServlet.service(FrameworkServlet.java:837)
		at javax.servlet.http.HttpServlet.service(HttpServlet.java:623)
		at org.apache.catalina.core.ApplicationFilterChain.internalDoFilter(ApplicationFilterChain.java:197)
		at org.apache.catalina.core.ApplicationFilterChain.doFilter(ApplicationFilterChain.java:142)
		at org.apache.tomcat.websocket.server.WsFilter.doFilter(WsFilter.java:51)
		at org.apache.catalina.core.ApplicationFilterChain.internalDoFilter(ApplicationFilterChain.java:166)
		at org.apache.catalina.core.ApplicationFilterChain.doFilter(ApplicationFilterChain.java:142)
		at com.timmy.util.AuthFilter.doFilter(AuthFilter.java:44)
		at org.apache.catalina.core.ApplicationFilterChain.internalDoFilter(ApplicationFilterChain.java:166)
		at org.apache.catalina.core.ApplicationFilterChain.doFilter(ApplicationFilterChain.java:142)
		at org.springframework.web.filter.CharacterEncodingFilter.doFilterInternal(CharacterEncodingFilter.java:88)
		at org.springframework.web.filter.OncePerRequestFilter.doFilter(OncePerRequestFilter.java:108)
		at org.apache.catalina.core.ApplicationFilterChain.internalDoFilter(ApplicationFilterChain.java:166)
		at org.apache.catalina.core.ApplicationFilterChain.doFilter(ApplicationFilterChain.java:142)
		at org.apache.catalina.core.StandardWrapperValve.invoke(StandardWrapperValve.java:166)
		at org.apache.catalina.core.StandardContextValve.invoke(StandardContextValve.java:88)
		at org.apache.catalina.authenticator.AuthenticatorBase.invoke(AuthenticatorBase.java:491)
		at org.apache.catalina.core.StandardHostValve.invoke(StandardHostValve.java:127)
		at org.apache.catalina.valves.ErrorReportValve.invoke(ErrorReportValve.java:83)
		at org.apache.catalina.valves.AbstractAccessLogValve.invoke(AbstractAccessLogValve.java:643)
		at org.apache.catalina.core.StandardEngineValve.invoke(StandardEngineValve.java:72)
		at org.apache.catalina.connector.CoyoteAdapter.service(CoyoteAdapter.java:344)
		at org.apache.coyote.http11.Http11Processor.service(Http11Processor.java:398)
		at org.apache.coyote.AbstractProcessorLight.process(AbstractProcessorLight.java:63)
		at org.apache.coyote.AbstractProtocol$ConnectionHandler.process(AbstractProtocol.java:939)
		at org.apache.tomcat.util.net.NioEndpoint$SocketProcessor.doRun(NioEndpoint.java:1832)
		at org.apache.tomcat.util.net.SocketProcessorBase.run(SocketProcessorBase.java:52)
		at org.apache.tomcat.util.threads.ThreadPoolExecutor.runWorker(ThreadPoolExecutor.java:973)
		at org.apache.tomcat.util.threads.ThreadPoolExecutor$Worker.run(ThreadPoolExecutor.java:491)
		at org.apache.tomcat.util.threads.TaskThread$WrappingRunnable.run(TaskThread.java:63)
		at java.lang.Thread.run(Unknown Source)
05-Apr-2026 10:39:28.833 SEVERE [http-nio-8080-exec-1] org.apache.catalina.core.StandardWrapperValve.invoke Servlet.service() for servlet [dispatcher] in context with path [/demo] threw exception [Handler processing failed; nested exception is java.lang.NoSuchMethodError: com.timmy.controller.AllController$ProfileImagePayload.<init>(Lcom/timmy/controller/AllController$1;)V] with root cause
	java.lang.NoSuchMethodError: com.timmy.controller.AllController$ProfileImagePayload.<init>(Lcom/timmy/controller/AllController$1;)V
		at com.timmy.controller.AllController.loadProfileImagePayloadByEnrollId(AllController.java:2947)
		at com.timmy.controller.AllController.applyProfileImageFallback(AllController.java:2867)
		at com.timmy.controller.AllController.getLatestLogFromDB(AllController.java:2628)
		at sun.reflect.GeneratedMethodAccessor118.invoke(Unknown Source)
		at sun.reflect.DelegatingMethodAccessorImpl.invoke(Unknown Source)
		at java.lang.reflect.Method.invoke(Unknown Source)
		at org.springframework.web.method.support.InvocableHandlerMethod.invoke(InvocableHandlerMethod.java:215)
		at org.springframework.web.method.support.InvocableHandlerMethod.invokeForRequest(InvocableHandlerMethod.java:132)
		at org.springframework.web.servlet.mvc.method.annotation.ServletInvocableHandlerMethod.invokeAndHandle(ServletInvocableHandlerMethod.java:104)
		at org.springframework.web.servlet.mvc.method.annotation.RequestMappingHandlerAdapter.invokeHandleMethod(RequestMappingHandlerAdapter.java:749)
		at org.springframework.web.servlet.mvc.method.annotation.RequestMappingHandlerAdapter.handleInternal(RequestMappingHandlerAdapter.java:690)
		at org.springframework.web.servlet.mvc.method.AbstractHandlerMethodAdapter.handle(AbstractHandlerMethodAdapter.java:83)
		at org.springframework.web.servlet.DispatcherServlet.doDispatch(DispatcherServlet.java:945)
		at org.springframework.web.servlet.DispatcherServlet.doService(DispatcherServlet.java:876)
		at org.springframework.web.servlet.FrameworkServlet.processRequest(FrameworkServlet.java:961)
		at org.springframework.web.servlet.FrameworkServlet.doGet(FrameworkServlet.java:852)
		at javax.servlet.http.HttpServlet.service(HttpServlet.java:529)
		at org.springframework.web.servlet.FrameworkServlet.service(FrameworkServlet.java:837)
		at javax.servlet.http.HttpServlet.service(HttpServlet.java:623)
		at org.apache.catalina.core.ApplicationFilterChain.internalDoFilter(ApplicationFilterChain.java:197)
		at org.apache.catalina.core.ApplicationFilterChain.doFilter(ApplicationFilterChain.java:142)
		at org.apache.tomcat.websocket.server.WsFilter.doFilter(WsFilter.java:51)
		at org.apache.catalina.core.ApplicationFilterChain.internalDoFilter(ApplicationFilterChain.java:166)
		at org.apache.catalina.core.ApplicationFilterChain.doFilter(ApplicationFilterChain.java:142)
		at com.timmy.util.AuthFilter.doFilter(AuthFilter.java:44)
		at org.apache.catalina.core.ApplicationFilterChain.internalDoFilter(ApplicationFilterChain.java:166)
		at org.apache.catalina.core.ApplicationFilterChain.doFilter(ApplicationFilterChain.java:142)
		at org.springframework.web.filter.CharacterEncodingFilter.doFilterInternal(CharacterEncodingFilter.java:88)
		at org.springframework.web.filter.OncePerRequestFilter.doFilter(OncePerRequestFilter.java:108)
		at org.apache.catalina.core.ApplicationFilterChain.internalDoFilter(ApplicationFilterChain.java:166)
		at org.apache.catalina.core.ApplicationFilterChain.doFilter(ApplicationFilterChain.java:142)
		at org.apache.catalina.core.StandardWrapperValve.invoke(StandardWrapperValve.java:166)
		at org.apache.catalina.core.StandardContextValve.invoke(StandardContextValve.java:88)
		at org.apache.catalina.authenticator.AuthenticatorBase.invoke(AuthenticatorBase.java:491)
		at org.apache.catalina.core.StandardHostValve.invoke(StandardHostValve.java:127)
		at org.apache.catalina.valves.ErrorReportValve.invoke(ErrorReportValve.java:83)
		at org.apache.catalina.valves.AbstractAccessLogValve.invoke(AbstractAccessLogValve.java:643)
		at org.apache.catalina.core.StandardEngineValve.invoke(StandardEngineValve.java:72)
		at org.apache.catalina.connector.CoyoteAdapter.service(CoyoteAdapter.java:344)
		at org.apache.coyote.http11.Http11Processor.service(Http11Processor.java:398)
		at org.apache.coyote.AbstractProcessorLight.process(AbstractProcessorLight.java:63)
		at org.apache.coyote.AbstractProtocol$ConnectionHandler.process(AbstractProtocol.java:939)
		at org.apache.tomcat.util.net.NioEndpoint$SocketProcessor.doRun(NioEndpoint.java:1832)
		at org.apache.tomcat.util.net.SocketProcessorBase.run(SocketProcessorBase.java:52)
		at org.apache.tomcat.util.threads.ThreadPoolExecutor.runWorker(ThreadPoolExecutor.java:973)
		at org.apache.tomcat.util.threads.ThreadPoolExecutor$Worker.run(ThreadPoolExecutor.java:491)
		at org.apache.tomcat.util.threads.TaskThread$WrappingRunnable.run(TaskThread.java:63)
		at java.lang.Thread.run(Unknown Source)
05-Apr-2026 10:39:33.835 SEVERE [http-nio-8080-exec-6] org.apache.catalina.core.StandardWrapperValve.invoke Servlet.service() for servlet [dispatcher] in context with path [/demo] threw exception [Handler processing failed; nested exception is java.lang.NoSuchMethodError: com.timmy.controller.AllController$ProfileImagePayload.<init>(Lcom/timmy/controller/AllController$1;)V] with root cause
	java.lang.NoSuchMethodError: com.timmy.controller.AllController$ProfileImagePayload.<init>(Lcom/timmy/controller/AllController$1;)V
		at com.timmy.controller.AllController.loadProfileImagePayloadByEnrollId(AllController.java:2947)
		at com.timmy.controller.AllController.applyProfileImageFallback(AllController.java:2867)
		at com.timmy.controller.AllController.getLatestLogFromDB(AllController.java:2628)
		at sun.reflect.GeneratedMethodAccessor118.invoke(Unknown Source)
		at sun.reflect.DelegatingMethodAccessorImpl.invoke(Unknown Source)
		at java.lang.reflect.Method.invoke(Unknown Source)
		at org.springframework.web.method.support.InvocableHandlerMethod.invoke(InvocableHandlerMethod.java:215)
		at org.springframework.web.method.support.InvocableHandlerMethod.invokeForRequest(InvocableHandlerMethod.java:132)
		at org.springframework.web.servlet.mvc.method.annotation.ServletInvocableHandlerMethod.invokeAndHandle(ServletInvocableHandlerMethod.java:104)
		at org.springframework.web.servlet.mvc.method.annotation.RequestMappingHandlerAdapter.invokeHandleMethod(RequestMappingHandlerAdapter.java:749)
		at org.springframework.web.servlet.mvc.method.annotation.RequestMappingHandlerAdapter.handleInternal(RequestMappingHandlerAdapter.java:690)
		at org.springframework.web.servlet.mvc.method.AbstractHandlerMethodAdapter.handle(AbstractHandlerMethodAdapter.java:83)
		at org.springframework.web.servlet.DispatcherServlet.doDispatch(DispatcherServlet.java:945)
		at org.springframework.web.servlet.DispatcherServlet.doService(DispatcherServlet.java:876)
		at org.springframework.web.servlet.FrameworkServlet.processRequest(FrameworkServlet.java:961)
		at org.springframework.web.servlet.FrameworkServlet.doGet(FrameworkServlet.java:852)
		at javax.servlet.http.HttpServlet.service(HttpServlet.java:529)
		at org.springframework.web.servlet.FrameworkServlet.service(FrameworkServlet.java:837)
		at javax.servlet.http.HttpServlet.service(HttpServlet.java:623)
		at org.apache.catalina.core.ApplicationFilterChain.internalDoFilter(ApplicationFilterChain.java:197)
		at org.apache.catalina.core.ApplicationFilterChain.doFilter(ApplicationFilterChain.java:142)
		at org.apache.tomcat.websocket.server.WsFilter.doFilter(WsFilter.java:51)
		at org.apache.catalina.core.ApplicationFilterChain.internalDoFilter(ApplicationFilterChain.java:166)
		at org.apache.catalina.core.ApplicationFilterChain.doFilter(ApplicationFilterChain.java:142)
		at com.timmy.util.AuthFilter.doFilter(AuthFilter.java:44)
		at org.apache.catalina.core.ApplicationFilterChain.internalDoFilter(ApplicationFilterChain.java:166)
		at org.apache.catalina.core.ApplicationFilterChain.doFilter(ApplicationFilterChain.java:142)
		at org.springframework.web.filter.CharacterEncodingFilter.doFilterInternal(CharacterEncodingFilter.java:88)
		at org.springframework.web.filter.OncePerRequestFilter.doFilter(OncePerRequestFilter.java:108)
		at org.apache.catalina.core.ApplicationFilterChain.internalDoFilter(ApplicationFilterChain.java:166)
		at org.apache.catalina.core.ApplicationFilterChain.doFilter(ApplicationFilterChain.java:142)
		at org.apache.catalina.core.StandardWrapperValve.invoke(StandardWrapperValve.java:166)
		at org.apache.catalina.core.StandardContextValve.invoke(StandardContextValve.java:88)
		at org.apache.catalina.authenticator.AuthenticatorBase.invoke(AuthenticatorBase.java:491)
		at org.apache.catalina.core.StandardHostValve.invoke(StandardHostValve.java:127)
		at org.apache.catalina.valves.ErrorReportValve.invoke(ErrorReportValve.java:83)
		at org.apache.catalina.valves.AbstractAccessLogValve.invoke(AbstractAccessLogValve.java:643)
		at org.apache.catalina.core.StandardEngineValve.invoke(StandardEngineValve.java:72)
		at org.apache.catalina.connector.CoyoteAdapter.service(CoyoteAdapter.java:344)
		at org.apache.coyote.http11.Http11Processor.service(Http11Processor.java:398)
		at org.apache.coyote.AbstractProcessorLight.process(AbstractProcessorLight.java:63)
		at org.apache.coyote.AbstractProtocol$ConnectionHandler.process(AbstractProtocol.java:939)
		at org.apache.tomcat.util.net.NioEndpoint$SocketProcessor.doRun(NioEndpoint.java:1832)
		at org.apache.tomcat.util.net.SocketProcessorBase.run(SocketProcessorBase.java:52)
		at org.apache.tomcat.util.threads.ThreadPoolExecutor.runWorker(ThreadPoolExecutor.java:973)
		at org.apache.tomcat.util.threads.ThreadPoolExecutor$Worker.run(ThreadPoolExecutor.java:491)
		at org.apache.tomcat.util.threads.TaskThread$WrappingRunnable.run(TaskThread.java:63)
		at java.lang.Thread.run(Unknown Source)
05-Apr-2026 10:39:38.860 SEVERE [http-nio-8080-exec-5] org.apache.catalina.core.StandardWrapperValve.invoke Servlet.service() for servlet [dispatcher] in context with path [/demo] threw exception [Handler processing failed; nested exception is java.lang.NoSuchMethodError: com.timmy.controller.AllController$ProfileImagePayload.<init>(Lcom/timmy/controller/AllController$1;)V] with root cause
	java.lang.NoSuchMethodError: com.timmy.controller.AllController$ProfileImagePayload.<init>(Lcom/timmy/controller/AllController$1;)V
		at com.timmy.controller.AllController.loadProfileImagePayloadByEnrollId(AllController.java:2947)
		at com.timmy.controller.AllController.applyProfileImageFallback(AllController.java:2867)
		at com.timmy.controller.AllController.getLatestLogFromDB(AllController.java:2628)
		at sun.reflect.GeneratedMethodAccessor118.invoke(Unknown Source)
		at sun.reflect.DelegatingMethodAccessorImpl.invoke(Unknown Source)
		at java.lang.reflect.Method.invoke(Unknown Source)
		at org.springframework.web.method.support.InvocableHandlerMethod.invoke(InvocableHandlerMethod.java:215)
		at org.springframework.web.method.support.InvocableHandlerMethod.invokeForRequest(InvocableHandlerMethod.java:132)
		at org.springframework.web.servlet.mvc.method.annotation.ServletInvocableHandlerMethod.invokeAndHandle(ServletInvocableHandlerMethod.java:104)
		at org.springframework.web.servlet.mvc.method.annotation.RequestMappingHandlerAdapter.invokeHandleMethod(RequestMappingHandlerAdapter.java:749)
		at org.springframework.web.servlet.mvc.method.annotation.RequestMappingHandlerAdapter.handleInternal(RequestMappingHandlerAdapter.java:690)
		at org.springframework.web.servlet.mvc.method.AbstractHandlerMethodAdapter.handle(AbstractHandlerMethodAdapter.java:83)
		at org.springframework.web.servlet.DispatcherServlet.doDispatch(DispatcherServlet.java:945)
		at org.springframework.web.servlet.DispatcherServlet.doService(DispatcherServlet.java:876)
		at org.springframework.web.servlet.FrameworkServlet.processRequest(FrameworkServlet.java:961)
		at org.springframework.web.servlet.FrameworkServlet.doGet(FrameworkServlet.java:852)
		at javax.servlet.http.HttpServlet.service(HttpServlet.java:529)
		at org.springframework.web.servlet.FrameworkServlet.service(FrameworkServlet.java:837)
		at javax.servlet.http.HttpServlet.service(HttpServlet.java:623)
		at org.apache.catalina.core.ApplicationFilterChain.internalDoFilter(ApplicationFilterChain.java:197)
		at org.apache.catalina.core.ApplicationFilterChain.doFilter(ApplicationFilterChain.java:142)
		at org.apache.tomcat.websocket.server.WsFilter.doFilter(WsFilter.java:51)
		at org.apache.catalina.core.ApplicationFilterChain.internalDoFilter(ApplicationFilterChain.java:166)
		at org.apache.catalina.core.ApplicationFilterChain.doFilter(ApplicationFilterChain.java:142)
		at com.timmy.util.AuthFilter.doFilter(AuthFilter.java:44)
		at org.apache.catalina.core.ApplicationFilterChain.internalDoFilter(ApplicationFilterChain.java:166)
		at org.apache.catalina.core.ApplicationFilterChain.doFilter(ApplicationFilterChain.java:142)
		at org.springframework.web.filter.CharacterEncodingFilter.doFilterInternal(CharacterEncodingFilter.java:88)
		at org.springframework.web.filter.OncePerRequestFilter.doFilter(OncePerRequestFilter.java:108)
		at org.apache.catalina.core.ApplicationFilterChain.internalDoFilter(ApplicationFilterChain.java:166)
		at org.apache.catalina.core.ApplicationFilterChain.doFilter(ApplicationFilterChain.java:142)
		at org.apache.catalina.core.StandardWrapperValve.invoke(StandardWrapperValve.java:166)
		at org.apache.catalina.core.StandardContextValve.invoke(StandardContextValve.java:88)
		at org.apache.catalina.authenticator.AuthenticatorBase.invoke(AuthenticatorBase.java:491)
		at org.apache.catalina.core.StandardHostValve.invoke(StandardHostValve.java:127)
		at org.apache.catalina.valves.ErrorReportValve.invoke(ErrorReportValve.java:83)
		at org.apache.catalina.valves.AbstractAccessLogValve.invoke(AbstractAccessLogValve.java:643)
		at org.apache.catalina.core.StandardEngineValve.invoke(StandardEngineValve.java:72)
		at org.apache.catalina.connector.CoyoteAdapter.service(CoyoteAdapter.java:344)
		at org.apache.coyote.http11.Http11Processor.service(Http11Processor.java:398)
		at org.apache.coyote.AbstractProcessorLight.process(AbstractProcessorLight.java:63)
		at org.apache.coyote.AbstractProtocol$ConnectionHandler.process(AbstractProtocol.java:939)
		at org.apache.tomcat.util.net.NioEndpoint$SocketProcessor.doRun(NioEndpoint.java:1832)
		at org.apache.tomcat.util.net.SocketProcessorBase.run(SocketProcessorBase.java:52)
		at org.apache.tomcat.util.threads.ThreadPoolExecutor.runWorker(ThreadPoolExecutor.java:973)
		at org.apache.tomcat.util.threads.ThreadPoolExecutor$Worker.run(ThreadPoolExecutor.java:491)
		at org.apache.tomcat.util.threads.TaskThread$WrappingRunnable.run(TaskThread.java:63)
		at java.lang.Thread.run(Unknown Source)
05-Apr-2026 10:39:43.833 SEVERE [http-nio-8080-exec-10] org.apache.catalina.core.StandardWrapperValve.invoke Servlet.service() for servlet [dispatcher] in context with path [/demo] threw exception [Handler processing failed; nested exception is java.lang.NoSuchMethodError: com.timmy.controller.AllController$ProfileImagePayload.<init>(Lcom/timmy/controller/AllController$1;)V] with root cause
	java.lang.NoSuchMethodError: com.timmy.controller.AllController$ProfileImagePayload.<init>(Lcom/timmy/controller/AllController$1;)V
		at com.timmy.controller.AllController.loadProfileImagePayloadByEnrollId(AllController.java:2947)
		at com.timmy.controller.AllController.applyProfileImageFallback(AllController.java:2867)
		at com.timmy.controller.AllController.getLatestLogFromDB(AllController.java:2628)
		at sun.reflect.GeneratedMethodAccessor118.invoke(Unknown Source)
		at sun.reflect.DelegatingMethodAccessorImpl.invoke(Unknown Source)
		at java.lang.reflect.Method.invoke(Unknown Source)
		at org.springframework.web.method.support.InvocableHandlerMethod.invoke(InvocableHandlerMethod.java:215)
		at org.springframework.web.method.support.InvocableHandlerMethod.invokeForRequest(InvocableHandlerMethod.java:132)
		at org.springframework.web.servlet.mvc.method.annotation.ServletInvocableHandlerMethod.invokeAndHandle(ServletInvocableHandlerMethod.java:104)
		at org.springframework.web.servlet.mvc.method.annotation.RequestMappingHandlerAdapter.invokeHandleMethod(RequestMappingHandlerAdapter.java:749)
		at org.springframework.web.servlet.mvc.method.annotation.RequestMappingHandlerAdapter.handleInternal(RequestMappingHandlerAdapter.java:690)
		at org.springframework.web.servlet.mvc.method.AbstractHandlerMethodAdapter.handle(AbstractHandlerMethodAdapter.java:83)
		at org.springframework.web.servlet.DispatcherServlet.doDispatch(DispatcherServlet.java:945)
		at org.springframework.web.servlet.DispatcherServlet.doService(DispatcherServlet.java:876)
		at org.springframework.web.servlet.FrameworkServlet.processRequest(FrameworkServlet.java:961)
		at org.springframework.web.servlet.FrameworkServlet.doGet(FrameworkServlet.java:852)
		at javax.servlet.http.HttpServlet.service(HttpServlet.java:529)
		at org.springframework.web.servlet.FrameworkServlet.service(FrameworkServlet.java:837)
		at javax.servlet.http.HttpServlet.service(HttpServlet.java:623)
		at org.apache.catalina.core.ApplicationFilterChain.internalDoFilter(ApplicationFilterChain.java:197)
		at org.apache.catalina.core.ApplicationFilterChain.doFilter(ApplicationFilterChain.java:142)
		at org.apache.tomcat.websocket.server.WsFilter.doFilter(WsFilter.java:51)
		at org.apache.catalina.core.ApplicationFilterChain.internalDoFilter(ApplicationFilterChain.java:166)
		at org.apache.catalina.core.ApplicationFilterChain.doFilter(ApplicationFilterChain.java:142)
		at com.timmy.util.AuthFilter.doFilter(AuthFilter.java:44)
		at org.apache.catalina.core.ApplicationFilterChain.internalDoFilter(ApplicationFilterChain.java:166)
		at org.apache.catalina.core.ApplicationFilterChain.doFilter(ApplicationFilterChain.java:142)
		at org.springframework.web.filter.CharacterEncodingFilter.doFilterInternal(CharacterEncodingFilter.java:88)
		at org.springframework.web.filter.OncePerRequestFilter.doFilter(OncePerRequestFilter.java:108)
		at org.apache.catalina.core.ApplicationFilterChain.internalDoFilter(ApplicationFilterChain.java:166)
		at org.apache.catalina.core.ApplicationFilterChain.doFilter(ApplicationFilterChain.java:142)
		at org.apache.catalina.core.StandardWrapperValve.invoke(StandardWrapperValve.java:166)
		at org.apache.catalina.core.StandardContextValve.invoke(StandardContextValve.java:88)
		at org.apache.catalina.authenticator.AuthenticatorBase.invoke(AuthenticatorBase.java:491)
		at org.apache.catalina.core.StandardHostValve.invoke(StandardHostValve.java:127)
		at org.apache.catalina.valves.ErrorReportValve.invoke(ErrorReportValve.java:83)
		at org.apache.catalina.valves.AbstractAccessLogValve.invoke(AbstractAccessLogValve.java:643)
		at org.apache.catalina.core.StandardEngineValve.invoke(StandardEngineValve.java:72)
		at org.apache.catalina.connector.CoyoteAdapter.service(CoyoteAdapter.java:344)
		at org.apache.coyote.http11.Http11Processor.service(Http11Processor.java:398)
		at org.apache.coyote.AbstractProcessorLight.process(AbstractProcessorLight.java:63)
		at org.apache.coyote.AbstractProtocol$ConnectionHandler.process(AbstractProtocol.java:939)
		at org.apache.tomcat.util.net.NioEndpoint$SocketProcessor.doRun(NioEndpoint.java:1832)
		at org.apache.tomcat.util.net.SocketProcessorBase.run(SocketProcessorBase.java:52)
		at org.apache.tomcat.util.threads.ThreadPoolExecutor.runWorker(ThreadPoolExecutor.java:973)
		at org.apache.tomcat.util.threads.ThreadPoolExecutor$Worker.run(ThreadPoolExecutor.java:491)
		at org.apache.tomcat.util.threads.TaskThread$WrappingRunnable.run(TaskThread.java:63)
		at java.lang.Thread.run(Unknown Source)
05-Apr-2026 10:39:48.861 SEVERE [http-nio-8080-exec-2] org.apache.catalina.core.StandardWrapperValve.invoke Servlet.service() for servlet [dispatcher] in context with path [/demo] threw exception [Handler processing failed; nested exception is java.lang.NoSuchMethodError: com.timmy.controller.AllController$ProfileImagePayload.<init>(Lcom/timmy/controller/AllController$1;)V] with root cause
	java.lang.NoSuchMethodError: com.timmy.controller.AllController$ProfileImagePayload.<init>(Lcom/timmy/controller/AllController$1;)V
		at com.timmy.controller.AllController.loadProfileImagePayloadByEnrollId(AllController.java:2947)
		at com.timmy.controller.AllController.applyProfileImageFallback(AllController.java:2867)
		at com.timmy.controller.AllController.getLatestLogFromDB(AllController.java:2628)
		at sun.reflect.GeneratedMethodAccessor118.invoke(Unknown Source)
		at sun.reflect.DelegatingMethodAccessorImpl.invoke(Unknown Source)
		at java.lang.reflect.Method.invoke(Unknown Source)
		at org.springframework.web.method.support.InvocableHandlerMethod.invoke(InvocableHandlerMethod.java:215)
		at org.springframework.web.method.support.InvocableHandlerMethod.invokeForRequest(InvocableHandlerMethod.java:132)
		at org.springframework.web.servlet.mvc.method.annotation.ServletInvocableHandlerMethod.invokeAndHandle(ServletInvocableHandlerMethod.java:104)
		at org.springframework.web.servlet.mvc.method.annotation.RequestMappingHandlerAdapter.invokeHandleMethod(RequestMappingHandlerAdapter.java:749)
		at org.springframework.web.servlet.mvc.method.annotation.RequestMappingHandlerAdapter.handleInternal(RequestMappingHandlerAdapter.java:690)
		at org.springframework.web.servlet.mvc.method.AbstractHandlerMethodAdapter.handle(AbstractHandlerMethodAdapter.java:83)
		at org.springframework.web.servlet.DispatcherServlet.doDispatch(DispatcherServlet.java:945)
		at org.springframework.web.servlet.DispatcherServlet.doService(DispatcherServlet.java:876)
		at org.springframework.web.servlet.FrameworkServlet.processRequest(FrameworkServlet.java:961)
		at org.springframework.web.servlet.FrameworkServlet.doGet(FrameworkServlet.java:852)
		at javax.servlet.http.HttpServlet.service(HttpServlet.java:529)
		at org.springframework.web.servlet.FrameworkServlet.service(FrameworkServlet.java:837)
		at javax.servlet.http.HttpServlet.service(HttpServlet.java:623)
		at org.apache.catalina.core.ApplicationFilterChain.internalDoFilter(ApplicationFilterChain.java:197)
		at org.apache.catalina.core.ApplicationFilterChain.doFilter(ApplicationFilterChain.java:142)
		at org.apache.tomcat.websocket.server.WsFilter.doFilter(WsFilter.java:51)
		at org.apache.catalina.core.ApplicationFilterChain.internalDoFilter(ApplicationFilterChain.java:166)
		at org.apache.catalina.core.ApplicationFilterChain.doFilter(ApplicationFilterChain.java:142)
		at com.timmy.util.AuthFilter.doFilter(AuthFilter.java:44)
		at org.apache.catalina.core.ApplicationFilterChain.internalDoFilter(ApplicationFilterChain.java:166)
		at org.apache.catalina.core.ApplicationFilterChain.doFilter(ApplicationFilterChain.java:142)
		at org.springframework.web.filter.CharacterEncodingFilter.doFilterInternal(CharacterEncodingFilter.java:88)
		at org.springframework.web.filter.OncePerRequestFilter.doFilter(OncePerRequestFilter.java:108)
		at org.apache.catalina.core.ApplicationFilterChain.internalDoFilter(ApplicationFilterChain.java:166)
		at org.apache.catalina.core.ApplicationFilterChain.doFilter(ApplicationFilterChain.java:142)
		at org.apache.catalina.core.StandardWrapperValve.invoke(StandardWrapperValve.java:166)
		at org.apache.catalina.core.StandardContextValve.invoke(StandardContextValve.java:88)
		at org.apache.catalina.authenticator.AuthenticatorBase.invoke(AuthenticatorBase.java:491)
		at org.apache.catalina.core.StandardHostValve.invoke(StandardHostValve.java:127)
		at org.apache.catalina.valves.ErrorReportValve.invoke(ErrorReportValve.java:83)
		at org.apache.catalina.valves.AbstractAccessLogValve.invoke(AbstractAccessLogValve.java:643)
		at org.apache.catalina.core.StandardEngineValve.invoke(StandardEngineValve.java:72)
		at org.apache.catalina.connector.CoyoteAdapter.service(CoyoteAdapter.java:344)
		at org.apache.coyote.http11.Http11Processor.service(Http11Processor.java:398)
		at org.apache.coyote.AbstractProcessorLight.process(AbstractProcessorLight.java:63)
		at org.apache.coyote.AbstractProtocol$ConnectionHandler.process(AbstractProtocol.java:939)
		at org.apache.tomcat.util.net.NioEndpoint$SocketProcessor.doRun(NioEndpoint.java:1832)
		at org.apache.tomcat.util.net.SocketProcessorBase.run(SocketProcessorBase.java:52)
		at org.apache.tomcat.util.threads.ThreadPoolExecutor.runWorker(ThreadPoolExecutor.java:973)
		at org.apache.tomcat.util.threads.ThreadPoolExecutor$Worker.run(ThreadPoolExecutor.java:491)
		at org.apache.tomcat.util.threads.TaskThread$WrappingRunnable.run(TaskThread.java:63)
		at java.lang.Thread.run(Unknown Source)
05-Apr-2026 10:39:53.864 SEVERE [http-nio-8080-exec-4] org.apache.catalina.core.StandardWrapperValve.invoke Servlet.service() for servlet [dispatcher] in context with path [/demo] threw exception [Handler processing failed; nested exception is java.lang.NoSuchMethodError: com.timmy.controller.AllController$ProfileImagePayload.<init>(Lcom/timmy/controller/AllController$1;)V] with root cause
	java.lang.NoSuchMethodError: com.timmy.controller.AllController$ProfileImagePayload.<init>(Lcom/timmy/controller/AllController$1;)V
		at com.timmy.controller.AllController.loadProfileImagePayloadByEnrollId(AllController.java:2947)
		at com.timmy.controller.AllController.applyProfileImageFallback(AllController.java:2867)
		at com.timmy.controller.AllController.getLatestLogFromDB(AllController.java:2628)
		at sun.reflect.GeneratedMethodAccessor118.invoke(Unknown Source)
		at sun.reflect.DelegatingMethodAccessorImpl.invoke(Unknown Source)
		at java.lang.reflect.Method.invoke(Unknown Source)
		at org.springframework.web.method.support.InvocableHandlerMethod.invoke(InvocableHandlerMethod.java:215)
		at org.springframework.web.method.support.InvocableHandlerMethod.invokeForRequest(InvocableHandlerMethod.java:132)
		at org.springframework.web.servlet.mvc.method.annotation.ServletInvocableHandlerMethod.invokeAndHandle(ServletInvocableHandlerMethod.java:104)
		at org.springframework.web.servlet.mvc.method.annotation.RequestMappingHandlerAdapter.invokeHandleMethod(RequestMappingHandlerAdapter.java:749)
		at org.springframework.web.servlet.mvc.method.annotation.RequestMappingHandlerAdapter.handleInternal(RequestMappingHandlerAdapter.java:690)
		at org.springframework.web.servlet.mvc.method.AbstractHandlerMethodAdapter.handle(AbstractHandlerMethodAdapter.java:83)
		at org.springframework.web.servlet.DispatcherServlet.doDispatch(DispatcherServlet.java:945)
		at org.springframework.web.servlet.DispatcherServlet.doService(DispatcherServlet.java:876)
		at org.springframework.web.servlet.FrameworkServlet.processRequest(FrameworkServlet.java:961)
		at org.springframework.web.servlet.FrameworkServlet.doGet(FrameworkServlet.java:852)
		at javax.servlet.http.HttpServlet.service(HttpServlet.java:529)
		at org.springframework.web.servlet.FrameworkServlet.service(FrameworkServlet.java:837)
		at javax.servlet.http.HttpServlet.service(HttpServlet.java:623)
		at org.apache.catalina.core.ApplicationFilterChain.internalDoFilter(ApplicationFilterChain.java:197)
		at org.apache.catalina.core.ApplicationFilterChain.doFilter(ApplicationFilterChain.java:142)
		at org.apache.tomcat.websocket.server.WsFilter.doFilter(WsFilter.java:51)
		at org.apache.catalina.core.ApplicationFilterChain.internalDoFilter(ApplicationFilterChain.java:166)
		at org.apache.catalina.core.ApplicationFilterChain.doFilter(ApplicationFilterChain.java:142)
		at com.timmy.util.AuthFilter.doFilter(AuthFilter.java:44)
		at org.apache.catalina.core.ApplicationFilterChain.internalDoFilter(ApplicationFilterChain.java:166)
		at org.apache.catalina.core.ApplicationFilterChain.doFilter(ApplicationFilterChain.java:142)
		at org.springframework.web.filter.CharacterEncodingFilter.doFilterInternal(CharacterEncodingFilter.java:88)
		at org.springframework.web.filter.OncePerRequestFilter.doFilter(OncePerRequestFilter.java:108)
		at org.apache.catalina.core.ApplicationFilterChain.internalDoFilter(ApplicationFilterChain.java:166)
		at org.apache.catalina.core.ApplicationFilterChain.doFilter(ApplicationFilterChain.java:142)
		at org.apache.catalina.core.StandardWrapperValve.invoke(StandardWrapperValve.java:166)
		at org.apache.catalina.core.StandardContextValve.invoke(StandardContextValve.java:88)
		at org.apache.catalina.authenticator.AuthenticatorBase.invoke(AuthenticatorBase.java:491)
		at org.apache.catalina.core.StandardHostValve.invoke(StandardHostValve.java:127)
		at org.apache.catalina.valves.ErrorReportValve.invoke(ErrorReportValve.java:83)
		at org.apache.catalina.valves.AbstractAccessLogValve.invoke(AbstractAccessLogValve.java:643)
		at org.apache.catalina.core.StandardEngineValve.invoke(StandardEngineValve.java:72)
		at org.apache.catalina.connector.CoyoteAdapter.service(CoyoteAdapter.java:344)
		at org.apache.coyote.http11.Http11Processor.service(Http11Processor.java:398)
		at org.apache.coyote.AbstractProcessorLight.process(AbstractProcessorLight.java:63)
		at org.apache.coyote.AbstractProtocol$ConnectionHandler.process(AbstractProtocol.java:939)
		at org.apache.tomcat.util.net.NioEndpoint$SocketProcessor.doRun(NioEndpoint.java:1832)
		at org.apache.tomcat.util.net.SocketProcessorBase.run(SocketProcessorBase.java:52)
		at org.apache.tomcat.util.threads.ThreadPoolExecutor.runWorker(ThreadPoolExecutor.java:973)
		at org.apache.tomcat.util.threads.ThreadPoolExecutor$Worker.run(ThreadPoolExecutor.java:491)
		at org.apache.tomcat.util.threads.TaskThread$WrappingRunnable.run(TaskThread.java:63)
		at java.lang.Thread.run(Unknown Source)
05-Apr-2026 10:39:58.837 SEVERE [http-nio-8080-exec-3] org.apache.catalina.core.StandardWrapperValve.invoke Servlet.service() for servlet [dispatcher] in context with path [/demo] threw exception [Handler processing failed; nested exception is java.lang.NoSuchMethodError: com.timmy.controller.AllController$ProfileImagePayload.<init>(Lcom/timmy/controller/AllController$1;)V] with root cause
	java.lang.NoSuchMethodError: com.timmy.controller.AllController$ProfileImagePayload.<init>(Lcom/timmy/controller/AllController$1;)V
		at com.timmy.controller.AllController.loadProfileImagePayloadByEnrollId(AllController.java:2947)
		at com.timmy.controller.AllController.applyProfileImageFallback(AllController.java:2867)
		at com.timmy.controller.AllController.getLatestLogFromDB(AllController.java:2628)
		at sun.reflect.GeneratedMethodAccessor118.invoke(Unknown Source)
		at sun.reflect.DelegatingMethodAccessorImpl.invoke(Unknown Source)
		at java.lang.reflect.Method.invoke(Unknown Source)
		at org.springframework.web.method.support.InvocableHandlerMethod.invoke(InvocableHandlerMethod.java:215)
		at org.springframework.web.method.support.InvocableHandlerMethod.invokeForRequest(InvocableHandlerMethod.java:132)
		at org.springframework.web.servlet.mvc.method.annotation.ServletInvocableHandlerMethod.invokeAndHandle(ServletInvocableHandlerMethod.java:104)
		at org.springframework.web.servlet.mvc.method.annotation.RequestMappingHandlerAdapter.invokeHandleMethod(RequestMappingHandlerAdapter.java:749)
		at org.springframework.web.servlet.mvc.method.annotation.RequestMappingHandlerAdapter.handleInternal(RequestMappingHandlerAdapter.java:690)
		at org.springframework.web.servlet.mvc.method.AbstractHandlerMethodAdapter.handle(AbstractHandlerMethodAdapter.java:83)
		at org.springframework.web.servlet.DispatcherServlet.doDispatch(DispatcherServlet.java:945)
		at org.springframework.web.servlet.DispatcherServlet.doService(DispatcherServlet.java:876)
		at org.springframework.web.servlet.FrameworkServlet.processRequest(FrameworkServlet.java:961)
		at org.springframework.web.servlet.FrameworkServlet.doGet(FrameworkServlet.java:852)
		at javax.servlet.http.HttpServlet.service(HttpServlet.java:529)
		at org.springframework.web.servlet.FrameworkServlet.service(FrameworkServlet.java:837)
		at javax.servlet.http.HttpServlet.service(HttpServlet.java:623)
		at org.apache.catalina.core.ApplicationFilterChain.internalDoFilter(ApplicationFilterChain.java:197)
		at org.apache.catalina.core.ApplicationFilterChain.doFilter(ApplicationFilterChain.java:142)
		at org.apache.tomcat.websocket.server.WsFilter.doFilter(WsFilter.java:51)
		at org.apache.catalina.core.ApplicationFilterChain.internalDoFilter(ApplicationFilterChain.java:166)
		at org.apache.catalina.core.ApplicationFilterChain.doFilter(ApplicationFilterChain.java:142)
		at com.timmy.util.AuthFilter.doFilter(AuthFilter.java:44)
		at org.apache.catalina.core.ApplicationFilterChain.internalDoFilter(ApplicationFilterChain.java:166)
		at org.apache.catalina.core.ApplicationFilterChain.doFilter(ApplicationFilterChain.java:142)
		at org.springframework.web.filter.CharacterEncodingFilter.doFilterInternal(CharacterEncodingFilter.java:88)
		at org.springframework.web.filter.OncePerRequestFilter.doFilter(OncePerRequestFilter.java:108)
		at org.apache.catalina.core.ApplicationFilterChain.internalDoFilter(ApplicationFilterChain.java:166)
		at org.apache.catalina.core.ApplicationFilterChain.doFilter(ApplicationFilterChain.java:142)
		at org.apache.catalina.core.StandardWrapperValve.invoke(StandardWrapperValve.java:166)
		at org.apache.catalina.core.StandardContextValve.invoke(StandardContextValve.java:88)
		at org.apache.catalina.authenticator.AuthenticatorBase.invoke(AuthenticatorBase.java:491)
		at org.apache.catalina.core.StandardHostValve.invoke(StandardHostValve.java:127)
		at org.apache.catalina.valves.ErrorReportValve.invoke(ErrorReportValve.java:83)
		at org.apache.catalina.valves.AbstractAccessLogValve.invoke(AbstractAccessLogValve.java:643)
		at org.apache.catalina.core.StandardEngineValve.invoke(StandardEngineValve.java:72)
		at org.apache.catalina.connector.CoyoteAdapter.service(CoyoteAdapter.java:344)
		at org.apache.coyote.http11.Http11Processor.service(Http11Processor.java:398)
		at org.apache.coyote.AbstractProcessorLight.process(AbstractProcessorLight.java:63)
		at org.apache.coyote.AbstractProtocol$ConnectionHandler.process(AbstractProtocol.java:939)
		at org.apache.tomcat.util.net.NioEndpoint$SocketProcessor.doRun(NioEndpoint.java:1832)
		at org.apache.tomcat.util.net.SocketProcessorBase.run(SocketProcessorBase.java:52)
		at org.apache.tomcat.util.threads.ThreadPoolExecutor.runWorker(ThreadPoolExecutor.java:973)
		at org.apache.tomcat.util.threads.ThreadPoolExecutor$Worker.run(ThreadPoolExecutor.java:491)
		at org.apache.tomcat.util.threads.TaskThread$WrappingRunnable.run(TaskThread.java:63)
		at java.lang.Thread.run(Unknown Source)
05-Apr-2026 10:40:03.837 SEVERE [http-nio-8080-exec-8] org.apache.catalina.core.StandardWrapperValve.invoke Servlet.service() for servlet [dispatcher] in context with path [/demo] threw exception [Handler processing failed; nested exception is java.lang.NoSuchMethodError: com.timmy.controller.AllController$ProfileImagePayload.<init>(Lcom/timmy/controller/AllController$1;)V] with root cause
	java.lang.NoSuchMethodError: com.timmy.controller.AllController$ProfileImagePayload.<init>(Lcom/timmy/controller/AllController$1;)V
		at com.timmy.controller.AllController.loadProfileImagePayloadByEnrollId(AllController.java:2947)
		at com.timmy.controller.AllController.applyProfileImageFallback(AllController.java:2867)
		at com.timmy.controller.AllController.getLatestLogFromDB(AllController.java:2628)
		at sun.reflect.GeneratedMethodAccessor118.invoke(Unknown Source)
		at sun.reflect.DelegatingMethodAccessorImpl.invoke(Unknown Source)
		at java.lang.reflect.Method.invoke(Unknown Source)
		at org.springframework.web.method.support.InvocableHandlerMethod.invoke(InvocableHandlerMethod.java:215)
		at org.springframework.web.method.support.InvocableHandlerMethod.invokeForRequest(InvocableHandlerMethod.java:132)
		at org.springframework.web.servlet.mvc.method.annotation.ServletInvocableHandlerMethod.invokeAndHandle(ServletInvocableHandlerMethod.java:104)
		at org.springframework.web.servlet.mvc.method.annotation.RequestMappingHandlerAdapter.invokeHandleMethod(RequestMappingHandlerAdapter.java:749)
		at org.springframework.web.servlet.mvc.method.annotation.RequestMappingHandlerAdapter.handleInternal(RequestMappingHandlerAdapter.java:690)
		at org.springframework.web.servlet.mvc.method.AbstractHandlerMethodAdapter.handle(AbstractHandlerMethodAdapter.java:83)
		at org.springframework.web.servlet.DispatcherServlet.doDispatch(DispatcherServlet.java:945)
		at org.springframework.web.servlet.DispatcherServlet.doService(DispatcherServlet.java:876)
		at org.springframework.web.servlet.FrameworkServlet.processRequest(FrameworkServlet.java:961)
		at org.springframework.web.servlet.FrameworkServlet.doGet(FrameworkServlet.java:852)
		at javax.servlet.http.HttpServlet.service(HttpServlet.java:529)
		at org.springframework.web.servlet.FrameworkServlet.service(FrameworkServlet.java:837)
		at javax.servlet.http.HttpServlet.service(HttpServlet.java:623)
		at org.apache.catalina.core.ApplicationFilterChain.internalDoFilter(ApplicationFilterChain.java:197)
		at org.apache.catalina.core.ApplicationFilterChain.doFilter(ApplicationFilterChain.java:142)
		at org.apache.tomcat.websocket.server.WsFilter.doFilter(WsFilter.java:51)
		at org.apache.catalina.core.ApplicationFilterChain.internalDoFilter(ApplicationFilterChain.java:166)
		at org.apache.catalina.core.ApplicationFilterChain.doFilter(ApplicationFilterChain.java:142)
		at com.timmy.util.AuthFilter.doFilter(AuthFilter.java:44)
		at org.apache.catalina.core.ApplicationFilterChain.internalDoFilter(ApplicationFilterChain.java:166)
		at org.apache.catalina.core.ApplicationFilterChain.doFilter(ApplicationFilterChain.java:142)
		at org.springframework.web.filter.CharacterEncodingFilter.doFilterInternal(CharacterEncodingFilter.java:88)
		at org.springframework.web.filter.OncePerRequestFilter.doFilter(OncePerRequestFilter.java:108)
		at org.apache.catalina.core.ApplicationFilterChain.internalDoFilter(ApplicationFilterChain.java:166)
		at org.apache.catalina.core.ApplicationFilterChain.doFilter(ApplicationFilterChain.java:142)
		at org.apache.catalina.core.StandardWrapperValve.invoke(StandardWrapperValve.java:166)
		at org.apache.catalina.core.StandardContextValve.invoke(StandardContextValve.java:88)
		at org.apache.catalina.authenticator.AuthenticatorBase.invoke(AuthenticatorBase.java:491)
		at org.apache.catalina.core.StandardHostValve.invoke(StandardHostValve.java:127)
		at org.apache.catalina.valves.ErrorReportValve.invoke(ErrorReportValve.java:83)
		at org.apache.catalina.valves.AbstractAccessLogValve.invoke(AbstractAccessLogValve.java:643)
		at org.apache.catalina.core.StandardEngineValve.invoke(StandardEngineValve.java:72)
		at org.apache.catalina.connector.CoyoteAdapter.service(CoyoteAdapter.java:344)
		at org.apache.coyote.http11.Http11Processor.service(Http11Processor.java:398)
		at org.apache.coyote.AbstractProcessorLight.process(AbstractProcessorLight.java:63)
		at org.apache.coyote.AbstractProtocol$ConnectionHandler.process(AbstractProtocol.java:939)
		at org.apache.tomcat.util.net.NioEndpoint$SocketProcessor.doRun(NioEndpoint.java:1832)
		at org.apache.tomcat.util.net.SocketProcessorBase.run(SocketProcessorBase.java:52)
		at org.apache.tomcat.util.threads.ThreadPoolExecutor.runWorker(ThreadPoolExecutor.java:973)
		at org.apache.tomcat.util.threads.ThreadPoolExecutor$Worker.run(ThreadPoolExecutor.java:491)
		at org.apache.tomcat.util.threads.TaskThread$WrappingRunnable.run(TaskThread.java:63)
		at java.lang.Thread.run(Unknown Source)
05-Apr-2026 10:40:09.441 SEVERE [http-nio-8080-exec-9] org.apache.catalina.core.StandardWrapperValve.invoke Servlet.service() for servlet [dispatcher] in context with path [/demo] threw exception [Handler processing failed; nested exception is java.lang.NoSuchMethodError: com.timmy.controller.AllController$ProfileImagePayload.<init>(Lcom/timmy/controller/AllController$1;)V] with root cause
	java.lang.NoSuchMethodError: com.timmy.controller.AllController$ProfileImagePayload.<init>(Lcom/timmy/controller/AllController$1;)V
		at com.timmy.controller.AllController.loadProfileImagePayloadByEnrollId(AllController.java:2947)
		at com.timmy.controller.AllController.applyProfileImageFallback(AllController.java:2867)
		at com.timmy.controller.AllController.getLatestLogFromDB(AllController.java:2628)
		at sun.reflect.GeneratedMethodAccessor118.invoke(Unknown Source)
		at sun.reflect.DelegatingMethodAccessorImpl.invoke(Unknown Source)
		at java.lang.reflect.Method.invoke(Unknown Source)
		at org.springframework.web.method.support.InvocableHandlerMethod.invoke(InvocableHandlerMethod.java:215)
		at org.springframework.web.method.support.InvocableHandlerMethod.invokeForRequest(InvocableHandlerMethod.java:132)
		at org.springframework.web.servlet.mvc.method.annotation.ServletInvocableHandlerMethod.invokeAndHandle(ServletInvocableHandlerMethod.java:104)
		at org.springframework.web.servlet.mvc.method.annotation.RequestMappingHandlerAdapter.invokeHandleMethod(RequestMappingHandlerAdapter.java:749)
		at org.springframework.web.servlet.mvc.method.annotation.RequestMappingHandlerAdapter.handleInternal(RequestMappingHandlerAdapter.java:690)
		at org.springframework.web.servlet.mvc.method.AbstractHandlerMethodAdapter.handle(AbstractHandlerMethodAdapter.java:83)
		at org.springframework.web.servlet.DispatcherServlet.doDispatch(DispatcherServlet.java:945)
		at org.springframework.web.servlet.DispatcherServlet.doService(DispatcherServlet.java:876)
		at org.springframework.web.servlet.FrameworkServlet.processRequest(FrameworkServlet.java:961)
		at org.springframework.web.servlet.FrameworkServlet.doGet(FrameworkServlet.java:852)
		at javax.servlet.http.HttpServlet.service(HttpServlet.java:529)
		at org.springframework.web.servlet.FrameworkServlet.service(FrameworkServlet.java:837)
		at javax.servlet.http.HttpServlet.service(HttpServlet.java:623)
		at org.apache.catalina.core.ApplicationFilterChain.internalDoFilter(ApplicationFilterChain.java:197)
		at org.apache.catalina.core.ApplicationFilterChain.doFilter(ApplicationFilterChain.java:142)
		at org.apache.tomcat.websocket.server.WsFilter.doFilter(WsFilter.java:51)
		at org.apache.catalina.core.ApplicationFilterChain.internalDoFilter(ApplicationFilterChain.java:166)
		at org.apache.catalina.core.ApplicationFilterChain.doFilter(ApplicationFilterChain.java:142)
		at com.timmy.util.AuthFilter.doFilter(AuthFilter.java:44)
		at org.apache.catalina.core.ApplicationFilterChain.internalDoFilter(ApplicationFilterChain.java:166)
		at org.apache.catalina.core.ApplicationFilterChain.doFilter(ApplicationFilterChain.java:142)
		at org.springframework.web.filter.CharacterEncodingFilter.doFilterInternal(CharacterEncodingFilter.java:88)
		at org.springframework.web.filter.OncePerRequestFilter.doFilter(OncePerRequestFilter.java:108)
		at org.apache.catalina.core.ApplicationFilterChain.internalDoFilter(ApplicationFilterChain.java:166)
		at org.apache.catalina.core.ApplicationFilterChain.doFilter(ApplicationFilterChain.java:142)
		at org.apache.catalina.core.StandardWrapperValve.invoke(StandardWrapperValve.java:166)
		at org.apache.catalina.core.StandardContextValve.invoke(StandardContextValve.java:88)
		at org.apache.catalina.authenticator.AuthenticatorBase.invoke(AuthenticatorBase.java:491)
		at org.apache.catalina.core.StandardHostValve.invoke(StandardHostValve.java:127)
		at org.apache.catalina.valves.ErrorReportValve.invoke(ErrorReportValve.java:83)
		at org.apache.catalina.valves.AbstractAccessLogValve.invoke(AbstractAccessLogValve.java:643)
		at org.apache.catalina.core.StandardEngineValve.invoke(StandardEngineValve.java:72)
		at org.apache.catalina.connector.CoyoteAdapter.service(CoyoteAdapter.java:344)
		at org.apache.coyote.http11.Http11Processor.service(Http11Processor.java:398)
		at org.apache.coyote.AbstractProcessorLight.process(AbstractProcessorLight.java:63)
		at org.apache.coyote.AbstractProtocol$ConnectionHandler.process(AbstractProtocol.java:939)
		at org.apache.tomcat.util.net.NioEndpoint$SocketProcessor.doRun(NioEndpoint.java:1832)
		at org.apache.tomcat.util.net.SocketProcessorBase.run(SocketProcessorBase.java:52)
		at org.apache.tomcat.util.threads.ThreadPoolExecutor.runWorker(ThreadPoolExecutor.java:973)
		at org.apache.tomcat.util.threads.ThreadPoolExecutor$Worker.run(ThreadPoolExecutor.java:491)
		at org.apache.tomcat.util.threads.TaskThread$WrappingRunnable.run(TaskThread.java:63)
		at java.lang.Thread.run(Unknown Source)
05-Apr-2026 10:40:13.835 SEVERE [http-nio-8080-exec-7] org.apache.catalina.core.StandardWrapperValve.invoke Servlet.service() for servlet [dispatcher] in context with path [/demo] threw exception [Handler processing failed; nested exception is java.lang.NoSuchMethodError: com.timmy.controller.AllController$ProfileImagePayload.<init>(Lcom/timmy/controller/AllController$1;)V] with root cause
	java.lang.NoSuchMethodError: com.timmy.controller.AllController$ProfileImagePayload.<init>(Lcom/timmy/controller/AllController$1;)V
		at com.timmy.controller.AllController.loadProfileImagePayloadByEnrollId(AllController.java:2947)
		at com.timmy.controller.AllController.applyProfileImageFallback(AllController.java:2867)
		at com.timmy.controller.AllController.getLatestLogFromDB(AllController.java:2628)
		at sun.reflect.GeneratedMethodAccessor118.invoke(Unknown Source)
		at sun.reflect.DelegatingMethodAccessorImpl.invoke(Unknown Source)
		at java.lang.reflect.Method.invoke(Unknown Source)
		at org.springframework.web.method.support.InvocableHandlerMethod.invoke(InvocableHandlerMethod.java:215)
		at org.springframework.web.method.support.InvocableHandlerMethod.invokeForRequest(InvocableHandlerMethod.java:132)
		at org.springframework.web.servlet.mvc.method.annotation.ServletInvocableHandlerMethod.invokeAndHandle(ServletInvocableHandlerMethod.java:104)
		at org.springframework.web.servlet.mvc.method.annotation.RequestMappingHandlerAdapter.invokeHandleMethod(RequestMappingHandlerAdapter.java:749)
		at org.springframework.web.servlet.mvc.method.annotation.RequestMappingHandlerAdapter.handleInternal(RequestMappingHandlerAdapter.java:690)
		at org.springframework.web.servlet.mvc.method.AbstractHandlerMethodAdapter.handle(AbstractHandlerMethodAdapter.java:83)
		at org.springframework.web.servlet.DispatcherServlet.doDispatch(DispatcherServlet.java:945)
		at org.springframework.web.servlet.DispatcherServlet.doService(DispatcherServlet.java:876)
		at org.springframework.web.servlet.FrameworkServlet.processRequest(FrameworkServlet.java:961)
		at org.springframework.web.servlet.FrameworkServlet.doGet(FrameworkServlet.java:852)
		at javax.servlet.http.HttpServlet.service(HttpServlet.java:529)
		at org.springframework.web.servlet.FrameworkServlet.service(FrameworkServlet.java:837)
		at javax.servlet.http.HttpServlet.service(HttpServlet.java:623)
		at org.apache.catalina.core.ApplicationFilterChain.internalDoFilter(ApplicationFilterChain.java:197)
		at org.apache.catalina.core.ApplicationFilterChain.doFilter(ApplicationFilterChain.java:142)
		at org.apache.tomcat.websocket.server.WsFilter.doFilter(WsFilter.java:51)
		at org.apache.catalina.core.ApplicationFilterChain.internalDoFilter(ApplicationFilterChain.java:166)
		at org.apache.catalina.core.ApplicationFilterChain.doFilter(ApplicationFilterChain.java:142)
		at com.timmy.util.AuthFilter.doFilter(AuthFilter.java:44)
		at org.apache.catalina.core.ApplicationFilterChain.internalDoFilter(ApplicationFilterChain.java:166)
		at org.apache.catalina.core.ApplicationFilterChain.doFilter(ApplicationFilterChain.java:142)
		at org.springframework.web.filter.CharacterEncodingFilter.doFilterInternal(CharacterEncodingFilter.java:88)
		at org.springframework.web.filter.OncePerRequestFilter.doFilter(OncePerRequestFilter.java:108)
		at org.apache.catalina.core.ApplicationFilterChain.internalDoFilter(ApplicationFilterChain.java:166)
		at org.apache.catalina.core.ApplicationFilterChain.doFilter(ApplicationFilterChain.java:142)
		at org.apache.catalina.core.StandardWrapperValve.invoke(StandardWrapperValve.java:166)
		at org.apache.catalina.core.StandardContextValve.invoke(StandardContextValve.java:88)
		at org.apache.catalina.authenticator.AuthenticatorBase.invoke(AuthenticatorBase.java:491)
		at org.apache.catalina.core.StandardHostValve.invoke(StandardHostValve.java:127)
		at org.apache.catalina.valves.ErrorReportValve.invoke(ErrorReportValve.java:83)
		at org.apache.catalina.valves.AbstractAccessLogValve.invoke(AbstractAccessLogValve.java:643)
		at org.apache.catalina.core.StandardEngineValve.invoke(StandardEngineValve.java:72)
		at org.apache.catalina.connector.CoyoteAdapter.service(CoyoteAdapter.java:344)
		at org.apache.coyote.http11.Http11Processor.service(Http11Processor.java:398)
		at org.apache.coyote.AbstractProcessorLight.process(AbstractProcessorLight.java:63)
		at org.apache.coyote.AbstractProtocol$ConnectionHandler.process(AbstractProtocol.java:939)
		at org.apache.tomcat.util.net.NioEndpoint$SocketProcessor.doRun(NioEndpoint.java:1832)
		at org.apache.tomcat.util.net.SocketProcessorBase.run(SocketProcessorBase.java:52)
		at org.apache.tomcat.util.threads.ThreadPoolExecutor.runWorker(ThreadPoolExecutor.java:973)
		at org.apache.tomcat.util.threads.ThreadPoolExecutor$Worker.run(ThreadPoolExecutor.java:491)
		at org.apache.tomcat.util.threads.TaskThread$WrappingRunnable.run(TaskThread.java:63)
		at java.lang.Thread.run(Unknown Source)
05-Apr-2026 10:40:19.459 SEVERE [http-nio-8080-exec-1] org.apache.catalina.core.StandardWrapperValve.invoke Servlet.service() for servlet [dispatcher] in context with path [/demo] threw exception [Handler processing failed; nested exception is java.lang.NoSuchMethodError: com.timmy.controller.AllController$ProfileImagePayload.<init>(Lcom/timmy/controller/AllController$1;)V] with root cause
	java.lang.NoSuchMethodError: com.timmy.controller.AllController$ProfileImagePayload.<init>(Lcom/timmy/controller/AllController$1;)V
		at com.timmy.controller.AllController.loadProfileImagePayloadByEnrollId(AllController.java:2947)
		at com.timmy.controller.AllController.applyProfileImageFallback(AllController.java:2867)
		at com.timmy.controller.AllController.getLatestLogFromDB(AllController.java:2628)
		at sun.reflect.GeneratedMethodAccessor118.invoke(Unknown Source)
		at sun.reflect.DelegatingMethodAccessorImpl.invoke(Unknown Source)
		at java.lang.reflect.Method.invoke(Unknown Source)
		at org.springframework.web.method.support.InvocableHandlerMethod.invoke(InvocableHandlerMethod.java:215)
		at org.springframework.web.method.support.InvocableHandlerMethod.invokeForRequest(InvocableHandlerMethod.java:132)
		at org.springframework.web.servlet.mvc.method.annotation.ServletInvocableHandlerMethod.invokeAndHandle(ServletInvocableHandlerMethod.java:104)
		at org.springframework.web.servlet.mvc.method.annotation.RequestMappingHandlerAdapter.invokeHandleMethod(RequestMappingHandlerAdapter.java:749)
		at org.springframework.web.servlet.mvc.method.annotation.RequestMappingHandlerAdapter.handleInternal(RequestMappingHandlerAdapter.java:690)
		at org.springframework.web.servlet.mvc.method.AbstractHandlerMethodAdapter.handle(AbstractHandlerMethodAdapter.java:83)
		at org.springframework.web.servlet.DispatcherServlet.doDispatch(DispatcherServlet.java:945)
		at org.springframework.web.servlet.DispatcherServlet.doService(DispatcherServlet.java:876)
		at org.springframework.web.servlet.FrameworkServlet.processRequest(FrameworkServlet.java:961)
		at org.springframework.web.servlet.FrameworkServlet.doGet(FrameworkServlet.java:852)
		at javax.servlet.http.HttpServlet.service(HttpServlet.java:529)
		at org.springframework.web.servlet.FrameworkServlet.service(FrameworkServlet.java:837)
		at javax.servlet.http.HttpServlet.service(HttpServlet.java:623)
		at org.apache.catalina.core.ApplicationFilterChain.internalDoFilter(ApplicationFilterChain.java:197)
		at org.apache.catalina.core.ApplicationFilterChain.doFilter(ApplicationFilterChain.java:142)
		at org.apache.tomcat.websocket.server.WsFilter.doFilter(WsFilter.java:51)
		at org.apache.catalina.core.ApplicationFilterChain.internalDoFilter(ApplicationFilterChain.java:166)
		at org.apache.catalina.core.ApplicationFilterChain.doFilter(ApplicationFilterChain.java:142)
		at com.timmy.util.AuthFilter.doFilter(AuthFilter.java:44)
		at org.apache.catalina.core.ApplicationFilterChain.internalDoFilter(ApplicationFilterChain.java:166)
		at org.apache.catalina.core.ApplicationFilterChain.doFilter(ApplicationFilterChain.java:142)
		at org.springframework.web.filter.CharacterEncodingFilter.doFilterInternal(CharacterEncodingFilter.java:88)
		at org.springframework.web.filter.OncePerRequestFilter.doFilter(OncePerRequestFilter.java:108)
		at org.apache.catalina.core.ApplicationFilterChain.internalDoFilter(ApplicationFilterChain.java:166)
		at org.apache.catalina.core.ApplicationFilterChain.doFilter(ApplicationFilterChain.java:142)
		at org.apache.catalina.core.StandardWrapperValve.invoke(StandardWrapperValve.java:166)
		at org.apache.catalina.core.StandardContextValve.invoke(StandardContextValve.java:88)
		at org.apache.catalina.authenticator.AuthenticatorBase.invoke(AuthenticatorBase.java:491)
		at org.apache.catalina.core.StandardHostValve.invoke(StandardHostValve.java:127)
		at org.apache.catalina.valves.ErrorReportValve.invoke(ErrorReportValve.java:83)
		at org.apache.catalina.valves.AbstractAccessLogValve.invoke(AbstractAccessLogValve.java:643)
		at org.apache.catalina.core.StandardEngineValve.invoke(StandardEngineValve.java:72)
		at org.apache.catalina.connector.CoyoteAdapter.service(CoyoteAdapter.java:344)
		at org.apache.coyote.http11.Http11Processor.service(Http11Processor.java:398)
		at org.apache.coyote.AbstractProcessorLight.process(AbstractProcessorLight.java:63)
		at org.apache.coyote.AbstractProtocol$ConnectionHandler.process(AbstractProtocol.java:939)
		at org.apache.tomcat.util.net.NioEndpoint$SocketProcessor.doRun(NioEndpoint.java:1832)
		at org.apache.tomcat.util.net.SocketProcessorBase.run(SocketProcessorBase.java:52)
		at org.apache.tomcat.util.threads.ThreadPoolExecutor.runWorker(ThreadPoolExecutor.java:973)
		at org.apache.tomcat.util.threads.ThreadPoolExecutor$Worker.run(ThreadPoolExecutor.java:491)
		at org.apache.tomcat.util.threads.TaskThread$WrappingRunnable.run(TaskThread.java:63)
		at java.lang.Thread.run(Unknown Source)
05-Apr-2026 10:40:24.439 SEVERE [http-nio-8080-exec-6] org.apache.catalina.core.StandardWrapperValve.invoke Servlet.service() for servlet [dispatcher] in context with path [/demo] threw exception [Handler processing failed; nested exception is java.lang.NoSuchMethodError: com.timmy.controller.AllController$ProfileImagePayload.<init>(Lcom/timmy/controller/AllController$1;)V] with root cause
	java.lang.NoSuchMethodError: com.timmy.controller.AllController$ProfileImagePayload.<init>(Lcom/timmy/controller/AllController$1;)V
		at com.timmy.controller.AllController.loadProfileImagePayloadByEnrollId(AllController.java:2947)
		at com.timmy.controller.AllController.applyProfileImageFallback(AllController.java:2867)
		at com.timmy.controller.AllController.getLatestLogFromDB(AllController.java:2628)
		at sun.reflect.GeneratedMethodAccessor118.invoke(Unknown Source)
		at sun.reflect.DelegatingMethodAccessorImpl.invoke(Unknown Source)
		at java.lang.reflect.Method.invoke(Unknown Source)
		at org.springframework.web.method.support.InvocableHandlerMethod.invoke(InvocableHandlerMethod.java:215)
		at org.springframework.web.method.support.InvocableHandlerMethod.invokeForRequest(InvocableHandlerMethod.java:132)
		at org.springframework.web.servlet.mvc.method.annotation.ServletInvocableHandlerMethod.invokeAndHandle(ServletInvocableHandlerMethod.java:104)
		at org.springframework.web.servlet.mvc.method.annotation.RequestMappingHandlerAdapter.invokeHandleMethod(RequestMappingHandlerAdapter.java:749)
		at org.springframework.web.servlet.mvc.method.annotation.RequestMappingHandlerAdapter.handleInternal(RequestMappingHandlerAdapter.java:690)
		at org.springframework.web.servlet.mvc.method.AbstractHandlerMethodAdapter.handle(AbstractHandlerMethodAdapter.java:83)
		at org.springframework.web.servlet.DispatcherServlet.doDispatch(DispatcherServlet.java:945)
		at org.springframework.web.servlet.DispatcherServlet.doService(DispatcherServlet.java:876)
		at org.springframework.web.servlet.FrameworkServlet.processRequest(FrameworkServlet.java:961)
		at org.springframework.web.servlet.FrameworkServlet.doGet(FrameworkServlet.java:852)
		at javax.servlet.http.HttpServlet.service(HttpServlet.java:529)
		at org.springframework.web.servlet.FrameworkServlet.service(FrameworkServlet.java:837)
		at javax.servlet.http.HttpServlet.service(HttpServlet.java:623)
		at org.apache.catalina.core.ApplicationFilterChain.internalDoFilter(ApplicationFilterChain.java:197)
		at org.apache.catalina.core.ApplicationFilterChain.doFilter(ApplicationFilterChain.java:142)
		at org.apache.tomcat.websocket.server.WsFilter.doFilter(WsFilter.java:51)
		at org.apache.catalina.core.ApplicationFilterChain.internalDoFilter(ApplicationFilterChain.java:166)
		at org.apache.catalina.core.ApplicationFilterChain.doFilter(ApplicationFilterChain.java:142)
		at com.timmy.util.AuthFilter.doFilter(AuthFilter.java:44)
		at org.apache.catalina.core.ApplicationFilterChain.internalDoFilter(ApplicationFilterChain.java:166)
		at org.apache.catalina.core.ApplicationFilterChain.doFilter(ApplicationFilterChain.java:142)
		at org.springframework.web.filter.CharacterEncodingFilter.doFilterInternal(CharacterEncodingFilter.java:88)
		at org.springframework.web.filter.OncePerRequestFilter.doFilter(OncePerRequestFilter.java:108)
		at org.apache.catalina.core.ApplicationFilterChain.internalDoFilter(ApplicationFilterChain.java:166)
		at org.apache.catalina.core.ApplicationFilterChain.doFilter(ApplicationFilterChain.java:142)
		at org.apache.catalina.core.StandardWrapperValve.invoke(StandardWrapperValve.java:166)
		at org.apache.catalina.core.StandardContextValve.invoke(StandardContextValve.java:88)
		at org.apache.catalina.authenticator.AuthenticatorBase.invoke(AuthenticatorBase.java:491)
		at org.apache.catalina.core.StandardHostValve.invoke(StandardHostValve.java:127)
		at org.apache.catalina.valves.ErrorReportValve.invoke(ErrorReportValve.java:83)
		at org.apache.catalina.valves.AbstractAccessLogValve.invoke(AbstractAccessLogValve.java:643)
		at org.apache.catalina.core.StandardEngineValve.invoke(StandardEngineValve.java:72)
		at org.apache.catalina.connector.CoyoteAdapter.service(CoyoteAdapter.java:344)
		at org.apache.coyote.http11.Http11Processor.service(Http11Processor.java:398)
		at org.apache.coyote.AbstractProcessorLight.process(AbstractProcessorLight.java:63)
		at org.apache.coyote.AbstractProtocol$ConnectionHandler.process(AbstractProtocol.java:939)
		at org.apache.tomcat.util.net.NioEndpoint$SocketProcessor.doRun(NioEndpoint.java:1832)
		at org.apache.tomcat.util.net.SocketProcessorBase.run(SocketProcessorBase.java:52)
		at org.apache.tomcat.util.threads.ThreadPoolExecutor.runWorker(ThreadPoolExecutor.java:973)
		at org.apache.tomcat.util.threads.ThreadPoolExecutor$Worker.run(ThreadPoolExecutor.java:491)
		at org.apache.tomcat.util.threads.TaskThread$WrappingRunnable.run(TaskThread.java:63)
		at java.lang.Thread.run(Unknown Source)
05-Apr-2026 10:40:29.468 SEVERE [http-nio-8080-exec-5] org.apache.catalina.core.StandardWrapperValve.invoke Servlet.service() for servlet [dispatcher] in context with path [/demo] threw exception [Handler processing failed; nested exception is java.lang.NoSuchMethodError: com.timmy.controller.AllController$ProfileImagePayload.<init>(Lcom/timmy/controller/AllController$1;)V] with root cause
	java.lang.NoSuchMethodError: com.timmy.controller.AllController$ProfileImagePayload.<init>(Lcom/timmy/controller/AllController$1;)V
		at com.timmy.controller.AllController.loadProfileImagePayloadByEnrollId(AllController.java:2947)
		at com.timmy.controller.AllController.applyProfileImageFallback(AllController.java:2867)
		at com.timmy.controller.AllController.getLatestLogFromDB(AllController.java:2628)
		at sun.reflect.GeneratedMethodAccessor118.invoke(Unknown Source)
		at sun.reflect.DelegatingMethodAccessorImpl.invoke(Unknown Source)
		at java.lang.reflect.Method.invoke(Unknown Source)
		at org.springframework.web.method.support.InvocableHandlerMethod.invoke(InvocableHandlerMethod.java:215)
		at org.springframework.web.method.support.InvocableHandlerMethod.invokeForRequest(InvocableHandlerMethod.java:132)
		at org.springframework.web.servlet.mvc.method.annotation.ServletInvocableHandlerMethod.invokeAndHandle(ServletInvocableHandlerMethod.java:104)
		at org.springframework.web.servlet.mvc.method.annotation.RequestMappingHandlerAdapter.invokeHandleMethod(RequestMappingHandlerAdapter.java:749)
		at org.springframework.web.servlet.mvc.method.annotation.RequestMappingHandlerAdapter.handleInternal(RequestMappingHandlerAdapter.java:690)
		at org.springframework.web.servlet.mvc.method.AbstractHandlerMethodAdapter.handle(AbstractHandlerMethodAdapter.java:83)
		at org.springframework.web.servlet.DispatcherServlet.doDispatch(DispatcherServlet.java:945)
		at org.springframework.web.servlet.DispatcherServlet.doService(DispatcherServlet.java:876)
		at org.springframework.web.servlet.FrameworkServlet.processRequest(FrameworkServlet.java:961)
		at org.springframework.web.servlet.FrameworkServlet.doGet(FrameworkServlet.java:852)
		at javax.servlet.http.HttpServlet.service(HttpServlet.java:529)
		at org.springframework.web.servlet.FrameworkServlet.service(FrameworkServlet.java:837)
		at javax.servlet.http.HttpServlet.service(HttpServlet.java:623)
		at org.apache.catalina.core.ApplicationFilterChain.internalDoFilter(ApplicationFilterChain.java:197)
		at org.apache.catalina.core.ApplicationFilterChain.doFilter(ApplicationFilterChain.java:142)
		at org.apache.tomcat.websocket.server.WsFilter.doFilter(WsFilter.java:51)
		at org.apache.catalina.core.ApplicationFilterChain.internalDoFilter(ApplicationFilterChain.java:166)
		at org.apache.catalina.core.ApplicationFilterChain.doFilter(ApplicationFilterChain.java:142)
		at com.timmy.util.AuthFilter.doFilter(AuthFilter.java:44)
		at org.apache.catalina.core.ApplicationFilterChain.internalDoFilter(ApplicationFilterChain.java:166)
		at org.apache.catalina.core.ApplicationFilterChain.doFilter(ApplicationFilterChain.java:142)
		at org.springframework.web.filter.CharacterEncodingFilter.doFilterInternal(CharacterEncodingFilter.java:88)
		at org.springframework.web.filter.OncePerRequestFilter.doFilter(OncePerRequestFilter.java:108)
		at org.apache.catalina.core.ApplicationFilterChain.internalDoFilter(ApplicationFilterChain.java:166)
		at org.apache.catalina.core.ApplicationFilterChain.doFilter(ApplicationFilterChain.java:142)
		at org.apache.catalina.core.StandardWrapperValve.invoke(StandardWrapperValve.java:166)
		at org.apache.catalina.core.StandardContextValve.invoke(StandardContextValve.java:88)
		at org.apache.catalina.authenticator.AuthenticatorBase.invoke(AuthenticatorBase.java:491)
		at org.apache.catalina.core.StandardHostValve.invoke(StandardHostValve.java:127)
		at org.apache.catalina.valves.ErrorReportValve.invoke(ErrorReportValve.java:83)
		at org.apache.catalina.valves.AbstractAccessLogValve.invoke(AbstractAccessLogValve.java:643)
		at org.apache.catalina.core.StandardEngineValve.invoke(StandardEngineValve.java:72)
		at org.apache.catalina.connector.CoyoteAdapter.service(CoyoteAdapter.java:344)
		at org.apache.coyote.http11.Http11Processor.service(Http11Processor.java:398)
		at org.apache.coyote.AbstractProcessorLight.process(AbstractProcessorLight.java:63)
		at org.apache.coyote.AbstractProtocol$ConnectionHandler.process(AbstractProtocol.java:939)
		at org.apache.tomcat.util.net.NioEndpoint$SocketProcessor.doRun(NioEndpoint.java:1832)
		at org.apache.tomcat.util.net.SocketProcessorBase.run(SocketProcessorBase.java:52)
		at org.apache.tomcat.util.threads.ThreadPoolExecutor.runWorker(ThreadPoolExecutor.java:973)
		at org.apache.tomcat.util.threads.ThreadPoolExecutor$Worker.run(ThreadPoolExecutor.java:491)
		at org.apache.tomcat.util.threads.TaskThread$WrappingRunnable.run(TaskThread.java:63)
		at java.lang.Thread.run(Unknown Source)
05-Apr-2026 10:40:34.481 SEVERE [http-nio-8080-exec-10] org.apache.catalina.core.StandardWrapperValve.invoke Servlet.service() for servlet [dispatcher] in context with path [/demo] threw exception [Handler processing failed; nested exception is java.lang.NoSuchMethodError: com.timmy.controller.AllController$ProfileImagePayload.<init>(Lcom/timmy/controller/AllController$1;)V] with root cause
	java.lang.NoSuchMethodError: com.timmy.controller.AllController$ProfileImagePayload.<init>(Lcom/timmy/controller/AllController$1;)V
		at com.timmy.controller.AllController.loadProfileImagePayloadByEnrollId(AllController.java:2947)
		at com.timmy.controller.AllController.applyProfileImageFallback(AllController.java:2867)
		at com.timmy.controller.AllController.getLatestLogFromDB(AllController.java:2628)
		at sun.reflect.GeneratedMethodAccessor118.invoke(Unknown Source)
		at sun.reflect.DelegatingMethodAccessorImpl.invoke(Unknown Source)
		at java.lang.reflect.Method.invoke(Unknown Source)
		at org.springframework.web.method.support.InvocableHandlerMethod.invoke(InvocableHandlerMethod.java:215)
		at org.springframework.web.method.support.InvocableHandlerMethod.invokeForRequest(InvocableHandlerMethod.java:132)
		at org.springframework.web.servlet.mvc.method.annotation.ServletInvocableHandlerMethod.invokeAndHandle(ServletInvocableHandlerMethod.java:104)
		at org.springframework.web.servlet.mvc.method.annotation.RequestMappingHandlerAdapter.invokeHandleMethod(RequestMappingHandlerAdapter.java:749)
		at org.springframework.web.servlet.mvc.method.annotation.RequestMappingHandlerAdapter.handleInternal(RequestMappingHandlerAdapter.java:690)
		at org.springframework.web.servlet.mvc.method.AbstractHandlerMethodAdapter.handle(AbstractHandlerMethodAdapter.java:83)
		at org.springframework.web.servlet.DispatcherServlet.doDispatch(DispatcherServlet.java:945)
		at org.springframework.web.servlet.DispatcherServlet.doService(DispatcherServlet.java:876)
		at org.springframework.web.servlet.FrameworkServlet.processRequest(FrameworkServlet.java:961)
		at org.springframework.web.servlet.FrameworkServlet.doGet(FrameworkServlet.java:852)
		at javax.servlet.http.HttpServlet.service(HttpServlet.java:529)
		at org.springframework.web.servlet.FrameworkServlet.service(FrameworkServlet.java:837)
		at javax.servlet.http.HttpServlet.service(HttpServlet.java:623)
		at org.apache.catalina.core.ApplicationFilterChain.internalDoFilter(ApplicationFilterChain.java:197)
		at org.apache.catalina.core.ApplicationFilterChain.doFilter(ApplicationFilterChain.java:142)
		at org.apache.tomcat.websocket.server.WsFilter.doFilter(WsFilter.java:51)
		at org.apache.catalina.core.ApplicationFilterChain.internalDoFilter(ApplicationFilterChain.java:166)
		at org.apache.catalina.core.ApplicationFilterChain.doFilter(ApplicationFilterChain.java:142)
		at com.timmy.util.AuthFilter.doFilter(AuthFilter.java:44)
		at org.apache.catalina.core.ApplicationFilterChain.internalDoFilter(ApplicationFilterChain.java:166)
		at org.apache.catalina.core.ApplicationFilterChain.doFilter(ApplicationFilterChain.java:142)
		at org.springframework.web.filter.CharacterEncodingFilter.doFilterInternal(CharacterEncodingFilter.java:88)
		at org.springframework.web.filter.OncePerRequestFilter.doFilter(OncePerRequestFilter.java:108)
		at org.apache.catalina.core.ApplicationFilterChain.internalDoFilter(ApplicationFilterChain.java:166)
		at org.apache.catalina.core.ApplicationFilterChain.doFilter(ApplicationFilterChain.java:142)
		at org.apache.catalina.core.StandardWrapperValve.invoke(StandardWrapperValve.java:166)
		at org.apache.catalina.core.StandardContextValve.invoke(StandardContextValve.java:88)
		at org.apache.catalina.authenticator.AuthenticatorBase.invoke(AuthenticatorBase.java:491)
		at org.apache.catalina.core.StandardHostValve.invoke(StandardHostValve.java:127)
		at org.apache.catalina.valves.ErrorReportValve.invoke(ErrorReportValve.java:83)
		at org.apache.catalina.valves.AbstractAccessLogValve.invoke(AbstractAccessLogValve.java:643)
		at org.apache.catalina.core.StandardEngineValve.invoke(StandardEngineValve.java:72)
		at org.apache.catalina.connector.CoyoteAdapter.service(CoyoteAdapter.java:344)
		at org.apache.coyote.http11.Http11Processor.service(Http11Processor.java:398)
		at org.apache.coyote.AbstractProcessorLight.process(AbstractProcessorLight.java:63)
		at org.apache.coyote.AbstractProtocol$ConnectionHandler.process(AbstractProtocol.java:939)
		at org.apache.tomcat.util.net.NioEndpoint$SocketProcessor.doRun(NioEndpoint.java:1832)
		at org.apache.tomcat.util.net.SocketProcessorBase.run(SocketProcessorBase.java:52)
		at org.apache.tomcat.util.threads.ThreadPoolExecutor.runWorker(ThreadPoolExecutor.java:973)
		at org.apache.tomcat.util.threads.ThreadPoolExecutor$Worker.run(ThreadPoolExecutor.java:491)
		at org.apache.tomcat.util.threads.TaskThread$WrappingRunnable.run(TaskThread.java:63)
		at java.lang.Thread.run(Unknown Source)
05-Apr-2026 10:40:39.444 SEVERE [http-nio-8080-exec-2] org.apache.catalina.core.StandardWrapperValve.invoke Servlet.service() for servlet [dispatcher] in context with path [/demo] threw exception [Handler processing failed; nested exception is java.lang.NoSuchMethodError: com.timmy.controller.AllController$ProfileImagePayload.<init>(Lcom/timmy/controller/AllController$1;)V] with root cause
	java.lang.NoSuchMethodError: com.timmy.controller.AllController$ProfileImagePayload.<init>(Lcom/timmy/controller/AllController$1;)V
		at com.timmy.controller.AllController.loadProfileImagePayloadByEnrollId(AllController.java:2947)
		at com.timmy.controller.AllController.applyProfileImageFallback(AllController.java:2867)
		at com.timmy.controller.AllController.getLatestLogFromDB(AllController.java:2628)
		at sun.reflect.GeneratedMethodAccessor118.invoke(Unknown Source)
		at sun.reflect.DelegatingMethodAccessorImpl.invoke(Unknown Source)
		at java.lang.reflect.Method.invoke(Unknown Source)
		at org.springframework.web.method.support.InvocableHandlerMethod.invoke(InvocableHandlerMethod.java:215)
		at org.springframework.web.method.support.InvocableHandlerMethod.invokeForRequest(InvocableHandlerMethod.java:132)
		at org.springframework.web.servlet.mvc.method.annotation.ServletInvocableHandlerMethod.invokeAndHandle(ServletInvocableHandlerMethod.java:104)
		at org.springframework.web.servlet.mvc.method.annotation.RequestMappingHandlerAdapter.invokeHandleMethod(RequestMappingHandlerAdapter.java:749)
		at org.springframework.web.servlet.mvc.method.annotation.RequestMappingHandlerAdapter.handleInternal(RequestMappingHandlerAdapter.java:690)
		at org.springframework.web.servlet.mvc.method.AbstractHandlerMethodAdapter.handle(AbstractHandlerMethodAdapter.java:83)
		at org.springframework.web.servlet.DispatcherServlet.doDispatch(DispatcherServlet.java:945)
		at org.springframework.web.servlet.DispatcherServlet.doService(DispatcherServlet.java:876)
		at org.springframework.web.servlet.FrameworkServlet.processRequest(FrameworkServlet.java:961)
		at org.springframework.web.servlet.FrameworkServlet.doGet(FrameworkServlet.java:852)
		at javax.servlet.http.HttpServlet.service(HttpServlet.java:529)
		at org.springframework.web.servlet.FrameworkServlet.service(FrameworkServlet.java:837)
		at javax.servlet.http.HttpServlet.service(HttpServlet.java:623)
		at org.apache.catalina.core.ApplicationFilterChain.internalDoFilter(ApplicationFilterChain.java:197)
		at org.apache.catalina.core.ApplicationFilterChain.doFilter(ApplicationFilterChain.java:142)
		at org.apache.tomcat.websocket.server.WsFilter.doFilter(WsFilter.java:51)
		at org.apache.catalina.core.ApplicationFilterChain.internalDoFilter(ApplicationFilterChain.java:166)
		at org.apache.catalina.core.ApplicationFilterChain.doFilter(ApplicationFilterChain.java:142)
		at com.timmy.util.AuthFilter.doFilter(AuthFilter.java:44)
		at org.apache.catalina.core.ApplicationFilterChain.internalDoFilter(ApplicationFilterChain.java:166)
		at org.apache.catalina.core.ApplicationFilterChain.doFilter(ApplicationFilterChain.java:142)
		at org.springframework.web.filter.CharacterEncodingFilter.doFilterInternal(CharacterEncodingFilter.java:88)
		at org.springframework.web.filter.OncePerRequestFilter.doFilter(OncePerRequestFilter.java:108)
		at org.apache.catalina.core.ApplicationFilterChain.internalDoFilter(ApplicationFilterChain.java:166)
		at org.apache.catalina.core.ApplicationFilterChain.doFilter(ApplicationFilterChain.java:142)
		at org.apache.catalina.core.StandardWrapperValve.invoke(StandardWrapperValve.java:166)
		at org.apache.catalina.core.StandardContextValve.invoke(StandardContextValve.java:88)
		at org.apache.catalina.authenticator.AuthenticatorBase.invoke(AuthenticatorBase.java:491)
		at org.apache.catalina.core.StandardHostValve.invoke(StandardHostValve.java:127)
		at org.apache.catalina.valves.ErrorReportValve.invoke(ErrorReportValve.java:83)
		at org.apache.catalina.valves.AbstractAccessLogValve.invoke(AbstractAccessLogValve.java:643)
		at org.apache.catalina.core.StandardEngineValve.invoke(StandardEngineValve.java:72)
		at org.apache.catalina.connector.CoyoteAdapter.service(CoyoteAdapter.java:344)
		at org.apache.coyote.http11.Http11Processor.service(Http11Processor.java:398)
		at org.apache.coyote.AbstractProcessorLight.process(AbstractProcessorLight.java:63)
		at org.apache.coyote.AbstractProtocol$ConnectionHandler.process(AbstractProtocol.java:939)
		at org.apache.tomcat.util.net.NioEndpoint$SocketProcessor.doRun(NioEndpoint.java:1832)
		at org.apache.tomcat.util.net.SocketProcessorBase.run(SocketProcessorBase.java:52)
		at org.apache.tomcat.util.threads.ThreadPoolExecutor.runWorker(ThreadPoolExecutor.java:973)
		at org.apache.tomcat.util.threads.ThreadPoolExecutor$Worker.run(ThreadPoolExecutor.java:491)
		at org.apache.tomcat.util.threads.TaskThread$WrappingRunnable.run(TaskThread.java:63)
		at java.lang.Thread.run(Unknown Source)
05-Apr-2026 10:40:44.426 SEVERE [http-nio-8080-exec-4] org.apache.catalina.core.StandardWrapperValve.invoke Servlet.service() for servlet [dispatcher] in context with path [/demo] threw exception [Handler processing failed; nested exception is java.lang.NoSuchMethodError: com.timmy.controller.AllController$ProfileImagePayload.<init>(Lcom/timmy/controller/AllController$1;)V] with root cause
	java.lang.NoSuchMethodError: com.timmy.controller.AllController$ProfileImagePayload.<init>(Lcom/timmy/controller/AllController$1;)V
		at com.timmy.controller.AllController.loadProfileImagePayloadByEnrollId(AllController.java:2947)
		at com.timmy.controller.AllController.applyProfileImageFallback(AllController.java:2867)
		at com.timmy.controller.AllController.getLatestLogFromDB(AllController.java:2628)
		at sun.reflect.GeneratedMethodAccessor118.invoke(Unknown Source)
		at sun.reflect.DelegatingMethodAccessorImpl.invoke(Unknown Source)
		at java.lang.reflect.Method.invoke(Unknown Source)
		at org.springframework.web.method.support.InvocableHandlerMethod.invoke(InvocableHandlerMethod.java:215)
		at org.springframework.web.method.support.InvocableHandlerMethod.invokeForRequest(InvocableHandlerMethod.java:132)
		at org.springframework.web.servlet.mvc.method.annotation.ServletInvocableHandlerMethod.invokeAndHandle(ServletInvocableHandlerMethod.java:104)
		at org.springframework.web.servlet.mvc.method.annotation.RequestMappingHandlerAdapter.invokeHandleMethod(RequestMappingHandlerAdapter.java:749)
		at org.springframework.web.servlet.mvc.method.annotation.RequestMappingHandlerAdapter.handleInternal(RequestMappingHandlerAdapter.java:690)
		at org.springframework.web.servlet.mvc.method.AbstractHandlerMethodAdapter.handle(AbstractHandlerMethodAdapter.java:83)
		at org.springframework.web.servlet.DispatcherServlet.doDispatch(DispatcherServlet.java:945)
		at org.springframework.web.servlet.DispatcherServlet.doService(DispatcherServlet.java:876)
		at org.springframework.web.servlet.FrameworkServlet.processRequest(FrameworkServlet.java:961)
		at org.springframework.web.servlet.FrameworkServlet.doGet(FrameworkServlet.java:852)
		at javax.servlet.http.HttpServlet.service(HttpServlet.java:529)
		at org.springframework.web.servlet.FrameworkServlet.service(FrameworkServlet.java:837)
		at javax.servlet.http.HttpServlet.service(HttpServlet.java:623)
		at org.apache.catalina.core.ApplicationFilterChain.internalDoFilter(ApplicationFilterChain.java:197)
		at org.apache.catalina.core.ApplicationFilterChain.doFilter(ApplicationFilterChain.java:142)
		at org.apache.tomcat.websocket.server.WsFilter.doFilter(WsFilter.java:51)
		at org.apache.catalina.core.ApplicationFilterChain.internalDoFilter(ApplicationFilterChain.java:166)
		at org.apache.catalina.core.ApplicationFilterChain.doFilter(ApplicationFilterChain.java:142)
		at com.timmy.util.AuthFilter.doFilter(AuthFilter.java:44)
		at org.apache.catalina.core.ApplicationFilterChain.internalDoFilter(ApplicationFilterChain.java:166)
		at org.apache.catalina.core.ApplicationFilterChain.doFilter(ApplicationFilterChain.java:142)
		at org.springframework.web.filter.CharacterEncodingFilter.doFilterInternal(CharacterEncodingFilter.java:88)
		at org.springframework.web.filter.OncePerRequestFilter.doFilter(OncePerRequestFilter.java:108)
		at org.apache.catalina.core.ApplicationFilterChain.internalDoFilter(ApplicationFilterChain.java:166)
		at org.apache.catalina.core.ApplicationFilterChain.doFilter(ApplicationFilterChain.java:142)
		at org.apache.catalina.core.StandardWrapperValve.invoke(StandardWrapperValve.java:166)
		at org.apache.catalina.core.StandardContextValve.invoke(StandardContextValve.java:88)
		at org.apache.catalina.authenticator.AuthenticatorBase.invoke(AuthenticatorBase.java:491)
		at org.apache.catalina.core.StandardHostValve.invoke(StandardHostValve.java:127)
		at org.apache.catalina.valves.ErrorReportValve.invoke(ErrorReportValve.java:83)
		at org.apache.catalina.valves.AbstractAccessLogValve.invoke(AbstractAccessLogValve.java:643)
		at org.apache.catalina.core.StandardEngineValve.invoke(StandardEngineValve.java:72)
		at org.apache.catalina.connector.CoyoteAdapter.service(CoyoteAdapter.java:344)
		at org.apache.coyote.http11.Http11Processor.service(Http11Processor.java:398)
		at org.apache.coyote.AbstractProcessorLight.process(AbstractProcessorLight.java:63)
		at org.apache.coyote.AbstractProtocol$ConnectionHandler.process(AbstractProtocol.java:939)
		at org.apache.tomcat.util.net.NioEndpoint$SocketProcessor.doRun(NioEndpoint.java:1832)
		at org.apache.tomcat.util.net.SocketProcessorBase.run(SocketProcessorBase.java:52)
		at org.apache.tomcat.util.threads.ThreadPoolExecutor.runWorker(ThreadPoolExecutor.java:973)
		at org.apache.tomcat.util.threads.ThreadPoolExecutor$Worker.run(ThreadPoolExecutor.java:491)
		at org.apache.tomcat.util.threads.TaskThread$WrappingRunnable.run(TaskThread.java:63)
		at java.lang.Thread.run(Unknown Source)
05-Apr-2026 10:40:49.431 SEVERE [http-nio-8080-exec-3] org.apache.catalina.core.StandardWrapperValve.invoke Servlet.service() for servlet [dispatcher] in context with path [/demo] threw exception [Handler processing failed; nested exception is java.lang.NoSuchMethodError: com.timmy.controller.AllController$ProfileImagePayload.<init>(Lcom/timmy/controller/AllController$1;)V] with root cause
	java.lang.NoSuchMethodError: com.timmy.controller.AllController$ProfileImagePayload.<init>(Lcom/timmy/controller/AllController$1;)V
		at com.timmy.controller.AllController.loadProfileImagePayloadByEnrollId(AllController.java:2947)
		at com.timmy.controller.AllController.applyProfileImageFallback(AllController.java:2867)
		at com.timmy.controller.AllController.getLatestLogFromDB(AllController.java:2628)
		at sun.reflect.GeneratedMethodAccessor118.invoke(Unknown Source)
		at sun.reflect.DelegatingMethodAccessorImpl.invoke(Unknown Source)
		at java.lang.reflect.Method.invoke(Unknown Source)
		at org.springframework.web.method.support.InvocableHandlerMethod.invoke(InvocableHandlerMethod.java:215)
		at org.springframework.web.method.support.InvocableHandlerMethod.invokeForRequest(InvocableHandlerMethod.java:132)
		at org.springframework.web.servlet.mvc.method.annotation.ServletInvocableHandlerMethod.invokeAndHandle(ServletInvocableHandlerMethod.java:104)
		at org.springframework.web.servlet.mvc.method.annotation.RequestMappingHandlerAdapter.invokeHandleMethod(RequestMappingHandlerAdapter.java:749)
		at org.springframework.web.servlet.mvc.method.annotation.RequestMappingHandlerAdapter.handleInternal(RequestMappingHandlerAdapter.java:690)
		at org.springframework.web.servlet.mvc.method.AbstractHandlerMethodAdapter.handle(AbstractHandlerMethodAdapter.java:83)
		at org.springframework.web.servlet.DispatcherServlet.doDispatch(DispatcherServlet.java:945)
		at org.springframework.web.servlet.DispatcherServlet.doService(DispatcherServlet.java:876)
		at org.springframework.web.servlet.FrameworkServlet.processRequest(FrameworkServlet.java:961)
		at org.springframework.web.servlet.FrameworkServlet.doGet(FrameworkServlet.java:852)
		at javax.servlet.http.HttpServlet.service(HttpServlet.java:529)
		at org.springframework.web.servlet.FrameworkServlet.service(FrameworkServlet.java:837)
		at javax.servlet.http.HttpServlet.service(HttpServlet.java:623)
		at org.apache.catalina.core.ApplicationFilterChain.internalDoFilter(ApplicationFilterChain.java:197)
		at org.apache.catalina.core.ApplicationFilterChain.doFilter(ApplicationFilterChain.java:142)
		at org.apache.tomcat.websocket.server.WsFilter.doFilter(WsFilter.java:51)
		at org.apache.catalina.core.ApplicationFilterChain.internalDoFilter(ApplicationFilterChain.java:166)
		at org.apache.catalina.core.ApplicationFilterChain.doFilter(ApplicationFilterChain.java:142)
		at com.timmy.util.AuthFilter.doFilter(AuthFilter.java:44)
		at org.apache.catalina.core.ApplicationFilterChain.internalDoFilter(ApplicationFilterChain.java:166)
		at org.apache.catalina.core.ApplicationFilterChain.doFilter(ApplicationFilterChain.java:142)
		at org.springframework.web.filter.CharacterEncodingFilter.doFilterInternal(CharacterEncodingFilter.java:88)
		at org.springframework.web.filter.OncePerRequestFilter.doFilter(OncePerRequestFilter.java:108)
		at org.apache.catalina.core.ApplicationFilterChain.internalDoFilter(ApplicationFilterChain.java:166)
		at org.apache.catalina.core.ApplicationFilterChain.doFilter(ApplicationFilterChain.java:142)
		at org.apache.catalina.core.StandardWrapperValve.invoke(StandardWrapperValve.java:166)
		at org.apache.catalina.core.StandardContextValve.invoke(StandardContextValve.java:88)
		at org.apache.catalina.authenticator.AuthenticatorBase.invoke(AuthenticatorBase.java:491)
		at org.apache.catalina.core.StandardHostValve.invoke(StandardHostValve.java:127)
		at org.apache.catalina.valves.ErrorReportValve.invoke(ErrorReportValve.java:83)
		at org.apache.catalina.valves.AbstractAccessLogValve.invoke(AbstractAccessLogValve.java:643)
		at org.apache.catalina.core.StandardEngineValve.invoke(StandardEngineValve.java:72)
		at org.apache.catalina.connector.CoyoteAdapter.service(CoyoteAdapter.java:344)
		at org.apache.coyote.http11.Http11Processor.service(Http11Processor.java:398)
		at org.apache.coyote.AbstractProcessorLight.process(AbstractProcessorLight.java:63)
		at org.apache.coyote.AbstractProtocol$ConnectionHandler.process(AbstractProtocol.java:939)
		at org.apache.tomcat.util.net.NioEndpoint$SocketProcessor.doRun(NioEndpoint.java:1832)
		at org.apache.tomcat.util.net.SocketProcessorBase.run(SocketProcessorBase.java:52)
		at org.apache.tomcat.util.threads.ThreadPoolExecutor.runWorker(ThreadPoolExecutor.java:973)
		at org.apache.tomcat.util.threads.ThreadPoolExecutor$Worker.run(ThreadPoolExecutor.java:491)
		at org.apache.tomcat.util.threads.TaskThread$WrappingRunnable.run(TaskThread.java:63)
		at java.lang.Thread.run(Unknown Source)
05-Apr-2026 10:40:54.447 SEVERE [http-nio-8080-exec-8] org.apache.catalina.core.StandardWrapperValve.invoke Servlet.service() for servlet [dispatcher] in context with path [/demo] threw exception [Handler processing failed; nested exception is java.lang.NoSuchMethodError: com.timmy.controller.AllController$ProfileImagePayload.<init>(Lcom/timmy/controller/AllController$1;)V] with root cause
	java.lang.NoSuchMethodError: com.timmy.controller.AllController$ProfileImagePayload.<init>(Lcom/timmy/controller/AllController$1;)V
		at com.timmy.controller.AllController.loadProfileImagePayloadByEnrollId(AllController.java:2947)
		at com.timmy.controller.AllController.applyProfileImageFallback(AllController.java:2867)
		at com.timmy.controller.AllController.getLatestLogFromDB(AllController.java:2628)
		at sun.reflect.GeneratedMethodAccessor118.invoke(Unknown Source)
		at sun.reflect.DelegatingMethodAccessorImpl.invoke(Unknown Source)
		at java.lang.reflect.Method.invoke(Unknown Source)
		at org.springframework.web.method.support.InvocableHandlerMethod.invoke(InvocableHandlerMethod.java:215)
		at org.springframework.web.method.support.InvocableHandlerMethod.invokeForRequest(InvocableHandlerMethod.java:132)
		at org.springframework.web.servlet.mvc.method.annotation.ServletInvocableHandlerMethod.invokeAndHandle(ServletInvocableHandlerMethod.java:104)
		at org.springframework.web.servlet.mvc.method.annotation.RequestMappingHandlerAdapter.invokeHandleMethod(RequestMappingHandlerAdapter.java:749)
		at org.springframework.web.servlet.mvc.method.annotation.RequestMappingHandlerAdapter.handleInternal(RequestMappingHandlerAdapter.java:690)
		at org.springframework.web.servlet.mvc.method.AbstractHandlerMethodAdapter.handle(AbstractHandlerMethodAdapter.java:83)
		at org.springframework.web.servlet.DispatcherServlet.doDispatch(DispatcherServlet.java:945)
		at org.springframework.web.servlet.DispatcherServlet.doService(DispatcherServlet.java:876)
		at org.springframework.web.servlet.FrameworkServlet.processRequest(FrameworkServlet.java:961)
		at org.springframework.web.servlet.FrameworkServlet.doGet(FrameworkServlet.java:852)
		at javax.servlet.http.HttpServlet.service(HttpServlet.java:529)
		at org.springframework.web.servlet.FrameworkServlet.service(FrameworkServlet.java:837)
		at javax.servlet.http.HttpServlet.service(HttpServlet.java:623)
		at org.apache.catalina.core.ApplicationFilterChain.internalDoFilter(ApplicationFilterChain.java:197)
		at org.apache.catalina.core.ApplicationFilterChain.doFilter(ApplicationFilterChain.java:142)
		at org.apache.tomcat.websocket.server.WsFilter.doFilter(WsFilter.java:51)
		at org.apache.catalina.core.ApplicationFilterChain.internalDoFilter(ApplicationFilterChain.java:166)
		at org.apache.catalina.core.ApplicationFilterChain.doFilter(ApplicationFilterChain.java:142)
		at com.timmy.util.AuthFilter.doFilter(AuthFilter.java:44)
		at org.apache.catalina.core.ApplicationFilterChain.internalDoFilter(ApplicationFilterChain.java:166)
		at org.apache.catalina.core.ApplicationFilterChain.doFilter(ApplicationFilterChain.java:142)
		at org.springframework.web.filter.CharacterEncodingFilter.doFilterInternal(CharacterEncodingFilter.java:88)
		at org.springframework.web.filter.OncePerRequestFilter.doFilter(OncePerRequestFilter.java:108)
		at org.apache.catalina.core.ApplicationFilterChain.internalDoFilter(ApplicationFilterChain.java:166)
		at org.apache.catalina.core.ApplicationFilterChain.doFilter(ApplicationFilterChain.java:142)
		at org.apache.catalina.core.StandardWrapperValve.invoke(StandardWrapperValve.java:166)
		at org.apache.catalina.core.StandardContextValve.invoke(StandardContextValve.java:88)
		at org.apache.catalina.authenticator.AuthenticatorBase.invoke(AuthenticatorBase.java:491)
		at org.apache.catalina.core.StandardHostValve.invoke(StandardHostValve.java:127)
		at org.apache.catalina.valves.ErrorReportValve.invoke(ErrorReportValve.java:83)
		at org.apache.catalina.valves.AbstractAccessLogValve.invoke(AbstractAccessLogValve.java:643)
		at org.apache.catalina.core.StandardEngineValve.invoke(StandardEngineValve.java:72)
		at org.apache.catalina.connector.CoyoteAdapter.service(CoyoteAdapter.java:344)
		at org.apache.coyote.http11.Http11Processor.service(Http11Processor.java:398)
		at org.apache.coyote.AbstractProcessorLight.process(AbstractProcessorLight.java:63)
		at org.apache.coyote.AbstractProtocol$ConnectionHandler.process(AbstractProtocol.java:939)
		at org.apache.tomcat.util.net.NioEndpoint$SocketProcessor.doRun(NioEndpoint.java:1832)
		at org.apache.tomcat.util.net.SocketProcessorBase.run(SocketProcessorBase.java:52)
		at org.apache.tomcat.util.threads.ThreadPoolExecutor.runWorker(ThreadPoolExecutor.java:973)
		at org.apache.tomcat.util.threads.ThreadPoolExecutor$Worker.run(ThreadPoolExecutor.java:491)
		at org.apache.tomcat.util.threads.TaskThread$WrappingRunnable.run(TaskThread.java:63)
		at java.lang.Thread.run(Unknown Source)
05-Apr-2026 10:40:59.449 SEVERE [http-nio-8080-exec-9] org.apache.catalina.core.StandardWrapperValve.invoke Servlet.service() for servlet [dispatcher] in context with path [/demo] threw exception [Handler processing failed; nested exception is java.lang.NoSuchMethodError: com.timmy.controller.AllController$ProfileImagePayload.<init>(Lcom/timmy/controller/AllController$1;)V] with root cause
	java.lang.NoSuchMethodError: com.timmy.controller.AllController$ProfileImagePayload.<init>(Lcom/timmy/controller/AllController$1;)V
		at com.timmy.controller.AllController.loadProfileImagePayloadByEnrollId(AllController.java:2947)
		at com.timmy.controller.AllController.applyProfileImageFallback(AllController.java:2867)
		at com.timmy.controller.AllController.getLatestLogFromDB(AllController.java:2628)
		at sun.reflect.GeneratedMethodAccessor118.invoke(Unknown Source)
		at sun.reflect.DelegatingMethodAccessorImpl.invoke(Unknown Source)
		at java.lang.reflect.Method.invoke(Unknown Source)
		at org.springframework.web.method.support.InvocableHandlerMethod.invoke(InvocableHandlerMethod.java:215)
		at org.springframework.web.method.support.InvocableHandlerMethod.invokeForRequest(InvocableHandlerMethod.java:132)
		at org.springframework.web.servlet.mvc.method.annotation.ServletInvocableHandlerMethod.invokeAndHandle(ServletInvocableHandlerMethod.java:104)
		at org.springframework.web.servlet.mvc.method.annotation.RequestMappingHandlerAdapter.invokeHandleMethod(RequestMappingHandlerAdapter.java:749)
		at org.springframework.web.servlet.mvc.method.annotation.RequestMappingHandlerAdapter.handleInternal(RequestMappingHandlerAdapter.java:690)
		at org.springframework.web.servlet.mvc.method.AbstractHandlerMethodAdapter.handle(AbstractHandlerMethodAdapter.java:83)
		at org.springframework.web.servlet.DispatcherServlet.doDispatch(DispatcherServlet.java:945)
		at org.springframework.web.servlet.DispatcherServlet.doService(DispatcherServlet.java:876)
		at org.springframework.web.servlet.FrameworkServlet.processRequest(FrameworkServlet.java:961)
		at org.springframework.web.servlet.FrameworkServlet.doGet(FrameworkServlet.java:852)
		at javax.servlet.http.HttpServlet.service(HttpServlet.java:529)
		at org.springframework.web.servlet.FrameworkServlet.service(FrameworkServlet.java:837)
		at javax.servlet.http.HttpServlet.service(HttpServlet.java:623)
		at org.apache.catalina.core.ApplicationFilterChain.internalDoFilter(ApplicationFilterChain.java:197)
		at org.apache.catalina.core.ApplicationFilterChain.doFilter(ApplicationFilterChain.java:142)
		at org.apache.tomcat.websocket.server.WsFilter.doFilter(WsFilter.java:51)
		at org.apache.catalina.core.ApplicationFilterChain.internalDoFilter(ApplicationFilterChain.java:166)
		at org.apache.catalina.core.ApplicationFilterChain.doFilter(ApplicationFilterChain.java:142)
		at com.timmy.util.AuthFilter.doFilter(AuthFilter.java:44)
		at org.apache.catalina.core.ApplicationFilterChain.internalDoFilter(ApplicationFilterChain.java:166)
		at org.apache.catalina.core.ApplicationFilterChain.doFilter(ApplicationFilterChain.java:142)
		at org.springframework.web.filter.CharacterEncodingFilter.doFilterInternal(CharacterEncodingFilter.java:88)
		at org.springframework.web.filter.OncePerRequestFilter.doFilter(OncePerRequestFilter.java:108)
		at org.apache.catalina.core.ApplicationFilterChain.internalDoFilter(ApplicationFilterChain.java:166)
		at org.apache.catalina.core.ApplicationFilterChain.doFilter(ApplicationFilterChain.java:142)
		at org.apache.catalina.core.StandardWrapperValve.invoke(StandardWrapperValve.java:166)
		at org.apache.catalina.core.StandardContextValve.invoke(StandardContextValve.java:88)
		at org.apache.catalina.authenticator.AuthenticatorBase.invoke(AuthenticatorBase.java:491)
		at org.apache.catalina.core.StandardHostValve.invoke(StandardHostValve.java:127)
		at org.apache.catalina.valves.ErrorReportValve.invoke(ErrorReportValve.java:83)
		at org.apache.catalina.valves.AbstractAccessLogValve.invoke(AbstractAccessLogValve.java:643)
		at org.apache.catalina.core.StandardEngineValve.invoke(StandardEngineValve.java:72)
		at org.apache.catalina.connector.CoyoteAdapter.service(CoyoteAdapter.java:344)
		at org.apache.coyote.http11.Http11Processor.service(Http11Processor.java:398)
		at org.apache.coyote.AbstractProcessorLight.process(AbstractProcessorLight.java:63)
		at org.apache.coyote.AbstractProtocol$ConnectionHandler.process(AbstractProtocol.java:939)
		at org.apache.tomcat.util.net.NioEndpoint$SocketProcessor.doRun(NioEndpoint.java:1832)
		at org.apache.tomcat.util.net.SocketProcessorBase.run(SocketProcessorBase.java:52)
		at org.apache.tomcat.util.threads.ThreadPoolExecutor.runWorker(ThreadPoolExecutor.java:973)
		at org.apache.tomcat.util.threads.ThreadPoolExecutor$Worker.run(ThreadPoolExecutor.java:491)
		at org.apache.tomcat.util.threads.TaskThread$WrappingRunnable.run(TaskThread.java:63)
		at java.lang.Thread.run(Unknown Source)
05-Apr-2026 10:41:03.831 SEVERE [http-nio-8080-exec-7] org.apache.catalina.core.StandardWrapperValve.invoke Servlet.service() for servlet [dispatcher] in context with path [/demo] threw exception [Handler processing failed; nested exception is java.lang.NoSuchMethodError: com.timmy.controller.AllController$ProfileImagePayload.<init>(Lcom/timmy/controller/AllController$1;)V] with root cause
	java.lang.NoSuchMethodError: com.timmy.controller.AllController$ProfileImagePayload.<init>(Lcom/timmy/controller/AllController$1;)V
		at com.timmy.controller.AllController.loadProfileImagePayloadByEnrollId(AllController.java:2947)
		at com.timmy.controller.AllController.applyProfileImageFallback(AllController.java:2867)
		at com.timmy.controller.AllController.getLatestLogFromDB(AllController.java:2628)
		at sun.reflect.GeneratedMethodAccessor118.invoke(Unknown Source)
		at sun.reflect.DelegatingMethodAccessorImpl.invoke(Unknown Source)
		at java.lang.reflect.Method.invoke(Unknown Source)
		at org.springframework.web.method.support.InvocableHandlerMethod.invoke(InvocableHandlerMethod.java:215)
		at org.springframework.web.method.support.InvocableHandlerMethod.invokeForRequest(InvocableHandlerMethod.java:132)
		at org.springframework.web.servlet.mvc.method.annotation.ServletInvocableHandlerMethod.invokeAndHandle(ServletInvocableHandlerMethod.java:104)
		at org.springframework.web.servlet.mvc.method.annotation.RequestMappingHandlerAdapter.invokeHandleMethod(RequestMappingHandlerAdapter.java:749)
		at org.springframework.web.servlet.mvc.method.annotation.RequestMappingHandlerAdapter.handleInternal(RequestMappingHandlerAdapter.java:690)
		at org.springframework.web.servlet.mvc.method.AbstractHandlerMethodAdapter.handle(AbstractHandlerMethodAdapter.java:83)
		at org.springframework.web.servlet.DispatcherServlet.doDispatch(DispatcherServlet.java:945)
		at org.springframework.web.servlet.DispatcherServlet.doService(DispatcherServlet.java:876)
		at org.springframework.web.servlet.FrameworkServlet.processRequest(FrameworkServlet.java:961)
		at org.springframework.web.servlet.FrameworkServlet.doGet(FrameworkServlet.java:852)
		at javax.servlet.http.HttpServlet.service(HttpServlet.java:529)
		at org.springframework.web.servlet.FrameworkServlet.service(FrameworkServlet.java:837)
		at javax.servlet.http.HttpServlet.service(HttpServlet.java:623)
		at org.apache.catalina.core.ApplicationFilterChain.internalDoFilter(ApplicationFilterChain.java:197)
		at org.apache.catalina.core.ApplicationFilterChain.doFilter(ApplicationFilterChain.java:142)
		at org.apache.tomcat.websocket.server.WsFilter.doFilter(WsFilter.java:51)
		at org.apache.catalina.core.ApplicationFilterChain.internalDoFilter(ApplicationFilterChain.java:166)
		at org.apache.catalina.core.ApplicationFilterChain.doFilter(ApplicationFilterChain.java:142)
		at com.timmy.util.AuthFilter.doFilter(AuthFilter.java:44)
		at org.apache.catalina.core.ApplicationFilterChain.internalDoFilter(ApplicationFilterChain.java:166)
		at org.apache.catalina.core.ApplicationFilterChain.doFilter(ApplicationFilterChain.java:142)
		at org.springframework.web.filter.CharacterEncodingFilter.doFilterInternal(CharacterEncodingFilter.java:88)
		at org.springframework.web.filter.OncePerRequestFilter.doFilter(OncePerRequestFilter.java:108)
		at org.apache.catalina.core.ApplicationFilterChain.internalDoFilter(ApplicationFilterChain.java:166)
		at org.apache.catalina.core.ApplicationFilterChain.doFilter(ApplicationFilterChain.java:142)
		at org.apache.catalina.core.StandardWrapperValve.invoke(StandardWrapperValve.java:166)
		at org.apache.catalina.core.StandardContextValve.invoke(StandardContextValve.java:88)
		at org.apache.catalina.authenticator.AuthenticatorBase.invoke(AuthenticatorBase.java:491)
		at org.apache.catalina.core.StandardHostValve.invoke(StandardHostValve.java:127)
		at org.apache.catalina.valves.ErrorReportValve.invoke(ErrorReportValve.java:83)
		at org.apache.catalina.valves.AbstractAccessLogValve.invoke(AbstractAccessLogValve.java:643)
		at org.apache.catalina.core.StandardEngineValve.invoke(StandardEngineValve.java:72)
		at org.apache.catalina.connector.CoyoteAdapter.service(CoyoteAdapter.java:344)
		at org.apache.coyote.http11.Http11Processor.service(Http11Processor.java:398)
		at org.apache.coyote.AbstractProcessorLight.process(AbstractProcessorLight.java:63)
		at org.apache.coyote.AbstractProtocol$ConnectionHandler.process(AbstractProtocol.java:939)
		at org.apache.tomcat.util.net.NioEndpoint$SocketProcessor.doRun(NioEndpoint.java:1832)
		at org.apache.tomcat.util.net.SocketProcessorBase.run(SocketProcessorBase.java:52)
		at org.apache.tomcat.util.threads.ThreadPoolExecutor.runWorker(ThreadPoolExecutor.java:973)
		at org.apache.tomcat.util.threads.ThreadPoolExecutor$Worker.run(ThreadPoolExecutor.java:491)
		at org.apache.tomcat.util.threads.TaskThread$WrappingRunnable.run(TaskThread.java:63)
		at java.lang.Thread.run(Unknown Source)
05-Apr-2026 10:41:08.838 SEVERE [http-nio-8080-exec-1] org.apache.catalina.core.StandardWrapperValve.invoke Servlet.service() for servlet [dispatcher] in context with path [/demo] threw exception [Handler processing failed; nested exception is java.lang.NoSuchMethodError: com.timmy.controller.AllController$ProfileImagePayload.<init>(Lcom/timmy/controller/AllController$1;)V] with root cause
	java.lang.NoSuchMethodError: com.timmy.controller.AllController$ProfileImagePayload.<init>(Lcom/timmy/controller/AllController$1;)V
		at com.timmy.controller.AllController.loadProfileImagePayloadByEnrollId(AllController.java:2947)
		at com.timmy.controller.AllController.applyProfileImageFallback(AllController.java:2867)
		at com.timmy.controller.AllController.getLatestLogFromDB(AllController.java:2628)
		at sun.reflect.GeneratedMethodAccessor118.invoke(Unknown Source)
		at sun.reflect.DelegatingMethodAccessorImpl.invoke(Unknown Source)
		at java.lang.reflect.Method.invoke(Unknown Source)
		at org.springframework.web.method.support.InvocableHandlerMethod.invoke(InvocableHandlerMethod.java:215)
		at org.springframework.web.method.support.InvocableHandlerMethod.invokeForRequest(InvocableHandlerMethod.java:132)
		at org.springframework.web.servlet.mvc.method.annotation.ServletInvocableHandlerMethod.invokeAndHandle(ServletInvocableHandlerMethod.java:104)
		at org.springframework.web.servlet.mvc.method.annotation.RequestMappingHandlerAdapter.invokeHandleMethod(RequestMappingHandlerAdapter.java:749)
		at org.springframework.web.servlet.mvc.method.annotation.RequestMappingHandlerAdapter.handleInternal(RequestMappingHandlerAdapter.java:690)
		at org.springframework.web.servlet.mvc.method.AbstractHandlerMethodAdapter.handle(AbstractHandlerMethodAdapter.java:83)
		at org.springframework.web.servlet.DispatcherServlet.doDispatch(DispatcherServlet.java:945)
		at org.springframework.web.servlet.DispatcherServlet.doService(DispatcherServlet.java:876)
		at org.springframework.web.servlet.FrameworkServlet.processRequest(FrameworkServlet.java:961)
		at org.springframework.web.servlet.FrameworkServlet.doGet(FrameworkServlet.java:852)
		at javax.servlet.http.HttpServlet.service(HttpServlet.java:529)
		at org.springframework.web.servlet.FrameworkServlet.service(FrameworkServlet.java:837)
		at javax.servlet.http.HttpServlet.service(HttpServlet.java:623)
		at org.apache.catalina.core.ApplicationFilterChain.internalDoFilter(ApplicationFilterChain.java:197)
		at org.apache.catalina.core.ApplicationFilterChain.doFilter(ApplicationFilterChain.java:142)
		at org.apache.tomcat.websocket.server.WsFilter.doFilter(WsFilter.java:51)
		at org.apache.catalina.core.ApplicationFilterChain.internalDoFilter(ApplicationFilterChain.java:166)
		at org.apache.catalina.core.ApplicationFilterChain.doFilter(ApplicationFilterChain.java:142)
		at com.timmy.util.AuthFilter.doFilter(AuthFilter.java:44)
		at org.apache.catalina.core.ApplicationFilterChain.internalDoFilter(ApplicationFilterChain.java:166)
		at org.apache.catalina.core.ApplicationFilterChain.doFilter(ApplicationFilterChain.java:142)
		at org.springframework.web.filter.CharacterEncodingFilter.doFilterInternal(CharacterEncodingFilter.java:88)
		at org.springframework.web.filter.OncePerRequestFilter.doFilter(OncePerRequestFilter.java:108)
		at org.apache.catalina.core.ApplicationFilterChain.internalDoFilter(ApplicationFilterChain.java:166)
		at org.apache.catalina.core.ApplicationFilterChain.doFilter(ApplicationFilterChain.java:142)
		at org.apache.catalina.core.StandardWrapperValve.invoke(StandardWrapperValve.java:166)
		at org.apache.catalina.core.StandardContextValve.invoke(StandardContextValve.java:88)
		at org.apache.catalina.authenticator.AuthenticatorBase.invoke(AuthenticatorBase.java:491)
		at org.apache.catalina.core.StandardHostValve.invoke(StandardHostValve.java:127)
		at org.apache.catalina.valves.ErrorReportValve.invoke(ErrorReportValve.java:83)
		at org.apache.catalina.valves.AbstractAccessLogValve.invoke(AbstractAccessLogValve.java:643)
		at org.apache.catalina.core.StandardEngineValve.invoke(StandardEngineValve.java:72)
		at org.apache.catalina.connector.CoyoteAdapter.service(CoyoteAdapter.java:344)
		at org.apache.coyote.http11.Http11Processor.service(Http11Processor.java:398)
		at org.apache.coyote.AbstractProcessorLight.process(AbstractProcessorLight.java:63)
		at org.apache.coyote.AbstractProtocol$ConnectionHandler.process(AbstractProtocol.java:939)
		at org.apache.tomcat.util.net.NioEndpoint$SocketProcessor.doRun(NioEndpoint.java:1832)
		at org.apache.tomcat.util.net.SocketProcessorBase.run(SocketProcessorBase.java:52)
		at org.apache.tomcat.util.threads.ThreadPoolExecutor.runWorker(ThreadPoolExecutor.java:973)
		at org.apache.tomcat.util.threads.ThreadPoolExecutor$Worker.run(ThreadPoolExecutor.java:491)
		at org.apache.tomcat.util.threads.TaskThread$WrappingRunnable.run(TaskThread.java:63)
		at java.lang.Thread.run(Unknown Source)
05-Apr-2026 10:41:13.857 SEVERE [http-nio-8080-exec-6] org.apache.catalina.core.StandardWrapperValve.invoke Servlet.service() for servlet [dispatcher] in context with path [/demo] threw exception [Handler processing failed; nested exception is java.lang.NoSuchMethodError: com.timmy.controller.AllController$ProfileImagePayload.<init>(Lcom/timmy/controller/AllController$1;)V] with root cause
	java.lang.NoSuchMethodError: com.timmy.controller.AllController$ProfileImagePayload.<init>(Lcom/timmy/controller/AllController$1;)V
		at com.timmy.controller.AllController.loadProfileImagePayloadByEnrollId(AllController.java:2947)
		at com.timmy.controller.AllController.applyProfileImageFallback(AllController.java:2867)
		at com.timmy.controller.AllController.getLatestLogFromDB(AllController.java:2628)
		at sun.reflect.GeneratedMethodAccessor118.invoke(Unknown Source)
		at sun.reflect.DelegatingMethodAccessorImpl.invoke(Unknown Source)
		at java.lang.reflect.Method.invoke(Unknown Source)
		at org.springframework.web.method.support.InvocableHandlerMethod.invoke(InvocableHandlerMethod.java:215)
		at org.springframework.web.method.support.InvocableHandlerMethod.invokeForRequest(InvocableHandlerMethod.java:132)
		at org.springframework.web.servlet.mvc.method.annotation.ServletInvocableHandlerMethod.invokeAndHandle(ServletInvocableHandlerMethod.java:104)
		at org.springframework.web.servlet.mvc.method.annotation.RequestMappingHandlerAdapter.invokeHandleMethod(RequestMappingHandlerAdapter.java:749)
		at org.springframework.web.servlet.mvc.method.annotation.RequestMappingHandlerAdapter.handleInternal(RequestMappingHandlerAdapter.java:690)
		at org.springframework.web.servlet.mvc.method.AbstractHandlerMethodAdapter.handle(AbstractHandlerMethodAdapter.java:83)
		at org.springframework.web.servlet.DispatcherServlet.doDispatch(DispatcherServlet.java:945)
		at org.springframework.web.servlet.DispatcherServlet.doService(DispatcherServlet.java:876)
		at org.springframework.web.servlet.FrameworkServlet.processRequest(FrameworkServlet.java:961)
		at org.springframework.web.servlet.FrameworkServlet.doGet(FrameworkServlet.java:852)
		at javax.servlet.http.HttpServlet.service(HttpServlet.java:529)
		at org.springframework.web.servlet.FrameworkServlet.service(FrameworkServlet.java:837)
		at javax.servlet.http.HttpServlet.service(HttpServlet.java:623)
		at org.apache.catalina.core.ApplicationFilterChain.internalDoFilter(ApplicationFilterChain.java:197)
		at org.apache.catalina.core.ApplicationFilterChain.doFilter(ApplicationFilterChain.java:142)
		at org.apache.tomcat.websocket.server.WsFilter.doFilter(WsFilter.java:51)
		at org.apache.catalina.core.ApplicationFilterChain.internalDoFilter(ApplicationFilterChain.java:166)
		at org.apache.catalina.core.ApplicationFilterChain.doFilter(ApplicationFilterChain.java:142)
		at com.timmy.util.AuthFilter.doFilter(AuthFilter.java:44)
		at org.apache.catalina.core.ApplicationFilterChain.internalDoFilter(ApplicationFilterChain.java:166)
		at org.apache.catalina.core.ApplicationFilterChain.doFilter(ApplicationFilterChain.java:142)
		at org.springframework.web.filter.CharacterEncodingFilter.doFilterInternal(CharacterEncodingFilter.java:88)
		at org.springframework.web.filter.OncePerRequestFilter.doFilter(OncePerRequestFilter.java:108)
		at org.apache.catalina.core.ApplicationFilterChain.internalDoFilter(ApplicationFilterChain.java:166)
		at org.apache.catalina.core.ApplicationFilterChain.doFilter(ApplicationFilterChain.java:142)
		at org.apache.catalina.core.StandardWrapperValve.invoke(StandardWrapperValve.java:166)
		at org.apache.catalina.core.StandardContextValve.invoke(StandardContextValve.java:88)
		at org.apache.catalina.authenticator.AuthenticatorBase.invoke(AuthenticatorBase.java:491)
		at org.apache.catalina.core.StandardHostValve.invoke(StandardHostValve.java:127)
		at org.apache.catalina.valves.ErrorReportValve.invoke(ErrorReportValve.java:83)
		at org.apache.catalina.valves.AbstractAccessLogValve.invoke(AbstractAccessLogValve.java:643)
		at org.apache.catalina.core.StandardEngineValve.invoke(StandardEngineValve.java:72)
		at org.apache.catalina.connector.CoyoteAdapter.service(CoyoteAdapter.java:344)
		at org.apache.coyote.http11.Http11Processor.service(Http11Processor.java:398)
		at org.apache.coyote.AbstractProcessorLight.process(AbstractProcessorLight.java:63)
		at org.apache.coyote.AbstractProtocol$ConnectionHandler.process(AbstractProtocol.java:939)
		at org.apache.tomcat.util.net.NioEndpoint$SocketProcessor.doRun(NioEndpoint.java:1832)
		at org.apache.tomcat.util.net.SocketProcessorBase.run(SocketProcessorBase.java:52)
		at org.apache.tomcat.util.threads.ThreadPoolExecutor.runWorker(ThreadPoolExecutor.java:973)
		at org.apache.tomcat.util.threads.ThreadPoolExecutor$Worker.run(ThreadPoolExecutor.java:491)
		at org.apache.tomcat.util.threads.TaskThread$WrappingRunnable.run(TaskThread.java:63)
		at java.lang.Thread.run(Unknown Source)
05-Apr-2026 10:41:18.831 SEVERE [http-nio-8080-exec-5] org.apache.catalina.core.StandardWrapperValve.invoke Servlet.service() for servlet [dispatcher] in context with path [/demo] threw exception [Handler processing failed; nested exception is java.lang.NoSuchMethodError: com.timmy.controller.AllController$ProfileImagePayload.<init>(Lcom/timmy/controller/AllController$1;)V] with root cause
	java.lang.NoSuchMethodError: com.timmy.controller.AllController$ProfileImagePayload.<init>(Lcom/timmy/controller/AllController$1;)V
		at com.timmy.controller.AllController.loadProfileImagePayloadByEnrollId(AllController.java:2947)
		at com.timmy.controller.AllController.applyProfileImageFallback(AllController.java:2867)
		at com.timmy.controller.AllController.getLatestLogFromDB(AllController.java:2628)
		at sun.reflect.GeneratedMethodAccessor118.invoke(Unknown Source)
		at sun.reflect.DelegatingMethodAccessorImpl.invoke(Unknown Source)
		at java.lang.reflect.Method.invoke(Unknown Source)
		at org.springframework.web.method.support.InvocableHandlerMethod.invoke(InvocableHandlerMethod.java:215)
		at org.springframework.web.method.support.InvocableHandlerMethod.invokeForRequest(InvocableHandlerMethod.java:132)
		at org.springframework.web.servlet.mvc.method.annotation.ServletInvocableHandlerMethod.invokeAndHandle(ServletInvocableHandlerMethod.java:104)
		at org.springframework.web.servlet.mvc.method.annotation.RequestMappingHandlerAdapter.invokeHandleMethod(RequestMappingHandlerAdapter.java:749)
		at org.springframework.web.servlet.mvc.method.annotation.RequestMappingHandlerAdapter.handleInternal(RequestMappingHandlerAdapter.java:690)
		at org.springframework.web.servlet.mvc.method.AbstractHandlerMethodAdapter.handle(AbstractHandlerMethodAdapter.java:83)
		at org.springframework.web.servlet.DispatcherServlet.doDispatch(DispatcherServlet.java:945)
		at org.springframework.web.servlet.DispatcherServlet.doService(DispatcherServlet.java:876)
		at org.springframework.web.servlet.FrameworkServlet.processRequest(FrameworkServlet.java:961)
		at org.springframework.web.servlet.FrameworkServlet.doGet(FrameworkServlet.java:852)
		at javax.servlet.http.HttpServlet.service(HttpServlet.java:529)
		at org.springframework.web.servlet.FrameworkServlet.service(FrameworkServlet.java:837)
		at javax.servlet.http.HttpServlet.service(HttpServlet.java:623)
		at org.apache.catalina.core.ApplicationFilterChain.internalDoFilter(ApplicationFilterChain.java:197)
		at org.apache.catalina.core.ApplicationFilterChain.doFilter(ApplicationFilterChain.java:142)
		at org.apache.tomcat.websocket.server.WsFilter.doFilter(WsFilter.java:51)
		at org.apache.catalina.core.ApplicationFilterChain.internalDoFilter(ApplicationFilterChain.java:166)
		at org.apache.catalina.core.ApplicationFilterChain.doFilter(ApplicationFilterChain.java:142)
		at com.timmy.util.AuthFilter.doFilter(AuthFilter.java:44)
		at org.apache.catalina.core.ApplicationFilterChain.internalDoFilter(ApplicationFilterChain.java:166)
		at org.apache.catalina.core.ApplicationFilterChain.doFilter(ApplicationFilterChain.java:142)
		at org.springframework.web.filter.CharacterEncodingFilter.doFilterInternal(CharacterEncodingFilter.java:88)
		at org.springframework.web.filter.OncePerRequestFilter.doFilter(OncePerRequestFilter.java:108)
		at org.apache.catalina.core.ApplicationFilterChain.internalDoFilter(ApplicationFilterChain.java:166)
		at org.apache.catalina.core.ApplicationFilterChain.doFilter(ApplicationFilterChain.java:142)
		at org.apache.catalina.core.StandardWrapperValve.invoke(StandardWrapperValve.java:166)
		at org.apache.catalina.core.StandardContextValve.invoke(StandardContextValve.java:88)
		at org.apache.catalina.authenticator.AuthenticatorBase.invoke(AuthenticatorBase.java:491)
		at org.apache.catalina.core.StandardHostValve.invoke(StandardHostValve.java:127)
		at org.apache.catalina.valves.ErrorReportValve.invoke(ErrorReportValve.java:83)
		at org.apache.catalina.valves.AbstractAccessLogValve.invoke(AbstractAccessLogValve.java:643)
		at org.apache.catalina.core.StandardEngineValve.invoke(StandardEngineValve.java:72)
		at org.apache.catalina.connector.CoyoteAdapter.service(CoyoteAdapter.java:344)
		at org.apache.coyote.http11.Http11Processor.service(Http11Processor.java:398)
		at org.apache.coyote.AbstractProcessorLight.process(AbstractProcessorLight.java:63)
		at org.apache.coyote.AbstractProtocol$ConnectionHandler.process(AbstractProtocol.java:939)
		at org.apache.tomcat.util.net.NioEndpoint$SocketProcessor.doRun(NioEndpoint.java:1832)
		at org.apache.tomcat.util.net.SocketProcessorBase.run(SocketProcessorBase.java:52)
		at org.apache.tomcat.util.threads.ThreadPoolExecutor.runWorker(ThreadPoolExecutor.java:973)
		at org.apache.tomcat.util.threads.ThreadPoolExecutor$Worker.run(ThreadPoolExecutor.java:491)
		at org.apache.tomcat.util.threads.TaskThread$WrappingRunnable.run(TaskThread.java:63)
		at java.lang.Thread.run(Unknown Source)
05-Apr-2026 10:41:23.838 SEVERE [http-nio-8080-exec-10] org.apache.catalina.core.StandardWrapperValve.invoke Servlet.service() for servlet [dispatcher] in context with path [/demo] threw exception [Handler processing failed; nested exception is java.lang.NoSuchMethodError: com.timmy.controller.AllController$ProfileImagePayload.<init>(Lcom/timmy/controller/AllController$1;)V] with root cause
	java.lang.NoSuchMethodError: com.timmy.controller.AllController$ProfileImagePayload.<init>(Lcom/timmy/controller/AllController$1;)V
		at com.timmy.controller.AllController.loadProfileImagePayloadByEnrollId(AllController.java:2947)
		at com.timmy.controller.AllController.applyProfileImageFallback(AllController.java:2867)
		at com.timmy.controller.AllController.getLatestLogFromDB(AllController.java:2628)
		at sun.reflect.GeneratedMethodAccessor118.invoke(Unknown Source)
		at sun.reflect.DelegatingMethodAccessorImpl.invoke(Unknown Source)
		at java.lang.reflect.Method.invoke(Unknown Source)
		at org.springframework.web.method.support.InvocableHandlerMethod.invoke(InvocableHandlerMethod.java:215)
		at org.springframework.web.method.support.InvocableHandlerMethod.invokeForRequest(InvocableHandlerMethod.java:132)
		at org.springframework.web.servlet.mvc.method.annotation.ServletInvocableHandlerMethod.invokeAndHandle(ServletInvocableHandlerMethod.java:104)
		at org.springframework.web.servlet.mvc.method.annotation.RequestMappingHandlerAdapter.invokeHandleMethod(RequestMappingHandlerAdapter.java:749)
		at org.springframework.web.servlet.mvc.method.annotation.RequestMappingHandlerAdapter.handleInternal(RequestMappingHandlerAdapter.java:690)
		at org.springframework.web.servlet.mvc.method.AbstractHandlerMethodAdapter.handle(AbstractHandlerMethodAdapter.java:83)
		at org.springframework.web.servlet.DispatcherServlet.doDispatch(DispatcherServlet.java:945)
		at org.springframework.web.servlet.DispatcherServlet.doService(DispatcherServlet.java:876)
		at org.springframework.web.servlet.FrameworkServlet.processRequest(FrameworkServlet.java:961)
		at org.springframework.web.servlet.FrameworkServlet.doGet(FrameworkServlet.java:852)
		at javax.servlet.http.HttpServlet.service(HttpServlet.java:529)
		at org.springframework.web.servlet.FrameworkServlet.service(FrameworkServlet.java:837)
		at javax.servlet.http.HttpServlet.service(HttpServlet.java:623)
		at org.apache.catalina.core.ApplicationFilterChain.internalDoFilter(ApplicationFilterChain.java:197)
		at org.apache.catalina.core.ApplicationFilterChain.doFilter(ApplicationFilterChain.java:142)
		at org.apache.tomcat.websocket.server.WsFilter.doFilter(WsFilter.java:51)
		at org.apache.catalina.core.ApplicationFilterChain.internalDoFilter(ApplicationFilterChain.java:166)
		at org.apache.catalina.core.ApplicationFilterChain.doFilter(ApplicationFilterChain.java:142)
		at com.timmy.util.AuthFilter.doFilter(AuthFilter.java:44)
		at org.apache.catalina.core.ApplicationFilterChain.internalDoFilter(ApplicationFilterChain.java:166)
		at org.apache.catalina.core.ApplicationFilterChain.doFilter(ApplicationFilterChain.java:142)
		at org.springframework.web.filter.CharacterEncodingFilter.doFilterInternal(CharacterEncodingFilter.java:88)
		at org.springframework.web.filter.OncePerRequestFilter.doFilter(OncePerRequestFilter.java:108)
		at org.apache.catalina.core.ApplicationFilterChain.internalDoFilter(ApplicationFilterChain.java:166)
		at org.apache.catalina.core.ApplicationFilterChain.doFilter(ApplicationFilterChain.java:142)
		at org.apache.catalina.core.StandardWrapperValve.invoke(StandardWrapperValve.java:166)
		at org.apache.catalina.core.StandardContextValve.invoke(StandardContextValve.java:88)
		at org.apache.catalina.authenticator.AuthenticatorBase.invoke(AuthenticatorBase.java:491)
		at org.apache.catalina.core.StandardHostValve.invoke(StandardHostValve.java:127)
		at org.apache.catalina.valves.ErrorReportValve.invoke(ErrorReportValve.java:83)
		at org.apache.catalina.valves.AbstractAccessLogValve.invoke(AbstractAccessLogValve.java:643)
		at org.apache.catalina.core.StandardEngineValve.invoke(StandardEngineValve.java:72)
		at org.apache.catalina.connector.CoyoteAdapter.service(CoyoteAdapter.java:344)
		at org.apache.coyote.http11.Http11Processor.service(Http11Processor.java:398)
		at org.apache.coyote.AbstractProcessorLight.process(AbstractProcessorLight.java:63)
		at org.apache.coyote.AbstractProtocol$ConnectionHandler.process(AbstractProtocol.java:939)
		at org.apache.tomcat.util.net.NioEndpoint$SocketProcessor.doRun(NioEndpoint.java:1832)
		at org.apache.tomcat.util.net.SocketProcessorBase.run(SocketProcessorBase.java:52)
		at org.apache.tomcat.util.threads.ThreadPoolExecutor.runWorker(ThreadPoolExecutor.java:973)
		at org.apache.tomcat.util.threads.ThreadPoolExecutor$Worker.run(ThreadPoolExecutor.java:491)
		at org.apache.tomcat.util.threads.TaskThread$WrappingRunnable.run(TaskThread.java:63)
		at java.lang.Thread.run(Unknown Source)
05-Apr-2026 10:41:28.842 SEVERE [http-nio-8080-exec-2] org.apache.catalina.core.StandardWrapperValve.invoke Servlet.service() for servlet [dispatcher] in context with path [/demo] threw exception [Handler processing failed; nested exception is java.lang.NoSuchMethodError: com.timmy.controller.AllController$ProfileImagePayload.<init>(Lcom/timmy/controller/AllController$1;)V] with root cause
	java.lang.NoSuchMethodError: com.timmy.controller.AllController$ProfileImagePayload.<init>(Lcom/timmy/controller/AllController$1;)V
		at com.timmy.controller.AllController.loadProfileImagePayloadByEnrollId(AllController.java:2947)
		at com.timmy.controller.AllController.applyProfileImageFallback(AllController.java:2867)
		at com.timmy.controller.AllController.getLatestLogFromDB(AllController.java:2628)
		at sun.reflect.GeneratedMethodAccessor118.invoke(Unknown Source)
		at sun.reflect.DelegatingMethodAccessorImpl.invoke(Unknown Source)
		at java.lang.reflect.Method.invoke(Unknown Source)
		at org.springframework.web.method.support.InvocableHandlerMethod.invoke(InvocableHandlerMethod.java:215)
		at org.springframework.web.method.support.InvocableHandlerMethod.invokeForRequest(InvocableHandlerMethod.java:132)
		at org.springframework.web.servlet.mvc.method.annotation.ServletInvocableHandlerMethod.invokeAndHandle(ServletInvocableHandlerMethod.java:104)
		at org.springframework.web.servlet.mvc.method.annotation.RequestMappingHandlerAdapter.invokeHandleMethod(RequestMappingHandlerAdapter.java:749)
		at org.springframework.web.servlet.mvc.method.annotation.RequestMappingHandlerAdapter.handleInternal(RequestMappingHandlerAdapter.java:690)
		at org.springframework.web.servlet.mvc.method.AbstractHandlerMethodAdapter.handle(AbstractHandlerMethodAdapter.java:83)
		at org.springframework.web.servlet.DispatcherServlet.doDispatch(DispatcherServlet.java:945)
		at org.springframework.web.servlet.DispatcherServlet.doService(DispatcherServlet.java:876)
		at org.springframework.web.servlet.FrameworkServlet.processRequest(FrameworkServlet.java:961)
		at org.springframework.web.servlet.FrameworkServlet.doGet(FrameworkServlet.java:852)
		at javax.servlet.http.HttpServlet.service(HttpServlet.java:529)
		at org.springframework.web.servlet.FrameworkServlet.service(FrameworkServlet.java:837)
		at javax.servlet.http.HttpServlet.service(HttpServlet.java:623)
		at org.apache.catalina.core.ApplicationFilterChain.internalDoFilter(ApplicationFilterChain.java:197)
		at org.apache.catalina.core.ApplicationFilterChain.doFilter(ApplicationFilterChain.java:142)
		at org.apache.tomcat.websocket.server.WsFilter.doFilter(WsFilter.java:51)
		at org.apache.catalina.core.ApplicationFilterChain.internalDoFilter(ApplicationFilterChain.java:166)
		at org.apache.catalina.core.ApplicationFilterChain.doFilter(ApplicationFilterChain.java:142)
		at com.timmy.util.AuthFilter.doFilter(AuthFilter.java:44)
		at org.apache.catalina.core.ApplicationFilterChain.internalDoFilter(ApplicationFilterChain.java:166)
		at org.apache.catalina.core.ApplicationFilterChain.doFilter(ApplicationFilterChain.java:142)
		at org.springframework.web.filter.CharacterEncodingFilter.doFilterInternal(CharacterEncodingFilter.java:88)
		at org.springframework.web.filter.OncePerRequestFilter.doFilter(OncePerRequestFilter.java:108)
		at org.apache.catalina.core.ApplicationFilterChain.internalDoFilter(ApplicationFilterChain.java:166)
		at org.apache.catalina.core.ApplicationFilterChain.doFilter(ApplicationFilterChain.java:142)
		at org.apache.catalina.core.StandardWrapperValve.invoke(StandardWrapperValve.java:166)
		at org.apache.catalina.core.StandardContextValve.invoke(StandardContextValve.java:88)
		at org.apache.catalina.authenticator.AuthenticatorBase.invoke(AuthenticatorBase.java:491)
		at org.apache.catalina.core.StandardHostValve.invoke(StandardHostValve.java:127)
		at org.apache.catalina.valves.ErrorReportValve.invoke(ErrorReportValve.java:83)
		at org.apache.catalina.valves.AbstractAccessLogValve.invoke(AbstractAccessLogValve.java:643)
		at org.apache.catalina.core.StandardEngineValve.invoke(StandardEngineValve.java:72)
		at org.apache.catalina.connector.CoyoteAdapter.service(CoyoteAdapter.java:344)
		at org.apache.coyote.http11.Http11Processor.service(Http11Processor.java:398)
		at org.apache.coyote.AbstractProcessorLight.process(AbstractProcessorLight.java:63)
		at org.apache.coyote.AbstractProtocol$ConnectionHandler.process(AbstractProtocol.java:939)
		at org.apache.tomcat.util.net.NioEndpoint$SocketProcessor.doRun(NioEndpoint.java:1832)
		at org.apache.tomcat.util.net.SocketProcessorBase.run(SocketProcessorBase.java:52)
		at org.apache.tomcat.util.threads.ThreadPoolExecutor.runWorker(ThreadPoolExecutor.java:973)
		at org.apache.tomcat.util.threads.ThreadPoolExecutor$Worker.run(ThreadPoolExecutor.java:491)
		at org.apache.tomcat.util.threads.TaskThread$WrappingRunnable.run(TaskThread.java:63)
		at java.lang.Thread.run(Unknown Source)
05-Apr-2026 10:41:33.825 SEVERE [http-nio-8080-exec-4] org.apache.catalina.core.StandardWrapperValve.invoke Servlet.service() for servlet [dispatcher] in context with path [/demo] threw exception [Handler processing failed; nested exception is java.lang.NoSuchMethodError: com.timmy.controller.AllController$ProfileImagePayload.<init>(Lcom/timmy/controller/AllController$1;)V] with root cause
	java.lang.NoSuchMethodError: com.timmy.controller.AllController$ProfileImagePayload.<init>(Lcom/timmy/controller/AllController$1;)V
		at com.timmy.controller.AllController.loadProfileImagePayloadByEnrollId(AllController.java:2947)
		at com.timmy.controller.AllController.applyProfileImageFallback(AllController.java:2867)
		at com.timmy.controller.AllController.getLatestLogFromDB(AllController.java:2628)
		at sun.reflect.GeneratedMethodAccessor118.invoke(Unknown Source)
		at sun.reflect.DelegatingMethodAccessorImpl.invoke(Unknown Source)
		at java.lang.reflect.Method.invoke(Unknown Source)
		at org.springframework.web.method.support.InvocableHandlerMethod.invoke(InvocableHandlerMethod.java:215)
		at org.springframework.web.method.support.InvocableHandlerMethod.invokeForRequest(InvocableHandlerMethod.java:132)
		at org.springframework.web.servlet.mvc.method.annotation.ServletInvocableHandlerMethod.invokeAndHandle(ServletInvocableHandlerMethod.java:104)
		at org.springframework.web.servlet.mvc.method.annotation.RequestMappingHandlerAdapter.invokeHandleMethod(RequestMappingHandlerAdapter.java:749)
		at org.springframework.web.servlet.mvc.method.annotation.RequestMappingHandlerAdapter.handleInternal(RequestMappingHandlerAdapter.java:690)
		at org.springframework.web.servlet.mvc.method.AbstractHandlerMethodAdapter.handle(AbstractHandlerMethodAdapter.java:83)
		at org.springframework.web.servlet.DispatcherServlet.doDispatch(DispatcherServlet.java:945)
		at org.springframework.web.servlet.DispatcherServlet.doService(DispatcherServlet.java:876)
		at org.springframework.web.servlet.FrameworkServlet.processRequest(FrameworkServlet.java:961)
		at org.springframework.web.servlet.FrameworkServlet.doGet(FrameworkServlet.java:852)
		at javax.servlet.http.HttpServlet.service(HttpServlet.java:529)
		at org.springframework.web.servlet.FrameworkServlet.service(FrameworkServlet.java:837)
		at javax.servlet.http.HttpServlet.service(HttpServlet.java:623)
		at org.apache.catalina.core.ApplicationFilterChain.internalDoFilter(ApplicationFilterChain.java:197)
		at org.apache.catalina.core.ApplicationFilterChain.doFilter(ApplicationFilterChain.java:142)
		at org.apache.tomcat.websocket.server.WsFilter.doFilter(WsFilter.java:51)
		at org.apache.catalina.core.ApplicationFilterChain.internalDoFilter(ApplicationFilterChain.java:166)
		at org.apache.catalina.core.ApplicationFilterChain.doFilter(ApplicationFilterChain.java:142)
		at com.timmy.util.AuthFilter.doFilter(AuthFilter.java:44)
		at org.apache.catalina.core.ApplicationFilterChain.internalDoFilter(ApplicationFilterChain.java:166)
		at org.apache.catalina.core.ApplicationFilterChain.doFilter(ApplicationFilterChain.java:142)
		at org.springframework.web.filter.CharacterEncodingFilter.doFilterInternal(CharacterEncodingFilter.java:88)
		at org.springframework.web.filter.OncePerRequestFilter.doFilter(OncePerRequestFilter.java:108)
		at org.apache.catalina.core.ApplicationFilterChain.internalDoFilter(ApplicationFilterChain.java:166)
		at org.apache.catalina.core.ApplicationFilterChain.doFilter(ApplicationFilterChain.java:142)
		at org.apache.catalina.core.StandardWrapperValve.invoke(StandardWrapperValve.java:166)
		at org.apache.catalina.core.StandardContextValve.invoke(StandardContextValve.java:88)
		at org.apache.catalina.authenticator.AuthenticatorBase.invoke(AuthenticatorBase.java:491)
		at org.apache.catalina.core.StandardHostValve.invoke(StandardHostValve.java:127)
		at org.apache.catalina.valves.ErrorReportValve.invoke(ErrorReportValve.java:83)
		at org.apache.catalina.valves.AbstractAccessLogValve.invoke(AbstractAccessLogValve.java:643)
		at org.apache.catalina.core.StandardEngineValve.invoke(StandardEngineValve.java:72)
		at org.apache.catalina.connector.CoyoteAdapter.service(CoyoteAdapter.java:344)
		at org.apache.coyote.http11.Http11Processor.service(Http11Processor.java:398)
		at org.apache.coyote.AbstractProcessorLight.process(AbstractProcessorLight.java:63)
		at org.apache.coyote.AbstractProtocol$ConnectionHandler.process(AbstractProtocol.java:939)
		at org.apache.tomcat.util.net.NioEndpoint$SocketProcessor.doRun(NioEndpoint.java:1832)
		at org.apache.tomcat.util.net.SocketProcessorBase.run(SocketProcessorBase.java:52)
		at org.apache.tomcat.util.threads.ThreadPoolExecutor.runWorker(ThreadPoolExecutor.java:973)
		at org.apache.tomcat.util.threads.ThreadPoolExecutor$Worker.run(ThreadPoolExecutor.java:491)
		at org.apache.tomcat.util.threads.TaskThread$WrappingRunnable.run(TaskThread.java:63)
		at java.lang.Thread.run(Unknown Source)
05-Apr-2026 10:41:38.842 SEVERE [http-nio-8080-exec-3] org.apache.catalina.core.StandardWrapperValve.invoke Servlet.service() for servlet [dispatcher] in context with path [/demo] threw exception [Handler processing failed; nested exception is java.lang.NoSuchMethodError: com.timmy.controller.AllController$ProfileImagePayload.<init>(Lcom/timmy/controller/AllController$1;)V] with root cause
	java.lang.NoSuchMethodError: com.timmy.controller.AllController$ProfileImagePayload.<init>(Lcom/timmy/controller/AllController$1;)V
		at com.timmy.controller.AllController.loadProfileImagePayloadByEnrollId(AllController.java:2947)
		at com.timmy.controller.AllController.applyProfileImageFallback(AllController.java:2867)
		at com.timmy.controller.AllController.getLatestLogFromDB(AllController.java:2628)
		at sun.reflect.GeneratedMethodAccessor118.invoke(Unknown Source)
		at sun.reflect.DelegatingMethodAccessorImpl.invoke(Unknown Source)
		at java.lang.reflect.Method.invoke(Unknown Source)
		at org.springframework.web.method.support.InvocableHandlerMethod.invoke(InvocableHandlerMethod.java:215)
		at org.springframework.web.method.support.InvocableHandlerMethod.invokeForRequest(InvocableHandlerMethod.java:132)
		at org.springframework.web.servlet.mvc.method.annotation.ServletInvocableHandlerMethod.invokeAndHandle(ServletInvocableHandlerMethod.java:104)
		at org.springframework.web.servlet.mvc.method.annotation.RequestMappingHandlerAdapter.invokeHandleMethod(RequestMappingHandlerAdapter.java:749)
		at org.springframework.web.servlet.mvc.method.annotation.RequestMappingHandlerAdapter.handleInternal(RequestMappingHandlerAdapter.java:690)
		at org.springframework.web.servlet.mvc.method.AbstractHandlerMethodAdapter.handle(AbstractHandlerMethodAdapter.java:83)
		at org.springframework.web.servlet.DispatcherServlet.doDispatch(DispatcherServlet.java:945)
		at org.springframework.web.servlet.DispatcherServlet.doService(DispatcherServlet.java:876)
		at org.springframework.web.servlet.FrameworkServlet.processRequest(FrameworkServlet.java:961)
		at org.springframework.web.servlet.FrameworkServlet.doGet(FrameworkServlet.java:852)
		at javax.servlet.http.HttpServlet.service(HttpServlet.java:529)
		at org.springframework.web.servlet.FrameworkServlet.service(FrameworkServlet.java:837)
		at javax.servlet.http.HttpServlet.service(HttpServlet.java:623)
		at org.apache.catalina.core.ApplicationFilterChain.internalDoFilter(ApplicationFilterChain.java:197)
		at org.apache.catalina.core.ApplicationFilterChain.doFilter(ApplicationFilterChain.java:142)
		at org.apache.tomcat.websocket.server.WsFilter.doFilter(WsFilter.java:51)
		at org.apache.catalina.core.ApplicationFilterChain.internalDoFilter(ApplicationFilterChain.java:166)
		at org.apache.catalina.core.ApplicationFilterChain.doFilter(ApplicationFilterChain.java:142)
		at com.timmy.util.AuthFilter.doFilter(AuthFilter.java:44)
		at org.apache.catalina.core.ApplicationFilterChain.internalDoFilter(ApplicationFilterChain.java:166)
		at org.apache.catalina.core.ApplicationFilterChain.doFilter(ApplicationFilterChain.java:142)
		at org.springframework.web.filter.CharacterEncodingFilter.doFilterInternal(CharacterEncodingFilter.java:88)
		at org.springframework.web.filter.OncePerRequestFilter.doFilter(OncePerRequestFilter.java:108)
		at org.apache.catalina.core.ApplicationFilterChain.internalDoFilter(ApplicationFilterChain.java:166)
		at org.apache.catalina.core.ApplicationFilterChain.doFilter(ApplicationFilterChain.java:142)
		at org.apache.catalina.core.StandardWrapperValve.invoke(StandardWrapperValve.java:166)
		at org.apache.catalina.core.StandardContextValve.invoke(StandardContextValve.java:88)
		at org.apache.catalina.authenticator.AuthenticatorBase.invoke(AuthenticatorBase.java:491)
		at org.apache.catalina.core.StandardHostValve.invoke(StandardHostValve.java:127)
		at org.apache.catalina.valves.ErrorReportValve.invoke(ErrorReportValve.java:83)
		at org.apache.catalina.valves.AbstractAccessLogValve.invoke(AbstractAccessLogValve.java:643)
		at org.apache.catalina.core.StandardEngineValve.invoke(StandardEngineValve.java:72)
		at org.apache.catalina.connector.CoyoteAdapter.service(CoyoteAdapter.java:344)
		at org.apache.coyote.http11.Http11Processor.service(Http11Processor.java:398)
		at org.apache.coyote.AbstractProcessorLight.process(AbstractProcessorLight.java:63)
		at org.apache.coyote.AbstractProtocol$ConnectionHandler.process(AbstractProtocol.java:939)
		at org.apache.tomcat.util.net.NioEndpoint$SocketProcessor.doRun(NioEndpoint.java:1832)
		at org.apache.tomcat.util.net.SocketProcessorBase.run(SocketProcessorBase.java:52)
		at org.apache.tomcat.util.threads.ThreadPoolExecutor.runWorker(ThreadPoolExecutor.java:973)
		at org.apache.tomcat.util.threads.ThreadPoolExecutor$Worker.run(ThreadPoolExecutor.java:491)
		at org.apache.tomcat.util.threads.TaskThread$WrappingRunnable.run(TaskThread.java:63)
		at java.lang.Thread.run(Unknown Source)
05-Apr-2026 10:41:43.836 SEVERE [http-nio-8080-exec-8] org.apache.catalina.core.StandardWrapperValve.invoke Servlet.service() for servlet [dispatcher] in context with path [/demo] threw exception [Handler processing failed; nested exception is java.lang.NoSuchMethodError: com.timmy.controller.AllController$ProfileImagePayload.<init>(Lcom/timmy/controller/AllController$1;)V] with root cause
	java.lang.NoSuchMethodError: com.timmy.controller.AllController$ProfileImagePayload.<init>(Lcom/timmy/controller/AllController$1;)V
		at com.timmy.controller.AllController.loadProfileImagePayloadByEnrollId(AllController.java:2947)
		at com.timmy.controller.AllController.applyProfileImageFallback(AllController.java:2867)
		at com.timmy.controller.AllController.getLatestLogFromDB(AllController.java:2628)
		at sun.reflect.GeneratedMethodAccessor118.invoke(Unknown Source)
		at sun.reflect.DelegatingMethodAccessorImpl.invoke(Unknown Source)
		at java.lang.reflect.Method.invoke(Unknown Source)
		at org.springframework.web.method.support.InvocableHandlerMethod.invoke(InvocableHandlerMethod.java:215)
		at org.springframework.web.method.support.InvocableHandlerMethod.invokeForRequest(InvocableHandlerMethod.java:132)
		at org.springframework.web.servlet.mvc.method.annotation.ServletInvocableHandlerMethod.invokeAndHandle(ServletInvocableHandlerMethod.java:104)
		at org.springframework.web.servlet.mvc.method.annotation.RequestMappingHandlerAdapter.invokeHandleMethod(RequestMappingHandlerAdapter.java:749)
		at org.springframework.web.servlet.mvc.method.annotation.RequestMappingHandlerAdapter.handleInternal(RequestMappingHandlerAdapter.java:690)
		at org.springframework.web.servlet.mvc.method.AbstractHandlerMethodAdapter.handle(AbstractHandlerMethodAdapter.java:83)
		at org.springframework.web.servlet.DispatcherServlet.doDispatch(DispatcherServlet.java:945)
		at org.springframework.web.servlet.DispatcherServlet.doService(DispatcherServlet.java:876)
		at org.springframework.web.servlet.FrameworkServlet.processRequest(FrameworkServlet.java:961)
		at org.springframework.web.servlet.FrameworkServlet.doGet(FrameworkServlet.java:852)
		at javax.servlet.http.HttpServlet.service(HttpServlet.java:529)
		at org.springframework.web.servlet.FrameworkServlet.service(FrameworkServlet.java:837)
		at javax.servlet.http.HttpServlet.service(HttpServlet.java:623)
		at org.apache.catalina.core.ApplicationFilterChain.internalDoFilter(ApplicationFilterChain.java:197)
		at org.apache.catalina.core.ApplicationFilterChain.doFilter(ApplicationFilterChain.java:142)
		at org.apache.tomcat.websocket.server.WsFilter.doFilter(WsFilter.java:51)
		at org.apache.catalina.core.ApplicationFilterChain.internalDoFilter(ApplicationFilterChain.java:166)
		at org.apache.catalina.core.ApplicationFilterChain.doFilter(ApplicationFilterChain.java:142)
		at com.timmy.util.AuthFilter.doFilter(AuthFilter.java:44)
		at org.apache.catalina.core.ApplicationFilterChain.internalDoFilter(ApplicationFilterChain.java:166)
		at org.apache.catalina.core.ApplicationFilterChain.doFilter(ApplicationFilterChain.java:142)
		at org.springframework.web.filter.CharacterEncodingFilter.doFilterInternal(CharacterEncodingFilter.java:88)
		at org.springframework.web.filter.OncePerRequestFilter.doFilter(OncePerRequestFilter.java:108)
		at org.apache.catalina.core.ApplicationFilterChain.internalDoFilter(ApplicationFilterChain.java:166)
		at org.apache.catalina.core.ApplicationFilterChain.doFilter(ApplicationFilterChain.java:142)
		at org.apache.catalina.core.StandardWrapperValve.invoke(StandardWrapperValve.java:166)
		at org.apache.catalina.core.StandardContextValve.invoke(StandardContextValve.java:88)
		at org.apache.catalina.authenticator.AuthenticatorBase.invoke(AuthenticatorBase.java:491)
		at org.apache.catalina.core.StandardHostValve.invoke(StandardHostValve.java:127)
		at org.apache.catalina.valves.ErrorReportValve.invoke(ErrorReportValve.java:83)
		at org.apache.catalina.valves.AbstractAccessLogValve.invoke(AbstractAccessLogValve.java:643)
		at org.apache.catalina.core.StandardEngineValve.invoke(StandardEngineValve.java:72)
		at org.apache.catalina.connector.CoyoteAdapter.service(CoyoteAdapter.java:344)
		at org.apache.coyote.http11.Http11Processor.service(Http11Processor.java:398)
		at org.apache.coyote.AbstractProcessorLight.process(AbstractProcessorLight.java:63)
		at org.apache.coyote.AbstractProtocol$ConnectionHandler.process(AbstractProtocol.java:939)
		at org.apache.tomcat.util.net.NioEndpoint$SocketProcessor.doRun(NioEndpoint.java:1832)
		at org.apache.tomcat.util.net.SocketProcessorBase.run(SocketProcessorBase.java:52)
		at org.apache.tomcat.util.threads.ThreadPoolExecutor.runWorker(ThreadPoolExecutor.java:973)
		at org.apache.tomcat.util.threads.ThreadPoolExecutor$Worker.run(ThreadPoolExecutor.java:491)
		at org.apache.tomcat.util.threads.TaskThread$WrappingRunnable.run(TaskThread.java:63)
		at java.lang.Thread.run(Unknown Source)
05-Apr-2026 10:41:48.840 SEVERE [http-nio-8080-exec-9] org.apache.catalina.core.StandardWrapperValve.invoke Servlet.service() for servlet [dispatcher] in context with path [/demo] threw exception [Handler processing failed; nested exception is java.lang.NoSuchMethodError: com.timmy.controller.AllController$ProfileImagePayload.<init>(Lcom/timmy/controller/AllController$1;)V] with root cause
	java.lang.NoSuchMethodError: com.timmy.controller.AllController$ProfileImagePayload.<init>(Lcom/timmy/controller/AllController$1;)V
		at com.timmy.controller.AllController.loadProfileImagePayloadByEnrollId(AllController.java:2947)
		at com.timmy.controller.AllController.applyProfileImageFallback(AllController.java:2867)
		at com.timmy.controller.AllController.getLatestLogFromDB(AllController.java:2628)
		at sun.reflect.GeneratedMethodAccessor118.invoke(Unknown Source)
		at sun.reflect.DelegatingMethodAccessorImpl.invoke(Unknown Source)
		at java.lang.reflect.Method.invoke(Unknown Source)
		at org.springframework.web.method.support.InvocableHandlerMethod.invoke(InvocableHandlerMethod.java:215)
		at org.springframework.web.method.support.InvocableHandlerMethod.invokeForRequest(InvocableHandlerMethod.java:132)
		at org.springframework.web.servlet.mvc.method.annotation.ServletInvocableHandlerMethod.invokeAndHandle(ServletInvocableHandlerMethod.java:104)
		at org.springframework.web.servlet.mvc.method.annotation.RequestMappingHandlerAdapter.invokeHandleMethod(RequestMappingHandlerAdapter.java:749)
		at org.springframework.web.servlet.mvc.method.annotation.RequestMappingHandlerAdapter.handleInternal(RequestMappingHandlerAdapter.java:690)
		at org.springframework.web.servlet.mvc.method.AbstractHandlerMethodAdapter.handle(AbstractHandlerMethodAdapter.java:83)
		at org.springframework.web.servlet.DispatcherServlet.doDispatch(DispatcherServlet.java:945)
		at org.springframework.web.servlet.DispatcherServlet.doService(DispatcherServlet.java:876)
		at org.springframework.web.servlet.FrameworkServlet.processRequest(FrameworkServlet.java:961)
		at org.springframework.web.servlet.FrameworkServlet.doGet(FrameworkServlet.java:852)
		at javax.servlet.http.HttpServlet.service(HttpServlet.java:529)
		at org.springframework.web.servlet.FrameworkServlet.service(FrameworkServlet.java:837)
		at javax.servlet.http.HttpServlet.service(HttpServlet.java:623)
		at org.apache.catalina.core.ApplicationFilterChain.internalDoFilter(ApplicationFilterChain.java:197)
		at org.apache.catalina.core.ApplicationFilterChain.doFilter(ApplicationFilterChain.java:142)
		at org.apache.tomcat.websocket.server.WsFilter.doFilter(WsFilter.java:51)
		at org.apache.catalina.core.ApplicationFilterChain.internalDoFilter(ApplicationFilterChain.java:166)
		at org.apache.catalina.core.ApplicationFilterChain.doFilter(ApplicationFilterChain.java:142)
		at com.timmy.util.AuthFilter.doFilter(AuthFilter.java:44)
		at org.apache.catalina.core.ApplicationFilterChain.internalDoFilter(ApplicationFilterChain.java:166)
		at org.apache.catalina.core.ApplicationFilterChain.doFilter(ApplicationFilterChain.java:142)
		at org.springframework.web.filter.CharacterEncodingFilter.doFilterInternal(CharacterEncodingFilter.java:88)
		at org.springframework.web.filter.OncePerRequestFilter.doFilter(OncePerRequestFilter.java:108)
		at org.apache.catalina.core.ApplicationFilterChain.internalDoFilter(ApplicationFilterChain.java:166)
		at org.apache.catalina.core.ApplicationFilterChain.doFilter(ApplicationFilterChain.java:142)
		at org.apache.catalina.core.StandardWrapperValve.invoke(StandardWrapperValve.java:166)
		at org.apache.catalina.core.StandardContextValve.invoke(StandardContextValve.java:88)
		at org.apache.catalina.authenticator.AuthenticatorBase.invoke(AuthenticatorBase.java:491)
		at org.apache.catalina.core.StandardHostValve.invoke(StandardHostValve.java:127)
		at org.apache.catalina.valves.ErrorReportValve.invoke(ErrorReportValve.java:83)
		at org.apache.catalina.valves.AbstractAccessLogValve.invoke(AbstractAccessLogValve.java:643)
		at org.apache.catalina.core.StandardEngineValve.invoke(StandardEngineValve.java:72)
		at org.apache.catalina.connector.CoyoteAdapter.service(CoyoteAdapter.java:344)
		at org.apache.coyote.http11.Http11Processor.service(Http11Processor.java:398)
		at org.apache.coyote.AbstractProcessorLight.process(AbstractProcessorLight.java:63)
		at org.apache.coyote.AbstractProtocol$ConnectionHandler.process(AbstractProtocol.java:939)
		at org.apache.tomcat.util.net.NioEndpoint$SocketProcessor.doRun(NioEndpoint.java:1832)
		at org.apache.tomcat.util.net.SocketProcessorBase.run(SocketProcessorBase.java:52)
		at org.apache.tomcat.util.threads.ThreadPoolExecutor.runWorker(ThreadPoolExecutor.java:973)
		at org.apache.tomcat.util.threads.ThreadPoolExecutor$Worker.run(ThreadPoolExecutor.java:491)
		at org.apache.tomcat.util.threads.TaskThread$WrappingRunnable.run(TaskThread.java:63)
		at java.lang.Thread.run(Unknown Source)
05-Apr-2026 10:41:53.836 SEVERE [http-nio-8080-exec-7] org.apache.catalina.core.StandardWrapperValve.invoke Servlet.service() for servlet [dispatcher] in context with path [/demo] threw exception [Handler processing failed; nested exception is java.lang.NoSuchMethodError: com.timmy.controller.AllController$ProfileImagePayload.<init>(Lcom/timmy/controller/AllController$1;)V] with root cause
	java.lang.NoSuchMethodError: com.timmy.controller.AllController$ProfileImagePayload.<init>(Lcom/timmy/controller/AllController$1;)V
		at com.timmy.controller.AllController.loadProfileImagePayloadByEnrollId(AllController.java:2947)
		at com.timmy.controller.AllController.applyProfileImageFallback(AllController.java:2867)
		at com.timmy.controller.AllController.getLatestLogFromDB(AllController.java:2628)
		at sun.reflect.GeneratedMethodAccessor118.invoke(Unknown Source)
		at sun.reflect.DelegatingMethodAccessorImpl.invoke(Unknown Source)
		at java.lang.reflect.Method.invoke(Unknown Source)
		at org.springframework.web.method.support.InvocableHandlerMethod.invoke(InvocableHandlerMethod.java:215)
		at org.springframework.web.method.support.InvocableHandlerMethod.invokeForRequest(InvocableHandlerMethod.java:132)
		at org.springframework.web.servlet.mvc.method.annotation.ServletInvocableHandlerMethod.invokeAndHandle(ServletInvocableHandlerMethod.java:104)
		at org.springframework.web.servlet.mvc.method.annotation.RequestMappingHandlerAdapter.invokeHandleMethod(RequestMappingHandlerAdapter.java:749)
		at org.springframework.web.servlet.mvc.method.annotation.RequestMappingHandlerAdapter.handleInternal(RequestMappingHandlerAdapter.java:690)
		at org.springframework.web.servlet.mvc.method.AbstractHandlerMethodAdapter.handle(AbstractHandlerMethodAdapter.java:83)
		at org.springframework.web.servlet.DispatcherServlet.doDispatch(DispatcherServlet.java:945)
		at org.springframework.web.servlet.DispatcherServlet.doService(DispatcherServlet.java:876)
		at org.springframework.web.servlet.FrameworkServlet.processRequest(FrameworkServlet.java:961)
		at org.springframework.web.servlet.FrameworkServlet.doGet(FrameworkServlet.java:852)
		at javax.servlet.http.HttpServlet.service(HttpServlet.java:529)
		at org.springframework.web.servlet.FrameworkServlet.service(FrameworkServlet.java:837)
		at javax.servlet.http.HttpServlet.service(HttpServlet.java:623)
		at org.apache.catalina.core.ApplicationFilterChain.internalDoFilter(ApplicationFilterChain.java:197)
		at org.apache.catalina.core.ApplicationFilterChain.doFilter(ApplicationFilterChain.java:142)
		at org.apache.tomcat.websocket.server.WsFilter.doFilter(WsFilter.java:51)
		at org.apache.catalina.core.ApplicationFilterChain.internalDoFilter(ApplicationFilterChain.java:166)
		at org.apache.catalina.core.ApplicationFilterChain.doFilter(ApplicationFilterChain.java:142)
		at com.timmy.util.AuthFilter.doFilter(AuthFilter.java:44)
		at org.apache.catalina.core.ApplicationFilterChain.internalDoFilter(ApplicationFilterChain.java:166)
		at org.apache.catalina.core.ApplicationFilterChain.doFilter(ApplicationFilterChain.java:142)
		at org.springframework.web.filter.CharacterEncodingFilter.doFilterInternal(CharacterEncodingFilter.java:88)
		at org.springframework.web.filter.OncePerRequestFilter.doFilter(OncePerRequestFilter.java:108)
		at org.apache.catalina.core.ApplicationFilterChain.internalDoFilter(ApplicationFilterChain.java:166)
		at org.apache.catalina.core.ApplicationFilterChain.doFilter(ApplicationFilterChain.java:142)
		at org.apache.catalina.core.StandardWrapperValve.invoke(StandardWrapperValve.java:166)
		at org.apache.catalina.core.StandardContextValve.invoke(StandardContextValve.java:88)
		at org.apache.catalina.authenticator.AuthenticatorBase.invoke(AuthenticatorBase.java:491)
		at org.apache.catalina.core.StandardHostValve.invoke(StandardHostValve.java:127)
		at org.apache.catalina.valves.ErrorReportValve.invoke(ErrorReportValve.java:83)
		at org.apache.catalina.valves.AbstractAccessLogValve.invoke(AbstractAccessLogValve.java:643)
		at org.apache.catalina.core.StandardEngineValve.invoke(StandardEngineValve.java:72)
		at org.apache.catalina.connector.CoyoteAdapter.service(CoyoteAdapter.java:344)
		at org.apache.coyote.http11.Http11Processor.service(Http11Processor.java:398)
		at org.apache.coyote.AbstractProcessorLight.process(AbstractProcessorLight.java:63)
		at org.apache.coyote.AbstractProtocol$ConnectionHandler.process(AbstractProtocol.java:939)
		at org.apache.tomcat.util.net.NioEndpoint$SocketProcessor.doRun(NioEndpoint.java:1832)
		at org.apache.tomcat.util.net.SocketProcessorBase.run(SocketProcessorBase.java:52)
		at org.apache.tomcat.util.threads.ThreadPoolExecutor.runWorker(ThreadPoolExecutor.java:973)
		at org.apache.tomcat.util.threads.ThreadPoolExecutor$Worker.run(ThreadPoolExecutor.java:491)
		at org.apache.tomcat.util.threads.TaskThread$WrappingRunnable.run(TaskThread.java:63)
		at java.lang.Thread.run(Unknown Source)
05-Apr-2026 10:41:58.831 SEVERE [http-nio-8080-exec-1] org.apache.catalina.core.StandardWrapperValve.invoke Servlet.service() for servlet [dispatcher] in context with path [/demo] threw exception [Handler processing failed; nested exception is java.lang.NoSuchMethodError: com.timmy.controller.AllController$ProfileImagePayload.<init>(Lcom/timmy/controller/AllController$1;)V] with root cause
	java.lang.NoSuchMethodError: com.timmy.controller.AllController$ProfileImagePayload.<init>(Lcom/timmy/controller/AllController$1;)V
		at com.timmy.controller.AllController.loadProfileImagePayloadByEnrollId(AllController.java:2947)
		at com.timmy.controller.AllController.applyProfileImageFallback(AllController.java:2867)
		at com.timmy.controller.AllController.getLatestLogFromDB(AllController.java:2628)
		at sun.reflect.GeneratedMethodAccessor118.invoke(Unknown Source)
		at sun.reflect.DelegatingMethodAccessorImpl.invoke(Unknown Source)
		at java.lang.reflect.Method.invoke(Unknown Source)
		at org.springframework.web.method.support.InvocableHandlerMethod.invoke(InvocableHandlerMethod.java:215)
		at org.springframework.web.method.support.InvocableHandlerMethod.invokeForRequest(InvocableHandlerMethod.java:132)
		at org.springframework.web.servlet.mvc.method.annotation.ServletInvocableHandlerMethod.invokeAndHandle(ServletInvocableHandlerMethod.java:104)
		at org.springframework.web.servlet.mvc.method.annotation.RequestMappingHandlerAdapter.invokeHandleMethod(RequestMappingHandlerAdapter.java:749)
		at org.springframework.web.servlet.mvc.method.annotation.RequestMappingHandlerAdapter.handleInternal(RequestMappingHandlerAdapter.java:690)
		at org.springframework.web.servlet.mvc.method.AbstractHandlerMethodAdapter.handle(AbstractHandlerMethodAdapter.java:83)
		at org.springframework.web.servlet.DispatcherServlet.doDispatch(DispatcherServlet.java:945)
		at org.springframework.web.servlet.DispatcherServlet.doService(DispatcherServlet.java:876)
		at org.springframework.web.servlet.FrameworkServlet.processRequest(FrameworkServlet.java:961)
		at org.springframework.web.servlet.FrameworkServlet.doGet(FrameworkServlet.java:852)
		at javax.servlet.http.HttpServlet.service(HttpServlet.java:529)
		at org.springframework.web.servlet.FrameworkServlet.service(FrameworkServlet.java:837)
		at javax.servlet.http.HttpServlet.service(HttpServlet.java:623)
		at org.apache.catalina.core.ApplicationFilterChain.internalDoFilter(ApplicationFilterChain.java:197)
		at org.apache.catalina.core.ApplicationFilterChain.doFilter(ApplicationFilterChain.java:142)
		at org.apache.tomcat.websocket.server.WsFilter.doFilter(WsFilter.java:51)
		at org.apache.catalina.core.ApplicationFilterChain.internalDoFilter(ApplicationFilterChain.java:166)
		at org.apache.catalina.core.ApplicationFilterChain.doFilter(ApplicationFilterChain.java:142)
		at com.timmy.util.AuthFilter.doFilter(AuthFilter.java:44)
		at org.apache.catalina.core.ApplicationFilterChain.internalDoFilter(ApplicationFilterChain.java:166)
		at org.apache.catalina.core.ApplicationFilterChain.doFilter(ApplicationFilterChain.java:142)
		at org.springframework.web.filter.CharacterEncodingFilter.doFilterInternal(CharacterEncodingFilter.java:88)
		at org.springframework.web.filter.OncePerRequestFilter.doFilter(OncePerRequestFilter.java:108)
		at org.apache.catalina.core.ApplicationFilterChain.internalDoFilter(ApplicationFilterChain.java:166)
		at org.apache.catalina.core.ApplicationFilterChain.doFilter(ApplicationFilterChain.java:142)
		at org.apache.catalina.core.StandardWrapperValve.invoke(StandardWrapperValve.java:166)
		at org.apache.catalina.core.StandardContextValve.invoke(StandardContextValve.java:88)
		at org.apache.catalina.authenticator.AuthenticatorBase.invoke(AuthenticatorBase.java:491)
		at org.apache.catalina.core.StandardHostValve.invoke(StandardHostValve.java:127)
		at org.apache.catalina.valves.ErrorReportValve.invoke(ErrorReportValve.java:83)
		at org.apache.catalina.valves.AbstractAccessLogValve.invoke(AbstractAccessLogValve.java:643)
		at org.apache.catalina.core.StandardEngineValve.invoke(StandardEngineValve.java:72)
		at org.apache.catalina.connector.CoyoteAdapter.service(CoyoteAdapter.java:344)
		at org.apache.coyote.http11.Http11Processor.service(Http11Processor.java:398)
		at org.apache.coyote.AbstractProcessorLight.process(AbstractProcessorLight.java:63)
		at org.apache.coyote.AbstractProtocol$ConnectionHandler.process(AbstractProtocol.java:939)
		at org.apache.tomcat.util.net.NioEndpoint$SocketProcessor.doRun(NioEndpoint.java:1832)
		at org.apache.tomcat.util.net.SocketProcessorBase.run(SocketProcessorBase.java:52)
		at org.apache.tomcat.util.threads.ThreadPoolExecutor.runWorker(ThreadPoolExecutor.java:973)
		at org.apache.tomcat.util.threads.ThreadPoolExecutor$Worker.run(ThreadPoolExecutor.java:491)
		at org.apache.tomcat.util.threads.TaskThread$WrappingRunnable.run(TaskThread.java:63)
		at java.lang.Thread.run(Unknown Source)
05-Apr-2026 10:42:03.836 SEVERE [http-nio-8080-exec-6] org.apache.catalina.core.StandardWrapperValve.invoke Servlet.service() for servlet [dispatcher] in context with path [/demo] threw exception [Handler processing failed; nested exception is java.lang.NoSuchMethodError: com.timmy.controller.AllController$ProfileImagePayload.<init>(Lcom/timmy/controller/AllController$1;)V] with root cause
	java.lang.NoSuchMethodError: com.timmy.controller.AllController$ProfileImagePayload.<init>(Lcom/timmy/controller/AllController$1;)V
		at com.timmy.controller.AllController.loadProfileImagePayloadByEnrollId(AllController.java:2947)
		at com.timmy.controller.AllController.applyProfileImageFallback(AllController.java:2867)
		at com.timmy.controller.AllController.getLatestLogFromDB(AllController.java:2628)
		at sun.reflect.GeneratedMethodAccessor118.invoke(Unknown Source)
		at sun.reflect.DelegatingMethodAccessorImpl.invoke(Unknown Source)
		at java.lang.reflect.Method.invoke(Unknown Source)
		at org.springframework.web.method.support.InvocableHandlerMethod.invoke(InvocableHandlerMethod.java:215)
		at org.springframework.web.method.support.InvocableHandlerMethod.invokeForRequest(InvocableHandlerMethod.java:132)
		at org.springframework.web.servlet.mvc.method.annotation.ServletInvocableHandlerMethod.invokeAndHandle(ServletInvocableHandlerMethod.java:104)
		at org.springframework.web.servlet.mvc.method.annotation.RequestMappingHandlerAdapter.invokeHandleMethod(RequestMappingHandlerAdapter.java:749)
		at org.springframework.web.servlet.mvc.method.annotation.RequestMappingHandlerAdapter.handleInternal(RequestMappingHandlerAdapter.java:690)
		at org.springframework.web.servlet.mvc.method.AbstractHandlerMethodAdapter.handle(AbstractHandlerMethodAdapter.java:83)
		at org.springframework.web.servlet.DispatcherServlet.doDispatch(DispatcherServlet.java:945)
		at org.springframework.web.servlet.DispatcherServlet.doService(DispatcherServlet.java:876)
		at org.springframework.web.servlet.FrameworkServlet.processRequest(FrameworkServlet.java:961)
		at org.springframework.web.servlet.FrameworkServlet.doGet(FrameworkServlet.java:852)
		at javax.servlet.http.HttpServlet.service(HttpServlet.java:529)
		at org.springframework.web.servlet.FrameworkServlet.service(FrameworkServlet.java:837)
		at javax.servlet.http.HttpServlet.service(HttpServlet.java:623)
		at org.apache.catalina.core.ApplicationFilterChain.internalDoFilter(ApplicationFilterChain.java:197)
		at org.apache.catalina.core.ApplicationFilterChain.doFilter(ApplicationFilterChain.java:142)
		at org.apache.tomcat.websocket.server.WsFilter.doFilter(WsFilter.java:51)
		at org.apache.catalina.core.ApplicationFilterChain.internalDoFilter(ApplicationFilterChain.java:166)
		at org.apache.catalina.core.ApplicationFilterChain.doFilter(ApplicationFilterChain.java:142)
		at com.timmy.util.AuthFilter.doFilter(AuthFilter.java:44)
		at org.apache.catalina.core.ApplicationFilterChain.internalDoFilter(ApplicationFilterChain.java:166)
		at org.apache.catalina.core.ApplicationFilterChain.doFilter(ApplicationFilterChain.java:142)
		at org.springframework.web.filter.CharacterEncodingFilter.doFilterInternal(CharacterEncodingFilter.java:88)
		at org.springframework.web.filter.OncePerRequestFilter.doFilter(OncePerRequestFilter.java:108)
		at org.apache.catalina.core.ApplicationFilterChain.internalDoFilter(ApplicationFilterChain.java:166)
		at org.apache.catalina.core.ApplicationFilterChain.doFilter(ApplicationFilterChain.java:142)
		at org.apache.catalina.core.StandardWrapperValve.invoke(StandardWrapperValve.java:166)
		at org.apache.catalina.core.StandardContextValve.invoke(StandardContextValve.java:88)
		at org.apache.catalina.authenticator.AuthenticatorBase.invoke(AuthenticatorBase.java:491)
		at org.apache.catalina.core.StandardHostValve.invoke(StandardHostValve.java:127)
		at org.apache.catalina.valves.ErrorReportValve.invoke(ErrorReportValve.java:83)
		at org.apache.catalina.valves.AbstractAccessLogValve.invoke(AbstractAccessLogValve.java:643)
		at org.apache.catalina.core.StandardEngineValve.invoke(StandardEngineValve.java:72)
		at org.apache.catalina.connector.CoyoteAdapter.service(CoyoteAdapter.java:344)
		at org.apache.coyote.http11.Http11Processor.service(Http11Processor.java:398)
		at org.apache.coyote.AbstractProcessorLight.process(AbstractProcessorLight.java:63)
		at org.apache.coyote.AbstractProtocol$ConnectionHandler.process(AbstractProtocol.java:939)
		at org.apache.tomcat.util.net.NioEndpoint$SocketProcessor.doRun(NioEndpoint.java:1832)
		at org.apache.tomcat.util.net.SocketProcessorBase.run(SocketProcessorBase.java:52)
		at org.apache.tomcat.util.threads.ThreadPoolExecutor.runWorker(ThreadPoolExecutor.java:973)
		at org.apache.tomcat.util.threads.ThreadPoolExecutor$Worker.run(ThreadPoolExecutor.java:491)
		at org.apache.tomcat.util.threads.TaskThread$WrappingRunnable.run(TaskThread.java:63)
		at java.lang.Thread.run(Unknown Source)
05-Apr-2026 10:42:08.844 SEVERE [http-nio-8080-exec-5] org.apache.catalina.core.StandardWrapperValve.invoke Servlet.service() for servlet [dispatcher] in context with path [/demo] threw exception [Handler processing failed; nested exception is java.lang.NoSuchMethodError: com.timmy.controller.AllController$ProfileImagePayload.<init>(Lcom/timmy/controller/AllController$1;)V] with root cause
	java.lang.NoSuchMethodError: com.timmy.controller.AllController$ProfileImagePayload.<init>(Lcom/timmy/controller/AllController$1;)V
		at com.timmy.controller.AllController.loadProfileImagePayloadByEnrollId(AllController.java:2947)
		at com.timmy.controller.AllController.applyProfileImageFallback(AllController.java:2867)
		at com.timmy.controller.AllController.getLatestLogFromDB(AllController.java:2628)
		at sun.reflect.GeneratedMethodAccessor118.invoke(Unknown Source)
		at sun.reflect.DelegatingMethodAccessorImpl.invoke(Unknown Source)
		at java.lang.reflect.Method.invoke(Unknown Source)
		at org.springframework.web.method.support.InvocableHandlerMethod.invoke(InvocableHandlerMethod.java:215)
		at org.springframework.web.method.support.InvocableHandlerMethod.invokeForRequest(InvocableHandlerMethod.java:132)
		at org.springframework.web.servlet.mvc.method.annotation.ServletInvocableHandlerMethod.invokeAndHandle(ServletInvocableHandlerMethod.java:104)
		at org.springframework.web.servlet.mvc.method.annotation.RequestMappingHandlerAdapter.invokeHandleMethod(RequestMappingHandlerAdapter.java:749)
		at org.springframework.web.servlet.mvc.method.annotation.RequestMappingHandlerAdapter.handleInternal(RequestMappingHandlerAdapter.java:690)
		at org.springframework.web.servlet.mvc.method.AbstractHandlerMethodAdapter.handle(AbstractHandlerMethodAdapter.java:83)
		at org.springframework.web.servlet.DispatcherServlet.doDispatch(DispatcherServlet.java:945)
		at org.springframework.web.servlet.DispatcherServlet.doService(DispatcherServlet.java:876)
		at org.springframework.web.servlet.FrameworkServlet.processRequest(FrameworkServlet.java:961)
		at org.springframework.web.servlet.FrameworkServlet.doGet(FrameworkServlet.java:852)
		at javax.servlet.http.HttpServlet.service(HttpServlet.java:529)
		at org.springframework.web.servlet.FrameworkServlet.service(FrameworkServlet.java:837)
		at javax.servlet.http.HttpServlet.service(HttpServlet.java:623)
		at org.apache.catalina.core.ApplicationFilterChain.internalDoFilter(ApplicationFilterChain.java:197)
		at org.apache.catalina.core.ApplicationFilterChain.doFilter(ApplicationFilterChain.java:142)
		at org.apache.tomcat.websocket.server.WsFilter.doFilter(WsFilter.java:51)
		at org.apache.catalina.core.ApplicationFilterChain.internalDoFilter(ApplicationFilterChain.java:166)
		at org.apache.catalina.core.ApplicationFilterChain.doFilter(ApplicationFilterChain.java:142)
		at com.timmy.util.AuthFilter.doFilter(AuthFilter.java:44)
		at org.apache.catalina.core.ApplicationFilterChain.internalDoFilter(ApplicationFilterChain.java:166)
		at org.apache.catalina.core.ApplicationFilterChain.doFilter(ApplicationFilterChain.java:142)
		at org.springframework.web.filter.CharacterEncodingFilter.doFilterInternal(CharacterEncodingFilter.java:88)
		at org.springframework.web.filter.OncePerRequestFilter.doFilter(OncePerRequestFilter.java:108)
		at org.apache.catalina.core.ApplicationFilterChain.internalDoFilter(ApplicationFilterChain.java:166)
		at org.apache.catalina.core.ApplicationFilterChain.doFilter(ApplicationFilterChain.java:142)
		at org.apache.catalina.core.StandardWrapperValve.invoke(StandardWrapperValve.java:166)
		at org.apache.catalina.core.StandardContextValve.invoke(StandardContextValve.java:88)
		at org.apache.catalina.authenticator.AuthenticatorBase.invoke(AuthenticatorBase.java:491)
		at org.apache.catalina.core.StandardHostValve.invoke(StandardHostValve.java:127)
		at org.apache.catalina.valves.ErrorReportValve.invoke(ErrorReportValve.java:83)
		at org.apache.catalina.valves.AbstractAccessLogValve.invoke(AbstractAccessLogValve.java:643)
		at org.apache.catalina.core.StandardEngineValve.invoke(StandardEngineValve.java:72)
		at org.apache.catalina.connector.CoyoteAdapter.service(CoyoteAdapter.java:344)
		at org.apache.coyote.http11.Http11Processor.service(Http11Processor.java:398)
		at org.apache.coyote.AbstractProcessorLight.process(AbstractProcessorLight.java:63)
		at org.apache.coyote.AbstractProtocol$ConnectionHandler.process(AbstractProtocol.java:939)
		at org.apache.tomcat.util.net.NioEndpoint$SocketProcessor.doRun(NioEndpoint.java:1832)
		at org.apache.tomcat.util.net.SocketProcessorBase.run(SocketProcessorBase.java:52)
		at org.apache.tomcat.util.threads.ThreadPoolExecutor.runWorker(ThreadPoolExecutor.java:973)
		at org.apache.tomcat.util.threads.ThreadPoolExecutor$Worker.run(ThreadPoolExecutor.java:491)
		at org.apache.tomcat.util.threads.TaskThread$WrappingRunnable.run(TaskThread.java:63)
		at java.lang.Thread.run(Unknown Source)
05-Apr-2026 10:42:13.834 SEVERE [http-nio-8080-exec-10] org.apache.catalina.core.StandardWrapperValve.invoke Servlet.service() for servlet [dispatcher] in context with path [/demo] threw exception [Handler processing failed; nested exception is java.lang.NoSuchMethodError: com.timmy.controller.AllController$ProfileImagePayload.<init>(Lcom/timmy/controller/AllController$1;)V] with root cause
	java.lang.NoSuchMethodError: com.timmy.controller.AllController$ProfileImagePayload.<init>(Lcom/timmy/controller/AllController$1;)V
		at com.timmy.controller.AllController.loadProfileImagePayloadByEnrollId(AllController.java:2947)
		at com.timmy.controller.AllController.applyProfileImageFallback(AllController.java:2867)
		at com.timmy.controller.AllController.getLatestLogFromDB(AllController.java:2628)
		at sun.reflect.GeneratedMethodAccessor118.invoke(Unknown Source)
		at sun.reflect.DelegatingMethodAccessorImpl.invoke(Unknown Source)
		at java.lang.reflect.Method.invoke(Unknown Source)
		at org.springframework.web.method.support.InvocableHandlerMethod.invoke(InvocableHandlerMethod.java:215)
		at org.springframework.web.method.support.InvocableHandlerMethod.invokeForRequest(InvocableHandlerMethod.java:132)
		at org.springframework.web.servlet.mvc.method.annotation.ServletInvocableHandlerMethod.invokeAndHandle(ServletInvocableHandlerMethod.java:104)
		at org.springframework.web.servlet.mvc.method.annotation.RequestMappingHandlerAdapter.invokeHandleMethod(RequestMappingHandlerAdapter.java:749)
		at org.springframework.web.servlet.mvc.method.annotation.RequestMappingHandlerAdapter.handleInternal(RequestMappingHandlerAdapter.java:690)
		at org.springframework.web.servlet.mvc.method.AbstractHandlerMethodAdapter.handle(AbstractHandlerMethodAdapter.java:83)
		at org.springframework.web.servlet.DispatcherServlet.doDispatch(DispatcherServlet.java:945)
		at org.springframework.web.servlet.DispatcherServlet.doService(DispatcherServlet.java:876)
		at org.springframework.web.servlet.FrameworkServlet.processRequest(FrameworkServlet.java:961)
		at org.springframework.web.servlet.FrameworkServlet.doGet(FrameworkServlet.java:852)
		at javax.servlet.http.HttpServlet.service(HttpServlet.java:529)
		at org.springframework.web.servlet.FrameworkServlet.service(FrameworkServlet.java:837)
		at javax.servlet.http.HttpServlet.service(HttpServlet.java:623)
		at org.apache.catalina.core.ApplicationFilterChain.internalDoFilter(ApplicationFilterChain.java:197)
		at org.apache.catalina.core.ApplicationFilterChain.doFilter(ApplicationFilterChain.java:142)
		at org.apache.tomcat.websocket.server.WsFilter.doFilter(WsFilter.java:51)
		at org.apache.catalina.core.ApplicationFilterChain.internalDoFilter(ApplicationFilterChain.java:166)
		at org.apache.catalina.core.ApplicationFilterChain.doFilter(ApplicationFilterChain.java:142)
		at com.timmy.util.AuthFilter.doFilter(AuthFilter.java:44)
		at org.apache.catalina.core.ApplicationFilterChain.internalDoFilter(ApplicationFilterChain.java:166)
		at org.apache.catalina.core.ApplicationFilterChain.doFilter(ApplicationFilterChain.java:142)
		at org.springframework.web.filter.CharacterEncodingFilter.doFilterInternal(CharacterEncodingFilter.java:88)
		at org.springframework.web.filter.OncePerRequestFilter.doFilter(OncePerRequestFilter.java:108)
		at org.apache.catalina.core.ApplicationFilterChain.internalDoFilter(ApplicationFilterChain.java:166)
		at org.apache.catalina.core.ApplicationFilterChain.doFilter(ApplicationFilterChain.java:142)
		at org.apache.catalina.core.StandardWrapperValve.invoke(StandardWrapperValve.java:166)
		at org.apache.catalina.core.StandardContextValve.invoke(StandardContextValve.java:88)
		at org.apache.catalina.authenticator.AuthenticatorBase.invoke(AuthenticatorBase.java:491)
		at org.apache.catalina.core.StandardHostValve.invoke(StandardHostValve.java:127)
		at org.apache.catalina.valves.ErrorReportValve.invoke(ErrorReportValve.java:83)
		at org.apache.catalina.valves.AbstractAccessLogValve.invoke(AbstractAccessLogValve.java:643)
		at org.apache.catalina.core.StandardEngineValve.invoke(StandardEngineValve.java:72)
		at org.apache.catalina.connector.CoyoteAdapter.service(CoyoteAdapter.java:344)
		at org.apache.coyote.http11.Http11Processor.service(Http11Processor.java:398)
		at org.apache.coyote.AbstractProcessorLight.process(AbstractProcessorLight.java:63)
		at org.apache.coyote.AbstractProtocol$ConnectionHandler.process(AbstractProtocol.java:939)
		at org.apache.tomcat.util.net.NioEndpoint$SocketProcessor.doRun(NioEndpoint.java:1832)
		at org.apache.tomcat.util.net.SocketProcessorBase.run(SocketProcessorBase.java:52)
		at org.apache.tomcat.util.threads.ThreadPoolExecutor.runWorker(ThreadPoolExecutor.java:973)
		at org.apache.tomcat.util.threads.ThreadPoolExecutor$Worker.run(ThreadPoolExecutor.java:491)
		at org.apache.tomcat.util.threads.TaskThread$WrappingRunnable.run(TaskThread.java:63)
		at java.lang.Thread.run(Unknown Source)
05-Apr-2026 10:42:18.830 SEVERE [http-nio-8080-exec-2] org.apache.catalina.core.StandardWrapperValve.invoke Servlet.service() for servlet [dispatcher] in context with path [/demo] threw exception [Handler processing failed; nested exception is java.lang.NoSuchMethodError: com.timmy.controller.AllController$ProfileImagePayload.<init>(Lcom/timmy/controller/AllController$1;)V] with root cause
	java.lang.NoSuchMethodError: com.timmy.controller.AllController$ProfileImagePayload.<init>(Lcom/timmy/controller/AllController$1;)V
		at com.timmy.controller.AllController.loadProfileImagePayloadByEnrollId(AllController.java:2947)
		at com.timmy.controller.AllController.applyProfileImageFallback(AllController.java:2867)
		at com.timmy.controller.AllController.getLatestLogFromDB(AllController.java:2628)
		at sun.reflect.GeneratedMethodAccessor118.invoke(Unknown Source)
		at sun.reflect.DelegatingMethodAccessorImpl.invoke(Unknown Source)
		at java.lang.reflect.Method.invoke(Unknown Source)
		at org.springframework.web.method.support.InvocableHandlerMethod.invoke(InvocableHandlerMethod.java:215)
		at org.springframework.web.method.support.InvocableHandlerMethod.invokeForRequest(InvocableHandlerMethod.java:132)
		at org.springframework.web.servlet.mvc.method.annotation.ServletInvocableHandlerMethod.invokeAndHandle(ServletInvocableHandlerMethod.java:104)
		at org.springframework.web.servlet.mvc.method.annotation.RequestMappingHandlerAdapter.invokeHandleMethod(RequestMappingHandlerAdapter.java:749)
		at org.springframework.web.servlet.mvc.method.annotation.RequestMappingHandlerAdapter.handleInternal(RequestMappingHandlerAdapter.java:690)
		at org.springframework.web.servlet.mvc.method.AbstractHandlerMethodAdapter.handle(AbstractHandlerMethodAdapter.java:83)
		at org.springframework.web.servlet.DispatcherServlet.doDispatch(DispatcherServlet.java:945)
		at org.springframework.web.servlet.DispatcherServlet.doService(DispatcherServlet.java:876)
		at org.springframework.web.servlet.FrameworkServlet.processRequest(FrameworkServlet.java:961)
		at org.springframework.web.servlet.FrameworkServlet.doGet(FrameworkServlet.java:852)
		at javax.servlet.http.HttpServlet.service(HttpServlet.java:529)
		at org.springframework.web.servlet.FrameworkServlet.service(FrameworkServlet.java:837)
		at javax.servlet.http.HttpServlet.service(HttpServlet.java:623)
		at org.apache.catalina.core.ApplicationFilterChain.internalDoFilter(ApplicationFilterChain.java:197)
		at org.apache.catalina.core.ApplicationFilterChain.doFilter(ApplicationFilterChain.java:142)
		at org.apache.tomcat.websocket.server.WsFilter.doFilter(WsFilter.java:51)
		at org.apache.catalina.core.ApplicationFilterChain.internalDoFilter(ApplicationFilterChain.java:166)
		at org.apache.catalina.core.ApplicationFilterChain.doFilter(ApplicationFilterChain.java:142)
		at com.timmy.util.AuthFilter.doFilter(AuthFilter.java:44)
		at org.apache.catalina.core.ApplicationFilterChain.internalDoFilter(ApplicationFilterChain.java:166)
		at org.apache.catalina.core.ApplicationFilterChain.doFilter(ApplicationFilterChain.java:142)
		at org.springframework.web.filter.CharacterEncodingFilter.doFilterInternal(CharacterEncodingFilter.java:88)
		at org.springframework.web.filter.OncePerRequestFilter.doFilter(OncePerRequestFilter.java:108)
		at org.apache.catalina.core.ApplicationFilterChain.internalDoFilter(ApplicationFilterChain.java:166)
		at org.apache.catalina.core.ApplicationFilterChain.doFilter(ApplicationFilterChain.java:142)
		at org.apache.catalina.core.StandardWrapperValve.invoke(StandardWrapperValve.java:166)
		at org.apache.catalina.core.StandardContextValve.invoke(StandardContextValve.java:88)
		at org.apache.catalina.authenticator.AuthenticatorBase.invoke(AuthenticatorBase.java:491)
		at org.apache.catalina.core.StandardHostValve.invoke(StandardHostValve.java:127)
		at org.apache.catalina.valves.ErrorReportValve.invoke(ErrorReportValve.java:83)
		at org.apache.catalina.valves.AbstractAccessLogValve.invoke(AbstractAccessLogValve.java:643)
		at org.apache.catalina.core.StandardEngineValve.invoke(StandardEngineValve.java:72)
		at org.apache.catalina.connector.CoyoteAdapter.service(CoyoteAdapter.java:344)
		at org.apache.coyote.http11.Http11Processor.service(Http11Processor.java:398)
		at org.apache.coyote.AbstractProcessorLight.process(AbstractProcessorLight.java:63)
		at org.apache.coyote.AbstractProtocol$ConnectionHandler.process(AbstractProtocol.java:939)
		at org.apache.tomcat.util.net.NioEndpoint$SocketProcessor.doRun(NioEndpoint.java:1832)
		at org.apache.tomcat.util.net.SocketProcessorBase.run(SocketProcessorBase.java:52)
		at org.apache.tomcat.util.threads.ThreadPoolExecutor.runWorker(ThreadPoolExecutor.java:973)
		at org.apache.tomcat.util.threads.ThreadPoolExecutor$Worker.run(ThreadPoolExecutor.java:491)
		at org.apache.tomcat.util.threads.TaskThread$WrappingRunnable.run(TaskThread.java:63)
		at java.lang.Thread.run(Unknown Source)
05-Apr-2026 10:42:23.864 SEVERE [http-nio-8080-exec-4] org.apache.catalina.core.StandardWrapperValve.invoke Servlet.service() for servlet [dispatcher] in context with path [/demo] threw exception [Handler processing failed; nested exception is java.lang.NoSuchMethodError: com.timmy.controller.AllController$ProfileImagePayload.<init>(Lcom/timmy/controller/AllController$1;)V] with root cause
	java.lang.NoSuchMethodError: com.timmy.controller.AllController$ProfileImagePayload.<init>(Lcom/timmy/controller/AllController$1;)V
		at com.timmy.controller.AllController.loadProfileImagePayloadByEnrollId(AllController.java:2947)
		at com.timmy.controller.AllController.applyProfileImageFallback(AllController.java:2867)
		at com.timmy.controller.AllController.getLatestLogFromDB(AllController.java:2628)
		at sun.reflect.GeneratedMethodAccessor118.invoke(Unknown Source)
		at sun.reflect.DelegatingMethodAccessorImpl.invoke(Unknown Source)
		at java.lang.reflect.Method.invoke(Unknown Source)
		at org.springframework.web.method.support.InvocableHandlerMethod.invoke(InvocableHandlerMethod.java:215)
		at org.springframework.web.method.support.InvocableHandlerMethod.invokeForRequest(InvocableHandlerMethod.java:132)
		at org.springframework.web.servlet.mvc.method.annotation.ServletInvocableHandlerMethod.invokeAndHandle(ServletInvocableHandlerMethod.java:104)
		at org.springframework.web.servlet.mvc.method.annotation.RequestMappingHandlerAdapter.invokeHandleMethod(RequestMappingHandlerAdapter.java:749)
		at org.springframework.web.servlet.mvc.method.annotation.RequestMappingHandlerAdapter.handleInternal(RequestMappingHandlerAdapter.java:690)
		at org.springframework.web.servlet.mvc.method.AbstractHandlerMethodAdapter.handle(AbstractHandlerMethodAdapter.java:83)
		at org.springframework.web.servlet.DispatcherServlet.doDispatch(DispatcherServlet.java:945)
		at org.springframework.web.servlet.DispatcherServlet.doService(DispatcherServlet.java:876)
		at org.springframework.web.servlet.FrameworkServlet.processRequest(FrameworkServlet.java:961)
		at org.springframework.web.servlet.FrameworkServlet.doGet(FrameworkServlet.java:852)
		at javax.servlet.http.HttpServlet.service(HttpServlet.java:529)
		at org.springframework.web.servlet.FrameworkServlet.service(FrameworkServlet.java:837)
		at javax.servlet.http.HttpServlet.service(HttpServlet.java:623)
		at org.apache.catalina.core.ApplicationFilterChain.internalDoFilter(ApplicationFilterChain.java:197)
		at org.apache.catalina.core.ApplicationFilterChain.doFilter(ApplicationFilterChain.java:142)
		at org.apache.tomcat.websocket.server.WsFilter.doFilter(WsFilter.java:51)
		at org.apache.catalina.core.ApplicationFilterChain.internalDoFilter(ApplicationFilterChain.java:166)
		at org.apache.catalina.core.ApplicationFilterChain.doFilter(ApplicationFilterChain.java:142)
		at com.timmy.util.AuthFilter.doFilter(AuthFilter.java:44)
		at org.apache.catalina.core.ApplicationFilterChain.internalDoFilter(ApplicationFilterChain.java:166)
		at org.apache.catalina.core.ApplicationFilterChain.doFilter(ApplicationFilterChain.java:142)
		at org.springframework.web.filter.CharacterEncodingFilter.doFilterInternal(CharacterEncodingFilter.java:88)
		at org.springframework.web.filter.OncePerRequestFilter.doFilter(OncePerRequestFilter.java:108)
		at org.apache.catalina.core.ApplicationFilterChain.internalDoFilter(ApplicationFilterChain.java:166)
		at org.apache.catalina.core.ApplicationFilterChain.doFilter(ApplicationFilterChain.java:142)
		at org.apache.catalina.core.StandardWrapperValve.invoke(StandardWrapperValve.java:166)
		at org.apache.catalina.core.StandardContextValve.invoke(StandardContextValve.java:88)
		at org.apache.catalina.authenticator.AuthenticatorBase.invoke(AuthenticatorBase.java:491)
		at org.apache.catalina.core.StandardHostValve.invoke(StandardHostValve.java:127)
		at org.apache.catalina.valves.ErrorReportValve.invoke(ErrorReportValve.java:83)
		at org.apache.catalina.valves.AbstractAccessLogValve.invoke(AbstractAccessLogValve.java:643)
		at org.apache.catalina.core.StandardEngineValve.invoke(StandardEngineValve.java:72)
		at org.apache.catalina.connector.CoyoteAdapter.service(CoyoteAdapter.java:344)
		at org.apache.coyote.http11.Http11Processor.service(Http11Processor.java:398)
		at org.apache.coyote.AbstractProcessorLight.process(AbstractProcessorLight.java:63)
		at org.apache.coyote.AbstractProtocol$ConnectionHandler.process(AbstractProtocol.java:939)
		at org.apache.tomcat.util.net.NioEndpoint$SocketProcessor.doRun(NioEndpoint.java:1832)
		at org.apache.tomcat.util.net.SocketProcessorBase.run(SocketProcessorBase.java:52)
		at org.apache.tomcat.util.threads.ThreadPoolExecutor.runWorker(ThreadPoolExecutor.java:973)
		at org.apache.tomcat.util.threads.ThreadPoolExecutor$Worker.run(ThreadPoolExecutor.java:491)
		at org.apache.tomcat.util.threads.TaskThread$WrappingRunnable.run(TaskThread.java:63)
		at java.lang.Thread.run(Unknown Source)
05-Apr-2026 10:42:28.835 SEVERE [http-nio-8080-exec-3] org.apache.catalina.core.StandardWrapperValve.invoke Servlet.service() for servlet [dispatcher] in context with path [/demo] threw exception [Handler processing failed; nested exception is java.lang.NoSuchMethodError: com.timmy.controller.AllController$ProfileImagePayload.<init>(Lcom/timmy/controller/AllController$1;)V] with root cause
	java.lang.NoSuchMethodError: com.timmy.controller.AllController$ProfileImagePayload.<init>(Lcom/timmy/controller/AllController$1;)V
		at com.timmy.controller.AllController.loadProfileImagePayloadByEnrollId(AllController.java:2947)
		at com.timmy.controller.AllController.applyProfileImageFallback(AllController.java:2867)
		at com.timmy.controller.AllController.getLatestLogFromDB(AllController.java:2628)
		at sun.reflect.GeneratedMethodAccessor118.invoke(Unknown Source)
		at sun.reflect.DelegatingMethodAccessorImpl.invoke(Unknown Source)
		at java.lang.reflect.Method.invoke(Unknown Source)
		at org.springframework.web.method.support.InvocableHandlerMethod.invoke(InvocableHandlerMethod.java:215)
		at org.springframework.web.method.support.InvocableHandlerMethod.invokeForRequest(InvocableHandlerMethod.java:132)
		at org.springframework.web.servlet.mvc.method.annotation.ServletInvocableHandlerMethod.invokeAndHandle(ServletInvocableHandlerMethod.java:104)
		at org.springframework.web.servlet.mvc.method.annotation.RequestMappingHandlerAdapter.invokeHandleMethod(RequestMappingHandlerAdapter.java:749)
		at org.springframework.web.servlet.mvc.method.annotation.RequestMappingHandlerAdapter.handleInternal(RequestMappingHandlerAdapter.java:690)
		at org.springframework.web.servlet.mvc.method.AbstractHandlerMethodAdapter.handle(AbstractHandlerMethodAdapter.java:83)
		at org.springframework.web.servlet.DispatcherServlet.doDispatch(DispatcherServlet.java:945)
		at org.springframework.web.servlet.DispatcherServlet.doService(DispatcherServlet.java:876)
		at org.springframework.web.servlet.FrameworkServlet.processRequest(FrameworkServlet.java:961)
		at org.springframework.web.servlet.FrameworkServlet.doGet(FrameworkServlet.java:852)
		at javax.servlet.http.HttpServlet.service(HttpServlet.java:529)
		at org.springframework.web.servlet.FrameworkServlet.service(FrameworkServlet.java:837)
		at javax.servlet.http.HttpServlet.service(HttpServlet.java:623)
		at org.apache.catalina.core.ApplicationFilterChain.internalDoFilter(ApplicationFilterChain.java:197)
		at org.apache.catalina.core.ApplicationFilterChain.doFilter(ApplicationFilterChain.java:142)
		at org.apache.tomcat.websocket.server.WsFilter.doFilter(WsFilter.java:51)
		at org.apache.catalina.core.ApplicationFilterChain.internalDoFilter(ApplicationFilterChain.java:166)
		at org.apache.catalina.core.ApplicationFilterChain.doFilter(ApplicationFilterChain.java:142)
		at com.timmy.util.AuthFilter.doFilter(AuthFilter.java:44)
		at org.apache.catalina.core.ApplicationFilterChain.internalDoFilter(ApplicationFilterChain.java:166)
		at org.apache.catalina.core.ApplicationFilterChain.doFilter(ApplicationFilterChain.java:142)
		at org.springframework.web.filter.CharacterEncodingFilter.doFilterInternal(CharacterEncodingFilter.java:88)
		at org.springframework.web.filter.OncePerRequestFilter.doFilter(OncePerRequestFilter.java:108)
		at org.apache.catalina.core.ApplicationFilterChain.internalDoFilter(ApplicationFilterChain.java:166)
		at org.apache.catalina.core.ApplicationFilterChain.doFilter(ApplicationFilterChain.java:142)
		at org.apache.catalina.core.StandardWrapperValve.invoke(StandardWrapperValve.java:166)
		at org.apache.catalina.core.StandardContextValve.invoke(StandardContextValve.java:88)
		at org.apache.catalina.authenticator.AuthenticatorBase.invoke(AuthenticatorBase.java:491)
		at org.apache.catalina.core.StandardHostValve.invoke(StandardHostValve.java:127)
		at org.apache.catalina.valves.ErrorReportValve.invoke(ErrorReportValve.java:83)
		at org.apache.catalina.valves.AbstractAccessLogValve.invoke(AbstractAccessLogValve.java:643)
		at org.apache.catalina.core.StandardEngineValve.invoke(StandardEngineValve.java:72)
		at org.apache.catalina.connector.CoyoteAdapter.service(CoyoteAdapter.java:344)
		at org.apache.coyote.http11.Http11Processor.service(Http11Processor.java:398)
		at org.apache.coyote.AbstractProcessorLight.process(AbstractProcessorLight.java:63)
		at org.apache.coyote.AbstractProtocol$ConnectionHandler.process(AbstractProtocol.java:939)
		at org.apache.tomcat.util.net.NioEndpoint$SocketProcessor.doRun(NioEndpoint.java:1832)
		at org.apache.tomcat.util.net.SocketProcessorBase.run(SocketProcessorBase.java:52)
		at org.apache.tomcat.util.threads.ThreadPoolExecutor.runWorker(ThreadPoolExecutor.java:973)
		at org.apache.tomcat.util.threads.ThreadPoolExecutor$Worker.run(ThreadPoolExecutor.java:491)
		at org.apache.tomcat.util.threads.TaskThread$WrappingRunnable.run(TaskThread.java:63)
		at java.lang.Thread.run(Unknown Source)
05-Apr-2026 10:42:33.850 SEVERE [http-nio-8080-exec-8] org.apache.catalina.core.StandardWrapperValve.invoke Servlet.service() for servlet [dispatcher] in context with path [/demo] threw exception [Handler processing failed; nested exception is java.lang.NoSuchMethodError: com.timmy.controller.AllController$ProfileImagePayload.<init>(Lcom/timmy/controller/AllController$1;)V] with root cause
	java.lang.NoSuchMethodError: com.timmy.controller.AllController$ProfileImagePayload.<init>(Lcom/timmy/controller/AllController$1;)V
		at com.timmy.controller.AllController.loadProfileImagePayloadByEnrollId(AllController.java:2947)
		at com.timmy.controller.AllController.applyProfileImageFallback(AllController.java:2867)
		at com.timmy.controller.AllController.getLatestLogFromDB(AllController.java:2628)
		at sun.reflect.GeneratedMethodAccessor118.invoke(Unknown Source)
		at sun.reflect.DelegatingMethodAccessorImpl.invoke(Unknown Source)
		at java.lang.reflect.Method.invoke(Unknown Source)
		at org.springframework.web.method.support.InvocableHandlerMethod.invoke(InvocableHandlerMethod.java:215)
		at org.springframework.web.method.support.InvocableHandlerMethod.invokeForRequest(InvocableHandlerMethod.java:132)
		at org.springframework.web.servlet.mvc.method.annotation.ServletInvocableHandlerMethod.invokeAndHandle(ServletInvocableHandlerMethod.java:104)
		at org.springframework.web.servlet.mvc.method.annotation.RequestMappingHandlerAdapter.invokeHandleMethod(RequestMappingHandlerAdapter.java:749)
		at org.springframework.web.servlet.mvc.method.annotation.RequestMappingHandlerAdapter.handleInternal(RequestMappingHandlerAdapter.java:690)
		at org.springframework.web.servlet.mvc.method.AbstractHandlerMethodAdapter.handle(AbstractHandlerMethodAdapter.java:83)
		at org.springframework.web.servlet.DispatcherServlet.doDispatch(DispatcherServlet.java:945)
		at org.springframework.web.servlet.DispatcherServlet.doService(DispatcherServlet.java:876)
		at org.springframework.web.servlet.FrameworkServlet.processRequest(FrameworkServlet.java:961)
		at org.springframework.web.servlet.FrameworkServlet.doGet(FrameworkServlet.java:852)
		at javax.servlet.http.HttpServlet.service(HttpServlet.java:529)
		at org.springframework.web.servlet.FrameworkServlet.service(FrameworkServlet.java:837)
		at javax.servlet.http.HttpServlet.service(HttpServlet.java:623)
		at org.apache.catalina.core.ApplicationFilterChain.internalDoFilter(ApplicationFilterChain.java:197)
		at org.apache.catalina.core.ApplicationFilterChain.doFilter(ApplicationFilterChain.java:142)
		at org.apache.tomcat.websocket.server.WsFilter.doFilter(WsFilter.java:51)
		at org.apache.catalina.core.ApplicationFilterChain.internalDoFilter(ApplicationFilterChain.java:166)
		at org.apache.catalina.core.ApplicationFilterChain.doFilter(ApplicationFilterChain.java:142)
		at com.timmy.util.AuthFilter.doFilter(AuthFilter.java:44)
		at org.apache.catalina.core.ApplicationFilterChain.internalDoFilter(ApplicationFilterChain.java:166)
		at org.apache.catalina.core.ApplicationFilterChain.doFilter(ApplicationFilterChain.java:142)
		at org.springframework.web.filter.CharacterEncodingFilter.doFilterInternal(CharacterEncodingFilter.java:88)
		at org.springframework.web.filter.OncePerRequestFilter.doFilter(OncePerRequestFilter.java:108)
		at org.apache.catalina.core.ApplicationFilterChain.internalDoFilter(ApplicationFilterChain.java:166)
		at org.apache.catalina.core.ApplicationFilterChain.doFilter(ApplicationFilterChain.java:142)
		at org.apache.catalina.core.StandardWrapperValve.invoke(StandardWrapperValve.java:166)
		at org.apache.catalina.core.StandardContextValve.invoke(StandardContextValve.java:88)
		at org.apache.catalina.authenticator.AuthenticatorBase.invoke(AuthenticatorBase.java:491)
		at org.apache.catalina.core.StandardHostValve.invoke(StandardHostValve.java:127)
		at org.apache.catalina.valves.ErrorReportValve.invoke(ErrorReportValve.java:83)
		at org.apache.catalina.valves.AbstractAccessLogValve.invoke(AbstractAccessLogValve.java:643)
		at org.apache.catalina.core.StandardEngineValve.invoke(StandardEngineValve.java:72)
		at org.apache.catalina.connector.CoyoteAdapter.service(CoyoteAdapter.java:344)
		at org.apache.coyote.http11.Http11Processor.service(Http11Processor.java:398)
		at org.apache.coyote.AbstractProcessorLight.process(AbstractProcessorLight.java:63)
		at org.apache.coyote.AbstractProtocol$ConnectionHandler.process(AbstractProtocol.java:939)
		at org.apache.tomcat.util.net.NioEndpoint$SocketProcessor.doRun(NioEndpoint.java:1832)
		at org.apache.tomcat.util.net.SocketProcessorBase.run(SocketProcessorBase.java:52)
		at org.apache.tomcat.util.threads.ThreadPoolExecutor.runWorker(ThreadPoolExecutor.java:973)
		at org.apache.tomcat.util.threads.ThreadPoolExecutor$Worker.run(ThreadPoolExecutor.java:491)
		at org.apache.tomcat.util.threads.TaskThread$WrappingRunnable.run(TaskThread.java:63)
		at java.lang.Thread.run(Unknown Source)
05-Apr-2026 10:42:38.931 SEVERE [http-nio-8080-exec-9] org.apache.catalina.core.StandardWrapperValve.invoke Servlet.service() for servlet [dispatcher] in context with path [/demo] threw exception [Handler processing failed; nested exception is java.lang.NoSuchMethodError: com.timmy.controller.AllController$ProfileImagePayload.<init>(Lcom/timmy/controller/AllController$1;)V] with root cause
	java.lang.NoSuchMethodError: com.timmy.controller.AllController$ProfileImagePayload.<init>(Lcom/timmy/controller/AllController$1;)V
		at com.timmy.controller.AllController.loadProfileImagePayloadByEnrollId(AllController.java:2947)
		at com.timmy.controller.AllController.applyProfileImageFallback(AllController.java:2867)
		at com.timmy.controller.AllController.getLatestLogFromDB(AllController.java:2628)
		at sun.reflect.GeneratedMethodAccessor118.invoke(Unknown Source)
		at sun.reflect.DelegatingMethodAccessorImpl.invoke(Unknown Source)
		at java.lang.reflect.Method.invoke(Unknown Source)
		at org.springframework.web.method.support.InvocableHandlerMethod.invoke(InvocableHandlerMethod.java:215)
		at org.springframework.web.method.support.InvocableHandlerMethod.invokeForRequest(InvocableHandlerMethod.java:132)
		at org.springframework.web.servlet.mvc.method.annotation.ServletInvocableHandlerMethod.invokeAndHandle(ServletInvocableHandlerMethod.java:104)
		at org.springframework.web.servlet.mvc.method.annotation.RequestMappingHandlerAdapter.invokeHandleMethod(RequestMappingHandlerAdapter.java:749)
		at org.springframework.web.servlet.mvc.method.annotation.RequestMappingHandlerAdapter.handleInternal(RequestMappingHandlerAdapter.java:690)
		at org.springframework.web.servlet.mvc.method.AbstractHandlerMethodAdapter.handle(AbstractHandlerMethodAdapter.java:83)
		at org.springframework.web.servlet.DispatcherServlet.doDispatch(DispatcherServlet.java:945)
		at org.springframework.web.servlet.DispatcherServlet.doService(DispatcherServlet.java:876)
		at org.springframework.web.servlet.FrameworkServlet.processRequest(FrameworkServlet.java:961)
		at org.springframework.web.servlet.FrameworkServlet.doGet(FrameworkServlet.java:852)
		at javax.servlet.http.HttpServlet.service(HttpServlet.java:529)
		at org.springframework.web.servlet.FrameworkServlet.service(FrameworkServlet.java:837)
		at javax.servlet.http.HttpServlet.service(HttpServlet.java:623)
		at org.apache.catalina.core.ApplicationFilterChain.internalDoFilter(ApplicationFilterChain.java:197)
		at org.apache.catalina.core.ApplicationFilterChain.doFilter(ApplicationFilterChain.java:142)
		at org.apache.tomcat.websocket.server.WsFilter.doFilter(WsFilter.java:51)
		at org.apache.catalina.core.ApplicationFilterChain.internalDoFilter(ApplicationFilterChain.java:166)
		at org.apache.catalina.core.ApplicationFilterChain.doFilter(ApplicationFilterChain.java:142)
		at com.timmy.util.AuthFilter.doFilter(AuthFilter.java:44)
		at org.apache.catalina.core.ApplicationFilterChain.internalDoFilter(ApplicationFilterChain.java:166)
		at org.apache.catalina.core.ApplicationFilterChain.doFilter(ApplicationFilterChain.java:142)
		at org.springframework.web.filter.CharacterEncodingFilter.doFilterInternal(CharacterEncodingFilter.java:88)
		at org.springframework.web.filter.OncePerRequestFilter.doFilter(OncePerRequestFilter.java:108)
		at org.apache.catalina.core.ApplicationFilterChain.internalDoFilter(ApplicationFilterChain.java:166)
		at org.apache.catalina.core.ApplicationFilterChain.doFilter(ApplicationFilterChain.java:142)
		at org.apache.catalina.core.StandardWrapperValve.invoke(StandardWrapperValve.java:166)
		at org.apache.catalina.core.StandardContextValve.invoke(StandardContextValve.java:88)
		at org.apache.catalina.authenticator.AuthenticatorBase.invoke(AuthenticatorBase.java:491)
		at org.apache.catalina.core.StandardHostValve.invoke(StandardHostValve.java:127)
		at org.apache.catalina.valves.ErrorReportValve.invoke(ErrorReportValve.java:83)
		at org.apache.catalina.valves.AbstractAccessLogValve.invoke(AbstractAccessLogValve.java:643)
		at org.apache.catalina.core.StandardEngineValve.invoke(StandardEngineValve.java:72)
		at org.apache.catalina.connector.CoyoteAdapter.service(CoyoteAdapter.java:344)
		at org.apache.coyote.http11.Http11Processor.service(Http11Processor.java:398)
		at org.apache.coyote.AbstractProcessorLight.process(AbstractProcessorLight.java:63)
		at org.apache.coyote.AbstractProtocol$ConnectionHandler.process(AbstractProtocol.java:939)
		at org.apache.tomcat.util.net.NioEndpoint$SocketProcessor.doRun(NioEndpoint.java:1832)
		at org.apache.tomcat.util.net.SocketProcessorBase.run(SocketProcessorBase.java:52)
		at org.apache.tomcat.util.threads.ThreadPoolExecutor.runWorker(ThreadPoolExecutor.java:973)
		at org.apache.tomcat.util.threads.ThreadPoolExecutor$Worker.run(ThreadPoolExecutor.java:491)
		at org.apache.tomcat.util.threads.TaskThread$WrappingRunnable.run(TaskThread.java:63)
		at java.lang.Thread.run(Unknown Source)
05-Apr-2026 10:42:43.839 SEVERE [http-nio-8080-exec-7] org.apache.catalina.core.StandardWrapperValve.invoke Servlet.service() for servlet [dispatcher] in context with path [/demo] threw exception [Handler processing failed; nested exception is java.lang.NoSuchMethodError: com.timmy.controller.AllController$ProfileImagePayload.<init>(Lcom/timmy/controller/AllController$1;)V] with root cause
	java.lang.NoSuchMethodError: com.timmy.controller.AllController$ProfileImagePayload.<init>(Lcom/timmy/controller/AllController$1;)V
		at com.timmy.controller.AllController.loadProfileImagePayloadByEnrollId(AllController.java:2947)
		at com.timmy.controller.AllController.applyProfileImageFallback(AllController.java:2867)
		at com.timmy.controller.AllController.getLatestLogFromDB(AllController.java:2628)
		at sun.reflect.GeneratedMethodAccessor118.invoke(Unknown Source)
		at sun.reflect.DelegatingMethodAccessorImpl.invoke(Unknown Source)
		at java.lang.reflect.Method.invoke(Unknown Source)
		at org.springframework.web.method.support.InvocableHandlerMethod.invoke(InvocableHandlerMethod.java:215)
		at org.springframework.web.method.support.InvocableHandlerMethod.invokeForRequest(InvocableHandlerMethod.java:132)
		at org.springframework.web.servlet.mvc.method.annotation.ServletInvocableHandlerMethod.invokeAndHandle(ServletInvocableHandlerMethod.java:104)
		at org.springframework.web.servlet.mvc.method.annotation.RequestMappingHandlerAdapter.invokeHandleMethod(RequestMappingHandlerAdapter.java:749)
		at org.springframework.web.servlet.mvc.method.annotation.RequestMappingHandlerAdapter.handleInternal(RequestMappingHandlerAdapter.java:690)
		at org.springframework.web.servlet.mvc.method.AbstractHandlerMethodAdapter.handle(AbstractHandlerMethodAdapter.java:83)
		at org.springframework.web.servlet.DispatcherServlet.doDispatch(DispatcherServlet.java:945)
		at org.springframework.web.servlet.DispatcherServlet.doService(DispatcherServlet.java:876)
		at org.springframework.web.servlet.FrameworkServlet.processRequest(FrameworkServlet.java:961)
		at org.springframework.web.servlet.FrameworkServlet.doGet(FrameworkServlet.java:852)
		at javax.servlet.http.HttpServlet.service(HttpServlet.java:529)
		at org.springframework.web.servlet.FrameworkServlet.service(FrameworkServlet.java:837)
		at javax.servlet.http.HttpServlet.service(HttpServlet.java:623)
		at org.apache.catalina.core.ApplicationFilterChain.internalDoFilter(ApplicationFilterChain.java:197)
		at org.apache.catalina.core.ApplicationFilterChain.doFilter(ApplicationFilterChain.java:142)
		at org.apache.tomcat.websocket.server.WsFilter.doFilter(WsFilter.java:51)
		at org.apache.catalina.core.ApplicationFilterChain.internalDoFilter(ApplicationFilterChain.java:166)
		at org.apache.catalina.core.ApplicationFilterChain.doFilter(ApplicationFilterChain.java:142)
		at com.timmy.util.AuthFilter.doFilter(AuthFilter.java:44)
		at org.apache.catalina.core.ApplicationFilterChain.internalDoFilter(ApplicationFilterChain.java:166)
		at org.apache.catalina.core.ApplicationFilterChain.doFilter(ApplicationFilterChain.java:142)
		at org.springframework.web.filter.CharacterEncodingFilter.doFilterInternal(CharacterEncodingFilter.java:88)
		at org.springframework.web.filter.OncePerRequestFilter.doFilter(OncePerRequestFilter.java:108)
		at org.apache.catalina.core.ApplicationFilterChain.internalDoFilter(ApplicationFilterChain.java:166)
		at org.apache.catalina.core.ApplicationFilterChain.doFilter(ApplicationFilterChain.java:142)
		at org.apache.catalina.core.StandardWrapperValve.invoke(StandardWrapperValve.java:166)
		at org.apache.catalina.core.StandardContextValve.invoke(StandardContextValve.java:88)
		at org.apache.catalina.authenticator.AuthenticatorBase.invoke(AuthenticatorBase.java:491)
		at org.apache.catalina.core.StandardHostValve.invoke(StandardHostValve.java:127)
		at org.apache.catalina.valves.ErrorReportValve.invoke(ErrorReportValve.java:83)
		at org.apache.catalina.valves.AbstractAccessLogValve.invoke(AbstractAccessLogValve.java:643)
		at org.apache.catalina.core.StandardEngineValve.invoke(StandardEngineValve.java:72)
		at org.apache.catalina.connector.CoyoteAdapter.service(CoyoteAdapter.java:344)
		at org.apache.coyote.http11.Http11Processor.service(Http11Processor.java:398)
		at org.apache.coyote.AbstractProcessorLight.process(AbstractProcessorLight.java:63)
		at org.apache.coyote.AbstractProtocol$ConnectionHandler.process(AbstractProtocol.java:939)
		at org.apache.tomcat.util.net.NioEndpoint$SocketProcessor.doRun(NioEndpoint.java:1832)
		at org.apache.tomcat.util.net.SocketProcessorBase.run(SocketProcessorBase.java:52)
		at org.apache.tomcat.util.threads.ThreadPoolExecutor.runWorker(ThreadPoolExecutor.java:973)
		at org.apache.tomcat.util.threads.ThreadPoolExecutor$Worker.run(ThreadPoolExecutor.java:491)
		at org.apache.tomcat.util.threads.TaskThread$WrappingRunnable.run(TaskThread.java:63)
		at java.lang.Thread.run(Unknown Source)
05-Apr-2026 10:42:48.864 SEVERE [http-nio-8080-exec-1] org.apache.catalina.core.StandardWrapperValve.invoke Servlet.service() for servlet [dispatcher] in context with path [/demo] threw exception [Handler processing failed; nested exception is java.lang.NoSuchMethodError: com.timmy.controller.AllController$ProfileImagePayload.<init>(Lcom/timmy/controller/AllController$1;)V] with root cause
	java.lang.NoSuchMethodError: com.timmy.controller.AllController$ProfileImagePayload.<init>(Lcom/timmy/controller/AllController$1;)V
		at com.timmy.controller.AllController.loadProfileImagePayloadByEnrollId(AllController.java:2947)
		at com.timmy.controller.AllController.applyProfileImageFallback(AllController.java:2867)
		at com.timmy.controller.AllController.getLatestLogFromDB(AllController.java:2628)
		at sun.reflect.GeneratedMethodAccessor118.invoke(Unknown Source)
		at sun.reflect.DelegatingMethodAccessorImpl.invoke(Unknown Source)
		at java.lang.reflect.Method.invoke(Unknown Source)
		at org.springframework.web.method.support.InvocableHandlerMethod.invoke(InvocableHandlerMethod.java:215)
		at org.springframework.web.method.support.InvocableHandlerMethod.invokeForRequest(InvocableHandlerMethod.java:132)
		at org.springframework.web.servlet.mvc.method.annotation.ServletInvocableHandlerMethod.invokeAndHandle(ServletInvocableHandlerMethod.java:104)
		at org.springframework.web.servlet.mvc.method.annotation.RequestMappingHandlerAdapter.invokeHandleMethod(RequestMappingHandlerAdapter.java:749)
		at org.springframework.web.servlet.mvc.method.annotation.RequestMappingHandlerAdapter.handleInternal(RequestMappingHandlerAdapter.java:690)
		at org.springframework.web.servlet.mvc.method.AbstractHandlerMethodAdapter.handle(AbstractHandlerMethodAdapter.java:83)
		at org.springframework.web.servlet.DispatcherServlet.doDispatch(DispatcherServlet.java:945)
		at org.springframework.web.servlet.DispatcherServlet.doService(DispatcherServlet.java:876)
		at org.springframework.web.servlet.FrameworkServlet.processRequest(FrameworkServlet.java:961)
		at org.springframework.web.servlet.FrameworkServlet.doGet(FrameworkServlet.java:852)
		at javax.servlet.http.HttpServlet.service(HttpServlet.java:529)
		at org.springframework.web.servlet.FrameworkServlet.service(FrameworkServlet.java:837)
		at javax.servlet.http.HttpServlet.service(HttpServlet.java:623)
		at org.apache.catalina.core.ApplicationFilterChain.internalDoFilter(ApplicationFilterChain.java:197)
		at org.apache.catalina.core.ApplicationFilterChain.doFilter(ApplicationFilterChain.java:142)
		at org.apache.tomcat.websocket.server.WsFilter.doFilter(WsFilter.java:51)
		at org.apache.catalina.core.ApplicationFilterChain.internalDoFilter(ApplicationFilterChain.java:166)
		at org.apache.catalina.core.ApplicationFilterChain.doFilter(ApplicationFilterChain.java:142)
		at com.timmy.util.AuthFilter.doFilter(AuthFilter.java:44)
		at org.apache.catalina.core.ApplicationFilterChain.internalDoFilter(ApplicationFilterChain.java:166)
		at org.apache.catalina.core.ApplicationFilterChain.doFilter(ApplicationFilterChain.java:142)
		at org.springframework.web.filter.CharacterEncodingFilter.doFilterInternal(CharacterEncodingFilter.java:88)
		at org.springframework.web.filter.OncePerRequestFilter.doFilter(OncePerRequestFilter.java:108)
		at org.apache.catalina.core.ApplicationFilterChain.internalDoFilter(ApplicationFilterChain.java:166)
		at org.apache.catalina.core.ApplicationFilterChain.doFilter(ApplicationFilterChain.java:142)
		at org.apache.catalina.core.StandardWrapperValve.invoke(StandardWrapperValve.java:166)
		at org.apache.catalina.core.StandardContextValve.invoke(StandardContextValve.java:88)
		at org.apache.catalina.authenticator.AuthenticatorBase.invoke(AuthenticatorBase.java:491)
		at org.apache.catalina.core.StandardHostValve.invoke(StandardHostValve.java:127)
		at org.apache.catalina.valves.ErrorReportValve.invoke(ErrorReportValve.java:83)
		at org.apache.catalina.valves.AbstractAccessLogValve.invoke(AbstractAccessLogValve.java:643)
		at org.apache.catalina.core.StandardEngineValve.invoke(StandardEngineValve.java:72)
		at org.apache.catalina.connector.CoyoteAdapter.service(CoyoteAdapter.java:344)
		at org.apache.coyote.http11.Http11Processor.service(Http11Processor.java:398)
		at org.apache.coyote.AbstractProcessorLight.process(AbstractProcessorLight.java:63)
		at org.apache.coyote.AbstractProtocol$ConnectionHandler.process(AbstractProtocol.java:939)
		at org.apache.tomcat.util.net.NioEndpoint$SocketProcessor.doRun(NioEndpoint.java:1832)
		at org.apache.tomcat.util.net.SocketProcessorBase.run(SocketProcessorBase.java:52)
		at org.apache.tomcat.util.threads.ThreadPoolExecutor.runWorker(ThreadPoolExecutor.java:973)
		at org.apache.tomcat.util.threads.ThreadPoolExecutor$Worker.run(ThreadPoolExecutor.java:491)
		at org.apache.tomcat.util.threads.TaskThread$WrappingRunnable.run(TaskThread.java:63)
		at java.lang.Thread.run(Unknown Source)
05-Apr-2026 10:42:53.849 SEVERE [http-nio-8080-exec-6] org.apache.catalina.core.StandardWrapperValve.invoke Servlet.service() for servlet [dispatcher] in context with path [/demo] threw exception [Handler processing failed; nested exception is java.lang.NoSuchMethodError: com.timmy.controller.AllController$ProfileImagePayload.<init>(Lcom/timmy/controller/AllController$1;)V] with root cause
	java.lang.NoSuchMethodError: com.timmy.controller.AllController$ProfileImagePayload.<init>(Lcom/timmy/controller/AllController$1;)V
		at com.timmy.controller.AllController.loadProfileImagePayloadByEnrollId(AllController.java:2947)
		at com.timmy.controller.AllController.applyProfileImageFallback(AllController.java:2867)
		at com.timmy.controller.AllController.getLatestLogFromDB(AllController.java:2628)
		at sun.reflect.GeneratedMethodAccessor118.invoke(Unknown Source)
		at sun.reflect.DelegatingMethodAccessorImpl.invoke(Unknown Source)
		at java.lang.reflect.Method.invoke(Unknown Source)
		at org.springframework.web.method.support.InvocableHandlerMethod.invoke(InvocableHandlerMethod.java:215)
		at org.springframework.web.method.support.InvocableHandlerMethod.invokeForRequest(InvocableHandlerMethod.java:132)
		at org.springframework.web.servlet.mvc.method.annotation.ServletInvocableHandlerMethod.invokeAndHandle(ServletInvocableHandlerMethod.java:104)
		at org.springframework.web.servlet.mvc.method.annotation.RequestMappingHandlerAdapter.invokeHandleMethod(RequestMappingHandlerAdapter.java:749)
		at org.springframework.web.servlet.mvc.method.annotation.RequestMappingHandlerAdapter.handleInternal(RequestMappingHandlerAdapter.java:690)
		at org.springframework.web.servlet.mvc.method.AbstractHandlerMethodAdapter.handle(AbstractHandlerMethodAdapter.java:83)
		at org.springframework.web.servlet.DispatcherServlet.doDispatch(DispatcherServlet.java:945)
		at org.springframework.web.servlet.DispatcherServlet.doService(DispatcherServlet.java:876)
		at org.springframework.web.servlet.FrameworkServlet.processRequest(FrameworkServlet.java:961)
		at org.springframework.web.servlet.FrameworkServlet.doGet(FrameworkServlet.java:852)
		at javax.servlet.http.HttpServlet.service(HttpServlet.java:529)
		at org.springframework.web.servlet.FrameworkServlet.service(FrameworkServlet.java:837)
		at javax.servlet.http.HttpServlet.service(HttpServlet.java:623)
		at org.apache.catalina.core.ApplicationFilterChain.internalDoFilter(ApplicationFilterChain.java:197)
		at org.apache.catalina.core.ApplicationFilterChain.doFilter(ApplicationFilterChain.java:142)
		at org.apache.tomcat.websocket.server.WsFilter.doFilter(WsFilter.java:51)
		at org.apache.catalina.core.ApplicationFilterChain.internalDoFilter(ApplicationFilterChain.java:166)
		at org.apache.catalina.core.ApplicationFilterChain.doFilter(ApplicationFilterChain.java:142)
		at com.timmy.util.AuthFilter.doFilter(AuthFilter.java:44)
		at org.apache.catalina.core.ApplicationFilterChain.internalDoFilter(ApplicationFilterChain.java:166)
		at org.apache.catalina.core.ApplicationFilterChain.doFilter(ApplicationFilterChain.java:142)
		at org.springframework.web.filter.CharacterEncodingFilter.doFilterInternal(CharacterEncodingFilter.java:88)
		at org.springframework.web.filter.OncePerRequestFilter.doFilter(OncePerRequestFilter.java:108)
		at org.apache.catalina.core.ApplicationFilterChain.internalDoFilter(ApplicationFilterChain.java:166)
		at org.apache.catalina.core.ApplicationFilterChain.doFilter(ApplicationFilterChain.java:142)
		at org.apache.catalina.core.StandardWrapperValve.invoke(StandardWrapperValve.java:166)
		at org.apache.catalina.core.StandardContextValve.invoke(StandardContextValve.java:88)
		at org.apache.catalina.authenticator.AuthenticatorBase.invoke(AuthenticatorBase.java:491)
		at org.apache.catalina.core.StandardHostValve.invoke(StandardHostValve.java:127)
		at org.apache.catalina.valves.ErrorReportValve.invoke(ErrorReportValve.java:83)
		at org.apache.catalina.valves.AbstractAccessLogValve.invoke(AbstractAccessLogValve.java:643)
		at org.apache.catalina.core.StandardEngineValve.invoke(StandardEngineValve.java:72)
		at org.apache.catalina.connector.CoyoteAdapter.service(CoyoteAdapter.java:344)
		at org.apache.coyote.http11.Http11Processor.service(Http11Processor.java:398)
		at org.apache.coyote.AbstractProcessorLight.process(AbstractProcessorLight.java:63)
		at org.apache.coyote.AbstractProtocol$ConnectionHandler.process(AbstractProtocol.java:939)
		at org.apache.tomcat.util.net.NioEndpoint$SocketProcessor.doRun(NioEndpoint.java:1832)
		at org.apache.tomcat.util.net.SocketProcessorBase.run(SocketProcessorBase.java:52)
		at org.apache.tomcat.util.threads.ThreadPoolExecutor.runWorker(ThreadPoolExecutor.java:973)
		at org.apache.tomcat.util.threads.ThreadPoolExecutor$Worker.run(ThreadPoolExecutor.java:491)
		at org.apache.tomcat.util.threads.TaskThread$WrappingRunnable.run(TaskThread.java:63)
		at java.lang.Thread.run(Unknown Source)
05-Apr-2026 10:42:58.842 SEVERE [http-nio-8080-exec-5] org.apache.catalina.core.StandardWrapperValve.invoke Servlet.service() for servlet [dispatcher] in context with path [/demo] threw exception [Handler processing failed; nested exception is java.lang.NoSuchMethodError: com.timmy.controller.AllController$ProfileImagePayload.<init>(Lcom/timmy/controller/AllController$1;)V] with root cause
	java.lang.NoSuchMethodError: com.timmy.controller.AllController$ProfileImagePayload.<init>(Lcom/timmy/controller/AllController$1;)V
		at com.timmy.controller.AllController.loadProfileImagePayloadByEnrollId(AllController.java:2947)
		at com.timmy.controller.AllController.applyProfileImageFallback(AllController.java:2867)
		at com.timmy.controller.AllController.getLatestLogFromDB(AllController.java:2628)
		at sun.reflect.GeneratedMethodAccessor118.invoke(Unknown Source)
		at sun.reflect.DelegatingMethodAccessorImpl.invoke(Unknown Source)
		at java.lang.reflect.Method.invoke(Unknown Source)
		at org.springframework.web.method.support.InvocableHandlerMethod.invoke(InvocableHandlerMethod.java:215)
		at org.springframework.web.method.support.InvocableHandlerMethod.invokeForRequest(InvocableHandlerMethod.java:132)
		at org.springframework.web.servlet.mvc.method.annotation.ServletInvocableHandlerMethod.invokeAndHandle(ServletInvocableHandlerMethod.java:104)
		at org.springframework.web.servlet.mvc.method.annotation.RequestMappingHandlerAdapter.invokeHandleMethod(RequestMappingHandlerAdapter.java:749)
		at org.springframework.web.servlet.mvc.method.annotation.RequestMappingHandlerAdapter.handleInternal(RequestMappingHandlerAdapter.java:690)
		at org.springframework.web.servlet.mvc.method.AbstractHandlerMethodAdapter.handle(AbstractHandlerMethodAdapter.java:83)
		at org.springframework.web.servlet.DispatcherServlet.doDispatch(DispatcherServlet.java:945)
		at org.springframework.web.servlet.DispatcherServlet.doService(DispatcherServlet.java:876)
		at org.springframework.web.servlet.FrameworkServlet.processRequest(FrameworkServlet.java:961)
		at org.springframework.web.servlet.FrameworkServlet.doGet(FrameworkServlet.java:852)
		at javax.servlet.http.HttpServlet.service(HttpServlet.java:529)
		at org.springframework.web.servlet.FrameworkServlet.service(FrameworkServlet.java:837)
		at javax.servlet.http.HttpServlet.service(HttpServlet.java:623)
		at org.apache.catalina.core.ApplicationFilterChain.internalDoFilter(ApplicationFilterChain.java:197)
		at org.apache.catalina.core.ApplicationFilterChain.doFilter(ApplicationFilterChain.java:142)
		at org.apache.tomcat.websocket.server.WsFilter.doFilter(WsFilter.java:51)
		at org.apache.catalina.core.ApplicationFilterChain.internalDoFilter(ApplicationFilterChain.java:166)
		at org.apache.catalina.core.ApplicationFilterChain.doFilter(ApplicationFilterChain.java:142)
		at com.timmy.util.AuthFilter.doFilter(AuthFilter.java:44)
		at org.apache.catalina.core.ApplicationFilterChain.internalDoFilter(ApplicationFilterChain.java:166)
		at org.apache.catalina.core.ApplicationFilterChain.doFilter(ApplicationFilterChain.java:142)
		at org.springframework.web.filter.CharacterEncodingFilter.doFilterInternal(CharacterEncodingFilter.java:88)
		at org.springframework.web.filter.OncePerRequestFilter.doFilter(OncePerRequestFilter.java:108)
		at org.apache.catalina.core.ApplicationFilterChain.internalDoFilter(ApplicationFilterChain.java:166)
		at org.apache.catalina.core.ApplicationFilterChain.doFilter(ApplicationFilterChain.java:142)
		at org.apache.catalina.core.StandardWrapperValve.invoke(StandardWrapperValve.java:166)
		at org.apache.catalina.core.StandardContextValve.invoke(StandardContextValve.java:88)
		at org.apache.catalina.authenticator.AuthenticatorBase.invoke(AuthenticatorBase.java:491)
		at org.apache.catalina.core.StandardHostValve.invoke(StandardHostValve.java:127)
		at org.apache.catalina.valves.ErrorReportValve.invoke(ErrorReportValve.java:83)
		at org.apache.catalina.valves.AbstractAccessLogValve.invoke(AbstractAccessLogValve.java:643)
		at org.apache.catalina.core.StandardEngineValve.invoke(StandardEngineValve.java:72)
		at org.apache.catalina.connector.CoyoteAdapter.service(CoyoteAdapter.java:344)
		at org.apache.coyote.http11.Http11Processor.service(Http11Processor.java:398)
		at org.apache.coyote.AbstractProcessorLight.process(AbstractProcessorLight.java:63)
		at org.apache.coyote.AbstractProtocol$ConnectionHandler.process(AbstractProtocol.java:939)
		at org.apache.tomcat.util.net.NioEndpoint$SocketProcessor.doRun(NioEndpoint.java:1832)
		at org.apache.tomcat.util.net.SocketProcessorBase.run(SocketProcessorBase.java:52)
		at org.apache.tomcat.util.threads.ThreadPoolExecutor.runWorker(ThreadPoolExecutor.java:973)
		at org.apache.tomcat.util.threads.ThreadPoolExecutor$Worker.run(ThreadPoolExecutor.java:491)
		at org.apache.tomcat.util.threads.TaskThread$WrappingRunnable.run(TaskThread.java:63)
		at java.lang.Thread.run(Unknown Source)
05-Apr-2026 10:43:03.833 SEVERE [http-nio-8080-exec-10] org.apache.catalina.core.StandardWrapperValve.invoke Servlet.service() for servlet [dispatcher] in context with path [/demo] threw exception [Handler processing failed; nested exception is java.lang.NoSuchMethodError: com.timmy.controller.AllController$ProfileImagePayload.<init>(Lcom/timmy/controller/AllController$1;)V] with root cause
	java.lang.NoSuchMethodError: com.timmy.controller.AllController$ProfileImagePayload.<init>(Lcom/timmy/controller/AllController$1;)V
		at com.timmy.controller.AllController.loadProfileImagePayloadByEnrollId(AllController.java:2947)
		at com.timmy.controller.AllController.applyProfileImageFallback(AllController.java:2867)
		at com.timmy.controller.AllController.getLatestLogFromDB(AllController.java:2628)
		at sun.reflect.GeneratedMethodAccessor118.invoke(Unknown Source)
		at sun.reflect.DelegatingMethodAccessorImpl.invoke(Unknown Source)
		at java.lang.reflect.Method.invoke(Unknown Source)
		at org.springframework.web.method.support.InvocableHandlerMethod.invoke(InvocableHandlerMethod.java:215)
		at org.springframework.web.method.support.InvocableHandlerMethod.invokeForRequest(InvocableHandlerMethod.java:132)
		at org.springframework.web.servlet.mvc.method.annotation.ServletInvocableHandlerMethod.invokeAndHandle(ServletInvocableHandlerMethod.java:104)
		at org.springframework.web.servlet.mvc.method.annotation.RequestMappingHandlerAdapter.invokeHandleMethod(RequestMappingHandlerAdapter.java:749)
		at org.springframework.web.servlet.mvc.method.annotation.RequestMappingHandlerAdapter.handleInternal(RequestMappingHandlerAdapter.java:690)
		at org.springframework.web.servlet.mvc.method.AbstractHandlerMethodAdapter.handle(AbstractHandlerMethodAdapter.java:83)
		at org.springframework.web.servlet.DispatcherServlet.doDispatch(DispatcherServlet.java:945)
		at org.springframework.web.servlet.DispatcherServlet.doService(DispatcherServlet.java:876)
		at org.springframework.web.servlet.FrameworkServlet.processRequest(FrameworkServlet.java:961)
		at org.springframework.web.servlet.FrameworkServlet.doGet(FrameworkServlet.java:852)
		at javax.servlet.http.HttpServlet.service(HttpServlet.java:529)
		at org.springframework.web.servlet.FrameworkServlet.service(FrameworkServlet.java:837)
		at javax.servlet.http.HttpServlet.service(HttpServlet.java:623)
		at org.apache.catalina.core.ApplicationFilterChain.internalDoFilter(ApplicationFilterChain.java:197)
		at org.apache.catalina.core.ApplicationFilterChain.doFilter(ApplicationFilterChain.java:142)
		at org.apache.tomcat.websocket.server.WsFilter.doFilter(WsFilter.java:51)
		at org.apache.catalina.core.ApplicationFilterChain.internalDoFilter(ApplicationFilterChain.java:166)
		at org.apache.catalina.core.ApplicationFilterChain.doFilter(ApplicationFilterChain.java:142)
		at com.timmy.util.AuthFilter.doFilter(AuthFilter.java:44)
		at org.apache.catalina.core.ApplicationFilterChain.internalDoFilter(ApplicationFilterChain.java:166)
		at org.apache.catalina.core.ApplicationFilterChain.doFilter(ApplicationFilterChain.java:142)
		at org.springframework.web.filter.CharacterEncodingFilter.doFilterInternal(CharacterEncodingFilter.java:88)
		at org.springframework.web.filter.OncePerRequestFilter.doFilter(OncePerRequestFilter.java:108)
		at org.apache.catalina.core.ApplicationFilterChain.internalDoFilter(ApplicationFilterChain.java:166)
		at org.apache.catalina.core.ApplicationFilterChain.doFilter(ApplicationFilterChain.java:142)
		at org.apache.catalina.core.StandardWrapperValve.invoke(StandardWrapperValve.java:166)
		at org.apache.catalina.core.StandardContextValve.invoke(StandardContextValve.java:88)
		at org.apache.catalina.authenticator.AuthenticatorBase.invoke(AuthenticatorBase.java:491)
		at org.apache.catalina.core.StandardHostValve.invoke(StandardHostValve.java:127)
		at org.apache.catalina.valves.ErrorReportValve.invoke(ErrorReportValve.java:83)
		at org.apache.catalina.valves.AbstractAccessLogValve.invoke(AbstractAccessLogValve.java:643)
		at org.apache.catalina.core.StandardEngineValve.invoke(StandardEngineValve.java:72)
		at org.apache.catalina.connector.CoyoteAdapter.service(CoyoteAdapter.java:344)
		at org.apache.coyote.http11.Http11Processor.service(Http11Processor.java:398)
		at org.apache.coyote.AbstractProcessorLight.process(AbstractProcessorLight.java:63)
		at org.apache.coyote.AbstractProtocol$ConnectionHandler.process(AbstractProtocol.java:939)
		at org.apache.tomcat.util.net.NioEndpoint$SocketProcessor.doRun(NioEndpoint.java:1832)
		at org.apache.tomcat.util.net.SocketProcessorBase.run(SocketProcessorBase.java:52)
		at org.apache.tomcat.util.threads.ThreadPoolExecutor.runWorker(ThreadPoolExecutor.java:973)
		at org.apache.tomcat.util.threads.ThreadPoolExecutor$Worker.run(ThreadPoolExecutor.java:491)
		at org.apache.tomcat.util.threads.TaskThread$WrappingRunnable.run(TaskThread.java:63)
		at java.lang.Thread.run(Unknown Source)
05-Apr-2026 10:43:08.830 SEVERE [http-nio-8080-exec-2] org.apache.catalina.core.StandardWrapperValve.invoke Servlet.service() for servlet [dispatcher] in context with path [/demo] threw exception [Handler processing failed; nested exception is java.lang.NoSuchMethodError: com.timmy.controller.AllController$ProfileImagePayload.<init>(Lcom/timmy/controller/AllController$1;)V] with root cause
	java.lang.NoSuchMethodError: com.timmy.controller.AllController$ProfileImagePayload.<init>(Lcom/timmy/controller/AllController$1;)V
		at com.timmy.controller.AllController.loadProfileImagePayloadByEnrollId(AllController.java:2947)
		at com.timmy.controller.AllController.applyProfileImageFallback(AllController.java:2867)
		at com.timmy.controller.AllController.getLatestLogFromDB(AllController.java:2628)
		at sun.reflect.GeneratedMethodAccessor118.invoke(Unknown Source)
		at sun.reflect.DelegatingMethodAccessorImpl.invoke(Unknown Source)
		at java.lang.reflect.Method.invoke(Unknown Source)
		at org.springframework.web.method.support.InvocableHandlerMethod.invoke(InvocableHandlerMethod.java:215)
		at org.springframework.web.method.support.InvocableHandlerMethod.invokeForRequest(InvocableHandlerMethod.java:132)
		at org.springframework.web.servlet.mvc.method.annotation.ServletInvocableHandlerMethod.invokeAndHandle(ServletInvocableHandlerMethod.java:104)
		at org.springframework.web.servlet.mvc.method.annotation.RequestMappingHandlerAdapter.invokeHandleMethod(RequestMappingHandlerAdapter.java:749)
		at org.springframework.web.servlet.mvc.method.annotation.RequestMappingHandlerAdapter.handleInternal(RequestMappingHandlerAdapter.java:690)
		at org.springframework.web.servlet.mvc.method.AbstractHandlerMethodAdapter.handle(AbstractHandlerMethodAdapter.java:83)
		at org.springframework.web.servlet.DispatcherServlet.doDispatch(DispatcherServlet.java:945)
		at org.springframework.web.servlet.DispatcherServlet.doService(DispatcherServlet.java:876)
		at org.springframework.web.servlet.FrameworkServlet.processRequest(FrameworkServlet.java:961)
		at org.springframework.web.servlet.FrameworkServlet.doGet(FrameworkServlet.java:852)
		at javax.servlet.http.HttpServlet.service(HttpServlet.java:529)
		at org.springframework.web.servlet.FrameworkServlet.service(FrameworkServlet.java:837)
		at javax.servlet.http.HttpServlet.service(HttpServlet.java:623)
		at org.apache.catalina.core.ApplicationFilterChain.internalDoFilter(ApplicationFilterChain.java:197)
		at org.apache.catalina.core.ApplicationFilterChain.doFilter(ApplicationFilterChain.java:142)
		at org.apache.tomcat.websocket.server.WsFilter.doFilter(WsFilter.java:51)
		at org.apache.catalina.core.ApplicationFilterChain.internalDoFilter(ApplicationFilterChain.java:166)
		at org.apache.catalina.core.ApplicationFilterChain.doFilter(ApplicationFilterChain.java:142)
		at com.timmy.util.AuthFilter.doFilter(AuthFilter.java:44)
		at org.apache.catalina.core.ApplicationFilterChain.internalDoFilter(ApplicationFilterChain.java:166)
		at org.apache.catalina.core.ApplicationFilterChain.doFilter(ApplicationFilterChain.java:142)
		at org.springframework.web.filter.CharacterEncodingFilter.doFilterInternal(CharacterEncodingFilter.java:88)
		at org.springframework.web.filter.OncePerRequestFilter.doFilter(OncePerRequestFilter.java:108)
		at org.apache.catalina.core.ApplicationFilterChain.internalDoFilter(ApplicationFilterChain.java:166)
		at org.apache.catalina.core.ApplicationFilterChain.doFilter(ApplicationFilterChain.java:142)
		at org.apache.catalina.core.StandardWrapperValve.invoke(StandardWrapperValve.java:166)
		at org.apache.catalina.core.StandardContextValve.invoke(StandardContextValve.java:88)
		at org.apache.catalina.authenticator.AuthenticatorBase.invoke(AuthenticatorBase.java:491)
		at org.apache.catalina.core.StandardHostValve.invoke(StandardHostValve.java:127)
		at org.apache.catalina.valves.ErrorReportValve.invoke(ErrorReportValve.java:83)
		at org.apache.catalina.valves.AbstractAccessLogValve.invoke(AbstractAccessLogValve.java:643)
		at org.apache.catalina.core.StandardEngineValve.invoke(StandardEngineValve.java:72)
		at org.apache.catalina.connector.CoyoteAdapter.service(CoyoteAdapter.java:344)
		at org.apache.coyote.http11.Http11Processor.service(Http11Processor.java:398)
		at org.apache.coyote.AbstractProcessorLight.process(AbstractProcessorLight.java:63)
		at org.apache.coyote.AbstractProtocol$ConnectionHandler.process(AbstractProtocol.java:939)
		at org.apache.tomcat.util.net.NioEndpoint$SocketProcessor.doRun(NioEndpoint.java:1832)
		at org.apache.tomcat.util.net.SocketProcessorBase.run(SocketProcessorBase.java:52)
		at org.apache.tomcat.util.threads.ThreadPoolExecutor.runWorker(ThreadPoolExecutor.java:973)
		at org.apache.tomcat.util.threads.ThreadPoolExecutor$Worker.run(ThreadPoolExecutor.java:491)
		at org.apache.tomcat.util.threads.TaskThread$WrappingRunnable.run(TaskThread.java:63)
		at java.lang.Thread.run(Unknown Source)
05-Apr-2026 10:43:13.847 SEVERE [http-nio-8080-exec-4] org.apache.catalina.core.StandardWrapperValve.invoke Servlet.service() for servlet [dispatcher] in context with path [/demo] threw exception [Handler processing failed; nested exception is java.lang.NoSuchMethodError: com.timmy.controller.AllController$ProfileImagePayload.<init>(Lcom/timmy/controller/AllController$1;)V] with root cause
	java.lang.NoSuchMethodError: com.timmy.controller.AllController$ProfileImagePayload.<init>(Lcom/timmy/controller/AllController$1;)V
		at com.timmy.controller.AllController.loadProfileImagePayloadByEnrollId(AllController.java:2947)
		at com.timmy.controller.AllController.applyProfileImageFallback(AllController.java:2867)
		at com.timmy.controller.AllController.getLatestLogFromDB(AllController.java:2628)
		at sun.reflect.GeneratedMethodAccessor118.invoke(Unknown Source)
		at sun.reflect.DelegatingMethodAccessorImpl.invoke(Unknown Source)
		at java.lang.reflect.Method.invoke(Unknown Source)
		at org.springframework.web.method.support.InvocableHandlerMethod.invoke(InvocableHandlerMethod.java:215)
		at org.springframework.web.method.support.InvocableHandlerMethod.invokeForRequest(InvocableHandlerMethod.java:132)
		at org.springframework.web.servlet.mvc.method.annotation.ServletInvocableHandlerMethod.invokeAndHandle(ServletInvocableHandlerMethod.java:104)
		at org.springframework.web.servlet.mvc.method.annotation.RequestMappingHandlerAdapter.invokeHandleMethod(RequestMappingHandlerAdapter.java:749)
		at org.springframework.web.servlet.mvc.method.annotation.RequestMappingHandlerAdapter.handleInternal(RequestMappingHandlerAdapter.java:690)
		at org.springframework.web.servlet.mvc.method.AbstractHandlerMethodAdapter.handle(AbstractHandlerMethodAdapter.java:83)
		at org.springframework.web.servlet.DispatcherServlet.doDispatch(DispatcherServlet.java:945)
		at org.springframework.web.servlet.DispatcherServlet.doService(DispatcherServlet.java:876)
		at org.springframework.web.servlet.FrameworkServlet.processRequest(FrameworkServlet.java:961)
		at org.springframework.web.servlet.FrameworkServlet.doGet(FrameworkServlet.java:852)
		at javax.servlet.http.HttpServlet.service(HttpServlet.java:529)
		at org.springframework.web.servlet.FrameworkServlet.service(FrameworkServlet.java:837)
		at javax.servlet.http.HttpServlet.service(HttpServlet.java:623)
		at org.apache.catalina.core.ApplicationFilterChain.internalDoFilter(ApplicationFilterChain.java:197)
		at org.apache.catalina.core.ApplicationFilterChain.doFilter(ApplicationFilterChain.java:142)
		at org.apache.tomcat.websocket.server.WsFilter.doFilter(WsFilter.java:51)
		at org.apache.catalina.core.ApplicationFilterChain.internalDoFilter(ApplicationFilterChain.java:166)
		at org.apache.catalina.core.ApplicationFilterChain.doFilter(ApplicationFilterChain.java:142)
		at com.timmy.util.AuthFilter.doFilter(AuthFilter.java:44)
		at org.apache.catalina.core.ApplicationFilterChain.internalDoFilter(ApplicationFilterChain.java:166)
		at org.apache.catalina.core.ApplicationFilterChain.doFilter(ApplicationFilterChain.java:142)
		at org.springframework.web.filter.CharacterEncodingFilter.doFilterInternal(CharacterEncodingFilter.java:88)
		at org.springframework.web.filter.OncePerRequestFilter.doFilter(OncePerRequestFilter.java:108)
		at org.apache.catalina.core.ApplicationFilterChain.internalDoFilter(ApplicationFilterChain.java:166)
		at org.apache.catalina.core.ApplicationFilterChain.doFilter(ApplicationFilterChain.java:142)
		at org.apache.catalina.core.StandardWrapperValve.invoke(StandardWrapperValve.java:166)
		at org.apache.catalina.core.StandardContextValve.invoke(StandardContextValve.java:88)
		at org.apache.catalina.authenticator.AuthenticatorBase.invoke(AuthenticatorBase.java:491)
		at org.apache.catalina.core.StandardHostValve.invoke(StandardHostValve.java:127)
		at org.apache.catalina.valves.ErrorReportValve.invoke(ErrorReportValve.java:83)
		at org.apache.catalina.valves.AbstractAccessLogValve.invoke(AbstractAccessLogValve.java:643)
		at org.apache.catalina.core.StandardEngineValve.invoke(StandardEngineValve.java:72)
		at org.apache.catalina.connector.CoyoteAdapter.service(CoyoteAdapter.java:344)
		at org.apache.coyote.http11.Http11Processor.service(Http11Processor.java:398)
		at org.apache.coyote.AbstractProcessorLight.process(AbstractProcessorLight.java:63)
		at org.apache.coyote.AbstractProtocol$ConnectionHandler.process(AbstractProtocol.java:939)
		at org.apache.tomcat.util.net.NioEndpoint$SocketProcessor.doRun(NioEndpoint.java:1832)
		at org.apache.tomcat.util.net.SocketProcessorBase.run(SocketProcessorBase.java:52)
		at org.apache.tomcat.util.threads.ThreadPoolExecutor.runWorker(ThreadPoolExecutor.java:973)
		at org.apache.tomcat.util.threads.ThreadPoolExecutor$Worker.run(ThreadPoolExecutor.java:491)
		at org.apache.tomcat.util.threads.TaskThread$WrappingRunnable.run(TaskThread.java:63)
		at java.lang.Thread.run(Unknown Source)
05-Apr-2026 10:43:18.857 SEVERE [http-nio-8080-exec-3] org.apache.catalina.core.StandardWrapperValve.invoke Servlet.service() for servlet [dispatcher] in context with path [/demo] threw exception [Handler processing failed; nested exception is java.lang.NoSuchMethodError: com.timmy.controller.AllController$ProfileImagePayload.<init>(Lcom/timmy/controller/AllController$1;)V] with root cause
	java.lang.NoSuchMethodError: com.timmy.controller.AllController$ProfileImagePayload.<init>(Lcom/timmy/controller/AllController$1;)V
		at com.timmy.controller.AllController.loadProfileImagePayloadByEnrollId(AllController.java:2947)
		at com.timmy.controller.AllController.applyProfileImageFallback(AllController.java:2867)
		at com.timmy.controller.AllController.getLatestLogFromDB(AllController.java:2628)
		at sun.reflect.GeneratedMethodAccessor118.invoke(Unknown Source)
		at sun.reflect.DelegatingMethodAccessorImpl.invoke(Unknown Source)
		at java.lang.reflect.Method.invoke(Unknown Source)
		at org.springframework.web.method.support.InvocableHandlerMethod.invoke(InvocableHandlerMethod.java:215)
		at org.springframework.web.method.support.InvocableHandlerMethod.invokeForRequest(InvocableHandlerMethod.java:132)
		at org.springframework.web.servlet.mvc.method.annotation.ServletInvocableHandlerMethod.invokeAndHandle(ServletInvocableHandlerMethod.java:104)
		at org.springframework.web.servlet.mvc.method.annotation.RequestMappingHandlerAdapter.invokeHandleMethod(RequestMappingHandlerAdapter.java:749)
		at org.springframework.web.servlet.mvc.method.annotation.RequestMappingHandlerAdapter.handleInternal(RequestMappingHandlerAdapter.java:690)
		at org.springframework.web.servlet.mvc.method.AbstractHandlerMethodAdapter.handle(AbstractHandlerMethodAdapter.java:83)
		at org.springframework.web.servlet.DispatcherServlet.doDispatch(DispatcherServlet.java:945)
		at org.springframework.web.servlet.DispatcherServlet.doService(DispatcherServlet.java:876)
		at org.springframework.web.servlet.FrameworkServlet.processRequest(FrameworkServlet.java:961)
		at org.springframework.web.servlet.FrameworkServlet.doGet(FrameworkServlet.java:852)
		at javax.servlet.http.HttpServlet.service(HttpServlet.java:529)
		at org.springframework.web.servlet.FrameworkServlet.service(FrameworkServlet.java:837)
		at javax.servlet.http.HttpServlet.service(HttpServlet.java:623)
		at org.apache.catalina.core.ApplicationFilterChain.internalDoFilter(ApplicationFilterChain.java:197)
		at org.apache.catalina.core.ApplicationFilterChain.doFilter(ApplicationFilterChain.java:142)
		at org.apache.tomcat.websocket.server.WsFilter.doFilter(WsFilter.java:51)
		at org.apache.catalina.core.ApplicationFilterChain.internalDoFilter(ApplicationFilterChain.java:166)
		at org.apache.catalina.core.ApplicationFilterChain.doFilter(ApplicationFilterChain.java:142)
		at com.timmy.util.AuthFilter.doFilter(AuthFilter.java:44)
		at org.apache.catalina.core.ApplicationFilterChain.internalDoFilter(ApplicationFilterChain.java:166)
		at org.apache.catalina.core.ApplicationFilterChain.doFilter(ApplicationFilterChain.java:142)
		at org.springframework.web.filter.CharacterEncodingFilter.doFilterInternal(CharacterEncodingFilter.java:88)
		at org.springframework.web.filter.OncePerRequestFilter.doFilter(OncePerRequestFilter.java:108)
		at org.apache.catalina.core.ApplicationFilterChain.internalDoFilter(ApplicationFilterChain.java:166)
		at org.apache.catalina.core.ApplicationFilterChain.doFilter(ApplicationFilterChain.java:142)
		at org.apache.catalina.core.StandardWrapperValve.invoke(StandardWrapperValve.java:166)
		at org.apache.catalina.core.StandardContextValve.invoke(StandardContextValve.java:88)
		at org.apache.catalina.authenticator.AuthenticatorBase.invoke(AuthenticatorBase.java:491)
		at org.apache.catalina.core.StandardHostValve.invoke(StandardHostValve.java:127)
		at org.apache.catalina.valves.ErrorReportValve.invoke(ErrorReportValve.java:83)
		at org.apache.catalina.valves.AbstractAccessLogValve.invoke(AbstractAccessLogValve.java:643)
		at org.apache.catalina.core.StandardEngineValve.invoke(StandardEngineValve.java:72)
		at org.apache.catalina.connector.CoyoteAdapter.service(CoyoteAdapter.java:344)
		at org.apache.coyote.http11.Http11Processor.service(Http11Processor.java:398)
		at org.apache.coyote.AbstractProcessorLight.process(AbstractProcessorLight.java:63)
		at org.apache.coyote.AbstractProtocol$ConnectionHandler.process(AbstractProtocol.java:939)
		at org.apache.tomcat.util.net.NioEndpoint$SocketProcessor.doRun(NioEndpoint.java:1832)
		at org.apache.tomcat.util.net.SocketProcessorBase.run(SocketProcessorBase.java:52)
		at org.apache.tomcat.util.threads.ThreadPoolExecutor.runWorker(ThreadPoolExecutor.java:973)
		at org.apache.tomcat.util.threads.ThreadPoolExecutor$Worker.run(ThreadPoolExecutor.java:491)
		at org.apache.tomcat.util.threads.TaskThread$WrappingRunnable.run(TaskThread.java:63)
		at java.lang.Thread.run(Unknown Source)
05-Apr-2026 10:43:23.841 SEVERE [http-nio-8080-exec-8] org.apache.catalina.core.StandardWrapperValve.invoke Servlet.service() for servlet [dispatcher] in context with path [/demo] threw exception [Handler processing failed; nested exception is java.lang.NoSuchMethodError: com.timmy.controller.AllController$ProfileImagePayload.<init>(Lcom/timmy/controller/AllController$1;)V] with root cause
	java.lang.NoSuchMethodError: com.timmy.controller.AllController$ProfileImagePayload.<init>(Lcom/timmy/controller/AllController$1;)V
		at com.timmy.controller.AllController.loadProfileImagePayloadByEnrollId(AllController.java:2947)
		at com.timmy.controller.AllController.applyProfileImageFallback(AllController.java:2867)
		at com.timmy.controller.AllController.getLatestLogFromDB(AllController.java:2628)
		at sun.reflect.GeneratedMethodAccessor118.invoke(Unknown Source)
		at sun.reflect.DelegatingMethodAccessorImpl.invoke(Unknown Source)
		at java.lang.reflect.Method.invoke(Unknown Source)
		at org.springframework.web.method.support.InvocableHandlerMethod.invoke(InvocableHandlerMethod.java:215)
		at org.springframework.web.method.support.InvocableHandlerMethod.invokeForRequest(InvocableHandlerMethod.java:132)
		at org.springframework.web.servlet.mvc.method.annotation.ServletInvocableHandlerMethod.invokeAndHandle(ServletInvocableHandlerMethod.java:104)
		at org.springframework.web.servlet.mvc.method.annotation.RequestMappingHandlerAdapter.invokeHandleMethod(RequestMappingHandlerAdapter.java:749)
		at org.springframework.web.servlet.mvc.method.annotation.RequestMappingHandlerAdapter.handleInternal(RequestMappingHandlerAdapter.java:690)
		at org.springframework.web.servlet.mvc.method.AbstractHandlerMethodAdapter.handle(AbstractHandlerMethodAdapter.java:83)
		at org.springframework.web.servlet.DispatcherServlet.doDispatch(DispatcherServlet.java:945)
		at org.springframework.web.servlet.DispatcherServlet.doService(DispatcherServlet.java:876)
		at org.springframework.web.servlet.FrameworkServlet.processRequest(FrameworkServlet.java:961)
		at org.springframework.web.servlet.FrameworkServlet.doGet(FrameworkServlet.java:852)
		at javax.servlet.http.HttpServlet.service(HttpServlet.java:529)
		at org.springframework.web.servlet.FrameworkServlet.service(FrameworkServlet.java:837)
		at javax.servlet.http.HttpServlet.service(HttpServlet.java:623)
		at org.apache.catalina.core.ApplicationFilterChain.internalDoFilter(ApplicationFilterChain.java:197)
		at org.apache.catalina.core.ApplicationFilterChain.doFilter(ApplicationFilterChain.java:142)
		at org.apache.tomcat.websocket.server.WsFilter.doFilter(WsFilter.java:51)
		at org.apache.catalina.core.ApplicationFilterChain.internalDoFilter(ApplicationFilterChain.java:166)
		at org.apache.catalina.core.ApplicationFilterChain.doFilter(ApplicationFilterChain.java:142)
		at com.timmy.util.AuthFilter.doFilter(AuthFilter.java:44)
		at org.apache.catalina.core.ApplicationFilterChain.internalDoFilter(ApplicationFilterChain.java:166)
		at org.apache.catalina.core.ApplicationFilterChain.doFilter(ApplicationFilterChain.java:142)
		at org.springframework.web.filter.CharacterEncodingFilter.doFilterInternal(CharacterEncodingFilter.java:88)
		at org.springframework.web.filter.OncePerRequestFilter.doFilter(OncePerRequestFilter.java:108)
		at org.apache.catalina.core.ApplicationFilterChain.internalDoFilter(ApplicationFilterChain.java:166)
		at org.apache.catalina.core.ApplicationFilterChain.doFilter(ApplicationFilterChain.java:142)
		at org.apache.catalina.core.StandardWrapperValve.invoke(StandardWrapperValve.java:166)
		at org.apache.catalina.core.StandardContextValve.invoke(StandardContextValve.java:88)
		at org.apache.catalina.authenticator.AuthenticatorBase.invoke(AuthenticatorBase.java:491)
		at org.apache.catalina.core.StandardHostValve.invoke(StandardHostValve.java:127)
		at org.apache.catalina.valves.ErrorReportValve.invoke(ErrorReportValve.java:83)
		at org.apache.catalina.valves.AbstractAccessLogValve.invoke(AbstractAccessLogValve.java:643)
		at org.apache.catalina.core.StandardEngineValve.invoke(StandardEngineValve.java:72)
		at org.apache.catalina.connector.CoyoteAdapter.service(CoyoteAdapter.java:344)
		at org.apache.coyote.http11.Http11Processor.service(Http11Processor.java:398)
		at org.apache.coyote.AbstractProcessorLight.process(AbstractProcessorLight.java:63)
		at org.apache.coyote.AbstractProtocol$ConnectionHandler.process(AbstractProtocol.java:939)
		at org.apache.tomcat.util.net.NioEndpoint$SocketProcessor.doRun(NioEndpoint.java:1832)
		at org.apache.tomcat.util.net.SocketProcessorBase.run(SocketProcessorBase.java:52)
		at org.apache.tomcat.util.threads.ThreadPoolExecutor.runWorker(ThreadPoolExecutor.java:973)
		at org.apache.tomcat.util.threads.ThreadPoolExecutor$Worker.run(ThreadPoolExecutor.java:491)
		at org.apache.tomcat.util.threads.TaskThread$WrappingRunnable.run(TaskThread.java:63)
		at java.lang.Thread.run(Unknown Source)
05-Apr-2026 10:43:28.839 SEVERE [http-nio-8080-exec-9] org.apache.catalina.core.StandardWrapperValve.invoke Servlet.service() for servlet [dispatcher] in context with path [/demo] threw exception [Handler processing failed; nested exception is java.lang.NoSuchMethodError: com.timmy.controller.AllController$ProfileImagePayload.<init>(Lcom/timmy/controller/AllController$1;)V] with root cause
	java.lang.NoSuchMethodError: com.timmy.controller.AllController$ProfileImagePayload.<init>(Lcom/timmy/controller/AllController$1;)V
		at com.timmy.controller.AllController.loadProfileImagePayloadByEnrollId(AllController.java:2947)
		at com.timmy.controller.AllController.applyProfileImageFallback(AllController.java:2867)
		at com.timmy.controller.AllController.getLatestLogFromDB(AllController.java:2628)
		at sun.reflect.GeneratedMethodAccessor118.invoke(Unknown Source)
		at sun.reflect.DelegatingMethodAccessorImpl.invoke(Unknown Source)
		at java.lang.reflect.Method.invoke(Unknown Source)
		at org.springframework.web.method.support.InvocableHandlerMethod.invoke(InvocableHandlerMethod.java:215)
		at org.springframework.web.method.support.InvocableHandlerMethod.invokeForRequest(InvocableHandlerMethod.java:132)
		at org.springframework.web.servlet.mvc.method.annotation.ServletInvocableHandlerMethod.invokeAndHandle(ServletInvocableHandlerMethod.java:104)
		at org.springframework.web.servlet.mvc.method.annotation.RequestMappingHandlerAdapter.invokeHandleMethod(RequestMappingHandlerAdapter.java:749)
		at org.springframework.web.servlet.mvc.method.annotation.RequestMappingHandlerAdapter.handleInternal(RequestMappingHandlerAdapter.java:690)
		at org.springframework.web.servlet.mvc.method.AbstractHandlerMethodAdapter.handle(AbstractHandlerMethodAdapter.java:83)
		at org.springframework.web.servlet.DispatcherServlet.doDispatch(DispatcherServlet.java:945)
		at org.springframework.web.servlet.DispatcherServlet.doService(DispatcherServlet.java:876)
		at org.springframework.web.servlet.FrameworkServlet.processRequest(FrameworkServlet.java:961)
		at org.springframework.web.servlet.FrameworkServlet.doGet(FrameworkServlet.java:852)
		at javax.servlet.http.HttpServlet.service(HttpServlet.java:529)
		at org.springframework.web.servlet.FrameworkServlet.service(FrameworkServlet.java:837)
		at javax.servlet.http.HttpServlet.service(HttpServlet.java:623)
		at org.apache.catalina.core.ApplicationFilterChain.internalDoFilter(ApplicationFilterChain.java:197)
		at org.apache.catalina.core.ApplicationFilterChain.doFilter(ApplicationFilterChain.java:142)
		at org.apache.tomcat.websocket.server.WsFilter.doFilter(WsFilter.java:51)
		at org.apache.catalina.core.ApplicationFilterChain.internalDoFilter(ApplicationFilterChain.java:166)
		at org.apache.catalina.core.ApplicationFilterChain.doFilter(ApplicationFilterChain.java:142)
		at com.timmy.util.AuthFilter.doFilter(AuthFilter.java:44)
		at org.apache.catalina.core.ApplicationFilterChain.internalDoFilter(ApplicationFilterChain.java:166)
		at org.apache.catalina.core.ApplicationFilterChain.doFilter(ApplicationFilterChain.java:142)
		at org.springframework.web.filter.CharacterEncodingFilter.doFilterInternal(CharacterEncodingFilter.java:88)
		at org.springframework.web.filter.OncePerRequestFilter.doFilter(OncePerRequestFilter.java:108)
		at org.apache.catalina.core.ApplicationFilterChain.internalDoFilter(ApplicationFilterChain.java:166)
		at org.apache.catalina.core.ApplicationFilterChain.doFilter(ApplicationFilterChain.java:142)
		at org.apache.catalina.core.StandardWrapperValve.invoke(StandardWrapperValve.java:166)
		at org.apache.catalina.core.StandardContextValve.invoke(StandardContextValve.java:88)
		at org.apache.catalina.authenticator.AuthenticatorBase.invoke(AuthenticatorBase.java:491)
		at org.apache.catalina.core.StandardHostValve.invoke(StandardHostValve.java:127)
		at org.apache.catalina.valves.ErrorReportValve.invoke(ErrorReportValve.java:83)
		at org.apache.catalina.valves.AbstractAccessLogValve.invoke(AbstractAccessLogValve.java:643)
		at org.apache.catalina.core.StandardEngineValve.invoke(StandardEngineValve.java:72)
		at org.apache.catalina.connector.CoyoteAdapter.service(CoyoteAdapter.java:344)
		at org.apache.coyote.http11.Http11Processor.service(Http11Processor.java:398)
		at org.apache.coyote.AbstractProcessorLight.process(AbstractProcessorLight.java:63)
		at org.apache.coyote.AbstractProtocol$ConnectionHandler.process(AbstractProtocol.java:939)
		at org.apache.tomcat.util.net.NioEndpoint$SocketProcessor.doRun(NioEndpoint.java:1832)
		at org.apache.tomcat.util.net.SocketProcessorBase.run(SocketProcessorBase.java:52)
		at org.apache.tomcat.util.threads.ThreadPoolExecutor.runWorker(ThreadPoolExecutor.java:973)
		at org.apache.tomcat.util.threads.ThreadPoolExecutor$Worker.run(ThreadPoolExecutor.java:491)
		at org.apache.tomcat.util.threads.TaskThread$WrappingRunnable.run(TaskThread.java:63)
		at java.lang.Thread.run(Unknown Source)
05-Apr-2026 10:43:33.840 SEVERE [http-nio-8080-exec-7] org.apache.catalina.core.StandardWrapperValve.invoke Servlet.service() for servlet [dispatcher] in context with path [/demo] threw exception [Handler processing failed; nested exception is java.lang.NoSuchMethodError: com.timmy.controller.AllController$ProfileImagePayload.<init>(Lcom/timmy/controller/AllController$1;)V] with root cause
	java.lang.NoSuchMethodError: com.timmy.controller.AllController$ProfileImagePayload.<init>(Lcom/timmy/controller/AllController$1;)V
		at com.timmy.controller.AllController.loadProfileImagePayloadByEnrollId(AllController.java:2947)
		at com.timmy.controller.AllController.applyProfileImageFallback(AllController.java:2867)
		at com.timmy.controller.AllController.getLatestLogFromDB(AllController.java:2628)
		at sun.reflect.GeneratedMethodAccessor118.invoke(Unknown Source)
		at sun.reflect.DelegatingMethodAccessorImpl.invoke(Unknown Source)
		at java.lang.reflect.Method.invoke(Unknown Source)
		at org.springframework.web.method.support.InvocableHandlerMethod.invoke(InvocableHandlerMethod.java:215)
		at org.springframework.web.method.support.InvocableHandlerMethod.invokeForRequest(InvocableHandlerMethod.java:132)
		at org.springframework.web.servlet.mvc.method.annotation.ServletInvocableHandlerMethod.invokeAndHandle(ServletInvocableHandlerMethod.java:104)
		at org.springframework.web.servlet.mvc.method.annotation.RequestMappingHandlerAdapter.invokeHandleMethod(RequestMappingHandlerAdapter.java:749)
		at org.springframework.web.servlet.mvc.method.annotation.RequestMappingHandlerAdapter.handleInternal(RequestMappingHandlerAdapter.java:690)
		at org.springframework.web.servlet.mvc.method.AbstractHandlerMethodAdapter.handle(AbstractHandlerMethodAdapter.java:83)
		at org.springframework.web.servlet.DispatcherServlet.doDispatch(DispatcherServlet.java:945)
		at org.springframework.web.servlet.DispatcherServlet.doService(DispatcherServlet.java:876)
		at org.springframework.web.servlet.FrameworkServlet.processRequest(FrameworkServlet.java:961)
		at org.springframework.web.servlet.FrameworkServlet.doGet(FrameworkServlet.java:852)
		at javax.servlet.http.HttpServlet.service(HttpServlet.java:529)
		at org.springframework.web.servlet.FrameworkServlet.service(FrameworkServlet.java:837)
		at javax.servlet.http.HttpServlet.service(HttpServlet.java:623)
		at org.apache.catalina.core.ApplicationFilterChain.internalDoFilter(ApplicationFilterChain.java:197)
		at org.apache.catalina.core.ApplicationFilterChain.doFilter(ApplicationFilterChain.java:142)
		at org.apache.tomcat.websocket.server.WsFilter.doFilter(WsFilter.java:51)
		at org.apache.catalina.core.ApplicationFilterChain.internalDoFilter(ApplicationFilterChain.java:166)
		at org.apache.catalina.core.ApplicationFilterChain.doFilter(ApplicationFilterChain.java:142)
		at com.timmy.util.AuthFilter.doFilter(AuthFilter.java:44)
		at org.apache.catalina.core.ApplicationFilterChain.internalDoFilter(ApplicationFilterChain.java:166)
		at org.apache.catalina.core.ApplicationFilterChain.doFilter(ApplicationFilterChain.java:142)
		at org.springframework.web.filter.CharacterEncodingFilter.doFilterInternal(CharacterEncodingFilter.java:88)
		at org.springframework.web.filter.OncePerRequestFilter.doFilter(OncePerRequestFilter.java:108)
		at org.apache.catalina.core.ApplicationFilterChain.internalDoFilter(ApplicationFilterChain.java:166)
		at org.apache.catalina.core.ApplicationFilterChain.doFilter(ApplicationFilterChain.java:142)
		at org.apache.catalina.core.StandardWrapperValve.invoke(StandardWrapperValve.java:166)
		at org.apache.catalina.core.StandardContextValve.invoke(StandardContextValve.java:88)
		at org.apache.catalina.authenticator.AuthenticatorBase.invoke(AuthenticatorBase.java:491)
		at org.apache.catalina.core.StandardHostValve.invoke(StandardHostValve.java:127)
		at org.apache.catalina.valves.ErrorReportValve.invoke(ErrorReportValve.java:83)
		at org.apache.catalina.valves.AbstractAccessLogValve.invoke(AbstractAccessLogValve.java:643)
		at org.apache.catalina.core.StandardEngineValve.invoke(StandardEngineValve.java:72)
		at org.apache.catalina.connector.CoyoteAdapter.service(CoyoteAdapter.java:344)
		at org.apache.coyote.http11.Http11Processor.service(Http11Processor.java:398)
		at org.apache.coyote.AbstractProcessorLight.process(AbstractProcessorLight.java:63)
		at org.apache.coyote.AbstractProtocol$ConnectionHandler.process(AbstractProtocol.java:939)
		at org.apache.tomcat.util.net.NioEndpoint$SocketProcessor.doRun(NioEndpoint.java:1832)
		at org.apache.tomcat.util.net.SocketProcessorBase.run(SocketProcessorBase.java:52)
		at org.apache.tomcat.util.threads.ThreadPoolExecutor.runWorker(ThreadPoolExecutor.java:973)
		at org.apache.tomcat.util.threads.ThreadPoolExecutor$Worker.run(ThreadPoolExecutor.java:491)
		at org.apache.tomcat.util.threads.TaskThread$WrappingRunnable.run(TaskThread.java:63)
		at java.lang.Thread.run(Unknown Source)
05-Apr-2026 10:43:38.845 SEVERE [http-nio-8080-exec-1] org.apache.catalina.core.StandardWrapperValve.invoke Servlet.service() for servlet [dispatcher] in context with path [/demo] threw exception [Handler processing failed; nested exception is java.lang.NoSuchMethodError: com.timmy.controller.AllController$ProfileImagePayload.<init>(Lcom/timmy/controller/AllController$1;)V] with root cause
	java.lang.NoSuchMethodError: com.timmy.controller.AllController$ProfileImagePayload.<init>(Lcom/timmy/controller/AllController$1;)V
		at com.timmy.controller.AllController.loadProfileImagePayloadByEnrollId(AllController.java:2947)
		at com.timmy.controller.AllController.applyProfileImageFallback(AllController.java:2867)
		at com.timmy.controller.AllController.getLatestLogFromDB(AllController.java:2628)
		at sun.reflect.GeneratedMethodAccessor118.invoke(Unknown Source)
		at sun.reflect.DelegatingMethodAccessorImpl.invoke(Unknown Source)
		at java.lang.reflect.Method.invoke(Unknown Source)
		at org.springframework.web.method.support.InvocableHandlerMethod.invoke(InvocableHandlerMethod.java:215)
		at org.springframework.web.method.support.InvocableHandlerMethod.invokeForRequest(InvocableHandlerMethod.java:132)
		at org.springframework.web.servlet.mvc.method.annotation.ServletInvocableHandlerMethod.invokeAndHandle(ServletInvocableHandlerMethod.java:104)
		at org.springframework.web.servlet.mvc.method.annotation.RequestMappingHandlerAdapter.invokeHandleMethod(RequestMappingHandlerAdapter.java:749)
		at org.springframework.web.servlet.mvc.method.annotation.RequestMappingHandlerAdapter.handleInternal(RequestMappingHandlerAdapter.java:690)
		at org.springframework.web.servlet.mvc.method.AbstractHandlerMethodAdapter.handle(AbstractHandlerMethodAdapter.java:83)
		at org.springframework.web.servlet.DispatcherServlet.doDispatch(DispatcherServlet.java:945)
		at org.springframework.web.servlet.DispatcherServlet.doService(DispatcherServlet.java:876)
		at org.springframework.web.servlet.FrameworkServlet.processRequest(FrameworkServlet.java:961)
		at org.springframework.web.servlet.FrameworkServlet.doGet(FrameworkServlet.java:852)
		at javax.servlet.http.HttpServlet.service(HttpServlet.java:529)
		at org.springframework.web.servlet.FrameworkServlet.service(FrameworkServlet.java:837)
		at javax.servlet.http.HttpServlet.service(HttpServlet.java:623)
		at org.apache.catalina.core.ApplicationFilterChain.internalDoFilter(ApplicationFilterChain.java:197)
		at org.apache.catalina.core.ApplicationFilterChain.doFilter(ApplicationFilterChain.java:142)
		at org.apache.tomcat.websocket.server.WsFilter.doFilter(WsFilter.java:51)
		at org.apache.catalina.core.ApplicationFilterChain.internalDoFilter(ApplicationFilterChain.java:166)
		at org.apache.catalina.core.ApplicationFilterChain.doFilter(ApplicationFilterChain.java:142)
		at com.timmy.util.AuthFilter.doFilter(AuthFilter.java:44)
		at org.apache.catalina.core.ApplicationFilterChain.internalDoFilter(ApplicationFilterChain.java:166)
		at org.apache.catalina.core.ApplicationFilterChain.doFilter(ApplicationFilterChain.java:142)
		at org.springframework.web.filter.CharacterEncodingFilter.doFilterInternal(CharacterEncodingFilter.java:88)
		at org.springframework.web.filter.OncePerRequestFilter.doFilter(OncePerRequestFilter.java:108)
		at org.apache.catalina.core.ApplicationFilterChain.internalDoFilter(ApplicationFilterChain.java:166)
		at org.apache.catalina.core.ApplicationFilterChain.doFilter(ApplicationFilterChain.java:142)
		at org.apache.catalina.core.StandardWrapperValve.invoke(StandardWrapperValve.java:166)
		at org.apache.catalina.core.StandardContextValve.invoke(StandardContextValve.java:88)
		at org.apache.catalina.authenticator.AuthenticatorBase.invoke(AuthenticatorBase.java:491)
		at org.apache.catalina.core.StandardHostValve.invoke(StandardHostValve.java:127)
		at org.apache.catalina.valves.ErrorReportValve.invoke(ErrorReportValve.java:83)
		at org.apache.catalina.valves.AbstractAccessLogValve.invoke(AbstractAccessLogValve.java:643)
		at org.apache.catalina.core.StandardEngineValve.invoke(StandardEngineValve.java:72)
		at org.apache.catalina.connector.CoyoteAdapter.service(CoyoteAdapter.java:344)
		at org.apache.coyote.http11.Http11Processor.service(Http11Processor.java:398)
		at org.apache.coyote.AbstractProcessorLight.process(AbstractProcessorLight.java:63)
		at org.apache.coyote.AbstractProtocol$ConnectionHandler.process(AbstractProtocol.java:939)
		at org.apache.tomcat.util.net.NioEndpoint$SocketProcessor.doRun(NioEndpoint.java:1832)
		at org.apache.tomcat.util.net.SocketProcessorBase.run(SocketProcessorBase.java:52)
		at org.apache.tomcat.util.threads.ThreadPoolExecutor.runWorker(ThreadPoolExecutor.java:973)
		at org.apache.tomcat.util.threads.ThreadPoolExecutor$Worker.run(ThreadPoolExecutor.java:491)
		at org.apache.tomcat.util.threads.TaskThread$WrappingRunnable.run(TaskThread.java:63)
		at java.lang.Thread.run(Unknown Source)
05-Apr-2026 10:43:43.842 SEVERE [http-nio-8080-exec-6] org.apache.catalina.core.StandardWrapperValve.invoke Servlet.service() for servlet [dispatcher] in context with path [/demo] threw exception [Handler processing failed; nested exception is java.lang.NoSuchMethodError: com.timmy.controller.AllController$ProfileImagePayload.<init>(Lcom/timmy/controller/AllController$1;)V] with root cause
	java.lang.NoSuchMethodError: com.timmy.controller.AllController$ProfileImagePayload.<init>(Lcom/timmy/controller/AllController$1;)V
		at com.timmy.controller.AllController.loadProfileImagePayloadByEnrollId(AllController.java:2947)
		at com.timmy.controller.AllController.applyProfileImageFallback(AllController.java:2867)
		at com.timmy.controller.AllController.getLatestLogFromDB(AllController.java:2628)
		at sun.reflect.GeneratedMethodAccessor118.invoke(Unknown Source)
		at sun.reflect.DelegatingMethodAccessorImpl.invoke(Unknown Source)
		at java.lang.reflect.Method.invoke(Unknown Source)
		at org.springframework.web.method.support.InvocableHandlerMethod.invoke(InvocableHandlerMethod.java:215)
		at org.springframework.web.method.support.InvocableHandlerMethod.invokeForRequest(InvocableHandlerMethod.java:132)
		at org.springframework.web.servlet.mvc.method.annotation.ServletInvocableHandlerMethod.invokeAndHandle(ServletInvocableHandlerMethod.java:104)
		at org.springframework.web.servlet.mvc.method.annotation.RequestMappingHandlerAdapter.invokeHandleMethod(RequestMappingHandlerAdapter.java:749)
		at org.springframework.web.servlet.mvc.method.annotation.RequestMappingHandlerAdapter.handleInternal(RequestMappingHandlerAdapter.java:690)
		at org.springframework.web.servlet.mvc.method.AbstractHandlerMethodAdapter.handle(AbstractHandlerMethodAdapter.java:83)
		at org.springframework.web.servlet.DispatcherServlet.doDispatch(DispatcherServlet.java:945)
		at org.springframework.web.servlet.DispatcherServlet.doService(DispatcherServlet.java:876)
		at org.springframework.web.servlet.FrameworkServlet.processRequest(FrameworkServlet.java:961)
		at org.springframework.web.servlet.FrameworkServlet.doGet(FrameworkServlet.java:852)
		at javax.servlet.http.HttpServlet.service(HttpServlet.java:529)
		at org.springframework.web.servlet.FrameworkServlet.service(FrameworkServlet.java:837)
		at javax.servlet.http.HttpServlet.service(HttpServlet.java:623)
		at org.apache.catalina.core.ApplicationFilterChain.internalDoFilter(ApplicationFilterChain.java:197)
		at org.apache.catalina.core.ApplicationFilterChain.doFilter(ApplicationFilterChain.java:142)
		at org.apache.tomcat.websocket.server.WsFilter.doFilter(WsFilter.java:51)
		at org.apache.catalina.core.ApplicationFilterChain.internalDoFilter(ApplicationFilterChain.java:166)
		at org.apache.catalina.core.ApplicationFilterChain.doFilter(ApplicationFilterChain.java:142)
		at com.timmy.util.AuthFilter.doFilter(AuthFilter.java:44)
		at org.apache.catalina.core.ApplicationFilterChain.internalDoFilter(ApplicationFilterChain.java:166)
		at org.apache.catalina.core.ApplicationFilterChain.doFilter(ApplicationFilterChain.java:142)
		at org.springframework.web.filter.CharacterEncodingFilter.doFilterInternal(CharacterEncodingFilter.java:88)
		at org.springframework.web.filter.OncePerRequestFilter.doFilter(OncePerRequestFilter.java:108)
		at org.apache.catalina.core.ApplicationFilterChain.internalDoFilter(ApplicationFilterChain.java:166)
		at org.apache.catalina.core.ApplicationFilterChain.doFilter(ApplicationFilterChain.java:142)
		at org.apache.catalina.core.StandardWrapperValve.invoke(StandardWrapperValve.java:166)
		at org.apache.catalina.core.StandardContextValve.invoke(StandardContextValve.java:88)
		at org.apache.catalina.authenticator.AuthenticatorBase.invoke(AuthenticatorBase.java:491)
		at org.apache.catalina.core.StandardHostValve.invoke(StandardHostValve.java:127)
		at org.apache.catalina.valves.ErrorReportValve.invoke(ErrorReportValve.java:83)
		at org.apache.catalina.valves.AbstractAccessLogValve.invoke(AbstractAccessLogValve.java:643)
		at org.apache.catalina.core.StandardEngineValve.invoke(StandardEngineValve.java:72)
		at org.apache.catalina.connector.CoyoteAdapter.service(CoyoteAdapter.java:344)
		at org.apache.coyote.http11.Http11Processor.service(Http11Processor.java:398)
		at org.apache.coyote.AbstractProcessorLight.process(AbstractProcessorLight.java:63)
		at org.apache.coyote.AbstractProtocol$ConnectionHandler.process(AbstractProtocol.java:939)
		at org.apache.tomcat.util.net.NioEndpoint$SocketProcessor.doRun(NioEndpoint.java:1832)
		at org.apache.tomcat.util.net.SocketProcessorBase.run(SocketProcessorBase.java:52)
		at org.apache.tomcat.util.threads.ThreadPoolExecutor.runWorker(ThreadPoolExecutor.java:973)
		at org.apache.tomcat.util.threads.ThreadPoolExecutor$Worker.run(ThreadPoolExecutor.java:491)
		at org.apache.tomcat.util.threads.TaskThread$WrappingRunnable.run(TaskThread.java:63)
		at java.lang.Thread.run(Unknown Source)
05-Apr-2026 10:43:48.846 SEVERE [http-nio-8080-exec-5] org.apache.catalina.core.StandardWrapperValve.invoke Servlet.service() for servlet [dispatcher] in context with path [/demo] threw exception [Handler processing failed; nested exception is java.lang.NoSuchMethodError: com.timmy.controller.AllController$ProfileImagePayload.<init>(Lcom/timmy/controller/AllController$1;)V] with root cause
	java.lang.NoSuchMethodError: com.timmy.controller.AllController$ProfileImagePayload.<init>(Lcom/timmy/controller/AllController$1;)V
		at com.timmy.controller.AllController.loadProfileImagePayloadByEnrollId(AllController.java:2947)
		at com.timmy.controller.AllController.applyProfileImageFallback(AllController.java:2867)
		at com.timmy.controller.AllController.getLatestLogFromDB(AllController.java:2628)
		at sun.reflect.GeneratedMethodAccessor118.invoke(Unknown Source)
		at sun.reflect.DelegatingMethodAccessorImpl.invoke(Unknown Source)
		at java.lang.reflect.Method.invoke(Unknown Source)
		at org.springframework.web.method.support.InvocableHandlerMethod.invoke(InvocableHandlerMethod.java:215)
		at org.springframework.web.method.support.InvocableHandlerMethod.invokeForRequest(InvocableHandlerMethod.java:132)
		at org.springframework.web.servlet.mvc.method.annotation.ServletInvocableHandlerMethod.invokeAndHandle(ServletInvocableHandlerMethod.java:104)
		at org.springframework.web.servlet.mvc.method.annotation.RequestMappingHandlerAdapter.invokeHandleMethod(RequestMappingHandlerAdapter.java:749)
		at org.springframework.web.servlet.mvc.method.annotation.RequestMappingHandlerAdapter.handleInternal(RequestMappingHandlerAdapter.java:690)
		at org.springframework.web.servlet.mvc.method.AbstractHandlerMethodAdapter.handle(AbstractHandlerMethodAdapter.java:83)
		at org.springframework.web.servlet.DispatcherServlet.doDispatch(DispatcherServlet.java:945)
		at org.springframework.web.servlet.DispatcherServlet.doService(DispatcherServlet.java:876)
		at org.springframework.web.servlet.FrameworkServlet.processRequest(FrameworkServlet.java:961)
		at org.springframework.web.servlet.FrameworkServlet.doGet(FrameworkServlet.java:852)
		at javax.servlet.http.HttpServlet.service(HttpServlet.java:529)
		at org.springframework.web.servlet.FrameworkServlet.service(FrameworkServlet.java:837)
		at javax.servlet.http.HttpServlet.service(HttpServlet.java:623)
		at org.apache.catalina.core.ApplicationFilterChain.internalDoFilter(ApplicationFilterChain.java:197)
		at org.apache.catalina.core.ApplicationFilterChain.doFilter(ApplicationFilterChain.java:142)
		at org.apache.tomcat.websocket.server.WsFilter.doFilter(WsFilter.java:51)
		at org.apache.catalina.core.ApplicationFilterChain.internalDoFilter(ApplicationFilterChain.java:166)
		at org.apache.catalina.core.ApplicationFilterChain.doFilter(ApplicationFilterChain.java:142)
		at com.timmy.util.AuthFilter.doFilter(AuthFilter.java:44)
		at org.apache.catalina.core.ApplicationFilterChain.internalDoFilter(ApplicationFilterChain.java:166)
		at org.apache.catalina.core.ApplicationFilterChain.doFilter(ApplicationFilterChain.java:142)
		at org.springframework.web.filter.CharacterEncodingFilter.doFilterInternal(CharacterEncodingFilter.java:88)
		at org.springframework.web.filter.OncePerRequestFilter.doFilter(OncePerRequestFilter.java:108)
		at org.apache.catalina.core.ApplicationFilterChain.internalDoFilter(ApplicationFilterChain.java:166)
		at org.apache.catalina.core.ApplicationFilterChain.doFilter(ApplicationFilterChain.java:142)
		at org.apache.catalina.core.StandardWrapperValve.invoke(StandardWrapperValve.java:166)
		at org.apache.catalina.core.StandardContextValve.invoke(StandardContextValve.java:88)
		at org.apache.catalina.authenticator.AuthenticatorBase.invoke(AuthenticatorBase.java:491)
		at org.apache.catalina.core.StandardHostValve.invoke(StandardHostValve.java:127)
		at org.apache.catalina.valves.ErrorReportValve.invoke(ErrorReportValve.java:83)
		at org.apache.catalina.valves.AbstractAccessLogValve.invoke(AbstractAccessLogValve.java:643)
		at org.apache.catalina.core.StandardEngineValve.invoke(StandardEngineValve.java:72)
		at org.apache.catalina.connector.CoyoteAdapter.service(CoyoteAdapter.java:344)
		at org.apache.coyote.http11.Http11Processor.service(Http11Processor.java:398)
		at org.apache.coyote.AbstractProcessorLight.process(AbstractProcessorLight.java:63)
		at org.apache.coyote.AbstractProtocol$ConnectionHandler.process(AbstractProtocol.java:939)
		at org.apache.tomcat.util.net.NioEndpoint$SocketProcessor.doRun(NioEndpoint.java:1832)
		at org.apache.tomcat.util.net.SocketProcessorBase.run(SocketProcessorBase.java:52)
		at org.apache.tomcat.util.threads.ThreadPoolExecutor.runWorker(ThreadPoolExecutor.java:973)
		at org.apache.tomcat.util.threads.ThreadPoolExecutor$Worker.run(ThreadPoolExecutor.java:491)
		at org.apache.tomcat.util.threads.TaskThread$WrappingRunnable.run(TaskThread.java:63)
		at java.lang.Thread.run(Unknown Source)
05-Apr-2026 10:43:53.842 SEVERE [http-nio-8080-exec-10] org.apache.catalina.core.StandardWrapperValve.invoke Servlet.service() for servlet [dispatcher] in context with path [/demo] threw exception [Handler processing failed; nested exception is java.lang.NoSuchMethodError: com.timmy.controller.AllController$ProfileImagePayload.<init>(Lcom/timmy/controller/AllController$1;)V] with root cause
	java.lang.NoSuchMethodError: com.timmy.controller.AllController$ProfileImagePayload.<init>(Lcom/timmy/controller/AllController$1;)V
		at com.timmy.controller.AllController.loadProfileImagePayloadByEnrollId(AllController.java:2947)
		at com.timmy.controller.AllController.applyProfileImageFallback(AllController.java:2867)
		at com.timmy.controller.AllController.getLatestLogFromDB(AllController.java:2628)
		at sun.reflect.GeneratedMethodAccessor118.invoke(Unknown Source)
		at sun.reflect.DelegatingMethodAccessorImpl.invoke(Unknown Source)
		at java.lang.reflect.Method.invoke(Unknown Source)
		at org.springframework.web.method.support.InvocableHandlerMethod.invoke(InvocableHandlerMethod.java:215)
		at org.springframework.web.method.support.InvocableHandlerMethod.invokeForRequest(InvocableHandlerMethod.java:132)
		at org.springframework.web.servlet.mvc.method.annotation.ServletInvocableHandlerMethod.invokeAndHandle(ServletInvocableHandlerMethod.java:104)
		at org.springframework.web.servlet.mvc.method.annotation.RequestMappingHandlerAdapter.invokeHandleMethod(RequestMappingHandlerAdapter.java:749)
		at org.springframework.web.servlet.mvc.method.annotation.RequestMappingHandlerAdapter.handleInternal(RequestMappingHandlerAdapter.java:690)
		at org.springframework.web.servlet.mvc.method.AbstractHandlerMethodAdapter.handle(AbstractHandlerMethodAdapter.java:83)
		at org.springframework.web.servlet.DispatcherServlet.doDispatch(DispatcherServlet.java:945)
		at org.springframework.web.servlet.DispatcherServlet.doService(DispatcherServlet.java:876)
		at org.springframework.web.servlet.FrameworkServlet.processRequest(FrameworkServlet.java:961)
		at org.springframework.web.servlet.FrameworkServlet.doGet(FrameworkServlet.java:852)
		at javax.servlet.http.HttpServlet.service(HttpServlet.java:529)
		at org.springframework.web.servlet.FrameworkServlet.service(FrameworkServlet.java:837)
		at javax.servlet.http.HttpServlet.service(HttpServlet.java:623)
		at org.apache.catalina.core.ApplicationFilterChain.internalDoFilter(ApplicationFilterChain.java:197)
		at org.apache.catalina.core.ApplicationFilterChain.doFilter(ApplicationFilterChain.java:142)
		at org.apache.tomcat.websocket.server.WsFilter.doFilter(WsFilter.java:51)
		at org.apache.catalina.core.ApplicationFilterChain.internalDoFilter(ApplicationFilterChain.java:166)
		at org.apache.catalina.core.ApplicationFilterChain.doFilter(ApplicationFilterChain.java:142)
		at com.timmy.util.AuthFilter.doFilter(AuthFilter.java:44)
		at org.apache.catalina.core.ApplicationFilterChain.internalDoFilter(ApplicationFilterChain.java:166)
		at org.apache.catalina.core.ApplicationFilterChain.doFilter(ApplicationFilterChain.java:142)
		at org.springframework.web.filter.CharacterEncodingFilter.doFilterInternal(CharacterEncodingFilter.java:88)
		at org.springframework.web.filter.OncePerRequestFilter.doFilter(OncePerRequestFilter.java:108)
		at org.apache.catalina.core.ApplicationFilterChain.internalDoFilter(ApplicationFilterChain.java:166)
		at org.apache.catalina.core.ApplicationFilterChain.doFilter(ApplicationFilterChain.java:142)
		at org.apache.catalina.core.StandardWrapperValve.invoke(StandardWrapperValve.java:166)
		at org.apache.catalina.core.StandardContextValve.invoke(StandardContextValve.java:88)
		at org.apache.catalina.authenticator.AuthenticatorBase.invoke(AuthenticatorBase.java:491)
		at org.apache.catalina.core.StandardHostValve.invoke(StandardHostValve.java:127)
		at org.apache.catalina.valves.ErrorReportValve.invoke(ErrorReportValve.java:83)
		at org.apache.catalina.valves.AbstractAccessLogValve.invoke(AbstractAccessLogValve.java:643)
		at org.apache.catalina.core.StandardEngineValve.invoke(StandardEngineValve.java:72)
		at org.apache.catalina.connector.CoyoteAdapter.service(CoyoteAdapter.java:344)
		at org.apache.coyote.http11.Http11Processor.service(Http11Processor.java:398)
		at org.apache.coyote.AbstractProcessorLight.process(AbstractProcessorLight.java:63)
		at org.apache.coyote.AbstractProtocol$ConnectionHandler.process(AbstractProtocol.java:939)
		at org.apache.tomcat.util.net.NioEndpoint$SocketProcessor.doRun(NioEndpoint.java:1832)
		at org.apache.tomcat.util.net.SocketProcessorBase.run(SocketProcessorBase.java:52)
		at org.apache.tomcat.util.threads.ThreadPoolExecutor.runWorker(ThreadPoolExecutor.java:973)
		at org.apache.tomcat.util.threads.ThreadPoolExecutor$Worker.run(ThreadPoolExecutor.java:491)
		at org.apache.tomcat.util.threads.TaskThread$WrappingRunnable.run(TaskThread.java:63)
		at java.lang.Thread.run(Unknown Source)
05-Apr-2026 10:43:58.841 SEVERE [http-nio-8080-exec-2] org.apache.catalina.core.StandardWrapperValve.invoke Servlet.service() for servlet [dispatcher] in context with path [/demo] threw exception [Handler processing failed; nested exception is java.lang.NoSuchMethodError: com.timmy.controller.AllController$ProfileImagePayload.<init>(Lcom/timmy/controller/AllController$1;)V] with root cause
	java.lang.NoSuchMethodError: com.timmy.controller.AllController$ProfileImagePayload.<init>(Lcom/timmy/controller/AllController$1;)V
		at com.timmy.controller.AllController.loadProfileImagePayloadByEnrollId(AllController.java:2947)
		at com.timmy.controller.AllController.applyProfileImageFallback(AllController.java:2867)
		at com.timmy.controller.AllController.getLatestLogFromDB(AllController.java:2628)
		at sun.reflect.GeneratedMethodAccessor118.invoke(Unknown Source)
		at sun.reflect.DelegatingMethodAccessorImpl.invoke(Unknown Source)
		at java.lang.reflect.Method.invoke(Unknown Source)
		at org.springframework.web.method.support.InvocableHandlerMethod.invoke(InvocableHandlerMethod.java:215)
		at org.springframework.web.method.support.InvocableHandlerMethod.invokeForRequest(InvocableHandlerMethod.java:132)
		at org.springframework.web.servlet.mvc.method.annotation.ServletInvocableHandlerMethod.invokeAndHandle(ServletInvocableHandlerMethod.java:104)
		at org.springframework.web.servlet.mvc.method.annotation.RequestMappingHandlerAdapter.invokeHandleMethod(RequestMappingHandlerAdapter.java:749)
		at org.springframework.web.servlet.mvc.method.annotation.RequestMappingHandlerAdapter.handleInternal(RequestMappingHandlerAdapter.java:690)
		at org.springframework.web.servlet.mvc.method.AbstractHandlerMethodAdapter.handle(AbstractHandlerMethodAdapter.java:83)
		at org.springframework.web.servlet.DispatcherServlet.doDispatch(DispatcherServlet.java:945)
		at org.springframework.web.servlet.DispatcherServlet.doService(DispatcherServlet.java:876)
		at org.springframework.web.servlet.FrameworkServlet.processRequest(FrameworkServlet.java:961)
		at org.springframework.web.servlet.FrameworkServlet.doGet(FrameworkServlet.java:852)
		at javax.servlet.http.HttpServlet.service(HttpServlet.java:529)
		at org.springframework.web.servlet.FrameworkServlet.service(FrameworkServlet.java:837)
		at javax.servlet.http.HttpServlet.service(HttpServlet.java:623)
		at org.apache.catalina.core.ApplicationFilterChain.internalDoFilter(ApplicationFilterChain.java:197)
		at org.apache.catalina.core.ApplicationFilterChain.doFilter(ApplicationFilterChain.java:142)
		at org.apache.tomcat.websocket.server.WsFilter.doFilter(WsFilter.java:51)
		at org.apache.catalina.core.ApplicationFilterChain.internalDoFilter(ApplicationFilterChain.java:166)
		at org.apache.catalina.core.ApplicationFilterChain.doFilter(ApplicationFilterChain.java:142)
		at com.timmy.util.AuthFilter.doFilter(AuthFilter.java:44)
		at org.apache.catalina.core.ApplicationFilterChain.internalDoFilter(ApplicationFilterChain.java:166)
		at org.apache.catalina.core.ApplicationFilterChain.doFilter(ApplicationFilterChain.java:142)
		at org.springframework.web.filter.CharacterEncodingFilter.doFilterInternal(CharacterEncodingFilter.java:88)
		at org.springframework.web.filter.OncePerRequestFilter.doFilter(OncePerRequestFilter.java:108)
		at org.apache.catalina.core.ApplicationFilterChain.internalDoFilter(ApplicationFilterChain.java:166)
		at org.apache.catalina.core.ApplicationFilterChain.doFilter(ApplicationFilterChain.java:142)
		at org.apache.catalina.core.StandardWrapperValve.invoke(StandardWrapperValve.java:166)
		at org.apache.catalina.core.StandardContextValve.invoke(StandardContextValve.java:88)
		at org.apache.catalina.authenticator.AuthenticatorBase.invoke(AuthenticatorBase.java:491)
		at org.apache.catalina.core.StandardHostValve.invoke(StandardHostValve.java:127)
		at org.apache.catalina.valves.ErrorReportValve.invoke(ErrorReportValve.java:83)
		at org.apache.catalina.valves.AbstractAccessLogValve.invoke(AbstractAccessLogValve.java:643)
		at org.apache.catalina.core.StandardEngineValve.invoke(StandardEngineValve.java:72)
		at org.apache.catalina.connector.CoyoteAdapter.service(CoyoteAdapter.java:344)
		at org.apache.coyote.http11.Http11Processor.service(Http11Processor.java:398)
		at org.apache.coyote.AbstractProcessorLight.process(AbstractProcessorLight.java:63)
		at org.apache.coyote.AbstractProtocol$ConnectionHandler.process(AbstractProtocol.java:939)
		at org.apache.tomcat.util.net.NioEndpoint$SocketProcessor.doRun(NioEndpoint.java:1832)
		at org.apache.tomcat.util.net.SocketProcessorBase.run(SocketProcessorBase.java:52)
		at org.apache.tomcat.util.threads.ThreadPoolExecutor.runWorker(ThreadPoolExecutor.java:973)
		at org.apache.tomcat.util.threads.ThreadPoolExecutor$Worker.run(ThreadPoolExecutor.java:491)
		at org.apache.tomcat.util.threads.TaskThread$WrappingRunnable.run(TaskThread.java:63)
		at java.lang.Thread.run(Unknown Source)
05-Apr-2026 10:44:03.836 SEVERE [http-nio-8080-exec-4] org.apache.catalina.core.StandardWrapperValve.invoke Servlet.service() for servlet [dispatcher] in context with path [/demo] threw exception [Handler processing failed; nested exception is java.lang.NoSuchMethodError: com.timmy.controller.AllController$ProfileImagePayload.<init>(Lcom/timmy/controller/AllController$1;)V] with root cause
	java.lang.NoSuchMethodError: com.timmy.controller.AllController$ProfileImagePayload.<init>(Lcom/timmy/controller/AllController$1;)V
		at com.timmy.controller.AllController.loadProfileImagePayloadByEnrollId(AllController.java:2947)
		at com.timmy.controller.AllController.applyProfileImageFallback(AllController.java:2867)
		at com.timmy.controller.AllController.getLatestLogFromDB(AllController.java:2628)
		at sun.reflect.GeneratedMethodAccessor118.invoke(Unknown Source)
		at sun.reflect.DelegatingMethodAccessorImpl.invoke(Unknown Source)
		at java.lang.reflect.Method.invoke(Unknown Source)
		at org.springframework.web.method.support.InvocableHandlerMethod.invoke(InvocableHandlerMethod.java:215)
		at org.springframework.web.method.support.InvocableHandlerMethod.invokeForRequest(InvocableHandlerMethod.java:132)
		at org.springframework.web.servlet.mvc.method.annotation.ServletInvocableHandlerMethod.invokeAndHandle(ServletInvocableHandlerMethod.java:104)
		at org.springframework.web.servlet.mvc.method.annotation.RequestMappingHandlerAdapter.invokeHandleMethod(RequestMappingHandlerAdapter.java:749)
		at org.springframework.web.servlet.mvc.method.annotation.RequestMappingHandlerAdapter.handleInternal(RequestMappingHandlerAdapter.java:690)
		at org.springframework.web.servlet.mvc.method.AbstractHandlerMethodAdapter.handle(AbstractHandlerMethodAdapter.java:83)
		at org.springframework.web.servlet.DispatcherServlet.doDispatch(DispatcherServlet.java:945)
		at org.springframework.web.servlet.DispatcherServlet.doService(DispatcherServlet.java:876)
		at org.springframework.web.servlet.FrameworkServlet.processRequest(FrameworkServlet.java:961)
		at org.springframework.web.servlet.FrameworkServlet.doGet(FrameworkServlet.java:852)
		at javax.servlet.http.HttpServlet.service(HttpServlet.java:529)
		at org.springframework.web.servlet.FrameworkServlet.service(FrameworkServlet.java:837)
		at javax.servlet.http.HttpServlet.service(HttpServlet.java:623)
		at org.apache.catalina.core.ApplicationFilterChain.internalDoFilter(ApplicationFilterChain.java:197)
		at org.apache.catalina.core.ApplicationFilterChain.doFilter(ApplicationFilterChain.java:142)
		at org.apache.tomcat.websocket.server.WsFilter.doFilter(WsFilter.java:51)
		at org.apache.catalina.core.ApplicationFilterChain.internalDoFilter(ApplicationFilterChain.java:166)
		at org.apache.catalina.core.ApplicationFilterChain.doFilter(ApplicationFilterChain.java:142)
		at com.timmy.util.AuthFilter.doFilter(AuthFilter.java:44)
		at org.apache.catalina.core.ApplicationFilterChain.internalDoFilter(ApplicationFilterChain.java:166)
		at org.apache.catalina.core.ApplicationFilterChain.doFilter(ApplicationFilterChain.java:142)
		at org.springframework.web.filter.CharacterEncodingFilter.doFilterInternal(CharacterEncodingFilter.java:88)
		at org.springframework.web.filter.OncePerRequestFilter.doFilter(OncePerRequestFilter.java:108)
		at org.apache.catalina.core.ApplicationFilterChain.internalDoFilter(ApplicationFilterChain.java:166)
		at org.apache.catalina.core.ApplicationFilterChain.doFilter(ApplicationFilterChain.java:142)
		at org.apache.catalina.core.StandardWrapperValve.invoke(StandardWrapperValve.java:166)
		at org.apache.catalina.core.StandardContextValve.invoke(StandardContextValve.java:88)
		at org.apache.catalina.authenticator.AuthenticatorBase.invoke(AuthenticatorBase.java:491)
		at org.apache.catalina.core.StandardHostValve.invoke(StandardHostValve.java:127)
		at org.apache.catalina.valves.ErrorReportValve.invoke(ErrorReportValve.java:83)
		at org.apache.catalina.valves.AbstractAccessLogValve.invoke(AbstractAccessLogValve.java:643)
		at org.apache.catalina.core.StandardEngineValve.invoke(StandardEngineValve.java:72)
		at org.apache.catalina.connector.CoyoteAdapter.service(CoyoteAdapter.java:344)
		at org.apache.coyote.http11.Http11Processor.service(Http11Processor.java:398)
		at org.apache.coyote.AbstractProcessorLight.process(AbstractProcessorLight.java:63)
		at org.apache.coyote.AbstractProtocol$ConnectionHandler.process(AbstractProtocol.java:939)
		at org.apache.tomcat.util.net.NioEndpoint$SocketProcessor.doRun(NioEndpoint.java:1832)
		at org.apache.tomcat.util.net.SocketProcessorBase.run(SocketProcessorBase.java:52)
		at org.apache.tomcat.util.threads.ThreadPoolExecutor.runWorker(ThreadPoolExecutor.java:973)
		at org.apache.tomcat.util.threads.ThreadPoolExecutor$Worker.run(ThreadPoolExecutor.java:491)
		at org.apache.tomcat.util.threads.TaskThread$WrappingRunnable.run(TaskThread.java:63)
		at java.lang.Thread.run(Unknown Source)
05-Apr-2026 10:44:08.837 SEVERE [http-nio-8080-exec-3] org.apache.catalina.core.StandardWrapperValve.invoke Servlet.service() for servlet [dispatcher] in context with path [/demo] threw exception [Handler processing failed; nested exception is java.lang.NoSuchMethodError: com.timmy.controller.AllController$ProfileImagePayload.<init>(Lcom/timmy/controller/AllController$1;)V] with root cause
	java.lang.NoSuchMethodError: com.timmy.controller.AllController$ProfileImagePayload.<init>(Lcom/timmy/controller/AllController$1;)V
		at com.timmy.controller.AllController.loadProfileImagePayloadByEnrollId(AllController.java:2947)
		at com.timmy.controller.AllController.applyProfileImageFallback(AllController.java:2867)
		at com.timmy.controller.AllController.getLatestLogFromDB(AllController.java:2628)
		at sun.reflect.GeneratedMethodAccessor118.invoke(Unknown Source)
		at sun.reflect.DelegatingMethodAccessorImpl.invoke(Unknown Source)
		at java.lang.reflect.Method.invoke(Unknown Source)
		at org.springframework.web.method.support.InvocableHandlerMethod.invoke(InvocableHandlerMethod.java:215)
		at org.springframework.web.method.support.InvocableHandlerMethod.invokeForRequest(InvocableHandlerMethod.java:132)
		at org.springframework.web.servlet.mvc.method.annotation.ServletInvocableHandlerMethod.invokeAndHandle(ServletInvocableHandlerMethod.java:104)
		at org.springframework.web.servlet.mvc.method.annotation.RequestMappingHandlerAdapter.invokeHandleMethod(RequestMappingHandlerAdapter.java:749)
		at org.springframework.web.servlet.mvc.method.annotation.RequestMappingHandlerAdapter.handleInternal(RequestMappingHandlerAdapter.java:690)
		at org.springframework.web.servlet.mvc.method.AbstractHandlerMethodAdapter.handle(AbstractHandlerMethodAdapter.java:83)
		at org.springframework.web.servlet.DispatcherServlet.doDispatch(DispatcherServlet.java:945)
		at org.springframework.web.servlet.DispatcherServlet.doService(DispatcherServlet.java:876)
		at org.springframework.web.servlet.FrameworkServlet.processRequest(FrameworkServlet.java:961)
		at org.springframework.web.servlet.FrameworkServlet.doGet(FrameworkServlet.java:852)
		at javax.servlet.http.HttpServlet.service(HttpServlet.java:529)
		at org.springframework.web.servlet.FrameworkServlet.service(FrameworkServlet.java:837)
		at javax.servlet.http.HttpServlet.service(HttpServlet.java:623)
		at org.apache.catalina.core.ApplicationFilterChain.internalDoFilter(ApplicationFilterChain.java:197)
		at org.apache.catalina.core.ApplicationFilterChain.doFilter(ApplicationFilterChain.java:142)
		at org.apache.tomcat.websocket.server.WsFilter.doFilter(WsFilter.java:51)
		at org.apache.catalina.core.ApplicationFilterChain.internalDoFilter(ApplicationFilterChain.java:166)
		at org.apache.catalina.core.ApplicationFilterChain.doFilter(ApplicationFilterChain.java:142)
		at com.timmy.util.AuthFilter.doFilter(AuthFilter.java:44)
		at org.apache.catalina.core.ApplicationFilterChain.internalDoFilter(ApplicationFilterChain.java:166)
		at org.apache.catalina.core.ApplicationFilterChain.doFilter(ApplicationFilterChain.java:142)
		at org.springframework.web.filter.CharacterEncodingFilter.doFilterInternal(CharacterEncodingFilter.java:88)
		at org.springframework.web.filter.OncePerRequestFilter.doFilter(OncePerRequestFilter.java:108)
		at org.apache.catalina.core.ApplicationFilterChain.internalDoFilter(ApplicationFilterChain.java:166)
		at org.apache.catalina.core.ApplicationFilterChain.doFilter(ApplicationFilterChain.java:142)
		at org.apache.catalina.core.StandardWrapperValve.invoke(StandardWrapperValve.java:166)
		at org.apache.catalina.core.StandardContextValve.invoke(StandardContextValve.java:88)
		at org.apache.catalina.authenticator.AuthenticatorBase.invoke(AuthenticatorBase.java:491)
		at org.apache.catalina.core.StandardHostValve.invoke(StandardHostValve.java:127)
		at org.apache.catalina.valves.ErrorReportValve.invoke(ErrorReportValve.java:83)
		at org.apache.catalina.valves.AbstractAccessLogValve.invoke(AbstractAccessLogValve.java:643)
		at org.apache.catalina.core.StandardEngineValve.invoke(StandardEngineValve.java:72)
		at org.apache.catalina.connector.CoyoteAdapter.service(CoyoteAdapter.java:344)
		at org.apache.coyote.http11.Http11Processor.service(Http11Processor.java:398)
		at org.apache.coyote.AbstractProcessorLight.process(AbstractProcessorLight.java:63)
		at org.apache.coyote.AbstractProtocol$ConnectionHandler.process(AbstractProtocol.java:939)
		at org.apache.tomcat.util.net.NioEndpoint$SocketProcessor.doRun(NioEndpoint.java:1832)
		at org.apache.tomcat.util.net.SocketProcessorBase.run(SocketProcessorBase.java:52)
		at org.apache.tomcat.util.threads.ThreadPoolExecutor.runWorker(ThreadPoolExecutor.java:973)
		at org.apache.tomcat.util.threads.ThreadPoolExecutor$Worker.run(ThreadPoolExecutor.java:491)
		at org.apache.tomcat.util.threads.TaskThread$WrappingRunnable.run(TaskThread.java:63)
		at java.lang.Thread.run(Unknown Source)
05-Apr-2026 10:44:13.840 SEVERE [http-nio-8080-exec-8] org.apache.catalina.core.StandardWrapperValve.invoke Servlet.service() for servlet [dispatcher] in context with path [/demo] threw exception [Handler processing failed; nested exception is java.lang.NoSuchMethodError: com.timmy.controller.AllController$ProfileImagePayload.<init>(Lcom/timmy/controller/AllController$1;)V] with root cause
	java.lang.NoSuchMethodError: com.timmy.controller.AllController$ProfileImagePayload.<init>(Lcom/timmy/controller/AllController$1;)V
		at com.timmy.controller.AllController.loadProfileImagePayloadByEnrollId(AllController.java:2947)
		at com.timmy.controller.AllController.applyProfileImageFallback(AllController.java:2867)
		at com.timmy.controller.AllController.getLatestLogFromDB(AllController.java:2628)
		at sun.reflect.GeneratedMethodAccessor118.invoke(Unknown Source)
		at sun.reflect.DelegatingMethodAccessorImpl.invoke(Unknown Source)
		at java.lang.reflect.Method.invoke(Unknown Source)
		at org.springframework.web.method.support.InvocableHandlerMethod.invoke(InvocableHandlerMethod.java:215)
		at org.springframework.web.method.support.InvocableHandlerMethod.invokeForRequest(InvocableHandlerMethod.java:132)
		at org.springframework.web.servlet.mvc.method.annotation.ServletInvocableHandlerMethod.invokeAndHandle(ServletInvocableHandlerMethod.java:104)
		at org.springframework.web.servlet.mvc.method.annotation.RequestMappingHandlerAdapter.invokeHandleMethod(RequestMappingHandlerAdapter.java:749)
		at org.springframework.web.servlet.mvc.method.annotation.RequestMappingHandlerAdapter.handleInternal(RequestMappingHandlerAdapter.java:690)
		at org.springframework.web.servlet.mvc.method.AbstractHandlerMethodAdapter.handle(AbstractHandlerMethodAdapter.java:83)
		at org.springframework.web.servlet.DispatcherServlet.doDispatch(DispatcherServlet.java:945)
		at org.springframework.web.servlet.DispatcherServlet.doService(DispatcherServlet.java:876)
		at org.springframework.web.servlet.FrameworkServlet.processRequest(FrameworkServlet.java:961)
		at org.springframework.web.servlet.FrameworkServlet.doGet(FrameworkServlet.java:852)
		at javax.servlet.http.HttpServlet.service(HttpServlet.java:529)
		at org.springframework.web.servlet.FrameworkServlet.service(FrameworkServlet.java:837)
		at javax.servlet.http.HttpServlet.service(HttpServlet.java:623)
		at org.apache.catalina.core.ApplicationFilterChain.internalDoFilter(ApplicationFilterChain.java:197)
		at org.apache.catalina.core.ApplicationFilterChain.doFilter(ApplicationFilterChain.java:142)
		at org.apache.tomcat.websocket.server.WsFilter.doFilter(WsFilter.java:51)
		at org.apache.catalina.core.ApplicationFilterChain.internalDoFilter(ApplicationFilterChain.java:166)
		at org.apache.catalina.core.ApplicationFilterChain.doFilter(ApplicationFilterChain.java:142)
		at com.timmy.util.AuthFilter.doFilter(AuthFilter.java:44)
		at org.apache.catalina.core.ApplicationFilterChain.internalDoFilter(ApplicationFilterChain.java:166)
		at org.apache.catalina.core.ApplicationFilterChain.doFilter(ApplicationFilterChain.java:142)
		at org.springframework.web.filter.CharacterEncodingFilter.doFilterInternal(CharacterEncodingFilter.java:88)
		at org.springframework.web.filter.OncePerRequestFilter.doFilter(OncePerRequestFilter.java:108)
		at org.apache.catalina.core.ApplicationFilterChain.internalDoFilter(ApplicationFilterChain.java:166)
		at org.apache.catalina.core.ApplicationFilterChain.doFilter(ApplicationFilterChain.java:142)
		at org.apache.catalina.core.StandardWrapperValve.invoke(StandardWrapperValve.java:166)
		at org.apache.catalina.core.StandardContextValve.invoke(StandardContextValve.java:88)
		at org.apache.catalina.authenticator.AuthenticatorBase.invoke(AuthenticatorBase.java:491)
		at org.apache.catalina.core.StandardHostValve.invoke(StandardHostValve.java:127)
		at org.apache.catalina.valves.ErrorReportValve.invoke(ErrorReportValve.java:83)
		at org.apache.catalina.valves.AbstractAccessLogValve.invoke(AbstractAccessLogValve.java:643)
		at org.apache.catalina.core.StandardEngineValve.invoke(StandardEngineValve.java:72)
		at org.apache.catalina.connector.CoyoteAdapter.service(CoyoteAdapter.java:344)
		at org.apache.coyote.http11.Http11Processor.service(Http11Processor.java:398)
		at org.apache.coyote.AbstractProcessorLight.process(AbstractProcessorLight.java:63)
		at org.apache.coyote.AbstractProtocol$ConnectionHandler.process(AbstractProtocol.java:939)
		at org.apache.tomcat.util.net.NioEndpoint$SocketProcessor.doRun(NioEndpoint.java:1832)
		at org.apache.tomcat.util.net.SocketProcessorBase.run(SocketProcessorBase.java:52)
		at org.apache.tomcat.util.threads.ThreadPoolExecutor.runWorker(ThreadPoolExecutor.java:973)
		at org.apache.tomcat.util.threads.ThreadPoolExecutor$Worker.run(ThreadPoolExecutor.java:491)
		at org.apache.tomcat.util.threads.TaskThread$WrappingRunnable.run(TaskThread.java:63)
		at java.lang.Thread.run(Unknown Source)
05-Apr-2026 10:44:18.834 SEVERE [http-nio-8080-exec-9] org.apache.catalina.core.StandardWrapperValve.invoke Servlet.service() for servlet [dispatcher] in context with path [/demo] threw exception [Handler processing failed; nested exception is java.lang.NoSuchMethodError: com.timmy.controller.AllController$ProfileImagePayload.<init>(Lcom/timmy/controller/AllController$1;)V] with root cause
	java.lang.NoSuchMethodError: com.timmy.controller.AllController$ProfileImagePayload.<init>(Lcom/timmy/controller/AllController$1;)V
		at com.timmy.controller.AllController.loadProfileImagePayloadByEnrollId(AllController.java:2947)
		at com.timmy.controller.AllController.applyProfileImageFallback(AllController.java:2867)
		at com.timmy.controller.AllController.getLatestLogFromDB(AllController.java:2628)
		at sun.reflect.GeneratedMethodAccessor118.invoke(Unknown Source)
		at sun.reflect.DelegatingMethodAccessorImpl.invoke(Unknown Source)
		at java.lang.reflect.Method.invoke(Unknown Source)
		at org.springframework.web.method.support.InvocableHandlerMethod.invoke(InvocableHandlerMethod.java:215)
		at org.springframework.web.method.support.InvocableHandlerMethod.invokeForRequest(InvocableHandlerMethod.java:132)
		at org.springframework.web.servlet.mvc.method.annotation.ServletInvocableHandlerMethod.invokeAndHandle(ServletInvocableHandlerMethod.java:104)
		at org.springframework.web.servlet.mvc.method.annotation.RequestMappingHandlerAdapter.invokeHandleMethod(RequestMappingHandlerAdapter.java:749)
		at org.springframework.web.servlet.mvc.method.annotation.RequestMappingHandlerAdapter.handleInternal(RequestMappingHandlerAdapter.java:690)
		at org.springframework.web.servlet.mvc.method.AbstractHandlerMethodAdapter.handle(AbstractHandlerMethodAdapter.java:83)
		at org.springframework.web.servlet.DispatcherServlet.doDispatch(DispatcherServlet.java:945)
		at org.springframework.web.servlet.DispatcherServlet.doService(DispatcherServlet.java:876)
		at org.springframework.web.servlet.FrameworkServlet.processRequest(FrameworkServlet.java:961)
		at org.springframework.web.servlet.FrameworkServlet.doGet(FrameworkServlet.java:852)
		at javax.servlet.http.HttpServlet.service(HttpServlet.java:529)
		at org.springframework.web.servlet.FrameworkServlet.service(FrameworkServlet.java:837)
		at javax.servlet.http.HttpServlet.service(HttpServlet.java:623)
		at org.apache.catalina.core.ApplicationFilterChain.internalDoFilter(ApplicationFilterChain.java:197)
		at org.apache.catalina.core.ApplicationFilterChain.doFilter(ApplicationFilterChain.java:142)
		at org.apache.tomcat.websocket.server.WsFilter.doFilter(WsFilter.java:51)
		at org.apache.catalina.core.ApplicationFilterChain.internalDoFilter(ApplicationFilterChain.java:166)
		at org.apache.catalina.core.ApplicationFilterChain.doFilter(ApplicationFilterChain.java:142)
		at com.timmy.util.AuthFilter.doFilter(AuthFilter.java:44)
		at org.apache.catalina.core.ApplicationFilterChain.internalDoFilter(ApplicationFilterChain.java:166)
		at org.apache.catalina.core.ApplicationFilterChain.doFilter(ApplicationFilterChain.java:142)
		at org.springframework.web.filter.CharacterEncodingFilter.doFilterInternal(CharacterEncodingFilter.java:88)
		at org.springframework.web.filter.OncePerRequestFilter.doFilter(OncePerRequestFilter.java:108)
		at org.apache.catalina.core.ApplicationFilterChain.internalDoFilter(ApplicationFilterChain.java:166)
		at org.apache.catalina.core.ApplicationFilterChain.doFilter(ApplicationFilterChain.java:142)
		at org.apache.catalina.core.StandardWrapperValve.invoke(StandardWrapperValve.java:166)
		at org.apache.catalina.core.StandardContextValve.invoke(StandardContextValve.java:88)
		at org.apache.catalina.authenticator.AuthenticatorBase.invoke(AuthenticatorBase.java:491)
		at org.apache.catalina.core.StandardHostValve.invoke(StandardHostValve.java:127)
		at org.apache.catalina.valves.ErrorReportValve.invoke(ErrorReportValve.java:83)
		at org.apache.catalina.valves.AbstractAccessLogValve.invoke(AbstractAccessLogValve.java:643)
		at org.apache.catalina.core.StandardEngineValve.invoke(StandardEngineValve.java:72)
		at org.apache.catalina.connector.CoyoteAdapter.service(CoyoteAdapter.java:344)
		at org.apache.coyote.http11.Http11Processor.service(Http11Processor.java:398)
		at org.apache.coyote.AbstractProcessorLight.process(AbstractProcessorLight.java:63)
		at org.apache.coyote.AbstractProtocol$ConnectionHandler.process(AbstractProtocol.java:939)
		at org.apache.tomcat.util.net.NioEndpoint$SocketProcessor.doRun(NioEndpoint.java:1832)
		at org.apache.tomcat.util.net.SocketProcessorBase.run(SocketProcessorBase.java:52)
		at org.apache.tomcat.util.threads.ThreadPoolExecutor.runWorker(ThreadPoolExecutor.java:973)
		at org.apache.tomcat.util.threads.ThreadPoolExecutor$Worker.run(ThreadPoolExecutor.java:491)
		at org.apache.tomcat.util.threads.TaskThread$WrappingRunnable.run(TaskThread.java:63)
		at java.lang.Thread.run(Unknown Source)
05-Apr-2026 10:44:23.844 SEVERE [http-nio-8080-exec-7] org.apache.catalina.core.StandardWrapperValve.invoke Servlet.service() for servlet [dispatcher] in context with path [/demo] threw exception [Handler processing failed; nested exception is java.lang.NoSuchMethodError: com.timmy.controller.AllController$ProfileImagePayload.<init>(Lcom/timmy/controller/AllController$1;)V] with root cause
	java.lang.NoSuchMethodError: com.timmy.controller.AllController$ProfileImagePayload.<init>(Lcom/timmy/controller/AllController$1;)V
		at com.timmy.controller.AllController.loadProfileImagePayloadByEnrollId(AllController.java:2947)
		at com.timmy.controller.AllController.applyProfileImageFallback(AllController.java:2867)
		at com.timmy.controller.AllController.getLatestLogFromDB(AllController.java:2628)
		at sun.reflect.GeneratedMethodAccessor118.invoke(Unknown Source)
		at sun.reflect.DelegatingMethodAccessorImpl.invoke(Unknown Source)
		at java.lang.reflect.Method.invoke(Unknown Source)
		at org.springframework.web.method.support.InvocableHandlerMethod.invoke(InvocableHandlerMethod.java:215)
		at org.springframework.web.method.support.InvocableHandlerMethod.invokeForRequest(InvocableHandlerMethod.java:132)
		at org.springframework.web.servlet.mvc.method.annotation.ServletInvocableHandlerMethod.invokeAndHandle(ServletInvocableHandlerMethod.java:104)
		at org.springframework.web.servlet.mvc.method.annotation.RequestMappingHandlerAdapter.invokeHandleMethod(RequestMappingHandlerAdapter.java:749)
		at org.springframework.web.servlet.mvc.method.annotation.RequestMappingHandlerAdapter.handleInternal(RequestMappingHandlerAdapter.java:690)
		at org.springframework.web.servlet.mvc.method.AbstractHandlerMethodAdapter.handle(AbstractHandlerMethodAdapter.java:83)
		at org.springframework.web.servlet.DispatcherServlet.doDispatch(DispatcherServlet.java:945)
		at org.springframework.web.servlet.DispatcherServlet.doService(DispatcherServlet.java:876)
		at org.springframework.web.servlet.FrameworkServlet.processRequest(FrameworkServlet.java:961)
		at org.springframework.web.servlet.FrameworkServlet.doGet(FrameworkServlet.java:852)
		at javax.servlet.http.HttpServlet.service(HttpServlet.java:529)
		at org.springframework.web.servlet.FrameworkServlet.service(FrameworkServlet.java:837)
		at javax.servlet.http.HttpServlet.service(HttpServlet.java:623)
		at org.apache.catalina.core.ApplicationFilterChain.internalDoFilter(ApplicationFilterChain.java:197)
		at org.apache.catalina.core.ApplicationFilterChain.doFilter(ApplicationFilterChain.java:142)
		at org.apache.tomcat.websocket.server.WsFilter.doFilter(WsFilter.java:51)
		at org.apache.catalina.core.ApplicationFilterChain.internalDoFilter(ApplicationFilterChain.java:166)
		at org.apache.catalina.core.ApplicationFilterChain.doFilter(ApplicationFilterChain.java:142)
		at com.timmy.util.AuthFilter.doFilter(AuthFilter.java:44)
		at org.apache.catalina.core.ApplicationFilterChain.internalDoFilter(ApplicationFilterChain.java:166)
		at org.apache.catalina.core.ApplicationFilterChain.doFilter(ApplicationFilterChain.java:142)
		at org.springframework.web.filter.CharacterEncodingFilter.doFilterInternal(CharacterEncodingFilter.java:88)
		at org.springframework.web.filter.OncePerRequestFilter.doFilter(OncePerRequestFilter.java:108)
		at org.apache.catalina.core.ApplicationFilterChain.internalDoFilter(ApplicationFilterChain.java:166)
		at org.apache.catalina.core.ApplicationFilterChain.doFilter(ApplicationFilterChain.java:142)
		at org.apache.catalina.core.StandardWrapperValve.invoke(StandardWrapperValve.java:166)
		at org.apache.catalina.core.StandardContextValve.invoke(StandardContextValve.java:88)
		at org.apache.catalina.authenticator.AuthenticatorBase.invoke(AuthenticatorBase.java:491)
		at org.apache.catalina.core.StandardHostValve.invoke(StandardHostValve.java:127)
		at org.apache.catalina.valves.ErrorReportValve.invoke(ErrorReportValve.java:83)
		at org.apache.catalina.valves.AbstractAccessLogValve.invoke(AbstractAccessLogValve.java:643)
		at org.apache.catalina.core.StandardEngineValve.invoke(StandardEngineValve.java:72)
		at org.apache.catalina.connector.CoyoteAdapter.service(CoyoteAdapter.java:344)
		at org.apache.coyote.http11.Http11Processor.service(Http11Processor.java:398)
		at org.apache.coyote.AbstractProcessorLight.process(AbstractProcessorLight.java:63)
		at org.apache.coyote.AbstractProtocol$ConnectionHandler.process(AbstractProtocol.java:939)
		at org.apache.tomcat.util.net.NioEndpoint$SocketProcessor.doRun(NioEndpoint.java:1832)
		at org.apache.tomcat.util.net.SocketProcessorBase.run(SocketProcessorBase.java:52)
		at org.apache.tomcat.util.threads.ThreadPoolExecutor.runWorker(ThreadPoolExecutor.java:973)
		at org.apache.tomcat.util.threads.ThreadPoolExecutor$Worker.run(ThreadPoolExecutor.java:491)
		at org.apache.tomcat.util.threads.TaskThread$WrappingRunnable.run(TaskThread.java:63)
		at java.lang.Thread.run(Unknown Source)
05-Apr-2026 10:44:28.860 SEVERE [http-nio-8080-exec-1] org.apache.catalina.core.StandardWrapperValve.invoke Servlet.service() for servlet [dispatcher] in context with path [/demo] threw exception [Handler processing failed; nested exception is java.lang.NoSuchMethodError: com.timmy.controller.AllController$ProfileImagePayload.<init>(Lcom/timmy/controller/AllController$1;)V] with root cause
	java.lang.NoSuchMethodError: com.timmy.controller.AllController$ProfileImagePayload.<init>(Lcom/timmy/controller/AllController$1;)V
		at com.timmy.controller.AllController.loadProfileImagePayloadByEnrollId(AllController.java:2947)
		at com.timmy.controller.AllController.applyProfileImageFallback(AllController.java:2867)
		at com.timmy.controller.AllController.getLatestLogFromDB(AllController.java:2628)
		at sun.reflect.GeneratedMethodAccessor118.invoke(Unknown Source)
		at sun.reflect.DelegatingMethodAccessorImpl.invoke(Unknown Source)
		at java.lang.reflect.Method.invoke(Unknown Source)
		at org.springframework.web.method.support.InvocableHandlerMethod.invoke(InvocableHandlerMethod.java:215)
		at org.springframework.web.method.support.InvocableHandlerMethod.invokeForRequest(InvocableHandlerMethod.java:132)
		at org.springframework.web.servlet.mvc.method.annotation.ServletInvocableHandlerMethod.invokeAndHandle(ServletInvocableHandlerMethod.java:104)
		at org.springframework.web.servlet.mvc.method.annotation.RequestMappingHandlerAdapter.invokeHandleMethod(RequestMappingHandlerAdapter.java:749)
		at org.springframework.web.servlet.mvc.method.annotation.RequestMappingHandlerAdapter.handleInternal(RequestMappingHandlerAdapter.java:690)
		at org.springframework.web.servlet.mvc.method.AbstractHandlerMethodAdapter.handle(AbstractHandlerMethodAdapter.java:83)
		at org.springframework.web.servlet.DispatcherServlet.doDispatch(DispatcherServlet.java:945)
		at org.springframework.web.servlet.DispatcherServlet.doService(DispatcherServlet.java:876)
		at org.springframework.web.servlet.FrameworkServlet.processRequest(FrameworkServlet.java:961)
		at org.springframework.web.servlet.FrameworkServlet.doGet(FrameworkServlet.java:852)
		at javax.servlet.http.HttpServlet.service(HttpServlet.java:529)
		at org.springframework.web.servlet.FrameworkServlet.service(FrameworkServlet.java:837)
		at javax.servlet.http.HttpServlet.service(HttpServlet.java:623)
		at org.apache.catalina.core.ApplicationFilterChain.internalDoFilter(ApplicationFilterChain.java:197)
		at org.apache.catalina.core.ApplicationFilterChain.doFilter(ApplicationFilterChain.java:142)
		at org.apache.tomcat.websocket.server.WsFilter.doFilter(WsFilter.java:51)
		at org.apache.catalina.core.ApplicationFilterChain.internalDoFilter(ApplicationFilterChain.java:166)
		at org.apache.catalina.core.ApplicationFilterChain.doFilter(ApplicationFilterChain.java:142)
		at com.timmy.util.AuthFilter.doFilter(AuthFilter.java:44)
		at org.apache.catalina.core.ApplicationFilterChain.internalDoFilter(ApplicationFilterChain.java:166)
		at org.apache.catalina.core.ApplicationFilterChain.doFilter(ApplicationFilterChain.java:142)
		at org.springframework.web.filter.CharacterEncodingFilter.doFilterInternal(CharacterEncodingFilter.java:88)
		at org.springframework.web.filter.OncePerRequestFilter.doFilter(OncePerRequestFilter.java:108)
		at org.apache.catalina.core.ApplicationFilterChain.internalDoFilter(ApplicationFilterChain.java:166)
		at org.apache.catalina.core.ApplicationFilterChain.doFilter(ApplicationFilterChain.java:142)
		at org.apache.catalina.core.StandardWrapperValve.invoke(StandardWrapperValve.java:166)
		at org.apache.catalina.core.StandardContextValve.invoke(StandardContextValve.java:88)
		at org.apache.catalina.authenticator.AuthenticatorBase.invoke(AuthenticatorBase.java:491)
		at org.apache.catalina.core.StandardHostValve.invoke(StandardHostValve.java:127)
		at org.apache.catalina.valves.ErrorReportValve.invoke(ErrorReportValve.java:83)
		at org.apache.catalina.valves.AbstractAccessLogValve.invoke(AbstractAccessLogValve.java:643)
		at org.apache.catalina.core.StandardEngineValve.invoke(StandardEngineValve.java:72)
		at org.apache.catalina.connector.CoyoteAdapter.service(CoyoteAdapter.java:344)
		at org.apache.coyote.http11.Http11Processor.service(Http11Processor.java:398)
		at org.apache.coyote.AbstractProcessorLight.process(AbstractProcessorLight.java:63)
		at org.apache.coyote.AbstractProtocol$ConnectionHandler.process(AbstractProtocol.java:939)
		at org.apache.tomcat.util.net.NioEndpoint$SocketProcessor.doRun(NioEndpoint.java:1832)
		at org.apache.tomcat.util.net.SocketProcessorBase.run(SocketProcessorBase.java:52)
		at org.apache.tomcat.util.threads.ThreadPoolExecutor.runWorker(ThreadPoolExecutor.java:973)
		at org.apache.tomcat.util.threads.ThreadPoolExecutor$Worker.run(ThreadPoolExecutor.java:491)
		at org.apache.tomcat.util.threads.TaskThread$WrappingRunnable.run(TaskThread.java:63)
		at java.lang.Thread.run(Unknown Source)
05-Apr-2026 10:44:33.840 SEVERE [http-nio-8080-exec-6] org.apache.catalina.core.StandardWrapperValve.invoke Servlet.service() for servlet [dispatcher] in context with path [/demo] threw exception [Handler processing failed; nested exception is java.lang.NoSuchMethodError: com.timmy.controller.AllController$ProfileImagePayload.<init>(Lcom/timmy/controller/AllController$1;)V] with root cause
	java.lang.NoSuchMethodError: com.timmy.controller.AllController$ProfileImagePayload.<init>(Lcom/timmy/controller/AllController$1;)V
		at com.timmy.controller.AllController.loadProfileImagePayloadByEnrollId(AllController.java:2947)
		at com.timmy.controller.AllController.applyProfileImageFallback(AllController.java:2867)
		at com.timmy.controller.AllController.getLatestLogFromDB(AllController.java:2628)
		at sun.reflect.GeneratedMethodAccessor118.invoke(Unknown Source)
		at sun.reflect.DelegatingMethodAccessorImpl.invoke(Unknown Source)
		at java.lang.reflect.Method.invoke(Unknown Source)
		at org.springframework.web.method.support.InvocableHandlerMethod.invoke(InvocableHandlerMethod.java:215)
		at org.springframework.web.method.support.InvocableHandlerMethod.invokeForRequest(InvocableHandlerMethod.java:132)
		at org.springframework.web.servlet.mvc.method.annotation.ServletInvocableHandlerMethod.invokeAndHandle(ServletInvocableHandlerMethod.java:104)
		at org.springframework.web.servlet.mvc.method.annotation.RequestMappingHandlerAdapter.invokeHandleMethod(RequestMappingHandlerAdapter.java:749)
		at org.springframework.web.servlet.mvc.method.annotation.RequestMappingHandlerAdapter.handleInternal(RequestMappingHandlerAdapter.java:690)
		at org.springframework.web.servlet.mvc.method.AbstractHandlerMethodAdapter.handle(AbstractHandlerMethodAdapter.java:83)
		at org.springframework.web.servlet.DispatcherServlet.doDispatch(DispatcherServlet.java:945)
		at org.springframework.web.servlet.DispatcherServlet.doService(DispatcherServlet.java:876)
		at org.springframework.web.servlet.FrameworkServlet.processRequest(FrameworkServlet.java:961)
		at org.springframework.web.servlet.FrameworkServlet.doGet(FrameworkServlet.java:852)
		at javax.servlet.http.HttpServlet.service(HttpServlet.java:529)
		at org.springframework.web.servlet.FrameworkServlet.service(FrameworkServlet.java:837)
		at javax.servlet.http.HttpServlet.service(HttpServlet.java:623)
		at org.apache.catalina.core.ApplicationFilterChain.internalDoFilter(ApplicationFilterChain.java:197)
		at org.apache.catalina.core.ApplicationFilterChain.doFilter(ApplicationFilterChain.java:142)
		at org.apache.tomcat.websocket.server.WsFilter.doFilter(WsFilter.java:51)
		at org.apache.catalina.core.ApplicationFilterChain.internalDoFilter(ApplicationFilterChain.java:166)
		at org.apache.catalina.core.ApplicationFilterChain.doFilter(ApplicationFilterChain.java:142)
		at com.timmy.util.AuthFilter.doFilter(AuthFilter.java:44)
		at org.apache.catalina.core.ApplicationFilterChain.internalDoFilter(ApplicationFilterChain.java:166)
		at org.apache.catalina.core.ApplicationFilterChain.doFilter(ApplicationFilterChain.java:142)
		at org.springframework.web.filter.CharacterEncodingFilter.doFilterInternal(CharacterEncodingFilter.java:88)
		at org.springframework.web.filter.OncePerRequestFilter.doFilter(OncePerRequestFilter.java:108)
		at org.apache.catalina.core.ApplicationFilterChain.internalDoFilter(ApplicationFilterChain.java:166)
		at org.apache.catalina.core.ApplicationFilterChain.doFilter(ApplicationFilterChain.java:142)
		at org.apache.catalina.core.StandardWrapperValve.invoke(StandardWrapperValve.java:166)
		at org.apache.catalina.core.StandardContextValve.invoke(StandardContextValve.java:88)
		at org.apache.catalina.authenticator.AuthenticatorBase.invoke(AuthenticatorBase.java:491)
		at org.apache.catalina.core.StandardHostValve.invoke(StandardHostValve.java:127)
		at org.apache.catalina.valves.ErrorReportValve.invoke(ErrorReportValve.java:83)
		at org.apache.catalina.valves.AbstractAccessLogValve.invoke(AbstractAccessLogValve.java:643)
		at org.apache.catalina.core.StandardEngineValve.invoke(StandardEngineValve.java:72)
		at org.apache.catalina.connector.CoyoteAdapter.service(CoyoteAdapter.java:344)
		at org.apache.coyote.http11.Http11Processor.service(Http11Processor.java:398)
		at org.apache.coyote.AbstractProcessorLight.process(AbstractProcessorLight.java:63)
		at org.apache.coyote.AbstractProtocol$ConnectionHandler.process(AbstractProtocol.java:939)
		at org.apache.tomcat.util.net.NioEndpoint$SocketProcessor.doRun(NioEndpoint.java:1832)
		at org.apache.tomcat.util.net.SocketProcessorBase.run(SocketProcessorBase.java:52)
		at org.apache.tomcat.util.threads.ThreadPoolExecutor.runWorker(ThreadPoolExecutor.java:973)
		at org.apache.tomcat.util.threads.ThreadPoolExecutor$Worker.run(ThreadPoolExecutor.java:491)
		at org.apache.tomcat.util.threads.TaskThread$WrappingRunnable.run(TaskThread.java:63)
		at java.lang.Thread.run(Unknown Source)
05-Apr-2026 10:44:38.844 SEVERE [http-nio-8080-exec-5] org.apache.catalina.core.StandardWrapperValve.invoke Servlet.service() for servlet [dispatcher] in context with path [/demo] threw exception [Handler processing failed; nested exception is java.lang.NoSuchMethodError: com.timmy.controller.AllController$ProfileImagePayload.<init>(Lcom/timmy/controller/AllController$1;)V] with root cause
	java.lang.NoSuchMethodError: com.timmy.controller.AllController$ProfileImagePayload.<init>(Lcom/timmy/controller/AllController$1;)V
		at com.timmy.controller.AllController.loadProfileImagePayloadByEnrollId(AllController.java:2947)
		at com.timmy.controller.AllController.applyProfileImageFallback(AllController.java:2867)
		at com.timmy.controller.AllController.getLatestLogFromDB(AllController.java:2628)
		at sun.reflect.GeneratedMethodAccessor118.invoke(Unknown Source)
		at sun.reflect.DelegatingMethodAccessorImpl.invoke(Unknown Source)
		at java.lang.reflect.Method.invoke(Unknown Source)
		at org.springframework.web.method.support.InvocableHandlerMethod.invoke(InvocableHandlerMethod.java:215)
		at org.springframework.web.method.support.InvocableHandlerMethod.invokeForRequest(InvocableHandlerMethod.java:132)
		at org.springframework.web.servlet.mvc.method.annotation.ServletInvocableHandlerMethod.invokeAndHandle(ServletInvocableHandlerMethod.java:104)
		at org.springframework.web.servlet.mvc.method.annotation.RequestMappingHandlerAdapter.invokeHandleMethod(RequestMappingHandlerAdapter.java:749)
		at org.springframework.web.servlet.mvc.method.annotation.RequestMappingHandlerAdapter.handleInternal(RequestMappingHandlerAdapter.java:690)
		at org.springframework.web.servlet.mvc.method.AbstractHandlerMethodAdapter.handle(AbstractHandlerMethodAdapter.java:83)
		at org.springframework.web.servlet.DispatcherServlet.doDispatch(DispatcherServlet.java:945)
		at org.springframework.web.servlet.DispatcherServlet.doService(DispatcherServlet.java:876)
		at org.springframework.web.servlet.FrameworkServlet.processRequest(FrameworkServlet.java:961)
		at org.springframework.web.servlet.FrameworkServlet.doGet(FrameworkServlet.java:852)
		at javax.servlet.http.HttpServlet.service(HttpServlet.java:529)
		at org.springframework.web.servlet.FrameworkServlet.service(FrameworkServlet.java:837)
		at javax.servlet.http.HttpServlet.service(HttpServlet.java:623)
		at org.apache.catalina.core.ApplicationFilterChain.internalDoFilter(ApplicationFilterChain.java:197)
		at org.apache.catalina.core.ApplicationFilterChain.doFilter(ApplicationFilterChain.java:142)
		at org.apache.tomcat.websocket.server.WsFilter.doFilter(WsFilter.java:51)
		at org.apache.catalina.core.ApplicationFilterChain.internalDoFilter(ApplicationFilterChain.java:166)
		at org.apache.catalina.core.ApplicationFilterChain.doFilter(ApplicationFilterChain.java:142)
		at com.timmy.util.AuthFilter.doFilter(AuthFilter.java:44)
		at org.apache.catalina.core.ApplicationFilterChain.internalDoFilter(ApplicationFilterChain.java:166)
		at org.apache.catalina.core.ApplicationFilterChain.doFilter(ApplicationFilterChain.java:142)
		at org.springframework.web.filter.CharacterEncodingFilter.doFilterInternal(CharacterEncodingFilter.java:88)
		at org.springframework.web.filter.OncePerRequestFilter.doFilter(OncePerRequestFilter.java:108)
		at org.apache.catalina.core.ApplicationFilterChain.internalDoFilter(ApplicationFilterChain.java:166)
		at org.apache.catalina.core.ApplicationFilterChain.doFilter(ApplicationFilterChain.java:142)
		at org.apache.catalina.core.StandardWrapperValve.invoke(StandardWrapperValve.java:166)
		at org.apache.catalina.core.StandardContextValve.invoke(StandardContextValve.java:88)
		at org.apache.catalina.authenticator.AuthenticatorBase.invoke(AuthenticatorBase.java:491)
		at org.apache.catalina.core.StandardHostValve.invoke(StandardHostValve.java:127)
		at org.apache.catalina.valves.ErrorReportValve.invoke(ErrorReportValve.java:83)
		at org.apache.catalina.valves.AbstractAccessLogValve.invoke(AbstractAccessLogValve.java:643)
		at org.apache.catalina.core.StandardEngineValve.invoke(StandardEngineValve.java:72)
		at org.apache.catalina.connector.CoyoteAdapter.service(CoyoteAdapter.java:344)
		at org.apache.coyote.http11.Http11Processor.service(Http11Processor.java:398)
		at org.apache.coyote.AbstractProcessorLight.process(AbstractProcessorLight.java:63)
		at org.apache.coyote.AbstractProtocol$ConnectionHandler.process(AbstractProtocol.java:939)
		at org.apache.tomcat.util.net.NioEndpoint$SocketProcessor.doRun(NioEndpoint.java:1832)
		at org.apache.tomcat.util.net.SocketProcessorBase.run(SocketProcessorBase.java:52)
		at org.apache.tomcat.util.threads.ThreadPoolExecutor.runWorker(ThreadPoolExecutor.java:973)
		at org.apache.tomcat.util.threads.ThreadPoolExecutor$Worker.run(ThreadPoolExecutor.java:491)
		at org.apache.tomcat.util.threads.TaskThread$WrappingRunnable.run(TaskThread.java:63)
		at java.lang.Thread.run(Unknown Source)
05-Apr-2026 10:44:43.858 SEVERE [http-nio-8080-exec-10] org.apache.catalina.core.StandardWrapperValve.invoke Servlet.service() for servlet [dispatcher] in context with path [/demo] threw exception [Handler processing failed; nested exception is java.lang.NoSuchMethodError: com.timmy.controller.AllController$ProfileImagePayload.<init>(Lcom/timmy/controller/AllController$1;)V] with root cause
	java.lang.NoSuchMethodError: com.timmy.controller.AllController$ProfileImagePayload.<init>(Lcom/timmy/controller/AllController$1;)V
		at com.timmy.controller.AllController.loadProfileImagePayloadByEnrollId(AllController.java:2947)
		at com.timmy.controller.AllController.applyProfileImageFallback(AllController.java:2867)
		at com.timmy.controller.AllController.getLatestLogFromDB(AllController.java:2628)
		at sun.reflect.GeneratedMethodAccessor118.invoke(Unknown Source)
		at sun.reflect.DelegatingMethodAccessorImpl.invoke(Unknown Source)
		at java.lang.reflect.Method.invoke(Unknown Source)
		at org.springframework.web.method.support.InvocableHandlerMethod.invoke(InvocableHandlerMethod.java:215)
		at org.springframework.web.method.support.InvocableHandlerMethod.invokeForRequest(InvocableHandlerMethod.java:132)
		at org.springframework.web.servlet.mvc.method.annotation.ServletInvocableHandlerMethod.invokeAndHandle(ServletInvocableHandlerMethod.java:104)
		at org.springframework.web.servlet.mvc.method.annotation.RequestMappingHandlerAdapter.invokeHandleMethod(RequestMappingHandlerAdapter.java:749)
		at org.springframework.web.servlet.mvc.method.annotation.RequestMappingHandlerAdapter.handleInternal(RequestMappingHandlerAdapter.java:690)
		at org.springframework.web.servlet.mvc.method.AbstractHandlerMethodAdapter.handle(AbstractHandlerMethodAdapter.java:83)
		at org.springframework.web.servlet.DispatcherServlet.doDispatch(DispatcherServlet.java:945)
		at org.springframework.web.servlet.DispatcherServlet.doService(DispatcherServlet.java:876)
		at org.springframework.web.servlet.FrameworkServlet.processRequest(FrameworkServlet.java:961)
		at org.springframework.web.servlet.FrameworkServlet.doGet(FrameworkServlet.java:852)
		at javax.servlet.http.HttpServlet.service(HttpServlet.java:529)
		at org.springframework.web.servlet.FrameworkServlet.service(FrameworkServlet.java:837)
		at javax.servlet.http.HttpServlet.service(HttpServlet.java:623)
		at org.apache.catalina.core.ApplicationFilterChain.internalDoFilter(ApplicationFilterChain.java:197)
		at org.apache.catalina.core.ApplicationFilterChain.doFilter(ApplicationFilterChain.java:142)
		at org.apache.tomcat.websocket.server.WsFilter.doFilter(WsFilter.java:51)
		at org.apache.catalina.core.ApplicationFilterChain.internalDoFilter(ApplicationFilterChain.java:166)
		at org.apache.catalina.core.ApplicationFilterChain.doFilter(ApplicationFilterChain.java:142)
		at com.timmy.util.AuthFilter.doFilter(AuthFilter.java:44)
		at org.apache.catalina.core.ApplicationFilterChain.internalDoFilter(ApplicationFilterChain.java:166)
		at org.apache.catalina.core.ApplicationFilterChain.doFilter(ApplicationFilterChain.java:142)
		at org.springframework.web.filter.CharacterEncodingFilter.doFilterInternal(CharacterEncodingFilter.java:88)
		at org.springframework.web.filter.OncePerRequestFilter.doFilter(OncePerRequestFilter.java:108)
		at org.apache.catalina.core.ApplicationFilterChain.internalDoFilter(ApplicationFilterChain.java:166)
		at org.apache.catalina.core.ApplicationFilterChain.doFilter(ApplicationFilterChain.java:142)
		at org.apache.catalina.core.StandardWrapperValve.invoke(StandardWrapperValve.java:166)
		at org.apache.catalina.core.StandardContextValve.invoke(StandardContextValve.java:88)
		at org.apache.catalina.authenticator.AuthenticatorBase.invoke(AuthenticatorBase.java:491)
		at org.apache.catalina.core.StandardHostValve.invoke(StandardHostValve.java:127)
		at org.apache.catalina.valves.ErrorReportValve.invoke(ErrorReportValve.java:83)
		at org.apache.catalina.valves.AbstractAccessLogValve.invoke(AbstractAccessLogValve.java:643)
		at org.apache.catalina.core.StandardEngineValve.invoke(StandardEngineValve.java:72)
		at org.apache.catalina.connector.CoyoteAdapter.service(CoyoteAdapter.java:344)
		at org.apache.coyote.http11.Http11Processor.service(Http11Processor.java:398)
		at org.apache.coyote.AbstractProcessorLight.process(AbstractProcessorLight.java:63)
		at org.apache.coyote.AbstractProtocol$ConnectionHandler.process(AbstractProtocol.java:939)
		at org.apache.tomcat.util.net.NioEndpoint$SocketProcessor.doRun(NioEndpoint.java:1832)
		at org.apache.tomcat.util.net.SocketProcessorBase.run(SocketProcessorBase.java:52)
		at org.apache.tomcat.util.threads.ThreadPoolExecutor.runWorker(ThreadPoolExecutor.java:973)
		at org.apache.tomcat.util.threads.ThreadPoolExecutor$Worker.run(ThreadPoolExecutor.java:491)
		at org.apache.tomcat.util.threads.TaskThread$WrappingRunnable.run(TaskThread.java:63)
		at java.lang.Thread.run(Unknown Source)
05-Apr-2026 10:44:49.435 SEVERE [http-nio-8080-exec-2] org.apache.catalina.core.StandardWrapperValve.invoke Servlet.service() for servlet [dispatcher] in context with path [/demo] threw exception [Handler processing failed; nested exception is java.lang.NoSuchMethodError: com.timmy.controller.AllController$ProfileImagePayload.<init>(Lcom/timmy/controller/AllController$1;)V] with root cause
	java.lang.NoSuchMethodError: com.timmy.controller.AllController$ProfileImagePayload.<init>(Lcom/timmy/controller/AllController$1;)V
		at com.timmy.controller.AllController.loadProfileImagePayloadByEnrollId(AllController.java:2947)
		at com.timmy.controller.AllController.applyProfileImageFallback(AllController.java:2867)
		at com.timmy.controller.AllController.getLatestLogFromDB(AllController.java:2628)
		at sun.reflect.GeneratedMethodAccessor118.invoke(Unknown Source)
		at sun.reflect.DelegatingMethodAccessorImpl.invoke(Unknown Source)
		at java.lang.reflect.Method.invoke(Unknown Source)
		at org.springframework.web.method.support.InvocableHandlerMethod.invoke(InvocableHandlerMethod.java:215)
		at org.springframework.web.method.support.InvocableHandlerMethod.invokeForRequest(InvocableHandlerMethod.java:132)
		at org.springframework.web.servlet.mvc.method.annotation.ServletInvocableHandlerMethod.invokeAndHandle(ServletInvocableHandlerMethod.java:104)
		at org.springframework.web.servlet.mvc.method.annotation.RequestMappingHandlerAdapter.invokeHandleMethod(RequestMappingHandlerAdapter.java:749)
		at org.springframework.web.servlet.mvc.method.annotation.RequestMappingHandlerAdapter.handleInternal(RequestMappingHandlerAdapter.java:690)
		at org.springframework.web.servlet.mvc.method.AbstractHandlerMethodAdapter.handle(AbstractHandlerMethodAdapter.java:83)
		at org.springframework.web.servlet.DispatcherServlet.doDispatch(DispatcherServlet.java:945)
		at org.springframework.web.servlet.DispatcherServlet.doService(DispatcherServlet.java:876)
		at org.springframework.web.servlet.FrameworkServlet.processRequest(FrameworkServlet.java:961)
		at org.springframework.web.servlet.FrameworkServlet.doGet(FrameworkServlet.java:852)
		at javax.servlet.http.HttpServlet.service(HttpServlet.java:529)
		at org.springframework.web.servlet.FrameworkServlet.service(FrameworkServlet.java:837)
		at javax.servlet.http.HttpServlet.service(HttpServlet.java:623)
		at org.apache.catalina.core.ApplicationFilterChain.internalDoFilter(ApplicationFilterChain.java:197)
		at org.apache.catalina.core.ApplicationFilterChain.doFilter(ApplicationFilterChain.java:142)
		at org.apache.tomcat.websocket.server.WsFilter.doFilter(WsFilter.java:51)
		at org.apache.catalina.core.ApplicationFilterChain.internalDoFilter(ApplicationFilterChain.java:166)
		at org.apache.catalina.core.ApplicationFilterChain.doFilter(ApplicationFilterChain.java:142)
		at com.timmy.util.AuthFilter.doFilter(AuthFilter.java:44)
		at org.apache.catalina.core.ApplicationFilterChain.internalDoFilter(ApplicationFilterChain.java:166)
		at org.apache.catalina.core.ApplicationFilterChain.doFilter(ApplicationFilterChain.java:142)
		at org.springframework.web.filter.CharacterEncodingFilter.doFilterInternal(CharacterEncodingFilter.java:88)
		at org.springframework.web.filter.OncePerRequestFilter.doFilter(OncePerRequestFilter.java:108)
		at org.apache.catalina.core.ApplicationFilterChain.internalDoFilter(ApplicationFilterChain.java:166)
		at org.apache.catalina.core.ApplicationFilterChain.doFilter(ApplicationFilterChain.java:142)
		at org.apache.catalina.core.StandardWrapperValve.invoke(StandardWrapperValve.java:166)
		at org.apache.catalina.core.StandardContextValve.invoke(StandardContextValve.java:88)
		at org.apache.catalina.authenticator.AuthenticatorBase.invoke(AuthenticatorBase.java:491)
		at org.apache.catalina.core.StandardHostValve.invoke(StandardHostValve.java:127)
		at org.apache.catalina.valves.ErrorReportValve.invoke(ErrorReportValve.java:83)
		at org.apache.catalina.valves.AbstractAccessLogValve.invoke(AbstractAccessLogValve.java:643)
		at org.apache.catalina.core.StandardEngineValve.invoke(StandardEngineValve.java:72)
		at org.apache.catalina.connector.CoyoteAdapter.service(CoyoteAdapter.java:344)
		at org.apache.coyote.http11.Http11Processor.service(Http11Processor.java:398)
		at org.apache.coyote.AbstractProcessorLight.process(AbstractProcessorLight.java:63)
		at org.apache.coyote.AbstractProtocol$ConnectionHandler.process(AbstractProtocol.java:939)
		at org.apache.tomcat.util.net.NioEndpoint$SocketProcessor.doRun(NioEndpoint.java:1832)
		at org.apache.tomcat.util.net.SocketProcessorBase.run(SocketProcessorBase.java:52)
		at org.apache.tomcat.util.threads.ThreadPoolExecutor.runWorker(ThreadPoolExecutor.java:973)
		at org.apache.tomcat.util.threads.ThreadPoolExecutor$Worker.run(ThreadPoolExecutor.java:491)
		at org.apache.tomcat.util.threads.TaskThread$WrappingRunnable.run(TaskThread.java:63)
		at java.lang.Thread.run(Unknown Source)
05-Apr-2026 10:44:54.438 SEVERE [http-nio-8080-exec-4] org.apache.catalina.core.StandardWrapperValve.invoke Servlet.service() for servlet [dispatcher] in context with path [/demo] threw exception [Handler processing failed; nested exception is java.lang.NoSuchMethodError: com.timmy.controller.AllController$ProfileImagePayload.<init>(Lcom/timmy/controller/AllController$1;)V] with root cause
	java.lang.NoSuchMethodError: com.timmy.controller.AllController$ProfileImagePayload.<init>(Lcom/timmy/controller/AllController$1;)V
		at com.timmy.controller.AllController.loadProfileImagePayloadByEnrollId(AllController.java:2947)
		at com.timmy.controller.AllController.applyProfileImageFallback(AllController.java:2867)
		at com.timmy.controller.AllController.getLatestLogFromDB(AllController.java:2628)
		at sun.reflect.GeneratedMethodAccessor118.invoke(Unknown Source)
		at sun.reflect.DelegatingMethodAccessorImpl.invoke(Unknown Source)
		at java.lang.reflect.Method.invoke(Unknown Source)
		at org.springframework.web.method.support.InvocableHandlerMethod.invoke(InvocableHandlerMethod.java:215)
		at org.springframework.web.method.support.InvocableHandlerMethod.invokeForRequest(InvocableHandlerMethod.java:132)
		at org.springframework.web.servlet.mvc.method.annotation.ServletInvocableHandlerMethod.invokeAndHandle(ServletInvocableHandlerMethod.java:104)
		at org.springframework.web.servlet.mvc.method.annotation.RequestMappingHandlerAdapter.invokeHandleMethod(RequestMappingHandlerAdapter.java:749)
		at org.springframework.web.servlet.mvc.method.annotation.RequestMappingHandlerAdapter.handleInternal(RequestMappingHandlerAdapter.java:690)
		at org.springframework.web.servlet.mvc.method.AbstractHandlerMethodAdapter.handle(AbstractHandlerMethodAdapter.java:83)
		at org.springframework.web.servlet.DispatcherServlet.doDispatch(DispatcherServlet.java:945)
		at org.springframework.web.servlet.DispatcherServlet.doService(DispatcherServlet.java:876)
		at org.springframework.web.servlet.FrameworkServlet.processRequest(FrameworkServlet.java:961)
		at org.springframework.web.servlet.FrameworkServlet.doGet(FrameworkServlet.java:852)
		at javax.servlet.http.HttpServlet.service(HttpServlet.java:529)
		at org.springframework.web.servlet.FrameworkServlet.service(FrameworkServlet.java:837)
		at javax.servlet.http.HttpServlet.service(HttpServlet.java:623)
		at org.apache.catalina.core.ApplicationFilterChain.internalDoFilter(ApplicationFilterChain.java:197)
		at org.apache.catalina.core.ApplicationFilterChain.doFilter(ApplicationFilterChain.java:142)
		at org.apache.tomcat.websocket.server.WsFilter.doFilter(WsFilter.java:51)
		at org.apache.catalina.core.ApplicationFilterChain.internalDoFilter(ApplicationFilterChain.java:166)
		at org.apache.catalina.core.ApplicationFilterChain.doFilter(ApplicationFilterChain.java:142)
		at com.timmy.util.AuthFilter.doFilter(AuthFilter.java:44)
		at org.apache.catalina.core.ApplicationFilterChain.internalDoFilter(ApplicationFilterChain.java:166)
		at org.apache.catalina.core.ApplicationFilterChain.doFilter(ApplicationFilterChain.java:142)
		at org.springframework.web.filter.CharacterEncodingFilter.doFilterInternal(CharacterEncodingFilter.java:88)
		at org.springframework.web.filter.OncePerRequestFilter.doFilter(OncePerRequestFilter.java:108)
		at org.apache.catalina.core.ApplicationFilterChain.internalDoFilter(ApplicationFilterChain.java:166)
		at org.apache.catalina.core.ApplicationFilterChain.doFilter(ApplicationFilterChain.java:142)
		at org.apache.catalina.core.StandardWrapperValve.invoke(StandardWrapperValve.java:166)
		at org.apache.catalina.core.StandardContextValve.invoke(StandardContextValve.java:88)
		at org.apache.catalina.authenticator.AuthenticatorBase.invoke(AuthenticatorBase.java:491)
		at org.apache.catalina.core.StandardHostValve.invoke(StandardHostValve.java:127)
		at org.apache.catalina.valves.ErrorReportValve.invoke(ErrorReportValve.java:83)
		at org.apache.catalina.valves.AbstractAccessLogValve.invoke(AbstractAccessLogValve.java:643)
		at org.apache.catalina.core.StandardEngineValve.invoke(StandardEngineValve.java:72)
		at org.apache.catalina.connector.CoyoteAdapter.service(CoyoteAdapter.java:344)
		at org.apache.coyote.http11.Http11Processor.service(Http11Processor.java:398)
		at org.apache.coyote.AbstractProcessorLight.process(AbstractProcessorLight.java:63)
		at org.apache.coyote.AbstractProtocol$ConnectionHandler.process(AbstractProtocol.java:939)
		at org.apache.tomcat.util.net.NioEndpoint$SocketProcessor.doRun(NioEndpoint.java:1832)
		at org.apache.tomcat.util.net.SocketProcessorBase.run(SocketProcessorBase.java:52)
		at org.apache.tomcat.util.threads.ThreadPoolExecutor.runWorker(ThreadPoolExecutor.java:973)
		at org.apache.tomcat.util.threads.ThreadPoolExecutor$Worker.run(ThreadPoolExecutor.java:491)
		at org.apache.tomcat.util.threads.TaskThread$WrappingRunnable.run(TaskThread.java:63)
		at java.lang.Thread.run(Unknown Source)
05-Apr-2026 10:44:59.431 SEVERE [http-nio-8080-exec-3] org.apache.catalina.core.StandardWrapperValve.invoke Servlet.service() for servlet [dispatcher] in context with path [/demo] threw exception [Handler processing failed; nested exception is java.lang.NoSuchMethodError: com.timmy.controller.AllController$ProfileImagePayload.<init>(Lcom/timmy/controller/AllController$1;)V] with root cause
	java.lang.NoSuchMethodError: com.timmy.controller.AllController$ProfileImagePayload.<init>(Lcom/timmy/controller/AllController$1;)V
		at com.timmy.controller.AllController.loadProfileImagePayloadByEnrollId(AllController.java:2947)
		at com.timmy.controller.AllController.applyProfileImageFallback(AllController.java:2867)
		at com.timmy.controller.AllController.getLatestLogFromDB(AllController.java:2628)
		at sun.reflect.GeneratedMethodAccessor118.invoke(Unknown Source)
		at sun.reflect.DelegatingMethodAccessorImpl.invoke(Unknown Source)
		at java.lang.reflect.Method.invoke(Unknown Source)
		at org.springframework.web.method.support.InvocableHandlerMethod.invoke(InvocableHandlerMethod.java:215)
		at org.springframework.web.method.support.InvocableHandlerMethod.invokeForRequest(InvocableHandlerMethod.java:132)
		at org.springframework.web.servlet.mvc.method.annotation.ServletInvocableHandlerMethod.invokeAndHandle(ServletInvocableHandlerMethod.java:104)
		at org.springframework.web.servlet.mvc.method.annotation.RequestMappingHandlerAdapter.invokeHandleMethod(RequestMappingHandlerAdapter.java:749)
		at org.springframework.web.servlet.mvc.method.annotation.RequestMappingHandlerAdapter.handleInternal(RequestMappingHandlerAdapter.java:690)
		at org.springframework.web.servlet.mvc.method.AbstractHandlerMethodAdapter.handle(AbstractHandlerMethodAdapter.java:83)
		at org.springframework.web.servlet.DispatcherServlet.doDispatch(DispatcherServlet.java:945)
		at org.springframework.web.servlet.DispatcherServlet.doService(DispatcherServlet.java:876)
		at org.springframework.web.servlet.FrameworkServlet.processRequest(FrameworkServlet.java:961)
		at org.springframework.web.servlet.FrameworkServlet.doGet(FrameworkServlet.java:852)
		at javax.servlet.http.HttpServlet.service(HttpServlet.java:529)
		at org.springframework.web.servlet.FrameworkServlet.service(FrameworkServlet.java:837)
		at javax.servlet.http.HttpServlet.service(HttpServlet.java:623)
		at org.apache.catalina.core.ApplicationFilterChain.internalDoFilter(ApplicationFilterChain.java:197)
		at org.apache.catalina.core.ApplicationFilterChain.doFilter(ApplicationFilterChain.java:142)
		at org.apache.tomcat.websocket.server.WsFilter.doFilter(WsFilter.java:51)
		at org.apache.catalina.core.ApplicationFilterChain.internalDoFilter(ApplicationFilterChain.java:166)
		at org.apache.catalina.core.ApplicationFilterChain.doFilter(ApplicationFilterChain.java:142)
		at com.timmy.util.AuthFilter.doFilter(AuthFilter.java:44)
		at org.apache.catalina.core.ApplicationFilterChain.internalDoFilter(ApplicationFilterChain.java:166)
		at org.apache.catalina.core.ApplicationFilterChain.doFilter(ApplicationFilterChain.java:142)
		at org.springframework.web.filter.CharacterEncodingFilter.doFilterInternal(CharacterEncodingFilter.java:88)
		at org.springframework.web.filter.OncePerRequestFilter.doFilter(OncePerRequestFilter.java:108)
		at org.apache.catalina.core.ApplicationFilterChain.internalDoFilter(ApplicationFilterChain.java:166)
		at org.apache.catalina.core.ApplicationFilterChain.doFilter(ApplicationFilterChain.java:142)
		at org.apache.catalina.core.StandardWrapperValve.invoke(StandardWrapperValve.java:166)
		at org.apache.catalina.core.StandardContextValve.invoke(StandardContextValve.java:88)
		at org.apache.catalina.authenticator.AuthenticatorBase.invoke(AuthenticatorBase.java:491)
		at org.apache.catalina.core.StandardHostValve.invoke(StandardHostValve.java:127)
		at org.apache.catalina.valves.ErrorReportValve.invoke(ErrorReportValve.java:83)
		at org.apache.catalina.valves.AbstractAccessLogValve.invoke(AbstractAccessLogValve.java:643)
		at org.apache.catalina.core.StandardEngineValve.invoke(StandardEngineValve.java:72)
		at org.apache.catalina.connector.CoyoteAdapter.service(CoyoteAdapter.java:344)
		at org.apache.coyote.http11.Http11Processor.service(Http11Processor.java:398)
		at org.apache.coyote.AbstractProcessorLight.process(AbstractProcessorLight.java:63)
		at org.apache.coyote.AbstractProtocol$ConnectionHandler.process(AbstractProtocol.java:939)
		at org.apache.tomcat.util.net.NioEndpoint$SocketProcessor.doRun(NioEndpoint.java:1832)
		at org.apache.tomcat.util.net.SocketProcessorBase.run(SocketProcessorBase.java:52)
		at org.apache.tomcat.util.threads.ThreadPoolExecutor.runWorker(ThreadPoolExecutor.java:973)
		at org.apache.tomcat.util.threads.ThreadPoolExecutor$Worker.run(ThreadPoolExecutor.java:491)
		at org.apache.tomcat.util.threads.TaskThread$WrappingRunnable.run(TaskThread.java:63)
		at java.lang.Thread.run(Unknown Source)
05-Apr-2026 10:45:04.454 SEVERE [http-nio-8080-exec-8] org.apache.catalina.core.StandardWrapperValve.invoke Servlet.service() for servlet [dispatcher] in context with path [/demo] threw exception [Handler processing failed; nested exception is java.lang.NoSuchMethodError: com.timmy.controller.AllController$ProfileImagePayload.<init>(Lcom/timmy/controller/AllController$1;)V] with root cause
	java.lang.NoSuchMethodError: com.timmy.controller.AllController$ProfileImagePayload.<init>(Lcom/timmy/controller/AllController$1;)V
		at com.timmy.controller.AllController.loadProfileImagePayloadByEnrollId(AllController.java:2947)
		at com.timmy.controller.AllController.applyProfileImageFallback(AllController.java:2867)
		at com.timmy.controller.AllController.getLatestLogFromDB(AllController.java:2628)
		at sun.reflect.GeneratedMethodAccessor118.invoke(Unknown Source)
		at sun.reflect.DelegatingMethodAccessorImpl.invoke(Unknown Source)
		at java.lang.reflect.Method.invoke(Unknown Source)
		at org.springframework.web.method.support.InvocableHandlerMethod.invoke(InvocableHandlerMethod.java:215)
		at org.springframework.web.method.support.InvocableHandlerMethod.invokeForRequest(InvocableHandlerMethod.java:132)
		at org.springframework.web.servlet.mvc.method.annotation.ServletInvocableHandlerMethod.invokeAndHandle(ServletInvocableHandlerMethod.java:104)
		at org.springframework.web.servlet.mvc.method.annotation.RequestMappingHandlerAdapter.invokeHandleMethod(RequestMappingHandlerAdapter.java:749)
		at org.springframework.web.servlet.mvc.method.annotation.RequestMappingHandlerAdapter.handleInternal(RequestMappingHandlerAdapter.java:690)
		at org.springframework.web.servlet.mvc.method.AbstractHandlerMethodAdapter.handle(AbstractHandlerMethodAdapter.java:83)
		at org.springframework.web.servlet.DispatcherServlet.doDispatch(DispatcherServlet.java:945)
		at org.springframework.web.servlet.DispatcherServlet.doService(DispatcherServlet.java:876)
		at org.springframework.web.servlet.FrameworkServlet.processRequest(FrameworkServlet.java:961)
		at org.springframework.web.servlet.FrameworkServlet.doGet(FrameworkServlet.java:852)
		at javax.servlet.http.HttpServlet.service(HttpServlet.java:529)
		at org.springframework.web.servlet.FrameworkServlet.service(FrameworkServlet.java:837)
		at javax.servlet.http.HttpServlet.service(HttpServlet.java:623)
		at org.apache.catalina.core.ApplicationFilterChain.internalDoFilter(ApplicationFilterChain.java:197)
		at org.apache.catalina.core.ApplicationFilterChain.doFilter(ApplicationFilterChain.java:142)
		at org.apache.tomcat.websocket.server.WsFilter.doFilter(WsFilter.java:51)
		at org.apache.catalina.core.ApplicationFilterChain.internalDoFilter(ApplicationFilterChain.java:166)
		at org.apache.catalina.core.ApplicationFilterChain.doFilter(ApplicationFilterChain.java:142)
		at com.timmy.util.AuthFilter.doFilter(AuthFilter.java:44)
		at org.apache.catalina.core.ApplicationFilterChain.internalDoFilter(ApplicationFilterChain.java:166)
		at org.apache.catalina.core.ApplicationFilterChain.doFilter(ApplicationFilterChain.java:142)
		at org.springframework.web.filter.CharacterEncodingFilter.doFilterInternal(CharacterEncodingFilter.java:88)
		at org.springframework.web.filter.OncePerRequestFilter.doFilter(OncePerRequestFilter.java:108)
		at org.apache.catalina.core.ApplicationFilterChain.internalDoFilter(ApplicationFilterChain.java:166)
		at org.apache.catalina.core.ApplicationFilterChain.doFilter(ApplicationFilterChain.java:142)
		at org.apache.catalina.core.StandardWrapperValve.invoke(StandardWrapperValve.java:166)
		at org.apache.catalina.core.StandardContextValve.invoke(StandardContextValve.java:88)
		at org.apache.catalina.authenticator.AuthenticatorBase.invoke(AuthenticatorBase.java:491)
		at org.apache.catalina.core.StandardHostValve.invoke(StandardHostValve.java:127)
		at org.apache.catalina.valves.ErrorReportValve.invoke(ErrorReportValve.java:83)
		at org.apache.catalina.valves.AbstractAccessLogValve.invoke(AbstractAccessLogValve.java:643)
		at org.apache.catalina.core.StandardEngineValve.invoke(StandardEngineValve.java:72)
		at org.apache.catalina.connector.CoyoteAdapter.service(CoyoteAdapter.java:344)
		at org.apache.coyote.http11.Http11Processor.service(Http11Processor.java:398)
		at org.apache.coyote.AbstractProcessorLight.process(AbstractProcessorLight.java:63)
		at org.apache.coyote.AbstractProtocol$ConnectionHandler.process(AbstractProtocol.java:939)
		at org.apache.tomcat.util.net.NioEndpoint$SocketProcessor.doRun(NioEndpoint.java:1832)
		at org.apache.tomcat.util.net.SocketProcessorBase.run(SocketProcessorBase.java:52)
		at org.apache.tomcat.util.threads.ThreadPoolExecutor.runWorker(ThreadPoolExecutor.java:973)
		at org.apache.tomcat.util.threads.ThreadPoolExecutor$Worker.run(ThreadPoolExecutor.java:491)
		at org.apache.tomcat.util.threads.TaskThread$WrappingRunnable.run(TaskThread.java:63)
		at java.lang.Thread.run(Unknown Source)
05-Apr-2026 10:45:09.445 SEVERE [http-nio-8080-exec-9] org.apache.catalina.core.StandardWrapperValve.invoke Servlet.service() for servlet [dispatcher] in context with path [/demo] threw exception [Handler processing failed; nested exception is java.lang.NoSuchMethodError: com.timmy.controller.AllController$ProfileImagePayload.<init>(Lcom/timmy/controller/AllController$1;)V] with root cause
	java.lang.NoSuchMethodError: com.timmy.controller.AllController$ProfileImagePayload.<init>(Lcom/timmy/controller/AllController$1;)V
		at com.timmy.controller.AllController.loadProfileImagePayloadByEnrollId(AllController.java:2947)
		at com.timmy.controller.AllController.applyProfileImageFallback(AllController.java:2867)
		at com.timmy.controller.AllController.getLatestLogFromDB(AllController.java:2628)
		at sun.reflect.GeneratedMethodAccessor118.invoke(Unknown Source)
		at sun.reflect.DelegatingMethodAccessorImpl.invoke(Unknown Source)
		at java.lang.reflect.Method.invoke(Unknown Source)
		at org.springframework.web.method.support.InvocableHandlerMethod.invoke(InvocableHandlerMethod.java:215)
		at org.springframework.web.method.support.InvocableHandlerMethod.invokeForRequest(InvocableHandlerMethod.java:132)
		at org.springframework.web.servlet.mvc.method.annotation.ServletInvocableHandlerMethod.invokeAndHandle(ServletInvocableHandlerMethod.java:104)
		at org.springframework.web.servlet.mvc.method.annotation.RequestMappingHandlerAdapter.invokeHandleMethod(RequestMappingHandlerAdapter.java:749)
		at org.springframework.web.servlet.mvc.method.annotation.RequestMappingHandlerAdapter.handleInternal(RequestMappingHandlerAdapter.java:690)
		at org.springframework.web.servlet.mvc.method.AbstractHandlerMethodAdapter.handle(AbstractHandlerMethodAdapter.java:83)
		at org.springframework.web.servlet.DispatcherServlet.doDispatch(DispatcherServlet.java:945)
		at org.springframework.web.servlet.DispatcherServlet.doService(DispatcherServlet.java:876)
		at org.springframework.web.servlet.FrameworkServlet.processRequest(FrameworkServlet.java:961)
		at org.springframework.web.servlet.FrameworkServlet.doGet(FrameworkServlet.java:852)
		at javax.servlet.http.HttpServlet.service(HttpServlet.java:529)
		at org.springframework.web.servlet.FrameworkServlet.service(FrameworkServlet.java:837)
		at javax.servlet.http.HttpServlet.service(HttpServlet.java:623)
		at org.apache.catalina.core.ApplicationFilterChain.internalDoFilter(ApplicationFilterChain.java:197)
		at org.apache.catalina.core.ApplicationFilterChain.doFilter(ApplicationFilterChain.java:142)
		at org.apache.tomcat.websocket.server.WsFilter.doFilter(WsFilter.java:51)
		at org.apache.catalina.core.ApplicationFilterChain.internalDoFilter(ApplicationFilterChain.java:166)
		at org.apache.catalina.core.ApplicationFilterChain.doFilter(ApplicationFilterChain.java:142)
		at com.timmy.util.AuthFilter.doFilter(AuthFilter.java:44)
		at org.apache.catalina.core.ApplicationFilterChain.internalDoFilter(ApplicationFilterChain.java:166)
		at org.apache.catalina.core.ApplicationFilterChain.doFilter(ApplicationFilterChain.java:142)
		at org.springframework.web.filter.CharacterEncodingFilter.doFilterInternal(CharacterEncodingFilter.java:88)
		at org.springframework.web.filter.OncePerRequestFilter.doFilter(OncePerRequestFilter.java:108)
		at org.apache.catalina.core.ApplicationFilterChain.internalDoFilter(ApplicationFilterChain.java:166)
		at org.apache.catalina.core.ApplicationFilterChain.doFilter(ApplicationFilterChain.java:142)
		at org.apache.catalina.core.StandardWrapperValve.invoke(StandardWrapperValve.java:166)
		at org.apache.catalina.core.StandardContextValve.invoke(StandardContextValve.java:88)
		at org.apache.catalina.authenticator.AuthenticatorBase.invoke(AuthenticatorBase.java:491)
		at org.apache.catalina.core.StandardHostValve.invoke(StandardHostValve.java:127)
		at org.apache.catalina.valves.ErrorReportValve.invoke(ErrorReportValve.java:83)
		at org.apache.catalina.valves.AbstractAccessLogValve.invoke(AbstractAccessLogValve.java:643)
		at org.apache.catalina.core.StandardEngineValve.invoke(StandardEngineValve.java:72)
		at org.apache.catalina.connector.CoyoteAdapter.service(CoyoteAdapter.java:344)
		at org.apache.coyote.http11.Http11Processor.service(Http11Processor.java:398)
		at org.apache.coyote.AbstractProcessorLight.process(AbstractProcessorLight.java:63)
		at org.apache.coyote.AbstractProtocol$ConnectionHandler.process(AbstractProtocol.java:939)
		at org.apache.tomcat.util.net.NioEndpoint$SocketProcessor.doRun(NioEndpoint.java:1832)
		at org.apache.tomcat.util.net.SocketProcessorBase.run(SocketProcessorBase.java:52)
		at org.apache.tomcat.util.threads.ThreadPoolExecutor.runWorker(ThreadPoolExecutor.java:973)
		at org.apache.tomcat.util.threads.ThreadPoolExecutor$Worker.run(ThreadPoolExecutor.java:491)
		at org.apache.tomcat.util.threads.TaskThread$WrappingRunnable.run(TaskThread.java:63)
		at java.lang.Thread.run(Unknown Source)
05-Apr-2026 10:45:14.437 SEVERE [http-nio-8080-exec-7] org.apache.catalina.core.StandardWrapperValve.invoke Servlet.service() for servlet [dispatcher] in context with path [/demo] threw exception [Handler processing failed; nested exception is java.lang.NoSuchMethodError: com.timmy.controller.AllController$ProfileImagePayload.<init>(Lcom/timmy/controller/AllController$1;)V] with root cause
	java.lang.NoSuchMethodError: com.timmy.controller.AllController$ProfileImagePayload.<init>(Lcom/timmy/controller/AllController$1;)V
		at com.timmy.controller.AllController.loadProfileImagePayloadByEnrollId(AllController.java:2947)
		at com.timmy.controller.AllController.applyProfileImageFallback(AllController.java:2867)
		at com.timmy.controller.AllController.getLatestLogFromDB(AllController.java:2628)
		at sun.reflect.GeneratedMethodAccessor118.invoke(Unknown Source)
		at sun.reflect.DelegatingMethodAccessorImpl.invoke(Unknown Source)
		at java.lang.reflect.Method.invoke(Unknown Source)
		at org.springframework.web.method.support.InvocableHandlerMethod.invoke(InvocableHandlerMethod.java:215)
		at org.springframework.web.method.support.InvocableHandlerMethod.invokeForRequest(InvocableHandlerMethod.java:132)
		at org.springframework.web.servlet.mvc.method.annotation.ServletInvocableHandlerMethod.invokeAndHandle(ServletInvocableHandlerMethod.java:104)
		at org.springframework.web.servlet.mvc.method.annotation.RequestMappingHandlerAdapter.invokeHandleMethod(RequestMappingHandlerAdapter.java:749)
		at org.springframework.web.servlet.mvc.method.annotation.RequestMappingHandlerAdapter.handleInternal(RequestMappingHandlerAdapter.java:690)
		at org.springframework.web.servlet.mvc.method.AbstractHandlerMethodAdapter.handle(AbstractHandlerMethodAdapter.java:83)
		at org.springframework.web.servlet.DispatcherServlet.doDispatch(DispatcherServlet.java:945)
		at org.springframework.web.servlet.DispatcherServlet.doService(DispatcherServlet.java:876)
		at org.springframework.web.servlet.FrameworkServlet.processRequest(FrameworkServlet.java:961)
		at org.springframework.web.servlet.FrameworkServlet.doGet(FrameworkServlet.java:852)
		at javax.servlet.http.HttpServlet.service(HttpServlet.java:529)
		at org.springframework.web.servlet.FrameworkServlet.service(FrameworkServlet.java:837)
		at javax.servlet.http.HttpServlet.service(HttpServlet.java:623)
		at org.apache.catalina.core.ApplicationFilterChain.internalDoFilter(ApplicationFilterChain.java:197)
		at org.apache.catalina.core.ApplicationFilterChain.doFilter(ApplicationFilterChain.java:142)
		at org.apache.tomcat.websocket.server.WsFilter.doFilter(WsFilter.java:51)
		at org.apache.catalina.core.ApplicationFilterChain.internalDoFilter(ApplicationFilterChain.java:166)
		at org.apache.catalina.core.ApplicationFilterChain.doFilter(ApplicationFilterChain.java:142)
		at com.timmy.util.AuthFilter.doFilter(AuthFilter.java:44)
		at org.apache.catalina.core.ApplicationFilterChain.internalDoFilter(ApplicationFilterChain.java:166)
		at org.apache.catalina.core.ApplicationFilterChain.doFilter(ApplicationFilterChain.java:142)
		at org.springframework.web.filter.CharacterEncodingFilter.doFilterInternal(CharacterEncodingFilter.java:88)
		at org.springframework.web.filter.OncePerRequestFilter.doFilter(OncePerRequestFilter.java:108)
		at org.apache.catalina.core.ApplicationFilterChain.internalDoFilter(ApplicationFilterChain.java:166)
		at org.apache.catalina.core.ApplicationFilterChain.doFilter(ApplicationFilterChain.java:142)
		at org.apache.catalina.core.StandardWrapperValve.invoke(StandardWrapperValve.java:166)
		at org.apache.catalina.core.StandardContextValve.invoke(StandardContextValve.java:88)
		at org.apache.catalina.authenticator.AuthenticatorBase.invoke(AuthenticatorBase.java:491)
		at org.apache.catalina.core.StandardHostValve.invoke(StandardHostValve.java:127)
		at org.apache.catalina.valves.ErrorReportValve.invoke(ErrorReportValve.java:83)
		at org.apache.catalina.valves.AbstractAccessLogValve.invoke(AbstractAccessLogValve.java:643)
		at org.apache.catalina.core.StandardEngineValve.invoke(StandardEngineValve.java:72)
		at org.apache.catalina.connector.CoyoteAdapter.service(CoyoteAdapter.java:344)
		at org.apache.coyote.http11.Http11Processor.service(Http11Processor.java:398)
		at org.apache.coyote.AbstractProcessorLight.process(AbstractProcessorLight.java:63)
		at org.apache.coyote.AbstractProtocol$ConnectionHandler.process(AbstractProtocol.java:939)
		at org.apache.tomcat.util.net.NioEndpoint$SocketProcessor.doRun(NioEndpoint.java:1832)
		at org.apache.tomcat.util.net.SocketProcessorBase.run(SocketProcessorBase.java:52)
		at org.apache.tomcat.util.threads.ThreadPoolExecutor.runWorker(ThreadPoolExecutor.java:973)
		at org.apache.tomcat.util.threads.ThreadPoolExecutor$Worker.run(ThreadPoolExecutor.java:491)
		at org.apache.tomcat.util.threads.TaskThread$WrappingRunnable.run(TaskThread.java:63)
		at java.lang.Thread.run(Unknown Source)
05-Apr-2026 10:45:19.443 SEVERE [http-nio-8080-exec-1] org.apache.catalina.core.StandardWrapperValve.invoke Servlet.service() for servlet [dispatcher] in context with path [/demo] threw exception [Handler processing failed; nested exception is java.lang.NoSuchMethodError: com.timmy.controller.AllController$ProfileImagePayload.<init>(Lcom/timmy/controller/AllController$1;)V] with root cause
	java.lang.NoSuchMethodError: com.timmy.controller.AllController$ProfileImagePayload.<init>(Lcom/timmy/controller/AllController$1;)V
		at com.timmy.controller.AllController.loadProfileImagePayloadByEnrollId(AllController.java:2947)
		at com.timmy.controller.AllController.applyProfileImageFallback(AllController.java:2867)
		at com.timmy.controller.AllController.getLatestLogFromDB(AllController.java:2628)
		at sun.reflect.GeneratedMethodAccessor118.invoke(Unknown Source)
		at sun.reflect.DelegatingMethodAccessorImpl.invoke(Unknown Source)
		at java.lang.reflect.Method.invoke(Unknown Source)
		at org.springframework.web.method.support.InvocableHandlerMethod.invoke(InvocableHandlerMethod.java:215)
		at org.springframework.web.method.support.InvocableHandlerMethod.invokeForRequest(InvocableHandlerMethod.java:132)
		at org.springframework.web.servlet.mvc.method.annotation.ServletInvocableHandlerMethod.invokeAndHandle(ServletInvocableHandlerMethod.java:104)
		at org.springframework.web.servlet.mvc.method.annotation.RequestMappingHandlerAdapter.invokeHandleMethod(RequestMappingHandlerAdapter.java:749)
		at org.springframework.web.servlet.mvc.method.annotation.RequestMappingHandlerAdapter.handleInternal(RequestMappingHandlerAdapter.java:690)
		at org.springframework.web.servlet.mvc.method.AbstractHandlerMethodAdapter.handle(AbstractHandlerMethodAdapter.java:83)
		at org.springframework.web.servlet.DispatcherServlet.doDispatch(DispatcherServlet.java:945)
		at org.springframework.web.servlet.DispatcherServlet.doService(DispatcherServlet.java:876)
		at org.springframework.web.servlet.FrameworkServlet.processRequest(FrameworkServlet.java:961)
		at org.springframework.web.servlet.FrameworkServlet.doGet(FrameworkServlet.java:852)
		at javax.servlet.http.HttpServlet.service(HttpServlet.java:529)
		at org.springframework.web.servlet.FrameworkServlet.service(FrameworkServlet.java:837)
		at javax.servlet.http.HttpServlet.service(HttpServlet.java:623)
		at org.apache.catalina.core.ApplicationFilterChain.internalDoFilter(ApplicationFilterChain.java:197)
		at org.apache.catalina.core.ApplicationFilterChain.doFilter(ApplicationFilterChain.java:142)
		at org.apache.tomcat.websocket.server.WsFilter.doFilter(WsFilter.java:51)
		at org.apache.catalina.core.ApplicationFilterChain.internalDoFilter(ApplicationFilterChain.java:166)
		at org.apache.catalina.core.ApplicationFilterChain.doFilter(ApplicationFilterChain.java:142)
		at com.timmy.util.AuthFilter.doFilter(AuthFilter.java:44)
		at org.apache.catalina.core.ApplicationFilterChain.internalDoFilter(ApplicationFilterChain.java:166)
		at org.apache.catalina.core.ApplicationFilterChain.doFilter(ApplicationFilterChain.java:142)
		at org.springframework.web.filter.CharacterEncodingFilter.doFilterInternal(CharacterEncodingFilter.java:88)
		at org.springframework.web.filter.OncePerRequestFilter.doFilter(OncePerRequestFilter.java:108)
		at org.apache.catalina.core.ApplicationFilterChain.internalDoFilter(ApplicationFilterChain.java:166)
		at org.apache.catalina.core.ApplicationFilterChain.doFilter(ApplicationFilterChain.java:142)
		at org.apache.catalina.core.StandardWrapperValve.invoke(StandardWrapperValve.java:166)
		at org.apache.catalina.core.StandardContextValve.invoke(StandardContextValve.java:88)
		at org.apache.catalina.authenticator.AuthenticatorBase.invoke(AuthenticatorBase.java:491)
		at org.apache.catalina.core.StandardHostValve.invoke(StandardHostValve.java:127)
		at org.apache.catalina.valves.ErrorReportValve.invoke(ErrorReportValve.java:83)
		at org.apache.catalina.valves.AbstractAccessLogValve.invoke(AbstractAccessLogValve.java:643)
		at org.apache.catalina.core.StandardEngineValve.invoke(StandardEngineValve.java:72)
		at org.apache.catalina.connector.CoyoteAdapter.service(CoyoteAdapter.java:344)
		at org.apache.coyote.http11.Http11Processor.service(Http11Processor.java:398)
		at org.apache.coyote.AbstractProcessorLight.process(AbstractProcessorLight.java:63)
		at org.apache.coyote.AbstractProtocol$ConnectionHandler.process(AbstractProtocol.java:939)
		at org.apache.tomcat.util.net.NioEndpoint$SocketProcessor.doRun(NioEndpoint.java:1832)
		at org.apache.tomcat.util.net.SocketProcessorBase.run(SocketProcessorBase.java:52)
		at org.apache.tomcat.util.threads.ThreadPoolExecutor.runWorker(ThreadPoolExecutor.java:973)
		at org.apache.tomcat.util.threads.ThreadPoolExecutor$Worker.run(ThreadPoolExecutor.java:491)
		at org.apache.tomcat.util.threads.TaskThread$WrappingRunnable.run(TaskThread.java:63)
		at java.lang.Thread.run(Unknown Source)
05-Apr-2026 10:45:24.428 SEVERE [http-nio-8080-exec-6] org.apache.catalina.core.StandardWrapperValve.invoke Servlet.service() for servlet [dispatcher] in context with path [/demo] threw exception [Handler processing failed; nested exception is java.lang.NoSuchMethodError: com.timmy.controller.AllController$ProfileImagePayload.<init>(Lcom/timmy/controller/AllController$1;)V] with root cause
	java.lang.NoSuchMethodError: com.timmy.controller.AllController$ProfileImagePayload.<init>(Lcom/timmy/controller/AllController$1;)V
		at com.timmy.controller.AllController.loadProfileImagePayloadByEnrollId(AllController.java:2947)
		at com.timmy.controller.AllController.applyProfileImageFallback(AllController.java:2867)
		at com.timmy.controller.AllController.getLatestLogFromDB(AllController.java:2628)
		at sun.reflect.GeneratedMethodAccessor118.invoke(Unknown Source)
		at sun.reflect.DelegatingMethodAccessorImpl.invoke(Unknown Source)
		at java.lang.reflect.Method.invoke(Unknown Source)
		at org.springframework.web.method.support.InvocableHandlerMethod.invoke(InvocableHandlerMethod.java:215)
		at org.springframework.web.method.support.InvocableHandlerMethod.invokeForRequest(InvocableHandlerMethod.java:132)
		at org.springframework.web.servlet.mvc.method.annotation.ServletInvocableHandlerMethod.invokeAndHandle(ServletInvocableHandlerMethod.java:104)
		at org.springframework.web.servlet.mvc.method.annotation.RequestMappingHandlerAdapter.invokeHandleMethod(RequestMappingHandlerAdapter.java:749)
		at org.springframework.web.servlet.mvc.method.annotation.RequestMappingHandlerAdapter.handleInternal(RequestMappingHandlerAdapter.java:690)
		at org.springframework.web.servlet.mvc.method.AbstractHandlerMethodAdapter.handle(AbstractHandlerMethodAdapter.java:83)
		at org.springframework.web.servlet.DispatcherServlet.doDispatch(DispatcherServlet.java:945)
		at org.springframework.web.servlet.DispatcherServlet.doService(DispatcherServlet.java:876)
		at org.springframework.web.servlet.FrameworkServlet.processRequest(FrameworkServlet.java:961)
		at org.springframework.web.servlet.FrameworkServlet.doGet(FrameworkServlet.java:852)
		at javax.servlet.http.HttpServlet.service(HttpServlet.java:529)
		at org.springframework.web.servlet.FrameworkServlet.service(FrameworkServlet.java:837)
		at javax.servlet.http.HttpServlet.service(HttpServlet.java:623)
		at org.apache.catalina.core.ApplicationFilterChain.internalDoFilter(ApplicationFilterChain.java:197)
		at org.apache.catalina.core.ApplicationFilterChain.doFilter(ApplicationFilterChain.java:142)
		at org.apache.tomcat.websocket.server.WsFilter.doFilter(WsFilter.java:51)
		at org.apache.catalina.core.ApplicationFilterChain.internalDoFilter(ApplicationFilterChain.java:166)
		at org.apache.catalina.core.ApplicationFilterChain.doFilter(ApplicationFilterChain.java:142)
		at com.timmy.util.AuthFilter.doFilter(AuthFilter.java:44)
		at org.apache.catalina.core.ApplicationFilterChain.internalDoFilter(ApplicationFilterChain.java:166)
		at org.apache.catalina.core.ApplicationFilterChain.doFilter(ApplicationFilterChain.java:142)
		at org.springframework.web.filter.CharacterEncodingFilter.doFilterInternal(CharacterEncodingFilter.java:88)
		at org.springframework.web.filter.OncePerRequestFilter.doFilter(OncePerRequestFilter.java:108)
		at org.apache.catalina.core.ApplicationFilterChain.internalDoFilter(ApplicationFilterChain.java:166)
		at org.apache.catalina.core.ApplicationFilterChain.doFilter(ApplicationFilterChain.java:142)
		at org.apache.catalina.core.StandardWrapperValve.invoke(StandardWrapperValve.java:166)
		at org.apache.catalina.core.StandardContextValve.invoke(StandardContextValve.java:88)
		at org.apache.catalina.authenticator.AuthenticatorBase.invoke(AuthenticatorBase.java:491)
		at org.apache.catalina.core.StandardHostValve.invoke(StandardHostValve.java:127)
		at org.apache.catalina.valves.ErrorReportValve.invoke(ErrorReportValve.java:83)
		at org.apache.catalina.valves.AbstractAccessLogValve.invoke(AbstractAccessLogValve.java:643)
		at org.apache.catalina.core.StandardEngineValve.invoke(StandardEngineValve.java:72)
		at org.apache.catalina.connector.CoyoteAdapter.service(CoyoteAdapter.java:344)
		at org.apache.coyote.http11.Http11Processor.service(Http11Processor.java:398)
		at org.apache.coyote.AbstractProcessorLight.process(AbstractProcessorLight.java:63)
		at org.apache.coyote.AbstractProtocol$ConnectionHandler.process(AbstractProtocol.java:939)
		at org.apache.tomcat.util.net.NioEndpoint$SocketProcessor.doRun(NioEndpoint.java:1832)
		at org.apache.tomcat.util.net.SocketProcessorBase.run(SocketProcessorBase.java:52)
		at org.apache.tomcat.util.threads.ThreadPoolExecutor.runWorker(ThreadPoolExecutor.java:973)
		at org.apache.tomcat.util.threads.ThreadPoolExecutor$Worker.run(ThreadPoolExecutor.java:491)
		at org.apache.tomcat.util.threads.TaskThread$WrappingRunnable.run(TaskThread.java:63)
		at java.lang.Thread.run(Unknown Source)
05-Apr-2026 10:45:29.435 SEVERE [http-nio-8080-exec-5] org.apache.catalina.core.StandardWrapperValve.invoke Servlet.service() for servlet [dispatcher] in context with path [/demo] threw exception [Handler processing failed; nested exception is java.lang.NoSuchMethodError: com.timmy.controller.AllController$ProfileImagePayload.<init>(Lcom/timmy/controller/AllController$1;)V] with root cause
	java.lang.NoSuchMethodError: com.timmy.controller.AllController$ProfileImagePayload.<init>(Lcom/timmy/controller/AllController$1;)V
		at com.timmy.controller.AllController.loadProfileImagePayloadByEnrollId(AllController.java:2947)
		at com.timmy.controller.AllController.applyProfileImageFallback(AllController.java:2867)
		at com.timmy.controller.AllController.getLatestLogFromDB(AllController.java:2628)
		at sun.reflect.GeneratedMethodAccessor118.invoke(Unknown Source)
		at sun.reflect.DelegatingMethodAccessorImpl.invoke(Unknown Source)
		at java.lang.reflect.Method.invoke(Unknown Source)
		at org.springframework.web.method.support.InvocableHandlerMethod.invoke(InvocableHandlerMethod.java:215)
		at org.springframework.web.method.support.InvocableHandlerMethod.invokeForRequest(InvocableHandlerMethod.java:132)
		at org.springframework.web.servlet.mvc.method.annotation.ServletInvocableHandlerMethod.invokeAndHandle(ServletInvocableHandlerMethod.java:104)
		at org.springframework.web.servlet.mvc.method.annotation.RequestMappingHandlerAdapter.invokeHandleMethod(RequestMappingHandlerAdapter.java:749)
		at org.springframework.web.servlet.mvc.method.annotation.RequestMappingHandlerAdapter.handleInternal(RequestMappingHandlerAdapter.java:690)
		at org.springframework.web.servlet.mvc.method.AbstractHandlerMethodAdapter.handle(AbstractHandlerMethodAdapter.java:83)
		at org.springframework.web.servlet.DispatcherServlet.doDispatch(DispatcherServlet.java:945)
		at org.springframework.web.servlet.DispatcherServlet.doService(DispatcherServlet.java:876)
		at org.springframework.web.servlet.FrameworkServlet.processRequest(FrameworkServlet.java:961)
		at org.springframework.web.servlet.FrameworkServlet.doGet(FrameworkServlet.java:852)
		at javax.servlet.http.HttpServlet.service(HttpServlet.java:529)
		at org.springframework.web.servlet.FrameworkServlet.service(FrameworkServlet.java:837)
		at javax.servlet.http.HttpServlet.service(HttpServlet.java:623)
		at org.apache.catalina.core.ApplicationFilterChain.internalDoFilter(ApplicationFilterChain.java:197)
		at org.apache.catalina.core.ApplicationFilterChain.doFilter(ApplicationFilterChain.java:142)
		at org.apache.tomcat.websocket.server.WsFilter.doFilter(WsFilter.java:51)
		at org.apache.catalina.core.ApplicationFilterChain.internalDoFilter(ApplicationFilterChain.java:166)
		at org.apache.catalina.core.ApplicationFilterChain.doFilter(ApplicationFilterChain.java:142)
		at com.timmy.util.AuthFilter.doFilter(AuthFilter.java:44)
		at org.apache.catalina.core.ApplicationFilterChain.internalDoFilter(ApplicationFilterChain.java:166)
		at org.apache.catalina.core.ApplicationFilterChain.doFilter(ApplicationFilterChain.java:142)
		at org.springframework.web.filter.CharacterEncodingFilter.doFilterInternal(CharacterEncodingFilter.java:88)
		at org.springframework.web.filter.OncePerRequestFilter.doFilter(OncePerRequestFilter.java:108)
		at org.apache.catalina.core.ApplicationFilterChain.internalDoFilter(ApplicationFilterChain.java:166)
		at org.apache.catalina.core.ApplicationFilterChain.doFilter(ApplicationFilterChain.java:142)
		at org.apache.catalina.core.StandardWrapperValve.invoke(StandardWrapperValve.java:166)
		at org.apache.catalina.core.StandardContextValve.invoke(StandardContextValve.java:88)
		at org.apache.catalina.authenticator.AuthenticatorBase.invoke(AuthenticatorBase.java:491)
		at org.apache.catalina.core.StandardHostValve.invoke(StandardHostValve.java:127)
		at org.apache.catalina.valves.ErrorReportValve.invoke(ErrorReportValve.java:83)
		at org.apache.catalina.valves.AbstractAccessLogValve.invoke(AbstractAccessLogValve.java:643)
		at org.apache.catalina.core.StandardEngineValve.invoke(StandardEngineValve.java:72)
		at org.apache.catalina.connector.CoyoteAdapter.service(CoyoteAdapter.java:344)
		at org.apache.coyote.http11.Http11Processor.service(Http11Processor.java:398)
		at org.apache.coyote.AbstractProcessorLight.process(AbstractProcessorLight.java:63)
		at org.apache.coyote.AbstractProtocol$ConnectionHandler.process(AbstractProtocol.java:939)
		at org.apache.tomcat.util.net.NioEndpoint$SocketProcessor.doRun(NioEndpoint.java:1832)
		at org.apache.tomcat.util.net.SocketProcessorBase.run(SocketProcessorBase.java:52)
		at org.apache.tomcat.util.threads.ThreadPoolExecutor.runWorker(ThreadPoolExecutor.java:973)
		at org.apache.tomcat.util.threads.ThreadPoolExecutor$Worker.run(ThreadPoolExecutor.java:491)
		at org.apache.tomcat.util.threads.TaskThread$WrappingRunnable.run(TaskThread.java:63)
		at java.lang.Thread.run(Unknown Source)
05-Apr-2026 10:45:34.438 SEVERE [http-nio-8080-exec-10] org.apache.catalina.core.StandardWrapperValve.invoke Servlet.service() for servlet [dispatcher] in context with path [/demo] threw exception [Handler processing failed; nested exception is java.lang.NoSuchMethodError: com.timmy.controller.AllController$ProfileImagePayload.<init>(Lcom/timmy/controller/AllController$1;)V] with root cause
	java.lang.NoSuchMethodError: com.timmy.controller.AllController$ProfileImagePayload.<init>(Lcom/timmy/controller/AllController$1;)V
		at com.timmy.controller.AllController.loadProfileImagePayloadByEnrollId(AllController.java:2947)
		at com.timmy.controller.AllController.applyProfileImageFallback(AllController.java:2867)
		at com.timmy.controller.AllController.getLatestLogFromDB(AllController.java:2628)
		at sun.reflect.GeneratedMethodAccessor118.invoke(Unknown Source)
		at sun.reflect.DelegatingMethodAccessorImpl.invoke(Unknown Source)
		at java.lang.reflect.Method.invoke(Unknown Source)
		at org.springframework.web.method.support.InvocableHandlerMethod.invoke(InvocableHandlerMethod.java:215)
		at org.springframework.web.method.support.InvocableHandlerMethod.invokeForRequest(InvocableHandlerMethod.java:132)
		at org.springframework.web.servlet.mvc.method.annotation.ServletInvocableHandlerMethod.invokeAndHandle(ServletInvocableHandlerMethod.java:104)
		at org.springframework.web.servlet.mvc.method.annotation.RequestMappingHandlerAdapter.invokeHandleMethod(RequestMappingHandlerAdapter.java:749)
		at org.springframework.web.servlet.mvc.method.annotation.RequestMappingHandlerAdapter.handleInternal(RequestMappingHandlerAdapter.java:690)
		at org.springframework.web.servlet.mvc.method.AbstractHandlerMethodAdapter.handle(AbstractHandlerMethodAdapter.java:83)
		at org.springframework.web.servlet.DispatcherServlet.doDispatch(DispatcherServlet.java:945)
		at org.springframework.web.servlet.DispatcherServlet.doService(DispatcherServlet.java:876)
		at org.springframework.web.servlet.FrameworkServlet.processRequest(FrameworkServlet.java:961)
		at org.springframework.web.servlet.FrameworkServlet.doGet(FrameworkServlet.java:852)
		at javax.servlet.http.HttpServlet.service(HttpServlet.java:529)
		at org.springframework.web.servlet.FrameworkServlet.service(FrameworkServlet.java:837)
		at javax.servlet.http.HttpServlet.service(HttpServlet.java:623)
		at org.apache.catalina.core.ApplicationFilterChain.internalDoFilter(ApplicationFilterChain.java:197)
		at org.apache.catalina.core.ApplicationFilterChain.doFilter(ApplicationFilterChain.java:142)
		at org.apache.tomcat.websocket.server.WsFilter.doFilter(WsFilter.java:51)
		at org.apache.catalina.core.ApplicationFilterChain.internalDoFilter(ApplicationFilterChain.java:166)
		at org.apache.catalina.core.ApplicationFilterChain.doFilter(ApplicationFilterChain.java:142)
		at com.timmy.util.AuthFilter.doFilter(AuthFilter.java:44)
		at org.apache.catalina.core.ApplicationFilterChain.internalDoFilter(ApplicationFilterChain.java:166)
		at org.apache.catalina.core.ApplicationFilterChain.doFilter(ApplicationFilterChain.java:142)
		at org.springframework.web.filter.CharacterEncodingFilter.doFilterInternal(CharacterEncodingFilter.java:88)
		at org.springframework.web.filter.OncePerRequestFilter.doFilter(OncePerRequestFilter.java:108)
		at org.apache.catalina.core.ApplicationFilterChain.internalDoFilter(ApplicationFilterChain.java:166)
		at org.apache.catalina.core.ApplicationFilterChain.doFilter(ApplicationFilterChain.java:142)
		at org.apache.catalina.core.StandardWrapperValve.invoke(StandardWrapperValve.java:166)
		at org.apache.catalina.core.StandardContextValve.invoke(StandardContextValve.java:88)
		at org.apache.catalina.authenticator.AuthenticatorBase.invoke(AuthenticatorBase.java:491)
		at org.apache.catalina.core.StandardHostValve.invoke(StandardHostValve.java:127)
		at org.apache.catalina.valves.ErrorReportValve.invoke(ErrorReportValve.java:83)
		at org.apache.catalina.valves.AbstractAccessLogValve.invoke(AbstractAccessLogValve.java:643)
		at org.apache.catalina.core.StandardEngineValve.invoke(StandardEngineValve.java:72)
		at org.apache.catalina.connector.CoyoteAdapter.service(CoyoteAdapter.java:344)
		at org.apache.coyote.http11.Http11Processor.service(Http11Processor.java:398)
		at org.apache.coyote.AbstractProcessorLight.process(AbstractProcessorLight.java:63)
		at org.apache.coyote.AbstractProtocol$ConnectionHandler.process(AbstractProtocol.java:939)
		at org.apache.tomcat.util.net.NioEndpoint$SocketProcessor.doRun(NioEndpoint.java:1832)
		at org.apache.tomcat.util.net.SocketProcessorBase.run(SocketProcessorBase.java:52)
		at org.apache.tomcat.util.threads.ThreadPoolExecutor.runWorker(ThreadPoolExecutor.java:973)
		at org.apache.tomcat.util.threads.ThreadPoolExecutor$Worker.run(ThreadPoolExecutor.java:491)
		at org.apache.tomcat.util.threads.TaskThread$WrappingRunnable.run(TaskThread.java:63)
		at java.lang.Thread.run(Unknown Source)
05-Apr-2026 10:45:39.428 SEVERE [http-nio-8080-exec-2] org.apache.catalina.core.StandardWrapperValve.invoke Servlet.service() for servlet [dispatcher] in context with path [/demo] threw exception [Handler processing failed; nested exception is java.lang.NoSuchMethodError: com.timmy.controller.AllController$ProfileImagePayload.<init>(Lcom/timmy/controller/AllController$1;)V] with root cause
	java.lang.NoSuchMethodError: com.timmy.controller.AllController$ProfileImagePayload.<init>(Lcom/timmy/controller/AllController$1;)V
		at com.timmy.controller.AllController.loadProfileImagePayloadByEnrollId(AllController.java:2947)
		at com.timmy.controller.AllController.applyProfileImageFallback(AllController.java:2867)
		at com.timmy.controller.AllController.getLatestLogFromDB(AllController.java:2628)
		at sun.reflect.GeneratedMethodAccessor118.invoke(Unknown Source)
		at sun.reflect.DelegatingMethodAccessorImpl.invoke(Unknown Source)
		at java.lang.reflect.Method.invoke(Unknown Source)
		at org.springframework.web.method.support.InvocableHandlerMethod.invoke(InvocableHandlerMethod.java:215)
		at org.springframework.web.method.support.InvocableHandlerMethod.invokeForRequest(InvocableHandlerMethod.java:132)
		at org.springframework.web.servlet.mvc.method.annotation.ServletInvocableHandlerMethod.invokeAndHandle(ServletInvocableHandlerMethod.java:104)
		at org.springframework.web.servlet.mvc.method.annotation.RequestMappingHandlerAdapter.invokeHandleMethod(RequestMappingHandlerAdapter.java:749)
		at org.springframework.web.servlet.mvc.method.annotation.RequestMappingHandlerAdapter.handleInternal(RequestMappingHandlerAdapter.java:690)
		at org.springframework.web.servlet.mvc.method.AbstractHandlerMethodAdapter.handle(AbstractHandlerMethodAdapter.java:83)
		at org.springframework.web.servlet.DispatcherServlet.doDispatch(DispatcherServlet.java:945)
		at org.springframework.web.servlet.DispatcherServlet.doService(DispatcherServlet.java:876)
		at org.springframework.web.servlet.FrameworkServlet.processRequest(FrameworkServlet.java:961)
		at org.springframework.web.servlet.FrameworkServlet.doGet(FrameworkServlet.java:852)
		at javax.servlet.http.HttpServlet.service(HttpServlet.java:529)
		at org.springframework.web.servlet.FrameworkServlet.service(FrameworkServlet.java:837)
		at javax.servlet.http.HttpServlet.service(HttpServlet.java:623)
		at org.apache.catalina.core.ApplicationFilterChain.internalDoFilter(ApplicationFilterChain.java:197)
		at org.apache.catalina.core.ApplicationFilterChain.doFilter(ApplicationFilterChain.java:142)
		at org.apache.tomcat.websocket.server.WsFilter.doFilter(WsFilter.java:51)
		at org.apache.catalina.core.ApplicationFilterChain.internalDoFilter(ApplicationFilterChain.java:166)
		at org.apache.catalina.core.ApplicationFilterChain.doFilter(ApplicationFilterChain.java:142)
		at com.timmy.util.AuthFilter.doFilter(AuthFilter.java:44)
		at org.apache.catalina.core.ApplicationFilterChain.internalDoFilter(ApplicationFilterChain.java:166)
		at org.apache.catalina.core.ApplicationFilterChain.doFilter(ApplicationFilterChain.java:142)
		at org.springframework.web.filter.CharacterEncodingFilter.doFilterInternal(CharacterEncodingFilter.java:88)
		at org.springframework.web.filter.OncePerRequestFilter.doFilter(OncePerRequestFilter.java:108)
		at org.apache.catalina.core.ApplicationFilterChain.internalDoFilter(ApplicationFilterChain.java:166)
		at org.apache.catalina.core.ApplicationFilterChain.doFilter(ApplicationFilterChain.java:142)
		at org.apache.catalina.core.StandardWrapperValve.invoke(StandardWrapperValve.java:166)
		at org.apache.catalina.core.StandardContextValve.invoke(StandardContextValve.java:88)
		at org.apache.catalina.authenticator.AuthenticatorBase.invoke(AuthenticatorBase.java:491)
		at org.apache.catalina.core.StandardHostValve.invoke(StandardHostValve.java:127)
		at org.apache.catalina.valves.ErrorReportValve.invoke(ErrorReportValve.java:83)
		at org.apache.catalina.valves.AbstractAccessLogValve.invoke(AbstractAccessLogValve.java:643)
		at org.apache.catalina.core.StandardEngineValve.invoke(StandardEngineValve.java:72)
		at org.apache.catalina.connector.CoyoteAdapter.service(CoyoteAdapter.java:344)
		at org.apache.coyote.http11.Http11Processor.service(Http11Processor.java:398)
		at org.apache.coyote.AbstractProcessorLight.process(AbstractProcessorLight.java:63)
		at org.apache.coyote.AbstractProtocol$ConnectionHandler.process(AbstractProtocol.java:939)
		at org.apache.tomcat.util.net.NioEndpoint$SocketProcessor.doRun(NioEndpoint.java:1832)
		at org.apache.tomcat.util.net.SocketProcessorBase.run(SocketProcessorBase.java:52)
		at org.apache.tomcat.util.threads.ThreadPoolExecutor.runWorker(ThreadPoolExecutor.java:973)
		at org.apache.tomcat.util.threads.ThreadPoolExecutor$Worker.run(ThreadPoolExecutor.java:491)
		at org.apache.tomcat.util.threads.TaskThread$WrappingRunnable.run(TaskThread.java:63)
		at java.lang.Thread.run(Unknown Source)
05-Apr-2026 10:45:44.430 SEVERE [http-nio-8080-exec-4] org.apache.catalina.core.StandardWrapperValve.invoke Servlet.service() for servlet [dispatcher] in context with path [/demo] threw exception [Handler processing failed; nested exception is java.lang.NoSuchMethodError: com.timmy.controller.AllController$ProfileImagePayload.<init>(Lcom/timmy/controller/AllController$1;)V] with root cause
	java.lang.NoSuchMethodError: com.timmy.controller.AllController$ProfileImagePayload.<init>(Lcom/timmy/controller/AllController$1;)V
		at com.timmy.controller.AllController.loadProfileImagePayloadByEnrollId(AllController.java:2947)
		at com.timmy.controller.AllController.applyProfileImageFallback(AllController.java:2867)
		at com.timmy.controller.AllController.getLatestLogFromDB(AllController.java:2628)
		at sun.reflect.GeneratedMethodAccessor118.invoke(Unknown Source)
		at sun.reflect.DelegatingMethodAccessorImpl.invoke(Unknown Source)
		at java.lang.reflect.Method.invoke(Unknown Source)
		at org.springframework.web.method.support.InvocableHandlerMethod.invoke(InvocableHandlerMethod.java:215)
		at org.springframework.web.method.support.InvocableHandlerMethod.invokeForRequest(InvocableHandlerMethod.java:132)
		at org.springframework.web.servlet.mvc.method.annotation.ServletInvocableHandlerMethod.invokeAndHandle(ServletInvocableHandlerMethod.java:104)
		at org.springframework.web.servlet.mvc.method.annotation.RequestMappingHandlerAdapter.invokeHandleMethod(RequestMappingHandlerAdapter.java:749)
		at org.springframework.web.servlet.mvc.method.annotation.RequestMappingHandlerAdapter.handleInternal(RequestMappingHandlerAdapter.java:690)
		at org.springframework.web.servlet.mvc.method.AbstractHandlerMethodAdapter.handle(AbstractHandlerMethodAdapter.java:83)
		at org.springframework.web.servlet.DispatcherServlet.doDispatch(DispatcherServlet.java:945)
		at org.springframework.web.servlet.DispatcherServlet.doService(DispatcherServlet.java:876)
		at org.springframework.web.servlet.FrameworkServlet.processRequest(FrameworkServlet.java:961)
		at org.springframework.web.servlet.FrameworkServlet.doGet(FrameworkServlet.java:852)
		at javax.servlet.http.HttpServlet.service(HttpServlet.java:529)
		at org.springframework.web.servlet.FrameworkServlet.service(FrameworkServlet.java:837)
		at javax.servlet.http.HttpServlet.service(HttpServlet.java:623)
		at org.apache.catalina.core.ApplicationFilterChain.internalDoFilter(ApplicationFilterChain.java:197)
		at org.apache.catalina.core.ApplicationFilterChain.doFilter(ApplicationFilterChain.java:142)
		at org.apache.tomcat.websocket.server.WsFilter.doFilter(WsFilter.java:51)
		at org.apache.catalina.core.ApplicationFilterChain.internalDoFilter(ApplicationFilterChain.java:166)
		at org.apache.catalina.core.ApplicationFilterChain.doFilter(ApplicationFilterChain.java:142)
		at com.timmy.util.AuthFilter.doFilter(AuthFilter.java:44)
		at org.apache.catalina.core.ApplicationFilterChain.internalDoFilter(ApplicationFilterChain.java:166)
		at org.apache.catalina.core.ApplicationFilterChain.doFilter(ApplicationFilterChain.java:142)
		at org.springframework.web.filter.CharacterEncodingFilter.doFilterInternal(CharacterEncodingFilter.java:88)
		at org.springframework.web.filter.OncePerRequestFilter.doFilter(OncePerRequestFilter.java:108)
		at org.apache.catalina.core.ApplicationFilterChain.internalDoFilter(ApplicationFilterChain.java:166)
		at org.apache.catalina.core.ApplicationFilterChain.doFilter(ApplicationFilterChain.java:142)
		at org.apache.catalina.core.StandardWrapperValve.invoke(StandardWrapperValve.java:166)
		at org.apache.catalina.core.StandardContextValve.invoke(StandardContextValve.java:88)
		at org.apache.catalina.authenticator.AuthenticatorBase.invoke(AuthenticatorBase.java:491)
		at org.apache.catalina.core.StandardHostValve.invoke(StandardHostValve.java:127)
		at org.apache.catalina.valves.ErrorReportValve.invoke(ErrorReportValve.java:83)
		at org.apache.catalina.valves.AbstractAccessLogValve.invoke(AbstractAccessLogValve.java:643)
		at org.apache.catalina.core.StandardEngineValve.invoke(StandardEngineValve.java:72)
		at org.apache.catalina.connector.CoyoteAdapter.service(CoyoteAdapter.java:344)
		at org.apache.coyote.http11.Http11Processor.service(Http11Processor.java:398)
		at org.apache.coyote.AbstractProcessorLight.process(AbstractProcessorLight.java:63)
		at org.apache.coyote.AbstractProtocol$ConnectionHandler.process(AbstractProtocol.java:939)
		at org.apache.tomcat.util.net.NioEndpoint$SocketProcessor.doRun(NioEndpoint.java:1832)
		at org.apache.tomcat.util.net.SocketProcessorBase.run(SocketProcessorBase.java:52)
		at org.apache.tomcat.util.threads.ThreadPoolExecutor.runWorker(ThreadPoolExecutor.java:973)
		at org.apache.tomcat.util.threads.ThreadPoolExecutor$Worker.run(ThreadPoolExecutor.java:491)
		at org.apache.tomcat.util.threads.TaskThread$WrappingRunnable.run(TaskThread.java:63)
		at java.lang.Thread.run(Unknown Source)
05-Apr-2026 10:45:58.435 SEVERE [http-nio-8080-exec-3] org.apache.catalina.core.StandardWrapperValve.invoke Servlet.service() for servlet [dispatcher] in context with path [/demo] threw exception [Handler processing failed; nested exception is java.lang.NoSuchMethodError: com.timmy.controller.AllController$ProfileImagePayload.<init>(Lcom/timmy/controller/AllController$1;)V] with root cause
	java.lang.NoSuchMethodError: com.timmy.controller.AllController$ProfileImagePayload.<init>(Lcom/timmy/controller/AllController$1;)V
		at com.timmy.controller.AllController.loadProfileImagePayloadByEnrollId(AllController.java:2947)
		at com.timmy.controller.AllController.applyProfileImageFallback(AllController.java:2867)
		at com.timmy.controller.AllController.getLatestLogFromDB(AllController.java:2628)
		at sun.reflect.GeneratedMethodAccessor118.invoke(Unknown Source)
		at sun.reflect.DelegatingMethodAccessorImpl.invoke(Unknown Source)
		at java.lang.reflect.Method.invoke(Unknown Source)
		at org.springframework.web.method.support.InvocableHandlerMethod.invoke(InvocableHandlerMethod.java:215)
		at org.springframework.web.method.support.InvocableHandlerMethod.invokeForRequest(InvocableHandlerMethod.java:132)
		at org.springframework.web.servlet.mvc.method.annotation.ServletInvocableHandlerMethod.invokeAndHandle(ServletInvocableHandlerMethod.java:104)
		at org.springframework.web.servlet.mvc.method.annotation.RequestMappingHandlerAdapter.invokeHandleMethod(RequestMappingHandlerAdapter.java:749)
		at org.springframework.web.servlet.mvc.method.annotation.RequestMappingHandlerAdapter.handleInternal(RequestMappingHandlerAdapter.java:690)
		at org.springframework.web.servlet.mvc.method.AbstractHandlerMethodAdapter.handle(AbstractHandlerMethodAdapter.java:83)
		at org.springframework.web.servlet.DispatcherServlet.doDispatch(DispatcherServlet.java:945)
		at org.springframework.web.servlet.DispatcherServlet.doService(DispatcherServlet.java:876)
		at org.springframework.web.servlet.FrameworkServlet.processRequest(FrameworkServlet.java:961)
		at org.springframework.web.servlet.FrameworkServlet.doGet(FrameworkServlet.java:852)
		at javax.servlet.http.HttpServlet.service(HttpServlet.java:529)
		at org.springframework.web.servlet.FrameworkServlet.service(FrameworkServlet.java:837)
		at javax.servlet.http.HttpServlet.service(HttpServlet.java:623)
		at org.apache.catalina.core.ApplicationFilterChain.internalDoFilter(ApplicationFilterChain.java:197)
		at org.apache.catalina.core.ApplicationFilterChain.doFilter(ApplicationFilterChain.java:142)
		at org.apache.tomcat.websocket.server.WsFilter.doFilter(WsFilter.java:51)
		at org.apache.catalina.core.ApplicationFilterChain.internalDoFilter(ApplicationFilterChain.java:166)
		at org.apache.catalina.core.ApplicationFilterChain.doFilter(ApplicationFilterChain.java:142)
		at com.timmy.util.AuthFilter.doFilter(AuthFilter.java:44)
		at org.apache.catalina.core.ApplicationFilterChain.internalDoFilter(ApplicationFilterChain.java:166)
		at org.apache.catalina.core.ApplicationFilterChain.doFilter(ApplicationFilterChain.java:142)
		at org.springframework.web.filter.CharacterEncodingFilter.doFilterInternal(CharacterEncodingFilter.java:88)
		at org.springframework.web.filter.OncePerRequestFilter.doFilter(OncePerRequestFilter.java:108)
		at org.apache.catalina.core.ApplicationFilterChain.internalDoFilter(ApplicationFilterChain.java:166)
		at org.apache.catalina.core.ApplicationFilterChain.doFilter(ApplicationFilterChain.java:142)
		at org.apache.catalina.core.StandardWrapperValve.invoke(StandardWrapperValve.java:166)
		at org.apache.catalina.core.StandardContextValve.invoke(StandardContextValve.java:88)
		at org.apache.catalina.authenticator.AuthenticatorBase.invoke(AuthenticatorBase.java:491)
		at org.apache.catalina.core.StandardHostValve.invoke(StandardHostValve.java:127)
		at org.apache.catalina.valves.ErrorReportValve.invoke(ErrorReportValve.java:83)
		at org.apache.catalina.valves.AbstractAccessLogValve.invoke(AbstractAccessLogValve.java:643)
		at org.apache.catalina.core.StandardEngineValve.invoke(StandardEngineValve.java:72)
		at org.apache.catalina.connector.CoyoteAdapter.service(CoyoteAdapter.java:344)
		at org.apache.coyote.http11.Http11Processor.service(Http11Processor.java:398)
		at org.apache.coyote.AbstractProcessorLight.process(AbstractProcessorLight.java:63)
		at org.apache.coyote.AbstractProtocol$ConnectionHandler.process(AbstractProtocol.java:939)
		at org.apache.tomcat.util.net.NioEndpoint$SocketProcessor.doRun(NioEndpoint.java:1832)
		at org.apache.tomcat.util.net.SocketProcessorBase.run(SocketProcessorBase.java:52)
		at org.apache.tomcat.util.threads.ThreadPoolExecutor.runWorker(ThreadPoolExecutor.java:973)
		at org.apache.tomcat.util.threads.ThreadPoolExecutor$Worker.run(ThreadPoolExecutor.java:491)
		at org.apache.tomcat.util.threads.TaskThread$WrappingRunnable.run(TaskThread.java:63)
		at java.lang.Thread.run(Unknown Source)
05-Apr-2026 10:46:58.440 SEVERE [http-nio-8080-exec-8] org.apache.catalina.core.StandardWrapperValve.invoke Servlet.service() for servlet [dispatcher] in context with path [/demo] threw exception [Handler processing failed; nested exception is java.lang.NoSuchMethodError: com.timmy.controller.AllController$ProfileImagePayload.<init>(Lcom/timmy/controller/AllController$1;)V] with root cause
	java.lang.NoSuchMethodError: com.timmy.controller.AllController$ProfileImagePayload.<init>(Lcom/timmy/controller/AllController$1;)V
		at com.timmy.controller.AllController.loadProfileImagePayloadByEnrollId(AllController.java:2947)
		at com.timmy.controller.AllController.applyProfileImageFallback(AllController.java:2867)
		at com.timmy.controller.AllController.getLatestLogFromDB(AllController.java:2628)
		at sun.reflect.GeneratedMethodAccessor118.invoke(Unknown Source)
		at sun.reflect.DelegatingMethodAccessorImpl.invoke(Unknown Source)
		at java.lang.reflect.Method.invoke(Unknown Source)
		at org.springframework.web.method.support.InvocableHandlerMethod.invoke(InvocableHandlerMethod.java:215)
		at org.springframework.web.method.support.InvocableHandlerMethod.invokeForRequest(InvocableHandlerMethod.java:132)
		at org.springframework.web.servlet.mvc.method.annotation.ServletInvocableHandlerMethod.invokeAndHandle(ServletInvocableHandlerMethod.java:104)
		at org.springframework.web.servlet.mvc.method.annotation.RequestMappingHandlerAdapter.invokeHandleMethod(RequestMappingHandlerAdapter.java:749)
		at org.springframework.web.servlet.mvc.method.annotation.RequestMappingHandlerAdapter.handleInternal(RequestMappingHandlerAdapter.java:690)
		at org.springframework.web.servlet.mvc.method.AbstractHandlerMethodAdapter.handle(AbstractHandlerMethodAdapter.java:83)
		at org.springframework.web.servlet.DispatcherServlet.doDispatch(DispatcherServlet.java:945)
		at org.springframework.web.servlet.DispatcherServlet.doService(DispatcherServlet.java:876)
		at org.springframework.web.servlet.FrameworkServlet.processRequest(FrameworkServlet.java:961)
		at org.springframework.web.servlet.FrameworkServlet.doGet(FrameworkServlet.java:852)
		at javax.servlet.http.HttpServlet.service(HttpServlet.java:529)
		at org.springframework.web.servlet.FrameworkServlet.service(FrameworkServlet.java:837)
		at javax.servlet.http.HttpServlet.service(HttpServlet.java:623)
		at org.apache.catalina.core.ApplicationFilterChain.internalDoFilter(ApplicationFilterChain.java:197)
		at org.apache.catalina.core.ApplicationFilterChain.doFilter(ApplicationFilterChain.java:142)
		at org.apache.tomcat.websocket.server.WsFilter.doFilter(WsFilter.java:51)
		at org.apache.catalina.core.ApplicationFilterChain.internalDoFilter(ApplicationFilterChain.java:166)
		at org.apache.catalina.core.ApplicationFilterChain.doFilter(ApplicationFilterChain.java:142)
		at com.timmy.util.AuthFilter.doFilter(AuthFilter.java:44)
		at org.apache.catalina.core.ApplicationFilterChain.internalDoFilter(ApplicationFilterChain.java:166)
		at org.apache.catalina.core.ApplicationFilterChain.doFilter(ApplicationFilterChain.java:142)
		at org.springframework.web.filter.CharacterEncodingFilter.doFilterInternal(CharacterEncodingFilter.java:88)
		at org.springframework.web.filter.OncePerRequestFilter.doFilter(OncePerRequestFilter.java:108)
		at org.apache.catalina.core.ApplicationFilterChain.internalDoFilter(ApplicationFilterChain.java:166)
		at org.apache.catalina.core.ApplicationFilterChain.doFilter(ApplicationFilterChain.java:142)
		at org.apache.catalina.core.StandardWrapperValve.invoke(StandardWrapperValve.java:166)
		at org.apache.catalina.core.StandardContextValve.invoke(StandardContextValve.java:88)
		at org.apache.catalina.authenticator.AuthenticatorBase.invoke(AuthenticatorBase.java:491)
		at org.apache.catalina.core.StandardHostValve.invoke(StandardHostValve.java:127)
		at org.apache.catalina.valves.ErrorReportValve.invoke(ErrorReportValve.java:83)
		at org.apache.catalina.valves.AbstractAccessLogValve.invoke(AbstractAccessLogValve.java:643)
		at org.apache.catalina.core.StandardEngineValve.invoke(StandardEngineValve.java:72)
		at org.apache.catalina.connector.CoyoteAdapter.service(CoyoteAdapter.java:344)
		at org.apache.coyote.http11.Http11Processor.service(Http11Processor.java:398)
		at org.apache.coyote.AbstractProcessorLight.process(AbstractProcessorLight.java:63)
		at org.apache.coyote.AbstractProtocol$ConnectionHandler.process(AbstractProtocol.java:939)
		at org.apache.tomcat.util.net.NioEndpoint$SocketProcessor.doRun(NioEndpoint.java:1832)
		at org.apache.tomcat.util.net.SocketProcessorBase.run(SocketProcessorBase.java:52)
		at org.apache.tomcat.util.threads.ThreadPoolExecutor.runWorker(ThreadPoolExecutor.java:973)
		at org.apache.tomcat.util.threads.ThreadPoolExecutor$Worker.run(ThreadPoolExecutor.java:491)
		at org.apache.tomcat.util.threads.TaskThread$WrappingRunnable.run(TaskThread.java:63)
		at java.lang.Thread.run(Unknown Source)
05-Apr-2026 10:47:58.444 SEVERE [http-nio-8080-exec-9] org.apache.catalina.core.StandardWrapperValve.invoke Servlet.service() for servlet [dispatcher] in context with path [/demo] threw exception [Handler processing failed; nested exception is java.lang.NoSuchMethodError: com.timmy.controller.AllController$ProfileImagePayload.<init>(Lcom/timmy/controller/AllController$1;)V] with root cause
	java.lang.NoSuchMethodError: com.timmy.controller.AllController$ProfileImagePayload.<init>(Lcom/timmy/controller/AllController$1;)V
		at com.timmy.controller.AllController.loadProfileImagePayloadByEnrollId(AllController.java:2947)
		at com.timmy.controller.AllController.applyProfileImageFallback(AllController.java:2867)
		at com.timmy.controller.AllController.getLatestLogFromDB(AllController.java:2628)
		at sun.reflect.GeneratedMethodAccessor118.invoke(Unknown Source)
		at sun.reflect.DelegatingMethodAccessorImpl.invoke(Unknown Source)
		at java.lang.reflect.Method.invoke(Unknown Source)
		at org.springframework.web.method.support.InvocableHandlerMethod.invoke(InvocableHandlerMethod.java:215)
		at org.springframework.web.method.support.InvocableHandlerMethod.invokeForRequest(InvocableHandlerMethod.java:132)
		at org.springframework.web.servlet.mvc.method.annotation.ServletInvocableHandlerMethod.invokeAndHandle(ServletInvocableHandlerMethod.java:104)
		at org.springframework.web.servlet.mvc.method.annotation.RequestMappingHandlerAdapter.invokeHandleMethod(RequestMappingHandlerAdapter.java:749)
		at org.springframework.web.servlet.mvc.method.annotation.RequestMappingHandlerAdapter.handleInternal(RequestMappingHandlerAdapter.java:690)
		at org.springframework.web.servlet.mvc.method.AbstractHandlerMethodAdapter.handle(AbstractHandlerMethodAdapter.java:83)
		at org.springframework.web.servlet.DispatcherServlet.doDispatch(DispatcherServlet.java:945)
		at org.springframework.web.servlet.DispatcherServlet.doService(DispatcherServlet.java:876)
		at org.springframework.web.servlet.FrameworkServlet.processRequest(FrameworkServlet.java:961)
		at org.springframework.web.servlet.FrameworkServlet.doGet(FrameworkServlet.java:852)
		at javax.servlet.http.HttpServlet.service(HttpServlet.java:529)
		at org.springframework.web.servlet.FrameworkServlet.service(FrameworkServlet.java:837)
		at javax.servlet.http.HttpServlet.service(HttpServlet.java:623)
		at org.apache.catalina.core.ApplicationFilterChain.internalDoFilter(ApplicationFilterChain.java:197)
		at org.apache.catalina.core.ApplicationFilterChain.doFilter(ApplicationFilterChain.java:142)
		at org.apache.tomcat.websocket.server.WsFilter.doFilter(WsFilter.java:51)
		at org.apache.catalina.core.ApplicationFilterChain.internalDoFilter(ApplicationFilterChain.java:166)
		at org.apache.catalina.core.ApplicationFilterChain.doFilter(ApplicationFilterChain.java:142)
		at com.timmy.util.AuthFilter.doFilter(AuthFilter.java:44)
		at org.apache.catalina.core.ApplicationFilterChain.internalDoFilter(ApplicationFilterChain.java:166)
		at org.apache.catalina.core.ApplicationFilterChain.doFilter(ApplicationFilterChain.java:142)
		at org.springframework.web.filter.CharacterEncodingFilter.doFilterInternal(CharacterEncodingFilter.java:88)
		at org.springframework.web.filter.OncePerRequestFilter.doFilter(OncePerRequestFilter.java:108)
		at org.apache.catalina.core.ApplicationFilterChain.internalDoFilter(ApplicationFilterChain.java:166)
		at org.apache.catalina.core.ApplicationFilterChain.doFilter(ApplicationFilterChain.java:142)
		at org.apache.catalina.core.StandardWrapperValve.invoke(StandardWrapperValve.java:166)
		at org.apache.catalina.core.StandardContextValve.invoke(StandardContextValve.java:88)
		at org.apache.catalina.authenticator.AuthenticatorBase.invoke(AuthenticatorBase.java:491)
		at org.apache.catalina.core.StandardHostValve.invoke(StandardHostValve.java:127)
		at org.apache.catalina.valves.ErrorReportValve.invoke(ErrorReportValve.java:83)
		at org.apache.catalina.valves.AbstractAccessLogValve.invoke(AbstractAccessLogValve.java:643)
		at org.apache.catalina.core.StandardEngineValve.invoke(StandardEngineValve.java:72)
		at org.apache.catalina.connector.CoyoteAdapter.service(CoyoteAdapter.java:344)
		at org.apache.coyote.http11.Http11Processor.service(Http11Processor.java:398)
		at org.apache.coyote.AbstractProcessorLight.process(AbstractProcessorLight.java:63)
		at org.apache.coyote.AbstractProtocol$ConnectionHandler.process(AbstractProtocol.java:939)
		at org.apache.tomcat.util.net.NioEndpoint$SocketProcessor.doRun(NioEndpoint.java:1832)
		at org.apache.tomcat.util.net.SocketProcessorBase.run(SocketProcessorBase.java:52)
		at org.apache.tomcat.util.threads.ThreadPoolExecutor.runWorker(ThreadPoolExecutor.java:973)
		at org.apache.tomcat.util.threads.ThreadPoolExecutor$Worker.run(ThreadPoolExecutor.java:491)
		at org.apache.tomcat.util.threads.TaskThread$WrappingRunnable.run(TaskThread.java:63)
		at java.lang.Thread.run(Unknown Source)
05-Apr-2026 10:48:58.434 SEVERE [http-nio-8080-exec-7] org.apache.catalina.core.StandardWrapperValve.invoke Servlet.service() for servlet [dispatcher] in context with path [/demo] threw exception [Handler processing failed; nested exception is java.lang.NoSuchMethodError: com.timmy.controller.AllController$ProfileImagePayload.<init>(Lcom/timmy/controller/AllController$1;)V] with root cause
	java.lang.NoSuchMethodError: com.timmy.controller.AllController$ProfileImagePayload.<init>(Lcom/timmy/controller/AllController$1;)V
		at com.timmy.controller.AllController.loadProfileImagePayloadByEnrollId(AllController.java:2947)
		at com.timmy.controller.AllController.applyProfileImageFallback(AllController.java:2867)
		at com.timmy.controller.AllController.getLatestLogFromDB(AllController.java:2628)
		at sun.reflect.GeneratedMethodAccessor118.invoke(Unknown Source)
		at sun.reflect.DelegatingMethodAccessorImpl.invoke(Unknown Source)
		at java.lang.reflect.Method.invoke(Unknown Source)
		at org.springframework.web.method.support.InvocableHandlerMethod.invoke(InvocableHandlerMethod.java:215)
		at org.springframework.web.method.support.InvocableHandlerMethod.invokeForRequest(InvocableHandlerMethod.java:132)
		at org.springframework.web.servlet.mvc.method.annotation.ServletInvocableHandlerMethod.invokeAndHandle(ServletInvocableHandlerMethod.java:104)
		at org.springframework.web.servlet.mvc.method.annotation.RequestMappingHandlerAdapter.invokeHandleMethod(RequestMappingHandlerAdapter.java:749)
		at org.springframework.web.servlet.mvc.method.annotation.RequestMappingHandlerAdapter.handleInternal(RequestMappingHandlerAdapter.java:690)
		at org.springframework.web.servlet.mvc.method.AbstractHandlerMethodAdapter.handle(AbstractHandlerMethodAdapter.java:83)
		at org.springframework.web.servlet.DispatcherServlet.doDispatch(DispatcherServlet.java:945)
		at org.springframework.web.servlet.DispatcherServlet.doService(DispatcherServlet.java:876)
		at org.springframework.web.servlet.FrameworkServlet.processRequest(FrameworkServlet.java:961)
		at org.springframework.web.servlet.FrameworkServlet.doGet(FrameworkServlet.java:852)
		at javax.servlet.http.HttpServlet.service(HttpServlet.java:529)
		at org.springframework.web.servlet.FrameworkServlet.service(FrameworkServlet.java:837)
		at javax.servlet.http.HttpServlet.service(HttpServlet.java:623)
		at org.apache.catalina.core.ApplicationFilterChain.internalDoFilter(ApplicationFilterChain.java:197)
		at org.apache.catalina.core.ApplicationFilterChain.doFilter(ApplicationFilterChain.java:142)
		at org.apache.tomcat.websocket.server.WsFilter.doFilter(WsFilter.java:51)
		at org.apache.catalina.core.ApplicationFilterChain.internalDoFilter(ApplicationFilterChain.java:166)
		at org.apache.catalina.core.ApplicationFilterChain.doFilter(ApplicationFilterChain.java:142)
		at com.timmy.util.AuthFilter.doFilter(AuthFilter.java:44)
		at org.apache.catalina.core.ApplicationFilterChain.internalDoFilter(ApplicationFilterChain.java:166)
		at org.apache.catalina.core.ApplicationFilterChain.doFilter(ApplicationFilterChain.java:142)
		at org.springframework.web.filter.CharacterEncodingFilter.doFilterInternal(CharacterEncodingFilter.java:88)
		at org.springframework.web.filter.OncePerRequestFilter.doFilter(OncePerRequestFilter.java:108)
		at org.apache.catalina.core.ApplicationFilterChain.internalDoFilter(ApplicationFilterChain.java:166)
		at org.apache.catalina.core.ApplicationFilterChain.doFilter(ApplicationFilterChain.java:142)
		at org.apache.catalina.core.StandardWrapperValve.invoke(StandardWrapperValve.java:166)
		at org.apache.catalina.core.StandardContextValve.invoke(StandardContextValve.java:88)
		at org.apache.catalina.authenticator.AuthenticatorBase.invoke(AuthenticatorBase.java:491)
		at org.apache.catalina.core.StandardHostValve.invoke(StandardHostValve.java:127)
		at org.apache.catalina.valves.ErrorReportValve.invoke(ErrorReportValve.java:83)
		at org.apache.catalina.valves.AbstractAccessLogValve.invoke(AbstractAccessLogValve.java:643)
		at org.apache.catalina.core.StandardEngineValve.invoke(StandardEngineValve.java:72)
		at org.apache.catalina.connector.CoyoteAdapter.service(CoyoteAdapter.java:344)
		at org.apache.coyote.http11.Http11Processor.service(Http11Processor.java:398)
		at org.apache.coyote.AbstractProcessorLight.process(AbstractProcessorLight.java:63)
		at org.apache.coyote.AbstractProtocol$ConnectionHandler.process(AbstractProtocol.java:939)
		at org.apache.tomcat.util.net.NioEndpoint$SocketProcessor.doRun(NioEndpoint.java:1832)
		at org.apache.tomcat.util.net.SocketProcessorBase.run(SocketProcessorBase.java:52)
		at org.apache.tomcat.util.threads.ThreadPoolExecutor.runWorker(ThreadPoolExecutor.java:973)
		at org.apache.tomcat.util.threads.ThreadPoolExecutor$Worker.run(ThreadPoolExecutor.java:491)
		at org.apache.tomcat.util.threads.TaskThread$WrappingRunnable.run(TaskThread.java:63)
		at java.lang.Thread.run(Unknown Source)
05-Apr-2026 10:49:58.445 SEVERE [http-nio-8080-exec-1] org.apache.catalina.core.StandardWrapperValve.invoke Servlet.service() for servlet [dispatcher] in context with path [/demo] threw exception [Handler processing failed; nested exception is java.lang.NoSuchMethodError: com.timmy.controller.AllController$ProfileImagePayload.<init>(Lcom/timmy/controller/AllController$1;)V] with root cause
	java.lang.NoSuchMethodError: com.timmy.controller.AllController$ProfileImagePayload.<init>(Lcom/timmy/controller/AllController$1;)V
		at com.timmy.controller.AllController.loadProfileImagePayloadByEnrollId(AllController.java:2947)
		at com.timmy.controller.AllController.applyProfileImageFallback(AllController.java:2867)
		at com.timmy.controller.AllController.getLatestLogFromDB(AllController.java:2628)
		at sun.reflect.GeneratedMethodAccessor118.invoke(Unknown Source)
		at sun.reflect.DelegatingMethodAccessorImpl.invoke(Unknown Source)
		at java.lang.reflect.Method.invoke(Unknown Source)
		at org.springframework.web.method.support.InvocableHandlerMethod.invoke(InvocableHandlerMethod.java:215)
		at org.springframework.web.method.support.InvocableHandlerMethod.invokeForRequest(InvocableHandlerMethod.java:132)
		at org.springframework.web.servlet.mvc.method.annotation.ServletInvocableHandlerMethod.invokeAndHandle(ServletInvocableHandlerMethod.java:104)
		at org.springframework.web.servlet.mvc.method.annotation.RequestMappingHandlerAdapter.invokeHandleMethod(RequestMappingHandlerAdapter.java:749)
		at org.springframework.web.servlet.mvc.method.annotation.RequestMappingHandlerAdapter.handleInternal(RequestMappingHandlerAdapter.java:690)
		at org.springframework.web.servlet.mvc.method.AbstractHandlerMethodAdapter.handle(AbstractHandlerMethodAdapter.java:83)
		at org.springframework.web.servlet.DispatcherServlet.doDispatch(DispatcherServlet.java:945)
		at org.springframework.web.servlet.DispatcherServlet.doService(DispatcherServlet.java:876)
		at org.springframework.web.servlet.FrameworkServlet.processRequest(FrameworkServlet.java:961)
		at org.springframework.web.servlet.FrameworkServlet.doGet(FrameworkServlet.java:852)
		at javax.servlet.http.HttpServlet.service(HttpServlet.java:529)
		at org.springframework.web.servlet.FrameworkServlet.service(FrameworkServlet.java:837)
		at javax.servlet.http.HttpServlet.service(HttpServlet.java:623)
		at org.apache.catalina.core.ApplicationFilterChain.internalDoFilter(ApplicationFilterChain.java:197)
		at org.apache.catalina.core.ApplicationFilterChain.doFilter(ApplicationFilterChain.java:142)
		at org.apache.tomcat.websocket.server.WsFilter.doFilter(WsFilter.java:51)
		at org.apache.catalina.core.ApplicationFilterChain.internalDoFilter(ApplicationFilterChain.java:166)
		at org.apache.catalina.core.ApplicationFilterChain.doFilter(ApplicationFilterChain.java:142)
		at com.timmy.util.AuthFilter.doFilter(AuthFilter.java:44)
		at org.apache.catalina.core.ApplicationFilterChain.internalDoFilter(ApplicationFilterChain.java:166)
		at org.apache.catalina.core.ApplicationFilterChain.doFilter(ApplicationFilterChain.java:142)
		at org.springframework.web.filter.CharacterEncodingFilter.doFilterInternal(CharacterEncodingFilter.java:88)
		at org.springframework.web.filter.OncePerRequestFilter.doFilter(OncePerRequestFilter.java:108)
		at org.apache.catalina.core.ApplicationFilterChain.internalDoFilter(ApplicationFilterChain.java:166)
		at org.apache.catalina.core.ApplicationFilterChain.doFilter(ApplicationFilterChain.java:142)
		at org.apache.catalina.core.StandardWrapperValve.invoke(StandardWrapperValve.java:166)
		at org.apache.catalina.core.StandardContextValve.invoke(StandardContextValve.java:88)
		at org.apache.catalina.authenticator.AuthenticatorBase.invoke(AuthenticatorBase.java:491)
		at org.apache.catalina.core.StandardHostValve.invoke(StandardHostValve.java:127)
		at org.apache.catalina.valves.ErrorReportValve.invoke(ErrorReportValve.java:83)
		at org.apache.catalina.valves.AbstractAccessLogValve.invoke(AbstractAccessLogValve.java:643)
		at org.apache.catalina.core.StandardEngineValve.invoke(StandardEngineValve.java:72)
		at org.apache.catalina.connector.CoyoteAdapter.service(CoyoteAdapter.java:344)
		at org.apache.coyote.http11.Http11Processor.service(Http11Processor.java:398)
		at org.apache.coyote.AbstractProcessorLight.process(AbstractProcessorLight.java:63)
		at org.apache.coyote.AbstractProtocol$ConnectionHandler.process(AbstractProtocol.java:939)
		at org.apache.tomcat.util.net.NioEndpoint$SocketProcessor.doRun(NioEndpoint.java:1832)
		at org.apache.tomcat.util.net.SocketProcessorBase.run(SocketProcessorBase.java:52)
		at org.apache.tomcat.util.threads.ThreadPoolExecutor.runWorker(ThreadPoolExecutor.java:973)
		at org.apache.tomcat.util.threads.ThreadPoolExecutor$Worker.run(ThreadPoolExecutor.java:491)
		at org.apache.tomcat.util.threads.TaskThread$WrappingRunnable.run(TaskThread.java:63)
		at java.lang.Thread.run(Unknown Source)
05-Apr-2026 10:50:58.457 SEVERE [http-nio-8080-exec-6] org.apache.catalina.core.StandardWrapperValve.invoke Servlet.service() for servlet [dispatcher] in context with path [/demo] threw exception [Handler processing failed; nested exception is java.lang.NoSuchMethodError: com.timmy.controller.AllController$ProfileImagePayload.<init>(Lcom/timmy/controller/AllController$1;)V] with root cause
	java.lang.NoSuchMethodError: com.timmy.controller.AllController$ProfileImagePayload.<init>(Lcom/timmy/controller/AllController$1;)V
		at com.timmy.controller.AllController.loadProfileImagePayloadByEnrollId(AllController.java:2947)
		at com.timmy.controller.AllController.applyProfileImageFallback(AllController.java:2867)
		at com.timmy.controller.AllController.getLatestLogFromDB(AllController.java:2628)
		at sun.reflect.GeneratedMethodAccessor118.invoke(Unknown Source)
		at sun.reflect.DelegatingMethodAccessorImpl.invoke(Unknown Source)
		at java.lang.reflect.Method.invoke(Unknown Source)
		at org.springframework.web.method.support.InvocableHandlerMethod.invoke(InvocableHandlerMethod.java:215)
		at org.springframework.web.method.support.InvocableHandlerMethod.invokeForRequest(InvocableHandlerMethod.java:132)
		at org.springframework.web.servlet.mvc.method.annotation.ServletInvocableHandlerMethod.invokeAndHandle(ServletInvocableHandlerMethod.java:104)
		at org.springframework.web.servlet.mvc.method.annotation.RequestMappingHandlerAdapter.invokeHandleMethod(RequestMappingHandlerAdapter.java:749)
		at org.springframework.web.servlet.mvc.method.annotation.RequestMappingHandlerAdapter.handleInternal(RequestMappingHandlerAdapter.java:690)
		at org.springframework.web.servlet.mvc.method.AbstractHandlerMethodAdapter.handle(AbstractHandlerMethodAdapter.java:83)
		at org.springframework.web.servlet.DispatcherServlet.doDispatch(DispatcherServlet.java:945)
		at org.springframework.web.servlet.DispatcherServlet.doService(DispatcherServlet.java:876)
		at org.springframework.web.servlet.FrameworkServlet.processRequest(FrameworkServlet.java:961)
		at org.springframework.web.servlet.FrameworkServlet.doGet(FrameworkServlet.java:852)
		at javax.servlet.http.HttpServlet.service(HttpServlet.java:529)
		at org.springframework.web.servlet.FrameworkServlet.service(FrameworkServlet.java:837)
		at javax.servlet.http.HttpServlet.service(HttpServlet.java:623)
		at org.apache.catalina.core.ApplicationFilterChain.internalDoFilter(ApplicationFilterChain.java:197)
		at org.apache.catalina.core.ApplicationFilterChain.doFilter(ApplicationFilterChain.java:142)
		at org.apache.tomcat.websocket.server.WsFilter.doFilter(WsFilter.java:51)
		at org.apache.catalina.core.ApplicationFilterChain.internalDoFilter(ApplicationFilterChain.java:166)
		at org.apache.catalina.core.ApplicationFilterChain.doFilter(ApplicationFilterChain.java:142)
		at com.timmy.util.AuthFilter.doFilter(AuthFilter.java:44)
		at org.apache.catalina.core.ApplicationFilterChain.internalDoFilter(ApplicationFilterChain.java:166)
		at org.apache.catalina.core.ApplicationFilterChain.doFilter(ApplicationFilterChain.java:142)
		at org.springframework.web.filter.CharacterEncodingFilter.doFilterInternal(CharacterEncodingFilter.java:88)
		at org.springframework.web.filter.OncePerRequestFilter.doFilter(OncePerRequestFilter.java:108)
		at org.apache.catalina.core.ApplicationFilterChain.internalDoFilter(ApplicationFilterChain.java:166)
		at org.apache.catalina.core.ApplicationFilterChain.doFilter(ApplicationFilterChain.java:142)
		at org.apache.catalina.core.StandardWrapperValve.invoke(StandardWrapperValve.java:166)
		at org.apache.catalina.core.StandardContextValve.invoke(StandardContextValve.java:88)
		at org.apache.catalina.authenticator.AuthenticatorBase.invoke(AuthenticatorBase.java:491)
		at org.apache.catalina.core.StandardHostValve.invoke(StandardHostValve.java:127)
		at org.apache.catalina.valves.ErrorReportValve.invoke(ErrorReportValve.java:83)
		at org.apache.catalina.valves.AbstractAccessLogValve.invoke(AbstractAccessLogValve.java:643)
		at org.apache.catalina.core.StandardEngineValve.invoke(StandardEngineValve.java:72)
		at org.apache.catalina.connector.CoyoteAdapter.service(CoyoteAdapter.java:344)
		at org.apache.coyote.http11.Http11Processor.service(Http11Processor.java:398)
		at org.apache.coyote.AbstractProcessorLight.process(AbstractProcessorLight.java:63)
		at org.apache.coyote.AbstractProtocol$ConnectionHandler.process(AbstractProtocol.java:939)
		at org.apache.tomcat.util.net.NioEndpoint$SocketProcessor.doRun(NioEndpoint.java:1832)
		at org.apache.tomcat.util.net.SocketProcessorBase.run(SocketProcessorBase.java:52)
		at org.apache.tomcat.util.threads.ThreadPoolExecutor.runWorker(ThreadPoolExecutor.java:973)
		at org.apache.tomcat.util.threads.ThreadPoolExecutor$Worker.run(ThreadPoolExecutor.java:491)
		at org.apache.tomcat.util.threads.TaskThread$WrappingRunnable.run(TaskThread.java:63)
		at java.lang.Thread.run(Unknown Source)
05-Apr-2026 10:51:58.462 SEVERE [http-nio-8080-exec-5] org.apache.catalina.core.StandardWrapperValve.invoke Servlet.service() for servlet [dispatcher] in context with path [/demo] threw exception [Handler processing failed; nested exception is java.lang.NoSuchMethodError: com.timmy.controller.AllController$ProfileImagePayload.<init>(Lcom/timmy/controller/AllController$1;)V] with root cause
	java.lang.NoSuchMethodError: com.timmy.controller.AllController$ProfileImagePayload.<init>(Lcom/timmy/controller/AllController$1;)V
		at com.timmy.controller.AllController.loadProfileImagePayloadByEnrollId(AllController.java:2947)
		at com.timmy.controller.AllController.applyProfileImageFallback(AllController.java:2867)
		at com.timmy.controller.AllController.getLatestLogFromDB(AllController.java:2628)
		at sun.reflect.GeneratedMethodAccessor118.invoke(Unknown Source)
		at sun.reflect.DelegatingMethodAccessorImpl.invoke(Unknown Source)
		at java.lang.reflect.Method.invoke(Unknown Source)
		at org.springframework.web.method.support.InvocableHandlerMethod.invoke(InvocableHandlerMethod.java:215)
		at org.springframework.web.method.support.InvocableHandlerMethod.invokeForRequest(InvocableHandlerMethod.java:132)
		at org.springframework.web.servlet.mvc.method.annotation.ServletInvocableHandlerMethod.invokeAndHandle(ServletInvocableHandlerMethod.java:104)
		at org.springframework.web.servlet.mvc.method.annotation.RequestMappingHandlerAdapter.invokeHandleMethod(RequestMappingHandlerAdapter.java:749)
		at org.springframework.web.servlet.mvc.method.annotation.RequestMappingHandlerAdapter.handleInternal(RequestMappingHandlerAdapter.java:690)
		at org.springframework.web.servlet.mvc.method.AbstractHandlerMethodAdapter.handle(AbstractHandlerMethodAdapter.java:83)
		at org.springframework.web.servlet.DispatcherServlet.doDispatch(DispatcherServlet.java:945)
		at org.springframework.web.servlet.DispatcherServlet.doService(DispatcherServlet.java:876)
		at org.springframework.web.servlet.FrameworkServlet.processRequest(FrameworkServlet.java:961)
		at org.springframework.web.servlet.FrameworkServlet.doGet(FrameworkServlet.java:852)
		at javax.servlet.http.HttpServlet.service(HttpServlet.java:529)
		at org.springframework.web.servlet.FrameworkServlet.service(FrameworkServlet.java:837)
		at javax.servlet.http.HttpServlet.service(HttpServlet.java:623)
		at org.apache.catalina.core.ApplicationFilterChain.internalDoFilter(ApplicationFilterChain.java:197)
		at org.apache.catalina.core.ApplicationFilterChain.doFilter(ApplicationFilterChain.java:142)
		at org.apache.tomcat.websocket.server.WsFilter.doFilter(WsFilter.java:51)
		at org.apache.catalina.core.ApplicationFilterChain.internalDoFilter(ApplicationFilterChain.java:166)
		at org.apache.catalina.core.ApplicationFilterChain.doFilter(ApplicationFilterChain.java:142)
		at com.timmy.util.AuthFilter.doFilter(AuthFilter.java:44)
		at org.apache.catalina.core.ApplicationFilterChain.internalDoFilter(ApplicationFilterChain.java:166)
		at org.apache.catalina.core.ApplicationFilterChain.doFilter(ApplicationFilterChain.java:142)
		at org.springframework.web.filter.CharacterEncodingFilter.doFilterInternal(CharacterEncodingFilter.java:88)
		at org.springframework.web.filter.OncePerRequestFilter.doFilter(OncePerRequestFilter.java:108)
		at org.apache.catalina.core.ApplicationFilterChain.internalDoFilter(ApplicationFilterChain.java:166)
		at org.apache.catalina.core.ApplicationFilterChain.doFilter(ApplicationFilterChain.java:142)
		at org.apache.catalina.core.StandardWrapperValve.invoke(StandardWrapperValve.java:166)
		at org.apache.catalina.core.StandardContextValve.invoke(StandardContextValve.java:88)
		at org.apache.catalina.authenticator.AuthenticatorBase.invoke(AuthenticatorBase.java:491)
		at org.apache.catalina.core.StandardHostValve.invoke(StandardHostValve.java:127)
		at org.apache.catalina.valves.ErrorReportValve.invoke(ErrorReportValve.java:83)
		at org.apache.catalina.valves.AbstractAccessLogValve.invoke(AbstractAccessLogValve.java:643)
		at org.apache.catalina.core.StandardEngineValve.invoke(StandardEngineValve.java:72)
		at org.apache.catalina.connector.CoyoteAdapter.service(CoyoteAdapter.java:344)
		at org.apache.coyote.http11.Http11Processor.service(Http11Processor.java:398)
		at org.apache.coyote.AbstractProcessorLight.process(AbstractProcessorLight.java:63)
		at org.apache.coyote.AbstractProtocol$ConnectionHandler.process(AbstractProtocol.java:939)
		at org.apache.tomcat.util.net.NioEndpoint$SocketProcessor.doRun(NioEndpoint.java:1832)
		at org.apache.tomcat.util.net.SocketProcessorBase.run(SocketProcessorBase.java:52)
		at org.apache.tomcat.util.threads.ThreadPoolExecutor.runWorker(ThreadPoolExecutor.java:973)
		at org.apache.tomcat.util.threads.ThreadPoolExecutor$Worker.run(ThreadPoolExecutor.java:491)
		at org.apache.tomcat.util.threads.TaskThread$WrappingRunnable.run(TaskThread.java:63)
		at java.lang.Thread.run(Unknown Source)
05-Apr-2026 10:52:58.440 SEVERE [http-nio-8080-exec-10] org.apache.catalina.core.StandardWrapperValve.invoke Servlet.service() for servlet [dispatcher] in context with path [/demo] threw exception [Handler processing failed; nested exception is java.lang.NoSuchMethodError: com.timmy.controller.AllController$ProfileImagePayload.<init>(Lcom/timmy/controller/AllController$1;)V] with root cause
	java.lang.NoSuchMethodError: com.timmy.controller.AllController$ProfileImagePayload.<init>(Lcom/timmy/controller/AllController$1;)V
		at com.timmy.controller.AllController.loadProfileImagePayloadByEnrollId(AllController.java:2947)
		at com.timmy.controller.AllController.applyProfileImageFallback(AllController.java:2867)
		at com.timmy.controller.AllController.getLatestLogFromDB(AllController.java:2628)
		at sun.reflect.GeneratedMethodAccessor118.invoke(Unknown Source)
		at sun.reflect.DelegatingMethodAccessorImpl.invoke(Unknown Source)
		at java.lang.reflect.Method.invoke(Unknown Source)
		at org.springframework.web.method.support.InvocableHandlerMethod.invoke(InvocableHandlerMethod.java:215)
		at org.springframework.web.method.support.InvocableHandlerMethod.invokeForRequest(InvocableHandlerMethod.java:132)
		at org.springframework.web.servlet.mvc.method.annotation.ServletInvocableHandlerMethod.invokeAndHandle(ServletInvocableHandlerMethod.java:104)
		at org.springframework.web.servlet.mvc.method.annotation.RequestMappingHandlerAdapter.invokeHandleMethod(RequestMappingHandlerAdapter.java:749)
		at org.springframework.web.servlet.mvc.method.annotation.RequestMappingHandlerAdapter.handleInternal(RequestMappingHandlerAdapter.java:690)
		at org.springframework.web.servlet.mvc.method.AbstractHandlerMethodAdapter.handle(AbstractHandlerMethodAdapter.java:83)
		at org.springframework.web.servlet.DispatcherServlet.doDispatch(DispatcherServlet.java:945)
		at org.springframework.web.servlet.DispatcherServlet.doService(DispatcherServlet.java:876)
		at org.springframework.web.servlet.FrameworkServlet.processRequest(FrameworkServlet.java:961)
		at org.springframework.web.servlet.FrameworkServlet.doGet(FrameworkServlet.java:852)
		at javax.servlet.http.HttpServlet.service(HttpServlet.java:529)
		at org.springframework.web.servlet.FrameworkServlet.service(FrameworkServlet.java:837)
		at javax.servlet.http.HttpServlet.service(HttpServlet.java:623)
		at org.apache.catalina.core.ApplicationFilterChain.internalDoFilter(ApplicationFilterChain.java:197)
		at org.apache.catalina.core.ApplicationFilterChain.doFilter(ApplicationFilterChain.java:142)
		at org.apache.tomcat.websocket.server.WsFilter.doFilter(WsFilter.java:51)
		at org.apache.catalina.core.ApplicationFilterChain.internalDoFilter(ApplicationFilterChain.java:166)
		at org.apache.catalina.core.ApplicationFilterChain.doFilter(ApplicationFilterChain.java:142)
		at com.timmy.util.AuthFilter.doFilter(AuthFilter.java:44)
		at org.apache.catalina.core.ApplicationFilterChain.internalDoFilter(ApplicationFilterChain.java:166)
		at org.apache.catalina.core.ApplicationFilterChain.doFilter(ApplicationFilterChain.java:142)
		at org.springframework.web.filter.CharacterEncodingFilter.doFilterInternal(CharacterEncodingFilter.java:88)
		at org.springframework.web.filter.OncePerRequestFilter.doFilter(OncePerRequestFilter.java:108)
		at org.apache.catalina.core.ApplicationFilterChain.internalDoFilter(ApplicationFilterChain.java:166)
		at org.apache.catalina.core.ApplicationFilterChain.doFilter(ApplicationFilterChain.java:142)
		at org.apache.catalina.core.StandardWrapperValve.invoke(StandardWrapperValve.java:166)
		at org.apache.catalina.core.StandardContextValve.invoke(StandardContextValve.java:88)
		at org.apache.catalina.authenticator.AuthenticatorBase.invoke(AuthenticatorBase.java:491)
		at org.apache.catalina.core.StandardHostValve.invoke(StandardHostValve.java:127)
		at org.apache.catalina.valves.ErrorReportValve.invoke(ErrorReportValve.java:83)
		at org.apache.catalina.valves.AbstractAccessLogValve.invoke(AbstractAccessLogValve.java:643)
		at org.apache.catalina.core.StandardEngineValve.invoke(StandardEngineValve.java:72)
		at org.apache.catalina.connector.CoyoteAdapter.service(CoyoteAdapter.java:344)
		at org.apache.coyote.http11.Http11Processor.service(Http11Processor.java:398)
		at org.apache.coyote.AbstractProcessorLight.process(AbstractProcessorLight.java:63)
		at org.apache.coyote.AbstractProtocol$ConnectionHandler.process(AbstractProtocol.java:939)
		at org.apache.tomcat.util.net.NioEndpoint$SocketProcessor.doRun(NioEndpoint.java:1832)
		at org.apache.tomcat.util.net.SocketProcessorBase.run(SocketProcessorBase.java:52)
		at org.apache.tomcat.util.threads.ThreadPoolExecutor.runWorker(ThreadPoolExecutor.java:973)
		at org.apache.tomcat.util.threads.ThreadPoolExecutor$Worker.run(ThreadPoolExecutor.java:491)
		at org.apache.tomcat.util.threads.TaskThread$WrappingRunnable.run(TaskThread.java:63)
		at java.lang.Thread.run(Unknown Source)
05-Apr-2026 10:53:58.437 SEVERE [http-nio-8080-exec-2] org.apache.catalina.core.StandardWrapperValve.invoke Servlet.service() for servlet [dispatcher] in context with path [/demo] threw exception [Handler processing failed; nested exception is java.lang.NoSuchMethodError: com.timmy.controller.AllController$ProfileImagePayload.<init>(Lcom/timmy/controller/AllController$1;)V] with root cause
	java.lang.NoSuchMethodError: com.timmy.controller.AllController$ProfileImagePayload.<init>(Lcom/timmy/controller/AllController$1;)V
		at com.timmy.controller.AllController.loadProfileImagePayloadByEnrollId(AllController.java:2947)
		at com.timmy.controller.AllController.applyProfileImageFallback(AllController.java:2867)
		at com.timmy.controller.AllController.getLatestLogFromDB(AllController.java:2628)
		at sun.reflect.GeneratedMethodAccessor118.invoke(Unknown Source)
		at sun.reflect.DelegatingMethodAccessorImpl.invoke(Unknown Source)
		at java.lang.reflect.Method.invoke(Unknown Source)
		at org.springframework.web.method.support.InvocableHandlerMethod.invoke(InvocableHandlerMethod.java:215)
		at org.springframework.web.method.support.InvocableHandlerMethod.invokeForRequest(InvocableHandlerMethod.java:132)
		at org.springframework.web.servlet.mvc.method.annotation.ServletInvocableHandlerMethod.invokeAndHandle(ServletInvocableHandlerMethod.java:104)
		at org.springframework.web.servlet.mvc.method.annotation.RequestMappingHandlerAdapter.invokeHandleMethod(RequestMappingHandlerAdapter.java:749)
		at org.springframework.web.servlet.mvc.method.annotation.RequestMappingHandlerAdapter.handleInternal(RequestMappingHandlerAdapter.java:690)
		at org.springframework.web.servlet.mvc.method.AbstractHandlerMethodAdapter.handle(AbstractHandlerMethodAdapter.java:83)
		at org.springframework.web.servlet.DispatcherServlet.doDispatch(DispatcherServlet.java:945)
		at org.springframework.web.servlet.DispatcherServlet.doService(DispatcherServlet.java:876)
		at org.springframework.web.servlet.FrameworkServlet.processRequest(FrameworkServlet.java:961)
		at org.springframework.web.servlet.FrameworkServlet.doGet(FrameworkServlet.java:852)
		at javax.servlet.http.HttpServlet.service(HttpServlet.java:529)
		at org.springframework.web.servlet.FrameworkServlet.service(FrameworkServlet.java:837)
		at javax.servlet.http.HttpServlet.service(HttpServlet.java:623)
		at org.apache.catalina.core.ApplicationFilterChain.internalDoFilter(ApplicationFilterChain.java:197)
		at org.apache.catalina.core.ApplicationFilterChain.doFilter(ApplicationFilterChain.java:142)
		at org.apache.tomcat.websocket.server.WsFilter.doFilter(WsFilter.java:51)
		at org.apache.catalina.core.ApplicationFilterChain.internalDoFilter(ApplicationFilterChain.java:166)
		at org.apache.catalina.core.ApplicationFilterChain.doFilter(ApplicationFilterChain.java:142)
		at com.timmy.util.AuthFilter.doFilter(AuthFilter.java:44)
		at org.apache.catalina.core.ApplicationFilterChain.internalDoFilter(ApplicationFilterChain.java:166)
		at org.apache.catalina.core.ApplicationFilterChain.doFilter(ApplicationFilterChain.java:142)
		at org.springframework.web.filter.CharacterEncodingFilter.doFilterInternal(CharacterEncodingFilter.java:88)
		at org.springframework.web.filter.OncePerRequestFilter.doFilter(OncePerRequestFilter.java:108)
		at org.apache.catalina.core.ApplicationFilterChain.internalDoFilter(ApplicationFilterChain.java:166)
		at org.apache.catalina.core.ApplicationFilterChain.doFilter(ApplicationFilterChain.java:142)
		at org.apache.catalina.core.StandardWrapperValve.invoke(StandardWrapperValve.java:166)
		at org.apache.catalina.core.StandardContextValve.invoke(StandardContextValve.java:88)
		at org.apache.catalina.authenticator.AuthenticatorBase.invoke(AuthenticatorBase.java:491)
		at org.apache.catalina.core.StandardHostValve.invoke(StandardHostValve.java:127)
		at org.apache.catalina.valves.ErrorReportValve.invoke(ErrorReportValve.java:83)
		at org.apache.catalina.valves.AbstractAccessLogValve.invoke(AbstractAccessLogValve.java:643)
		at org.apache.catalina.core.StandardEngineValve.invoke(StandardEngineValve.java:72)
		at org.apache.catalina.connector.CoyoteAdapter.service(CoyoteAdapter.java:344)
		at org.apache.coyote.http11.Http11Processor.service(Http11Processor.java:398)
		at org.apache.coyote.AbstractProcessorLight.process(AbstractProcessorLight.java:63)
		at org.apache.coyote.AbstractProtocol$ConnectionHandler.process(AbstractProtocol.java:939)
		at org.apache.tomcat.util.net.NioEndpoint$SocketProcessor.doRun(NioEndpoint.java:1832)
		at org.apache.tomcat.util.net.SocketProcessorBase.run(SocketProcessorBase.java:52)
		at org.apache.tomcat.util.threads.ThreadPoolExecutor.runWorker(ThreadPoolExecutor.java:973)
		at org.apache.tomcat.util.threads.ThreadPoolExecutor$Worker.run(ThreadPoolExecutor.java:491)
		at org.apache.tomcat.util.threads.TaskThread$WrappingRunnable.run(TaskThread.java:63)
		at java.lang.Thread.run(Unknown Source)
05-Apr-2026 10:54:58.429 SEVERE [http-nio-8080-exec-4] org.apache.catalina.core.StandardWrapperValve.invoke Servlet.service() for servlet [dispatcher] in context with path [/demo] threw exception [Handler processing failed; nested exception is java.lang.NoSuchMethodError: com.timmy.controller.AllController$ProfileImagePayload.<init>(Lcom/timmy/controller/AllController$1;)V] with root cause
	java.lang.NoSuchMethodError: com.timmy.controller.AllController$ProfileImagePayload.<init>(Lcom/timmy/controller/AllController$1;)V
		at com.timmy.controller.AllController.loadProfileImagePayloadByEnrollId(AllController.java:2947)
		at com.timmy.controller.AllController.applyProfileImageFallback(AllController.java:2867)
		at com.timmy.controller.AllController.getLatestLogFromDB(AllController.java:2628)
		at sun.reflect.GeneratedMethodAccessor118.invoke(Unknown Source)
		at sun.reflect.DelegatingMethodAccessorImpl.invoke(Unknown Source)
		at java.lang.reflect.Method.invoke(Unknown Source)
		at org.springframework.web.method.support.InvocableHandlerMethod.invoke(InvocableHandlerMethod.java:215)
		at org.springframework.web.method.support.InvocableHandlerMethod.invokeForRequest(InvocableHandlerMethod.java:132)
		at org.springframework.web.servlet.mvc.method.annotation.ServletInvocableHandlerMethod.invokeAndHandle(ServletInvocableHandlerMethod.java:104)
		at org.springframework.web.servlet.mvc.method.annotation.RequestMappingHandlerAdapter.invokeHandleMethod(RequestMappingHandlerAdapter.java:749)
		at org.springframework.web.servlet.mvc.method.annotation.RequestMappingHandlerAdapter.handleInternal(RequestMappingHandlerAdapter.java:690)
		at org.springframework.web.servlet.mvc.method.AbstractHandlerMethodAdapter.handle(AbstractHandlerMethodAdapter.java:83)
		at org.springframework.web.servlet.DispatcherServlet.doDispatch(DispatcherServlet.java:945)
		at org.springframework.web.servlet.DispatcherServlet.doService(DispatcherServlet.java:876)
		at org.springframework.web.servlet.FrameworkServlet.processRequest(FrameworkServlet.java:961)
		at org.springframework.web.servlet.FrameworkServlet.doGet(FrameworkServlet.java:852)
		at javax.servlet.http.HttpServlet.service(HttpServlet.java:529)
		at org.springframework.web.servlet.FrameworkServlet.service(FrameworkServlet.java:837)
		at javax.servlet.http.HttpServlet.service(HttpServlet.java:623)
		at org.apache.catalina.core.ApplicationFilterChain.internalDoFilter(ApplicationFilterChain.java:197)
		at org.apache.catalina.core.ApplicationFilterChain.doFilter(ApplicationFilterChain.java:142)
		at org.apache.tomcat.websocket.server.WsFilter.doFilter(WsFilter.java:51)
		at org.apache.catalina.core.ApplicationFilterChain.internalDoFilter(ApplicationFilterChain.java:166)
		at org.apache.catalina.core.ApplicationFilterChain.doFilter(ApplicationFilterChain.java:142)
		at com.timmy.util.AuthFilter.doFilter(AuthFilter.java:44)
		at org.apache.catalina.core.ApplicationFilterChain.internalDoFilter(ApplicationFilterChain.java:166)
		at org.apache.catalina.core.ApplicationFilterChain.doFilter(ApplicationFilterChain.java:142)
		at org.springframework.web.filter.CharacterEncodingFilter.doFilterInternal(CharacterEncodingFilter.java:88)
		at org.springframework.web.filter.OncePerRequestFilter.doFilter(OncePerRequestFilter.java:108)
		at org.apache.catalina.core.ApplicationFilterChain.internalDoFilter(ApplicationFilterChain.java:166)
		at org.apache.catalina.core.ApplicationFilterChain.doFilter(ApplicationFilterChain.java:142)
		at org.apache.catalina.core.StandardWrapperValve.invoke(StandardWrapperValve.java:166)
		at org.apache.catalina.core.StandardContextValve.invoke(StandardContextValve.java:88)
		at org.apache.catalina.authenticator.AuthenticatorBase.invoke(AuthenticatorBase.java:491)
		at org.apache.catalina.core.StandardHostValve.invoke(StandardHostValve.java:127)
		at org.apache.catalina.valves.ErrorReportValve.invoke(ErrorReportValve.java:83)
		at org.apache.catalina.valves.AbstractAccessLogValve.invoke(AbstractAccessLogValve.java:643)
		at org.apache.catalina.core.StandardEngineValve.invoke(StandardEngineValve.java:72)
		at org.apache.catalina.connector.CoyoteAdapter.service(CoyoteAdapter.java:344)
		at org.apache.coyote.http11.Http11Processor.service(Http11Processor.java:398)
		at org.apache.coyote.AbstractProcessorLight.process(AbstractProcessorLight.java:63)
		at org.apache.coyote.AbstractProtocol$ConnectionHandler.process(AbstractProtocol.java:939)
		at org.apache.tomcat.util.net.NioEndpoint$SocketProcessor.doRun(NioEndpoint.java:1832)
		at org.apache.tomcat.util.net.SocketProcessorBase.run(SocketProcessorBase.java:52)
		at org.apache.tomcat.util.threads.ThreadPoolExecutor.runWorker(ThreadPoolExecutor.java:973)
		at org.apache.tomcat.util.threads.ThreadPoolExecutor$Worker.run(ThreadPoolExecutor.java:491)
		at org.apache.tomcat.util.threads.TaskThread$WrappingRunnable.run(TaskThread.java:63)
		at java.lang.Thread.run(Unknown Source)
05-Apr-2026 10:55:58.445 SEVERE [http-nio-8080-exec-3] org.apache.catalina.core.StandardWrapperValve.invoke Servlet.service() for servlet [dispatcher] in context with path [/demo] threw exception [Handler processing failed; nested exception is java.lang.NoSuchMethodError: com.timmy.controller.AllController$ProfileImagePayload.<init>(Lcom/timmy/controller/AllController$1;)V] with root cause
	java.lang.NoSuchMethodError: com.timmy.controller.AllController$ProfileImagePayload.<init>(Lcom/timmy/controller/AllController$1;)V
		at com.timmy.controller.AllController.loadProfileImagePayloadByEnrollId(AllController.java:2947)
		at com.timmy.controller.AllController.applyProfileImageFallback(AllController.java:2867)
		at com.timmy.controller.AllController.getLatestLogFromDB(AllController.java:2628)
		at sun.reflect.GeneratedMethodAccessor118.invoke(Unknown Source)
		at sun.reflect.DelegatingMethodAccessorImpl.invoke(Unknown Source)
		at java.lang.reflect.Method.invoke(Unknown Source)
		at org.springframework.web.method.support.InvocableHandlerMethod.invoke(InvocableHandlerMethod.java:215)
		at org.springframework.web.method.support.InvocableHandlerMethod.invokeForRequest(InvocableHandlerMethod.java:132)
		at org.springframework.web.servlet.mvc.method.annotation.ServletInvocableHandlerMethod.invokeAndHandle(ServletInvocableHandlerMethod.java:104)
		at org.springframework.web.servlet.mvc.method.annotation.RequestMappingHandlerAdapter.invokeHandleMethod(RequestMappingHandlerAdapter.java:749)
		at org.springframework.web.servlet.mvc.method.annotation.RequestMappingHandlerAdapter.handleInternal(RequestMappingHandlerAdapter.java:690)
		at org.springframework.web.servlet.mvc.method.AbstractHandlerMethodAdapter.handle(AbstractHandlerMethodAdapter.java:83)
		at org.springframework.web.servlet.DispatcherServlet.doDispatch(DispatcherServlet.java:945)
		at org.springframework.web.servlet.DispatcherServlet.doService(DispatcherServlet.java:876)
		at org.springframework.web.servlet.FrameworkServlet.processRequest(FrameworkServlet.java:961)
		at org.springframework.web.servlet.FrameworkServlet.doGet(FrameworkServlet.java:852)
		at javax.servlet.http.HttpServlet.service(HttpServlet.java:529)
		at org.springframework.web.servlet.FrameworkServlet.service(FrameworkServlet.java:837)
		at javax.servlet.http.HttpServlet.service(HttpServlet.java:623)
		at org.apache.catalina.core.ApplicationFilterChain.internalDoFilter(ApplicationFilterChain.java:197)
		at org.apache.catalina.core.ApplicationFilterChain.doFilter(ApplicationFilterChain.java:142)
		at org.apache.tomcat.websocket.server.WsFilter.doFilter(WsFilter.java:51)
		at org.apache.catalina.core.ApplicationFilterChain.internalDoFilter(ApplicationFilterChain.java:166)
		at org.apache.catalina.core.ApplicationFilterChain.doFilter(ApplicationFilterChain.java:142)
		at com.timmy.util.AuthFilter.doFilter(AuthFilter.java:44)
		at org.apache.catalina.core.ApplicationFilterChain.internalDoFilter(ApplicationFilterChain.java:166)
		at org.apache.catalina.core.ApplicationFilterChain.doFilter(ApplicationFilterChain.java:142)
		at org.springframework.web.filter.CharacterEncodingFilter.doFilterInternal(CharacterEncodingFilter.java:88)
		at org.springframework.web.filter.OncePerRequestFilter.doFilter(OncePerRequestFilter.java:108)
		at org.apache.catalina.core.ApplicationFilterChain.internalDoFilter(ApplicationFilterChain.java:166)
		at org.apache.catalina.core.ApplicationFilterChain.doFilter(ApplicationFilterChain.java:142)
		at org.apache.catalina.core.StandardWrapperValve.invoke(StandardWrapperValve.java:166)
		at org.apache.catalina.core.StandardContextValve.invoke(StandardContextValve.java:88)
		at org.apache.catalina.authenticator.AuthenticatorBase.invoke(AuthenticatorBase.java:491)
		at org.apache.catalina.core.StandardHostValve.invoke(StandardHostValve.java:127)
		at org.apache.catalina.valves.ErrorReportValve.invoke(ErrorReportValve.java:83)
		at org.apache.catalina.valves.AbstractAccessLogValve.invoke(AbstractAccessLogValve.java:643)
		at org.apache.catalina.core.StandardEngineValve.invoke(StandardEngineValve.java:72)
		at org.apache.catalina.connector.CoyoteAdapter.service(CoyoteAdapter.java:344)
		at org.apache.coyote.http11.Http11Processor.service(Http11Processor.java:398)
		at org.apache.coyote.AbstractProcessorLight.process(AbstractProcessorLight.java:63)
		at org.apache.coyote.AbstractProtocol$ConnectionHandler.process(AbstractProtocol.java:939)
		at org.apache.tomcat.util.net.NioEndpoint$SocketProcessor.doRun(NioEndpoint.java:1832)
		at org.apache.tomcat.util.net.SocketProcessorBase.run(SocketProcessorBase.java:52)
		at org.apache.tomcat.util.threads.ThreadPoolExecutor.runWorker(ThreadPoolExecutor.java:973)
		at org.apache.tomcat.util.threads.ThreadPoolExecutor$Worker.run(ThreadPoolExecutor.java:491)
		at org.apache.tomcat.util.threads.TaskThread$WrappingRunnable.run(TaskThread.java:63)
		at java.lang.Thread.run(Unknown Source)
05-Apr-2026 10:56:58.441 SEVERE [http-nio-8080-exec-8] org.apache.catalina.core.StandardWrapperValve.invoke Servlet.service() for servlet [dispatcher] in context with path [/demo] threw exception [Handler processing failed; nested exception is java.lang.NoSuchMethodError: com.timmy.controller.AllController$ProfileImagePayload.<init>(Lcom/timmy/controller/AllController$1;)V] with root cause
	java.lang.NoSuchMethodError: com.timmy.controller.AllController$ProfileImagePayload.<init>(Lcom/timmy/controller/AllController$1;)V
		at com.timmy.controller.AllController.loadProfileImagePayloadByEnrollId(AllController.java:2947)
		at com.timmy.controller.AllController.applyProfileImageFallback(AllController.java:2867)
		at com.timmy.controller.AllController.getLatestLogFromDB(AllController.java:2628)
		at sun.reflect.GeneratedMethodAccessor118.invoke(Unknown Source)
		at sun.reflect.DelegatingMethodAccessorImpl.invoke(Unknown Source)
		at java.lang.reflect.Method.invoke(Unknown Source)
		at org.springframework.web.method.support.InvocableHandlerMethod.invoke(InvocableHandlerMethod.java:215)
		at org.springframework.web.method.support.InvocableHandlerMethod.invokeForRequest(InvocableHandlerMethod.java:132)
		at org.springframework.web.servlet.mvc.method.annotation.ServletInvocableHandlerMethod.invokeAndHandle(ServletInvocableHandlerMethod.java:104)
		at org.springframework.web.servlet.mvc.method.annotation.RequestMappingHandlerAdapter.invokeHandleMethod(RequestMappingHandlerAdapter.java:749)
		at org.springframework.web.servlet.mvc.method.annotation.RequestMappingHandlerAdapter.handleInternal(RequestMappingHandlerAdapter.java:690)
		at org.springframework.web.servlet.mvc.method.AbstractHandlerMethodAdapter.handle(AbstractHandlerMethodAdapter.java:83)
		at org.springframework.web.servlet.DispatcherServlet.doDispatch(DispatcherServlet.java:945)
		at org.springframework.web.servlet.DispatcherServlet.doService(DispatcherServlet.java:876)
		at org.springframework.web.servlet.FrameworkServlet.processRequest(FrameworkServlet.java:961)
		at org.springframework.web.servlet.FrameworkServlet.doGet(FrameworkServlet.java:852)
		at javax.servlet.http.HttpServlet.service(HttpServlet.java:529)
		at org.springframework.web.servlet.FrameworkServlet.service(FrameworkServlet.java:837)
		at javax.servlet.http.HttpServlet.service(HttpServlet.java:623)
		at org.apache.catalina.core.ApplicationFilterChain.internalDoFilter(ApplicationFilterChain.java:197)
		at org.apache.catalina.core.ApplicationFilterChain.doFilter(ApplicationFilterChain.java:142)
		at org.apache.tomcat.websocket.server.WsFilter.doFilter(WsFilter.java:51)
		at org.apache.catalina.core.ApplicationFilterChain.internalDoFilter(ApplicationFilterChain.java:166)
		at org.apache.catalina.core.ApplicationFilterChain.doFilter(ApplicationFilterChain.java:142)
		at com.timmy.util.AuthFilter.doFilter(AuthFilter.java:44)
		at org.apache.catalina.core.ApplicationFilterChain.internalDoFilter(ApplicationFilterChain.java:166)
		at org.apache.catalina.core.ApplicationFilterChain.doFilter(ApplicationFilterChain.java:142)
		at org.springframework.web.filter.CharacterEncodingFilter.doFilterInternal(CharacterEncodingFilter.java:88)
		at org.springframework.web.filter.OncePerRequestFilter.doFilter(OncePerRequestFilter.java:108)
		at org.apache.catalina.core.ApplicationFilterChain.internalDoFilter(ApplicationFilterChain.java:166)
		at org.apache.catalina.core.ApplicationFilterChain.doFilter(ApplicationFilterChain.java:142)
		at org.apache.catalina.core.StandardWrapperValve.invoke(StandardWrapperValve.java:166)
		at org.apache.catalina.core.StandardContextValve.invoke(StandardContextValve.java:88)
		at org.apache.catalina.authenticator.AuthenticatorBase.invoke(AuthenticatorBase.java:491)
		at org.apache.catalina.core.StandardHostValve.invoke(StandardHostValve.java:127)
		at org.apache.catalina.valves.ErrorReportValve.invoke(ErrorReportValve.java:83)
		at org.apache.catalina.valves.AbstractAccessLogValve.invoke(AbstractAccessLogValve.java:643)
		at org.apache.catalina.core.StandardEngineValve.invoke(StandardEngineValve.java:72)
		at org.apache.catalina.connector.CoyoteAdapter.service(CoyoteAdapter.java:344)
		at org.apache.coyote.http11.Http11Processor.service(Http11Processor.java:398)
		at org.apache.coyote.AbstractProcessorLight.process(AbstractProcessorLight.java:63)
		at org.apache.coyote.AbstractProtocol$ConnectionHandler.process(AbstractProtocol.java:939)
		at org.apache.tomcat.util.net.NioEndpoint$SocketProcessor.doRun(NioEndpoint.java:1832)
		at org.apache.tomcat.util.net.SocketProcessorBase.run(SocketProcessorBase.java:52)
		at org.apache.tomcat.util.threads.ThreadPoolExecutor.runWorker(ThreadPoolExecutor.java:973)
		at org.apache.tomcat.util.threads.ThreadPoolExecutor$Worker.run(ThreadPoolExecutor.java:491)
		at org.apache.tomcat.util.threads.TaskThread$WrappingRunnable.run(TaskThread.java:63)
		at java.lang.Thread.run(Unknown Source)
05-Apr-2026 10:57:58.450 SEVERE [http-nio-8080-exec-9] org.apache.catalina.core.StandardWrapperValve.invoke Servlet.service() for servlet [dispatcher] in context with path [/demo] threw exception [Handler processing failed; nested exception is java.lang.NoSuchMethodError: com.timmy.controller.AllController$ProfileImagePayload.<init>(Lcom/timmy/controller/AllController$1;)V] with root cause
	java.lang.NoSuchMethodError: com.timmy.controller.AllController$ProfileImagePayload.<init>(Lcom/timmy/controller/AllController$1;)V
		at com.timmy.controller.AllController.loadProfileImagePayloadByEnrollId(AllController.java:2947)
		at com.timmy.controller.AllController.applyProfileImageFallback(AllController.java:2867)
		at com.timmy.controller.AllController.getLatestLogFromDB(AllController.java:2628)
		at sun.reflect.GeneratedMethodAccessor118.invoke(Unknown Source)
		at sun.reflect.DelegatingMethodAccessorImpl.invoke(Unknown Source)
		at java.lang.reflect.Method.invoke(Unknown Source)
		at org.springframework.web.method.support.InvocableHandlerMethod.invoke(InvocableHandlerMethod.java:215)
		at org.springframework.web.method.support.InvocableHandlerMethod.invokeForRequest(InvocableHandlerMethod.java:132)
		at org.springframework.web.servlet.mvc.method.annotation.ServletInvocableHandlerMethod.invokeAndHandle(ServletInvocableHandlerMethod.java:104)
		at org.springframework.web.servlet.mvc.method.annotation.RequestMappingHandlerAdapter.invokeHandleMethod(RequestMappingHandlerAdapter.java:749)
		at org.springframework.web.servlet.mvc.method.annotation.RequestMappingHandlerAdapter.handleInternal(RequestMappingHandlerAdapter.java:690)
		at org.springframework.web.servlet.mvc.method.AbstractHandlerMethodAdapter.handle(AbstractHandlerMethodAdapter.java:83)
		at org.springframework.web.servlet.DispatcherServlet.doDispatch(DispatcherServlet.java:945)
		at org.springframework.web.servlet.DispatcherServlet.doService(DispatcherServlet.java:876)
		at org.springframework.web.servlet.FrameworkServlet.processRequest(FrameworkServlet.java:961)
		at org.springframework.web.servlet.FrameworkServlet.doGet(FrameworkServlet.java:852)
		at javax.servlet.http.HttpServlet.service(HttpServlet.java:529)
		at org.springframework.web.servlet.FrameworkServlet.service(FrameworkServlet.java:837)
		at javax.servlet.http.HttpServlet.service(HttpServlet.java:623)
		at org.apache.catalina.core.ApplicationFilterChain.internalDoFilter(ApplicationFilterChain.java:197)
		at org.apache.catalina.core.ApplicationFilterChain.doFilter(ApplicationFilterChain.java:142)
		at org.apache.tomcat.websocket.server.WsFilter.doFilter(WsFilter.java:51)
		at org.apache.catalina.core.ApplicationFilterChain.internalDoFilter(ApplicationFilterChain.java:166)
		at org.apache.catalina.core.ApplicationFilterChain.doFilter(ApplicationFilterChain.java:142)
		at com.timmy.util.AuthFilter.doFilter(AuthFilter.java:44)
		at org.apache.catalina.core.ApplicationFilterChain.internalDoFilter(ApplicationFilterChain.java:166)
		at org.apache.catalina.core.ApplicationFilterChain.doFilter(ApplicationFilterChain.java:142)
		at org.springframework.web.filter.CharacterEncodingFilter.doFilterInternal(CharacterEncodingFilter.java:88)
		at org.springframework.web.filter.OncePerRequestFilter.doFilter(OncePerRequestFilter.java:108)
		at org.apache.catalina.core.ApplicationFilterChain.internalDoFilter(ApplicationFilterChain.java:166)
		at org.apache.catalina.core.ApplicationFilterChain.doFilter(ApplicationFilterChain.java:142)
		at org.apache.catalina.core.StandardWrapperValve.invoke(StandardWrapperValve.java:166)
		at org.apache.catalina.core.StandardContextValve.invoke(StandardContextValve.java:88)
		at org.apache.catalina.authenticator.AuthenticatorBase.invoke(AuthenticatorBase.java:491)
		at org.apache.catalina.core.StandardHostValve.invoke(StandardHostValve.java:127)
		at org.apache.catalina.valves.ErrorReportValve.invoke(ErrorReportValve.java:83)
		at org.apache.catalina.valves.AbstractAccessLogValve.invoke(AbstractAccessLogValve.java:643)
		at org.apache.catalina.core.StandardEngineValve.invoke(StandardEngineValve.java:72)
		at org.apache.catalina.connector.CoyoteAdapter.service(CoyoteAdapter.java:344)
		at org.apache.coyote.http11.Http11Processor.service(Http11Processor.java:398)
		at org.apache.coyote.AbstractProcessorLight.process(AbstractProcessorLight.java:63)
		at org.apache.coyote.AbstractProtocol$ConnectionHandler.process(AbstractProtocol.java:939)
		at org.apache.tomcat.util.net.NioEndpoint$SocketProcessor.doRun(NioEndpoint.java:1832)
		at org.apache.tomcat.util.net.SocketProcessorBase.run(SocketProcessorBase.java:52)
		at org.apache.tomcat.util.threads.ThreadPoolExecutor.runWorker(ThreadPoolExecutor.java:973)
		at org.apache.tomcat.util.threads.ThreadPoolExecutor$Worker.run(ThreadPoolExecutor.java:491)
		at org.apache.tomcat.util.threads.TaskThread$WrappingRunnable.run(TaskThread.java:63)
		at java.lang.Thread.run(Unknown Source)
05-Apr-2026 10:58:58.435 SEVERE [http-nio-8080-exec-7] org.apache.catalina.core.StandardWrapperValve.invoke Servlet.service() for servlet [dispatcher] in context with path [/demo] threw exception [Handler processing failed; nested exception is java.lang.NoSuchMethodError: com.timmy.controller.AllController$ProfileImagePayload.<init>(Lcom/timmy/controller/AllController$1;)V] with root cause
	java.lang.NoSuchMethodError: com.timmy.controller.AllController$ProfileImagePayload.<init>(Lcom/timmy/controller/AllController$1;)V
		at com.timmy.controller.AllController.loadProfileImagePayloadByEnrollId(AllController.java:2947)
		at com.timmy.controller.AllController.applyProfileImageFallback(AllController.java:2867)
		at com.timmy.controller.AllController.getLatestLogFromDB(AllController.java:2628)
		at sun.reflect.GeneratedMethodAccessor118.invoke(Unknown Source)
		at sun.reflect.DelegatingMethodAccessorImpl.invoke(Unknown Source)
		at java.lang.reflect.Method.invoke(Unknown Source)
		at org.springframework.web.method.support.InvocableHandlerMethod.invoke(InvocableHandlerMethod.java:215)
		at org.springframework.web.method.support.InvocableHandlerMethod.invokeForRequest(InvocableHandlerMethod.java:132)
		at org.springframework.web.servlet.mvc.method.annotation.ServletInvocableHandlerMethod.invokeAndHandle(ServletInvocableHandlerMethod.java:104)
		at org.springframework.web.servlet.mvc.method.annotation.RequestMappingHandlerAdapter.invokeHandleMethod(RequestMappingHandlerAdapter.java:749)
		at org.springframework.web.servlet.mvc.method.annotation.RequestMappingHandlerAdapter.handleInternal(RequestMappingHandlerAdapter.java:690)
		at org.springframework.web.servlet.mvc.method.AbstractHandlerMethodAdapter.handle(AbstractHandlerMethodAdapter.java:83)
		at org.springframework.web.servlet.DispatcherServlet.doDispatch(DispatcherServlet.java:945)
		at org.springframework.web.servlet.DispatcherServlet.doService(DispatcherServlet.java:876)
		at org.springframework.web.servlet.FrameworkServlet.processRequest(FrameworkServlet.java:961)
		at org.springframework.web.servlet.FrameworkServlet.doGet(FrameworkServlet.java:852)
		at javax.servlet.http.HttpServlet.service(HttpServlet.java:529)
		at org.springframework.web.servlet.FrameworkServlet.service(FrameworkServlet.java:837)
		at javax.servlet.http.HttpServlet.service(HttpServlet.java:623)
		at org.apache.catalina.core.ApplicationFilterChain.internalDoFilter(ApplicationFilterChain.java:197)
		at org.apache.catalina.core.ApplicationFilterChain.doFilter(ApplicationFilterChain.java:142)
		at org.apache.tomcat.websocket.server.WsFilter.doFilter(WsFilter.java:51)
		at org.apache.catalina.core.ApplicationFilterChain.internalDoFilter(ApplicationFilterChain.java:166)
		at org.apache.catalina.core.ApplicationFilterChain.doFilter(ApplicationFilterChain.java:142)
		at com.timmy.util.AuthFilter.doFilter(AuthFilter.java:44)
		at org.apache.catalina.core.ApplicationFilterChain.internalDoFilter(ApplicationFilterChain.java:166)
		at org.apache.catalina.core.ApplicationFilterChain.doFilter(ApplicationFilterChain.java:142)
		at org.springframework.web.filter.CharacterEncodingFilter.doFilterInternal(CharacterEncodingFilter.java:88)
		at org.springframework.web.filter.OncePerRequestFilter.doFilter(OncePerRequestFilter.java:108)
		at org.apache.catalina.core.ApplicationFilterChain.internalDoFilter(ApplicationFilterChain.java:166)
		at org.apache.catalina.core.ApplicationFilterChain.doFilter(ApplicationFilterChain.java:142)
		at org.apache.catalina.core.StandardWrapperValve.invoke(StandardWrapperValve.java:166)
		at org.apache.catalina.core.StandardContextValve.invoke(StandardContextValve.java:88)
		at org.apache.catalina.authenticator.AuthenticatorBase.invoke(AuthenticatorBase.java:491)
		at org.apache.catalina.core.StandardHostValve.invoke(StandardHostValve.java:127)
		at org.apache.catalina.valves.ErrorReportValve.invoke(ErrorReportValve.java:83)
		at org.apache.catalina.valves.AbstractAccessLogValve.invoke(AbstractAccessLogValve.java:643)
		at org.apache.catalina.core.StandardEngineValve.invoke(StandardEngineValve.java:72)
		at org.apache.catalina.connector.CoyoteAdapter.service(CoyoteAdapter.java:344)
		at org.apache.coyote.http11.Http11Processor.service(Http11Processor.java:398)
		at org.apache.coyote.AbstractProcessorLight.process(AbstractProcessorLight.java:63)
		at org.apache.coyote.AbstractProtocol$ConnectionHandler.process(AbstractProtocol.java:939)
		at org.apache.tomcat.util.net.NioEndpoint$SocketProcessor.doRun(NioEndpoint.java:1832)
		at org.apache.tomcat.util.net.SocketProcessorBase.run(SocketProcessorBase.java:52)
		at org.apache.tomcat.util.threads.ThreadPoolExecutor.runWorker(ThreadPoolExecutor.java:973)
		at org.apache.tomcat.util.threads.ThreadPoolExecutor$Worker.run(ThreadPoolExecutor.java:491)
		at org.apache.tomcat.util.threads.TaskThread$WrappingRunnable.run(TaskThread.java:63)
		at java.lang.Thread.run(Unknown Source)
05-Apr-2026 10:59:58.452 SEVERE [http-nio-8080-exec-1] org.apache.catalina.core.StandardWrapperValve.invoke Servlet.service() for servlet [dispatcher] in context with path [/demo] threw exception [Handler processing failed; nested exception is java.lang.NoSuchMethodError: com.timmy.controller.AllController$ProfileImagePayload.<init>(Lcom/timmy/controller/AllController$1;)V] with root cause
	java.lang.NoSuchMethodError: com.timmy.controller.AllController$ProfileImagePayload.<init>(Lcom/timmy/controller/AllController$1;)V
		at com.timmy.controller.AllController.loadProfileImagePayloadByEnrollId(AllController.java:2947)
		at com.timmy.controller.AllController.applyProfileImageFallback(AllController.java:2867)
		at com.timmy.controller.AllController.getLatestLogFromDB(AllController.java:2628)
		at sun.reflect.GeneratedMethodAccessor118.invoke(Unknown Source)
		at sun.reflect.DelegatingMethodAccessorImpl.invoke(Unknown Source)
		at java.lang.reflect.Method.invoke(Unknown Source)
		at org.springframework.web.method.support.InvocableHandlerMethod.invoke(InvocableHandlerMethod.java:215)
		at org.springframework.web.method.support.InvocableHandlerMethod.invokeForRequest(InvocableHandlerMethod.java:132)
		at org.springframework.web.servlet.mvc.method.annotation.ServletInvocableHandlerMethod.invokeAndHandle(ServletInvocableHandlerMethod.java:104)
		at org.springframework.web.servlet.mvc.method.annotation.RequestMappingHandlerAdapter.invokeHandleMethod(RequestMappingHandlerAdapter.java:749)
		at org.springframework.web.servlet.mvc.method.annotation.RequestMappingHandlerAdapter.handleInternal(RequestMappingHandlerAdapter.java:690)
		at org.springframework.web.servlet.mvc.method.AbstractHandlerMethodAdapter.handle(AbstractHandlerMethodAdapter.java:83)
		at org.springframework.web.servlet.DispatcherServlet.doDispatch(DispatcherServlet.java:945)
		at org.springframework.web.servlet.DispatcherServlet.doService(DispatcherServlet.java:876)
		at org.springframework.web.servlet.FrameworkServlet.processRequest(FrameworkServlet.java:961)
		at org.springframework.web.servlet.FrameworkServlet.doGet(FrameworkServlet.java:852)
		at javax.servlet.http.HttpServlet.service(HttpServlet.java:529)
		at org.springframework.web.servlet.FrameworkServlet.service(FrameworkServlet.java:837)
		at javax.servlet.http.HttpServlet.service(HttpServlet.java:623)
		at org.apache.catalina.core.ApplicationFilterChain.internalDoFilter(ApplicationFilterChain.java:197)
		at org.apache.catalina.core.ApplicationFilterChain.doFilter(ApplicationFilterChain.java:142)
		at org.apache.tomcat.websocket.server.WsFilter.doFilter(WsFilter.java:51)
		at org.apache.catalina.core.ApplicationFilterChain.internalDoFilter(ApplicationFilterChain.java:166)
		at org.apache.catalina.core.ApplicationFilterChain.doFilter(ApplicationFilterChain.java:142)
		at com.timmy.util.AuthFilter.doFilter(AuthFilter.java:44)
		at org.apache.catalina.core.ApplicationFilterChain.internalDoFilter(ApplicationFilterChain.java:166)
		at org.apache.catalina.core.ApplicationFilterChain.doFilter(ApplicationFilterChain.java:142)
		at org.springframework.web.filter.CharacterEncodingFilter.doFilterInternal(CharacterEncodingFilter.java:88)
		at org.springframework.web.filter.OncePerRequestFilter.doFilter(OncePerRequestFilter.java:108)
		at org.apache.catalina.core.ApplicationFilterChain.internalDoFilter(ApplicationFilterChain.java:166)
		at org.apache.catalina.core.ApplicationFilterChain.doFilter(ApplicationFilterChain.java:142)
		at org.apache.catalina.core.StandardWrapperValve.invoke(StandardWrapperValve.java:166)
		at org.apache.catalina.core.StandardContextValve.invoke(StandardContextValve.java:88)
		at org.apache.catalina.authenticator.AuthenticatorBase.invoke(AuthenticatorBase.java:491)
		at org.apache.catalina.core.StandardHostValve.invoke(StandardHostValve.java:127)
		at org.apache.catalina.valves.ErrorReportValve.invoke(ErrorReportValve.java:83)
		at org.apache.catalina.valves.AbstractAccessLogValve.invoke(AbstractAccessLogValve.java:643)
		at org.apache.catalina.core.StandardEngineValve.invoke(StandardEngineValve.java:72)
		at org.apache.catalina.connector.CoyoteAdapter.service(CoyoteAdapter.java:344)
		at org.apache.coyote.http11.Http11Processor.service(Http11Processor.java:398)
		at org.apache.coyote.AbstractProcessorLight.process(AbstractProcessorLight.java:63)
		at org.apache.coyote.AbstractProtocol$ConnectionHandler.process(AbstractProtocol.java:939)
		at org.apache.tomcat.util.net.NioEndpoint$SocketProcessor.doRun(NioEndpoint.java:1832)
		at org.apache.tomcat.util.net.SocketProcessorBase.run(SocketProcessorBase.java:52)
		at org.apache.tomcat.util.threads.ThreadPoolExecutor.runWorker(ThreadPoolExecutor.java:973)
		at org.apache.tomcat.util.threads.ThreadPoolExecutor$Worker.run(ThreadPoolExecutor.java:491)
		at org.apache.tomcat.util.threads.TaskThread$WrappingRunnable.run(TaskThread.java:63)
		at java.lang.Thread.run(Unknown Source)
05-Apr-2026 11:05:34.550 INFO [main] org.apache.catalina.core.ApplicationContext.log No Spring WebApplicationInitializer types detected on classpath
05-Apr-2026 11:05:34.868 INFO [main] org.apache.catalina.core.ApplicationContext.log Initializing Spring root WebApplicationContext
05-Apr-2026 11:05:42.411 INFO [main] org.apache.catalina.core.ApplicationContext.log Initializing Spring FrameworkServlet 'dispatcher'
05-Apr-2026 11:05:47.088 INFO [main] org.apache.catalina.core.ApplicationContext.log ContextListener: contextInitialized()
05-Apr-2026 11:05:47.088 INFO [main] org.apache.catalina.core.ApplicationContext.log SessionListener: contextInitialized()
05-Apr-2026 11:05:47.091 INFO [main] org.apache.catalina.core.ApplicationContext.log ContextListener: attributeAdded('StockTicker', 'async.Stockticker@5a983f8a')
05-Apr-2026 12:07:57.771 SEVERE [http-nio-8080-exec-9] org.apache.catalina.core.StandardWrapperValve.invoke Servlet.service() for servlet [dispatcher] in context with path [/demo] threw exception [Handler processing failed; nested exception is java.lang.NoSuchMethodError: com.timmy.controller.AllController$ProfileImagePayload.<init>(Lcom/timmy/controller/AllController$1;)V] with root cause
	java.lang.NoSuchMethodError: com.timmy.controller.AllController$ProfileImagePayload.<init>(Lcom/timmy/controller/AllController$1;)V
		at com.timmy.controller.AllController.loadProfileImagePayloadByEnrollId(AllController.java:2947)
		at com.timmy.controller.AllController.applyProfileImageFallback(AllController.java:2867)
		at com.timmy.controller.AllController.getLatestLogFromDB(AllController.java:2628)
		at sun.reflect.NativeMethodAccessorImpl.invoke0(Native Method)
		at sun.reflect.NativeMethodAccessorImpl.invoke(Unknown Source)
		at sun.reflect.DelegatingMethodAccessorImpl.invoke(Unknown Source)
		at java.lang.reflect.Method.invoke(Unknown Source)
		at org.springframework.web.method.support.InvocableHandlerMethod.invoke(InvocableHandlerMethod.java:215)
		at org.springframework.web.method.support.InvocableHandlerMethod.invokeForRequest(InvocableHandlerMethod.java:132)
		at org.springframework.web.servlet.mvc.method.annotation.ServletInvocableHandlerMethod.invokeAndHandle(ServletInvocableHandlerMethod.java:104)
		at org.springframework.web.servlet.mvc.method.annotation.RequestMappingHandlerAdapter.invokeHandleMethod(RequestMappingHandlerAdapter.java:749)
		at org.springframework.web.servlet.mvc.method.annotation.RequestMappingHandlerAdapter.handleInternal(RequestMappingHandlerAdapter.java:690)
		at org.springframework.web.servlet.mvc.method.AbstractHandlerMethodAdapter.handle(AbstractHandlerMethodAdapter.java:83)
		at org.springframework.web.servlet.DispatcherServlet.doDispatch(DispatcherServlet.java:945)
		at org.springframework.web.servlet.DispatcherServlet.doService(DispatcherServlet.java:876)
		at org.springframework.web.servlet.FrameworkServlet.processRequest(FrameworkServlet.java:961)
		at org.springframework.web.servlet.FrameworkServlet.doGet(FrameworkServlet.java:852)
		at javax.servlet.http.HttpServlet.service(HttpServlet.java:529)
		at org.springframework.web.servlet.FrameworkServlet.service(FrameworkServlet.java:837)
		at javax.servlet.http.HttpServlet.service(HttpServlet.java:623)
		at org.apache.catalina.core.ApplicationFilterChain.internalDoFilter(ApplicationFilterChain.java:197)
		at org.apache.catalina.core.ApplicationFilterChain.doFilter(ApplicationFilterChain.java:142)
		at org.apache.tomcat.websocket.server.WsFilter.doFilter(WsFilter.java:51)
		at org.apache.catalina.core.ApplicationFilterChain.internalDoFilter(ApplicationFilterChain.java:166)
		at org.apache.catalina.core.ApplicationFilterChain.doFilter(ApplicationFilterChain.java:142)
		at com.timmy.util.AuthFilter.doFilter(AuthFilter.java:44)
		at org.apache.catalina.core.ApplicationFilterChain.internalDoFilter(ApplicationFilterChain.java:166)
		at org.apache.catalina.core.ApplicationFilterChain.doFilter(ApplicationFilterChain.java:142)
		at org.springframework.web.filter.CharacterEncodingFilter.doFilterInternal(CharacterEncodingFilter.java:88)
		at org.springframework.web.filter.OncePerRequestFilter.doFilter(OncePerRequestFilter.java:108)
		at org.apache.catalina.core.ApplicationFilterChain.internalDoFilter(ApplicationFilterChain.java:166)
		at org.apache.catalina.core.ApplicationFilterChain.doFilter(ApplicationFilterChain.java:142)
		at org.apache.catalina.core.StandardWrapperValve.invoke(StandardWrapperValve.java:166)
		at org.apache.catalina.core.StandardContextValve.invoke(StandardContextValve.java:88)
		at org.apache.catalina.authenticator.AuthenticatorBase.invoke(AuthenticatorBase.java:491)
		at org.apache.catalina.core.StandardHostValve.invoke(StandardHostValve.java:127)
		at org.apache.catalina.valves.ErrorReportValve.invoke(ErrorReportValve.java:83)
		at org.apache.catalina.valves.AbstractAccessLogValve.invoke(AbstractAccessLogValve.java:643)
		at org.apache.catalina.core.StandardEngineValve.invoke(StandardEngineValve.java:72)
		at org.apache.catalina.connector.CoyoteAdapter.service(CoyoteAdapter.java:344)
		at org.apache.coyote.http11.Http11Processor.service(Http11Processor.java:398)
		at org.apache.coyote.AbstractProcessorLight.process(AbstractProcessorLight.java:63)
		at org.apache.coyote.AbstractProtocol$ConnectionHandler.process(AbstractProtocol.java:939)
		at org.apache.tomcat.util.net.NioEndpoint$SocketProcessor.doRun(NioEndpoint.java:1832)
		at org.apache.tomcat.util.net.SocketProcessorBase.run(SocketProcessorBase.java:52)
		at org.apache.tomcat.util.threads.ThreadPoolExecutor.runWorker(ThreadPoolExecutor.java:973)
		at org.apache.tomcat.util.threads.ThreadPoolExecutor$Worker.run(ThreadPoolExecutor.java:491)
		at org.apache.tomcat.util.threads.TaskThread$WrappingRunnable.run(TaskThread.java:63)
		at java.lang.Thread.run(Unknown Source)
05-Apr-2026 12:08:01.277 SEVERE [http-nio-8080-exec-2] org.apache.catalina.core.StandardWrapperValve.invoke Servlet.service() for servlet [dispatcher] in context with path [/demo] threw exception [Handler processing failed; nested exception is java.lang.NoSuchMethodError: com.timmy.controller.AllController$ProfileImagePayload.<init>(Lcom/timmy/controller/AllController$1;)V] with root cause
	java.lang.NoSuchMethodError: com.timmy.controller.AllController$ProfileImagePayload.<init>(Lcom/timmy/controller/AllController$1;)V
		at com.timmy.controller.AllController.loadProfileImagePayloadByEnrollId(AllController.java:2947)
		at com.timmy.controller.AllController.applyProfileImageFallback(AllController.java:2867)
		at com.timmy.controller.AllController.getLatestLogFromDB(AllController.java:2628)
		at sun.reflect.NativeMethodAccessorImpl.invoke0(Native Method)
		at sun.reflect.NativeMethodAccessorImpl.invoke(Unknown Source)
		at sun.reflect.DelegatingMethodAccessorImpl.invoke(Unknown Source)
		at java.lang.reflect.Method.invoke(Unknown Source)
		at org.springframework.web.method.support.InvocableHandlerMethod.invoke(InvocableHandlerMethod.java:215)
		at org.springframework.web.method.support.InvocableHandlerMethod.invokeForRequest(InvocableHandlerMethod.java:132)
		at org.springframework.web.servlet.mvc.method.annotation.ServletInvocableHandlerMethod.invokeAndHandle(ServletInvocableHandlerMethod.java:104)
		at org.springframework.web.servlet.mvc.method.annotation.RequestMappingHandlerAdapter.invokeHandleMethod(RequestMappingHandlerAdapter.java:749)
		at org.springframework.web.servlet.mvc.method.annotation.RequestMappingHandlerAdapter.handleInternal(RequestMappingHandlerAdapter.java:690)
		at org.springframework.web.servlet.mvc.method.AbstractHandlerMethodAdapter.handle(AbstractHandlerMethodAdapter.java:83)
		at org.springframework.web.servlet.DispatcherServlet.doDispatch(DispatcherServlet.java:945)
		at org.springframework.web.servlet.DispatcherServlet.doService(DispatcherServlet.java:876)
		at org.springframework.web.servlet.FrameworkServlet.processRequest(FrameworkServlet.java:961)
		at org.springframework.web.servlet.FrameworkServlet.doGet(FrameworkServlet.java:852)
		at javax.servlet.http.HttpServlet.service(HttpServlet.java:529)
		at org.springframework.web.servlet.FrameworkServlet.service(FrameworkServlet.java:837)
		at javax.servlet.http.HttpServlet.service(HttpServlet.java:623)
		at org.apache.catalina.core.ApplicationFilterChain.internalDoFilter(ApplicationFilterChain.java:197)
		at org.apache.catalina.core.ApplicationFilterChain.doFilter(ApplicationFilterChain.java:142)
		at org.apache.tomcat.websocket.server.WsFilter.doFilter(WsFilter.java:51)
		at org.apache.catalina.core.ApplicationFilterChain.internalDoFilter(ApplicationFilterChain.java:166)
		at org.apache.catalina.core.ApplicationFilterChain.doFilter(ApplicationFilterChain.java:142)
		at com.timmy.util.AuthFilter.doFilter(AuthFilter.java:44)
		at org.apache.catalina.core.ApplicationFilterChain.internalDoFilter(ApplicationFilterChain.java:166)
		at org.apache.catalina.core.ApplicationFilterChain.doFilter(ApplicationFilterChain.java:142)
		at org.springframework.web.filter.CharacterEncodingFilter.doFilterInternal(CharacterEncodingFilter.java:88)
		at org.springframework.web.filter.OncePerRequestFilter.doFilter(OncePerRequestFilter.java:108)
		at org.apache.catalina.core.ApplicationFilterChain.internalDoFilter(ApplicationFilterChain.java:166)
		at org.apache.catalina.core.ApplicationFilterChain.doFilter(ApplicationFilterChain.java:142)
		at org.apache.catalina.core.StandardWrapperValve.invoke(StandardWrapperValve.java:166)
		at org.apache.catalina.core.StandardContextValve.invoke(StandardContextValve.java:88)
		at org.apache.catalina.authenticator.AuthenticatorBase.invoke(AuthenticatorBase.java:491)
		at org.apache.catalina.core.StandardHostValve.invoke(StandardHostValve.java:127)
		at org.apache.catalina.valves.ErrorReportValve.invoke(ErrorReportValve.java:83)
		at org.apache.catalina.valves.AbstractAccessLogValve.invoke(AbstractAccessLogValve.java:643)
		at org.apache.catalina.core.StandardEngineValve.invoke(StandardEngineValve.java:72)
		at org.apache.catalina.connector.CoyoteAdapter.service(CoyoteAdapter.java:344)
		at org.apache.coyote.http11.Http11Processor.service(Http11Processor.java:398)
		at org.apache.coyote.AbstractProcessorLight.process(AbstractProcessorLight.java:63)
		at org.apache.coyote.AbstractProtocol$ConnectionHandler.process(AbstractProtocol.java:939)
		at org.apache.tomcat.util.net.NioEndpoint$SocketProcessor.doRun(NioEndpoint.java:1832)
		at org.apache.tomcat.util.net.SocketProcessorBase.run(SocketProcessorBase.java:52)
		at org.apache.tomcat.util.threads.ThreadPoolExecutor.runWorker(ThreadPoolExecutor.java:973)
		at org.apache.tomcat.util.threads.ThreadPoolExecutor$Worker.run(ThreadPoolExecutor.java:491)
		at org.apache.tomcat.util.threads.TaskThread$WrappingRunnable.run(TaskThread.java:63)
		at java.lang.Thread.run(Unknown Source)
05-Apr-2026 12:08:02.518 SEVERE [http-nio-8080-exec-6] org.apache.catalina.core.StandardWrapperValve.invoke Servlet.service() for servlet [dispatcher] in context with path [/demo] threw exception [Handler processing failed; nested exception is java.lang.NoSuchMethodError: com.timmy.controller.AllController$ProfileImagePayload.<init>(Lcom/timmy/controller/AllController$1;)V] with root cause
	java.lang.NoSuchMethodError: com.timmy.controller.AllController$ProfileImagePayload.<init>(Lcom/timmy/controller/AllController$1;)V
		at com.timmy.controller.AllController.loadProfileImagePayloadByEnrollId(AllController.java:2947)
		at com.timmy.controller.AllController.applyProfileImageFallback(AllController.java:2867)
		at com.timmy.controller.AllController.getLatestLogFromDB(AllController.java:2628)
		at sun.reflect.NativeMethodAccessorImpl.invoke0(Native Method)
		at sun.reflect.NativeMethodAccessorImpl.invoke(Unknown Source)
		at sun.reflect.DelegatingMethodAccessorImpl.invoke(Unknown Source)
		at java.lang.reflect.Method.invoke(Unknown Source)
		at org.springframework.web.method.support.InvocableHandlerMethod.invoke(InvocableHandlerMethod.java:215)
		at org.springframework.web.method.support.InvocableHandlerMethod.invokeForRequest(InvocableHandlerMethod.java:132)
		at org.springframework.web.servlet.mvc.method.annotation.ServletInvocableHandlerMethod.invokeAndHandle(ServletInvocableHandlerMethod.java:104)
		at org.springframework.web.servlet.mvc.method.annotation.RequestMappingHandlerAdapter.invokeHandleMethod(RequestMappingHandlerAdapter.java:749)
		at org.springframework.web.servlet.mvc.method.annotation.RequestMappingHandlerAdapter.handleInternal(RequestMappingHandlerAdapter.java:690)
		at org.springframework.web.servlet.mvc.method.AbstractHandlerMethodAdapter.handle(AbstractHandlerMethodAdapter.java:83)
		at org.springframework.web.servlet.DispatcherServlet.doDispatch(DispatcherServlet.java:945)
		at org.springframework.web.servlet.DispatcherServlet.doService(DispatcherServlet.java:876)
		at org.springframework.web.servlet.FrameworkServlet.processRequest(FrameworkServlet.java:961)
		at org.springframework.web.servlet.FrameworkServlet.doGet(FrameworkServlet.java:852)
		at javax.servlet.http.HttpServlet.service(HttpServlet.java:529)
		at org.springframework.web.servlet.FrameworkServlet.service(FrameworkServlet.java:837)
		at javax.servlet.http.HttpServlet.service(HttpServlet.java:623)
		at org.apache.catalina.core.ApplicationFilterChain.internalDoFilter(ApplicationFilterChain.java:197)
		at org.apache.catalina.core.ApplicationFilterChain.doFilter(ApplicationFilterChain.java:142)
		at org.apache.tomcat.websocket.server.WsFilter.doFilter(WsFilter.java:51)
		at org.apache.catalina.core.ApplicationFilterChain.internalDoFilter(ApplicationFilterChain.java:166)
		at org.apache.catalina.core.ApplicationFilterChain.doFilter(ApplicationFilterChain.java:142)
		at com.timmy.util.AuthFilter.doFilter(AuthFilter.java:44)
		at org.apache.catalina.core.ApplicationFilterChain.internalDoFilter(ApplicationFilterChain.java:166)
		at org.apache.catalina.core.ApplicationFilterChain.doFilter(ApplicationFilterChain.java:142)
		at org.springframework.web.filter.CharacterEncodingFilter.doFilterInternal(CharacterEncodingFilter.java:88)
		at org.springframework.web.filter.OncePerRequestFilter.doFilter(OncePerRequestFilter.java:108)
		at org.apache.catalina.core.ApplicationFilterChain.internalDoFilter(ApplicationFilterChain.java:166)
		at org.apache.catalina.core.ApplicationFilterChain.doFilter(ApplicationFilterChain.java:142)
		at org.apache.catalina.core.StandardWrapperValve.invoke(StandardWrapperValve.java:166)
		at org.apache.catalina.core.StandardContextValve.invoke(StandardContextValve.java:88)
		at org.apache.catalina.authenticator.AuthenticatorBase.invoke(AuthenticatorBase.java:491)
		at org.apache.catalina.core.StandardHostValve.invoke(StandardHostValve.java:127)
		at org.apache.catalina.valves.ErrorReportValve.invoke(ErrorReportValve.java:83)
		at org.apache.catalina.valves.AbstractAccessLogValve.invoke(AbstractAccessLogValve.java:643)
		at org.apache.catalina.core.StandardEngineValve.invoke(StandardEngineValve.java:72)
		at org.apache.catalina.connector.CoyoteAdapter.service(CoyoteAdapter.java:344)
		at org.apache.coyote.http11.Http11Processor.service(Http11Processor.java:398)
		at org.apache.coyote.AbstractProcessorLight.process(AbstractProcessorLight.java:63)
		at org.apache.coyote.AbstractProtocol$ConnectionHandler.process(AbstractProtocol.java:939)
		at org.apache.tomcat.util.net.NioEndpoint$SocketProcessor.doRun(NioEndpoint.java:1832)
		at org.apache.tomcat.util.net.SocketProcessorBase.run(SocketProcessorBase.java:52)
		at org.apache.tomcat.util.threads.ThreadPoolExecutor.runWorker(ThreadPoolExecutor.java:973)
		at org.apache.tomcat.util.threads.ThreadPoolExecutor$Worker.run(ThreadPoolExecutor.java:491)
		at org.apache.tomcat.util.threads.TaskThread$WrappingRunnable.run(TaskThread.java:63)
		at java.lang.Thread.run(Unknown Source)
05-Apr-2026 12:08:07.561 SEVERE [http-nio-8080-exec-1] org.apache.catalina.core.StandardWrapperValve.invoke Servlet.service() for servlet [dispatcher] in context with path [/demo] threw exception [Handler processing failed; nested exception is java.lang.NoSuchMethodError: com.timmy.controller.AllController$ProfileImagePayload.<init>(Lcom/timmy/controller/AllController$1;)V] with root cause
	java.lang.NoSuchMethodError: com.timmy.controller.AllController$ProfileImagePayload.<init>(Lcom/timmy/controller/AllController$1;)V
		at com.timmy.controller.AllController.loadProfileImagePayloadByEnrollId(AllController.java:2947)
		at com.timmy.controller.AllController.applyProfileImageFallback(AllController.java:2867)
		at com.timmy.controller.AllController.getLatestLogFromDB(AllController.java:2628)
		at sun.reflect.NativeMethodAccessorImpl.invoke0(Native Method)
		at sun.reflect.NativeMethodAccessorImpl.invoke(Unknown Source)
		at sun.reflect.DelegatingMethodAccessorImpl.invoke(Unknown Source)
		at java.lang.reflect.Method.invoke(Unknown Source)
		at org.springframework.web.method.support.InvocableHandlerMethod.invoke(InvocableHandlerMethod.java:215)
		at org.springframework.web.method.support.InvocableHandlerMethod.invokeForRequest(InvocableHandlerMethod.java:132)
		at org.springframework.web.servlet.mvc.method.annotation.ServletInvocableHandlerMethod.invokeAndHandle(ServletInvocableHandlerMethod.java:104)
		at org.springframework.web.servlet.mvc.method.annotation.RequestMappingHandlerAdapter.invokeHandleMethod(RequestMappingHandlerAdapter.java:749)
		at org.springframework.web.servlet.mvc.method.annotation.RequestMappingHandlerAdapter.handleInternal(RequestMappingHandlerAdapter.java:690)
		at org.springframework.web.servlet.mvc.method.AbstractHandlerMethodAdapter.handle(AbstractHandlerMethodAdapter.java:83)
		at org.springframework.web.servlet.DispatcherServlet.doDispatch(DispatcherServlet.java:945)
		at org.springframework.web.servlet.DispatcherServlet.doService(DispatcherServlet.java:876)
		at org.springframework.web.servlet.FrameworkServlet.processRequest(FrameworkServlet.java:961)
		at org.springframework.web.servlet.FrameworkServlet.doGet(FrameworkServlet.java:852)
		at javax.servlet.http.HttpServlet.service(HttpServlet.java:529)
		at org.springframework.web.servlet.FrameworkServlet.service(FrameworkServlet.java:837)
		at javax.servlet.http.HttpServlet.service(HttpServlet.java:623)
		at org.apache.catalina.core.ApplicationFilterChain.internalDoFilter(ApplicationFilterChain.java:197)
		at org.apache.catalina.core.ApplicationFilterChain.doFilter(ApplicationFilterChain.java:142)
		at org.apache.tomcat.websocket.server.WsFilter.doFilter(WsFilter.java:51)
		at org.apache.catalina.core.ApplicationFilterChain.internalDoFilter(ApplicationFilterChain.java:166)
		at org.apache.catalina.core.ApplicationFilterChain.doFilter(ApplicationFilterChain.java:142)
		at com.timmy.util.AuthFilter.doFilter(AuthFilter.java:44)
		at org.apache.catalina.core.ApplicationFilterChain.internalDoFilter(ApplicationFilterChain.java:166)
		at org.apache.catalina.core.ApplicationFilterChain.doFilter(ApplicationFilterChain.java:142)
		at org.springframework.web.filter.CharacterEncodingFilter.doFilterInternal(CharacterEncodingFilter.java:88)
		at org.springframework.web.filter.OncePerRequestFilter.doFilter(OncePerRequestFilter.java:108)
		at org.apache.catalina.core.ApplicationFilterChain.internalDoFilter(ApplicationFilterChain.java:166)
		at org.apache.catalina.core.ApplicationFilterChain.doFilter(ApplicationFilterChain.java:142)
		at org.apache.catalina.core.StandardWrapperValve.invoke(StandardWrapperValve.java:166)
		at org.apache.catalina.core.StandardContextValve.invoke(StandardContextValve.java:88)
		at org.apache.catalina.authenticator.AuthenticatorBase.invoke(AuthenticatorBase.java:491)
		at org.apache.catalina.core.StandardHostValve.invoke(StandardHostValve.java:127)
		at org.apache.catalina.valves.ErrorReportValve.invoke(ErrorReportValve.java:83)
		at org.apache.catalina.valves.AbstractAccessLogValve.invoke(AbstractAccessLogValve.java:643)
		at org.apache.catalina.core.StandardEngineValve.invoke(StandardEngineValve.java:72)
		at org.apache.catalina.connector.CoyoteAdapter.service(CoyoteAdapter.java:344)
		at org.apache.coyote.http11.Http11Processor.service(Http11Processor.java:398)
		at org.apache.coyote.AbstractProcessorLight.process(AbstractProcessorLight.java:63)
		at org.apache.coyote.AbstractProtocol$ConnectionHandler.process(AbstractProtocol.java:939)
		at org.apache.tomcat.util.net.NioEndpoint$SocketProcessor.doRun(NioEndpoint.java:1832)
		at org.apache.tomcat.util.net.SocketProcessorBase.run(SocketProcessorBase.java:52)
		at org.apache.tomcat.util.threads.ThreadPoolExecutor.runWorker(ThreadPoolExecutor.java:973)
		at org.apache.tomcat.util.threads.ThreadPoolExecutor$Worker.run(ThreadPoolExecutor.java:491)
		at org.apache.tomcat.util.threads.TaskThread$WrappingRunnable.run(TaskThread.java:63)
		at java.lang.Thread.run(Unknown Source)
05-Apr-2026 12:08:12.512 SEVERE [http-nio-8080-exec-3] org.apache.catalina.core.StandardWrapperValve.invoke Servlet.service() for servlet [dispatcher] in context with path [/demo] threw exception [Handler processing failed; nested exception is java.lang.NoSuchMethodError: com.timmy.controller.AllController$ProfileImagePayload.<init>(Lcom/timmy/controller/AllController$1;)V] with root cause
	java.lang.NoSuchMethodError: com.timmy.controller.AllController$ProfileImagePayload.<init>(Lcom/timmy/controller/AllController$1;)V
		at com.timmy.controller.AllController.loadProfileImagePayloadByEnrollId(AllController.java:2947)
		at com.timmy.controller.AllController.applyProfileImageFallback(AllController.java:2867)
		at com.timmy.controller.AllController.getLatestLogFromDB(AllController.java:2628)
		at sun.reflect.NativeMethodAccessorImpl.invoke0(Native Method)
		at sun.reflect.NativeMethodAccessorImpl.invoke(Unknown Source)
		at sun.reflect.DelegatingMethodAccessorImpl.invoke(Unknown Source)
		at java.lang.reflect.Method.invoke(Unknown Source)
		at org.springframework.web.method.support.InvocableHandlerMethod.invoke(InvocableHandlerMethod.java:215)
		at org.springframework.web.method.support.InvocableHandlerMethod.invokeForRequest(InvocableHandlerMethod.java:132)
		at org.springframework.web.servlet.mvc.method.annotation.ServletInvocableHandlerMethod.invokeAndHandle(ServletInvocableHandlerMethod.java:104)
		at org.springframework.web.servlet.mvc.method.annotation.RequestMappingHandlerAdapter.invokeHandleMethod(RequestMappingHandlerAdapter.java:749)
		at org.springframework.web.servlet.mvc.method.annotation.RequestMappingHandlerAdapter.handleInternal(RequestMappingHandlerAdapter.java:690)
		at org.springframework.web.servlet.mvc.method.AbstractHandlerMethodAdapter.handle(AbstractHandlerMethodAdapter.java:83)
		at org.springframework.web.servlet.DispatcherServlet.doDispatch(DispatcherServlet.java:945)
		at org.springframework.web.servlet.DispatcherServlet.doService(DispatcherServlet.java:876)
		at org.springframework.web.servlet.FrameworkServlet.processRequest(FrameworkServlet.java:961)
		at org.springframework.web.servlet.FrameworkServlet.doGet(FrameworkServlet.java:852)
		at javax.servlet.http.HttpServlet.service(HttpServlet.java:529)
		at org.springframework.web.servlet.FrameworkServlet.service(FrameworkServlet.java:837)
		at javax.servlet.http.HttpServlet.service(HttpServlet.java:623)
		at org.apache.catalina.core.ApplicationFilterChain.internalDoFilter(ApplicationFilterChain.java:197)
		at org.apache.catalina.core.ApplicationFilterChain.doFilter(ApplicationFilterChain.java:142)
		at org.apache.tomcat.websocket.server.WsFilter.doFilter(WsFilter.java:51)
		at org.apache.catalina.core.ApplicationFilterChain.internalDoFilter(ApplicationFilterChain.java:166)
		at org.apache.catalina.core.ApplicationFilterChain.doFilter(ApplicationFilterChain.java:142)
		at com.timmy.util.AuthFilter.doFilter(AuthFilter.java:44)
		at org.apache.catalina.core.ApplicationFilterChain.internalDoFilter(ApplicationFilterChain.java:166)
		at org.apache.catalina.core.ApplicationFilterChain.doFilter(ApplicationFilterChain.java:142)
		at org.springframework.web.filter.CharacterEncodingFilter.doFilterInternal(CharacterEncodingFilter.java:88)
		at org.springframework.web.filter.OncePerRequestFilter.doFilter(OncePerRequestFilter.java:108)
		at org.apache.catalina.core.ApplicationFilterChain.internalDoFilter(ApplicationFilterChain.java:166)
		at org.apache.catalina.core.ApplicationFilterChain.doFilter(ApplicationFilterChain.java:142)
		at org.apache.catalina.core.StandardWrapperValve.invoke(StandardWrapperValve.java:166)
		at org.apache.catalina.core.StandardContextValve.invoke(StandardContextValve.java:88)
		at org.apache.catalina.authenticator.AuthenticatorBase.invoke(AuthenticatorBase.java:491)
		at org.apache.catalina.core.StandardHostValve.invoke(StandardHostValve.java:127)
		at org.apache.catalina.valves.ErrorReportValve.invoke(ErrorReportValve.java:83)
		at org.apache.catalina.valves.AbstractAccessLogValve.invoke(AbstractAccessLogValve.java:643)
		at org.apache.catalina.core.StandardEngineValve.invoke(StandardEngineValve.java:72)
		at org.apache.catalina.connector.CoyoteAdapter.service(CoyoteAdapter.java:344)
		at org.apache.coyote.http11.Http11Processor.service(Http11Processor.java:398)
		at org.apache.coyote.AbstractProcessorLight.process(AbstractProcessorLight.java:63)
		at org.apache.coyote.AbstractProtocol$ConnectionHandler.process(AbstractProtocol.java:939)
		at org.apache.tomcat.util.net.NioEndpoint$SocketProcessor.doRun(NioEndpoint.java:1832)
		at org.apache.tomcat.util.net.SocketProcessorBase.run(SocketProcessorBase.java:52)
		at org.apache.tomcat.util.threads.ThreadPoolExecutor.runWorker(ThreadPoolExecutor.java:973)
		at org.apache.tomcat.util.threads.ThreadPoolExecutor$Worker.run(ThreadPoolExecutor.java:491)
		at org.apache.tomcat.util.threads.TaskThread$WrappingRunnable.run(TaskThread.java:63)
		at java.lang.Thread.run(Unknown Source)
05-Apr-2026 12:08:17.443 SEVERE [http-nio-8080-exec-5] org.apache.catalina.core.StandardWrapperValve.invoke Servlet.service() for servlet [dispatcher] in context with path [/demo] threw exception [Handler processing failed; nested exception is java.lang.NoSuchMethodError: com.timmy.controller.AllController$ProfileImagePayload.<init>(Lcom/timmy/controller/AllController$1;)V] with root cause
	java.lang.NoSuchMethodError: com.timmy.controller.AllController$ProfileImagePayload.<init>(Lcom/timmy/controller/AllController$1;)V
		at com.timmy.controller.AllController.loadProfileImagePayloadByEnrollId(AllController.java:2947)
		at com.timmy.controller.AllController.applyProfileImageFallback(AllController.java:2867)
		at com.timmy.controller.AllController.getLatestLogFromDB(AllController.java:2628)
		at sun.reflect.NativeMethodAccessorImpl.invoke0(Native Method)
		at sun.reflect.NativeMethodAccessorImpl.invoke(Unknown Source)
		at sun.reflect.DelegatingMethodAccessorImpl.invoke(Unknown Source)
		at java.lang.reflect.Method.invoke(Unknown Source)
		at org.springframework.web.method.support.InvocableHandlerMethod.invoke(InvocableHandlerMethod.java:215)
		at org.springframework.web.method.support.InvocableHandlerMethod.invokeForRequest(InvocableHandlerMethod.java:132)
		at org.springframework.web.servlet.mvc.method.annotation.ServletInvocableHandlerMethod.invokeAndHandle(ServletInvocableHandlerMethod.java:104)
		at org.springframework.web.servlet.mvc.method.annotation.RequestMappingHandlerAdapter.invokeHandleMethod(RequestMappingHandlerAdapter.java:749)
		at org.springframework.web.servlet.mvc.method.annotation.RequestMappingHandlerAdapter.handleInternal(RequestMappingHandlerAdapter.java:690)
		at org.springframework.web.servlet.mvc.method.AbstractHandlerMethodAdapter.handle(AbstractHandlerMethodAdapter.java:83)
		at org.springframework.web.servlet.DispatcherServlet.doDispatch(DispatcherServlet.java:945)
		at org.springframework.web.servlet.DispatcherServlet.doService(DispatcherServlet.java:876)
		at org.springframework.web.servlet.FrameworkServlet.processRequest(FrameworkServlet.java:961)
		at org.springframework.web.servlet.FrameworkServlet.doGet(FrameworkServlet.java:852)
		at javax.servlet.http.HttpServlet.service(HttpServlet.java:529)
		at org.springframework.web.servlet.FrameworkServlet.service(FrameworkServlet.java:837)
		at javax.servlet.http.HttpServlet.service(HttpServlet.java:623)
		at org.apache.catalina.core.ApplicationFilterChain.internalDoFilter(ApplicationFilterChain.java:197)
		at org.apache.catalina.core.ApplicationFilterChain.doFilter(ApplicationFilterChain.java:142)
		at org.apache.tomcat.websocket.server.WsFilter.doFilter(WsFilter.java:51)
		at org.apache.catalina.core.ApplicationFilterChain.internalDoFilter(ApplicationFilterChain.java:166)
		at org.apache.catalina.core.ApplicationFilterChain.doFilter(ApplicationFilterChain.java:142)
		at com.timmy.util.AuthFilter.doFilter(AuthFilter.java:44)
		at org.apache.catalina.core.ApplicationFilterChain.internalDoFilter(ApplicationFilterChain.java:166)
		at org.apache.catalina.core.ApplicationFilterChain.doFilter(ApplicationFilterChain.java:142)
		at org.springframework.web.filter.CharacterEncodingFilter.doFilterInternal(CharacterEncodingFilter.java:88)
		at org.springframework.web.filter.OncePerRequestFilter.doFilter(OncePerRequestFilter.java:108)
		at org.apache.catalina.core.ApplicationFilterChain.internalDoFilter(ApplicationFilterChain.java:166)
		at org.apache.catalina.core.ApplicationFilterChain.doFilter(ApplicationFilterChain.java:142)
		at org.apache.catalina.core.StandardWrapperValve.invoke(StandardWrapperValve.java:166)
		at org.apache.catalina.core.StandardContextValve.invoke(StandardContextValve.java:88)
		at org.apache.catalina.authenticator.AuthenticatorBase.invoke(AuthenticatorBase.java:491)
		at org.apache.catalina.core.StandardHostValve.invoke(StandardHostValve.java:127)
		at org.apache.catalina.valves.ErrorReportValve.invoke(ErrorReportValve.java:83)
		at org.apache.catalina.valves.AbstractAccessLogValve.invoke(AbstractAccessLogValve.java:643)
		at org.apache.catalina.core.StandardEngineValve.invoke(StandardEngineValve.java:72)
		at org.apache.catalina.connector.CoyoteAdapter.service(CoyoteAdapter.java:344)
		at org.apache.coyote.http11.Http11Processor.service(Http11Processor.java:398)
		at org.apache.coyote.AbstractProcessorLight.process(AbstractProcessorLight.java:63)
		at org.apache.coyote.AbstractProtocol$ConnectionHandler.process(AbstractProtocol.java:939)
		at org.apache.tomcat.util.net.NioEndpoint$SocketProcessor.doRun(NioEndpoint.java:1832)
		at org.apache.tomcat.util.net.SocketProcessorBase.run(SocketProcessorBase.java:52)
		at org.apache.tomcat.util.threads.ThreadPoolExecutor.runWorker(ThreadPoolExecutor.java:973)
		at org.apache.tomcat.util.threads.ThreadPoolExecutor$Worker.run(ThreadPoolExecutor.java:491)
		at org.apache.tomcat.util.threads.TaskThread$WrappingRunnable.run(TaskThread.java:63)
		at java.lang.Thread.run(Unknown Source)
05-Apr-2026 12:08:22.469 SEVERE [http-nio-8080-exec-4] org.apache.catalina.core.StandardWrapperValve.invoke Servlet.service() for servlet [dispatcher] in context with path [/demo] threw exception [Handler processing failed; nested exception is java.lang.NoSuchMethodError: com.timmy.controller.AllController$ProfileImagePayload.<init>(Lcom/timmy/controller/AllController$1;)V] with root cause
	java.lang.NoSuchMethodError: com.timmy.controller.AllController$ProfileImagePayload.<init>(Lcom/timmy/controller/AllController$1;)V
		at com.timmy.controller.AllController.loadProfileImagePayloadByEnrollId(AllController.java:2947)
		at com.timmy.controller.AllController.applyProfileImageFallback(AllController.java:2867)
		at com.timmy.controller.AllController.getLatestLogFromDB(AllController.java:2628)
		at sun.reflect.NativeMethodAccessorImpl.invoke0(Native Method)
		at sun.reflect.NativeMethodAccessorImpl.invoke(Unknown Source)
		at sun.reflect.DelegatingMethodAccessorImpl.invoke(Unknown Source)
		at java.lang.reflect.Method.invoke(Unknown Source)
		at org.springframework.web.method.support.InvocableHandlerMethod.invoke(InvocableHandlerMethod.java:215)
		at org.springframework.web.method.support.InvocableHandlerMethod.invokeForRequest(InvocableHandlerMethod.java:132)
		at org.springframework.web.servlet.mvc.method.annotation.ServletInvocableHandlerMethod.invokeAndHandle(ServletInvocableHandlerMethod.java:104)
		at org.springframework.web.servlet.mvc.method.annotation.RequestMappingHandlerAdapter.invokeHandleMethod(RequestMappingHandlerAdapter.java:749)
		at org.springframework.web.servlet.mvc.method.annotation.RequestMappingHandlerAdapter.handleInternal(RequestMappingHandlerAdapter.java:690)
		at org.springframework.web.servlet.mvc.method.AbstractHandlerMethodAdapter.handle(AbstractHandlerMethodAdapter.java:83)
		at org.springframework.web.servlet.DispatcherServlet.doDispatch(DispatcherServlet.java:945)
		at org.springframework.web.servlet.DispatcherServlet.doService(DispatcherServlet.java:876)
		at org.springframework.web.servlet.FrameworkServlet.processRequest(FrameworkServlet.java:961)
		at org.springframework.web.servlet.FrameworkServlet.doGet(FrameworkServlet.java:852)
		at javax.servlet.http.HttpServlet.service(HttpServlet.java:529)
		at org.springframework.web.servlet.FrameworkServlet.service(FrameworkServlet.java:837)
		at javax.servlet.http.HttpServlet.service(HttpServlet.java:623)
		at org.apache.catalina.core.ApplicationFilterChain.internalDoFilter(ApplicationFilterChain.java:197)
		at org.apache.catalina.core.ApplicationFilterChain.doFilter(ApplicationFilterChain.java:142)
		at org.apache.tomcat.websocket.server.WsFilter.doFilter(WsFilter.java:51)
		at org.apache.catalina.core.ApplicationFilterChain.internalDoFilter(ApplicationFilterChain.java:166)
		at org.apache.catalina.core.ApplicationFilterChain.doFilter(ApplicationFilterChain.java:142)
		at com.timmy.util.AuthFilter.doFilter(AuthFilter.java:44)
		at org.apache.catalina.core.ApplicationFilterChain.internalDoFilter(ApplicationFilterChain.java:166)
		at org.apache.catalina.core.ApplicationFilterChain.doFilter(ApplicationFilterChain.java:142)
		at org.springframework.web.filter.CharacterEncodingFilter.doFilterInternal(CharacterEncodingFilter.java:88)
		at org.springframework.web.filter.OncePerRequestFilter.doFilter(OncePerRequestFilter.java:108)
		at org.apache.catalina.core.ApplicationFilterChain.internalDoFilter(ApplicationFilterChain.java:166)
		at org.apache.catalina.core.ApplicationFilterChain.doFilter(ApplicationFilterChain.java:142)
		at org.apache.catalina.core.StandardWrapperValve.invoke(StandardWrapperValve.java:166)
		at org.apache.catalina.core.StandardContextValve.invoke(StandardContextValve.java:88)
		at org.apache.catalina.authenticator.AuthenticatorBase.invoke(AuthenticatorBase.java:491)
		at org.apache.catalina.core.StandardHostValve.invoke(StandardHostValve.java:127)
		at org.apache.catalina.valves.ErrorReportValve.invoke(ErrorReportValve.java:83)
		at org.apache.catalina.valves.AbstractAccessLogValve.invoke(AbstractAccessLogValve.java:643)
		at org.apache.catalina.core.StandardEngineValve.invoke(StandardEngineValve.java:72)
		at org.apache.catalina.connector.CoyoteAdapter.service(CoyoteAdapter.java:344)
		at org.apache.coyote.http11.Http11Processor.service(Http11Processor.java:398)
		at org.apache.coyote.AbstractProcessorLight.process(AbstractProcessorLight.java:63)
		at org.apache.coyote.AbstractProtocol$ConnectionHandler.process(AbstractProtocol.java:939)
		at org.apache.tomcat.util.net.NioEndpoint$SocketProcessor.doRun(NioEndpoint.java:1832)
		at org.apache.tomcat.util.net.SocketProcessorBase.run(SocketProcessorBase.java:52)
		at org.apache.tomcat.util.threads.ThreadPoolExecutor.runWorker(ThreadPoolExecutor.java:973)
		at org.apache.tomcat.util.threads.ThreadPoolExecutor$Worker.run(ThreadPoolExecutor.java:491)
		at org.apache.tomcat.util.threads.TaskThread$WrappingRunnable.run(TaskThread.java:63)
		at java.lang.Thread.run(Unknown Source)
05-Apr-2026 12:08:27.498 SEVERE [http-nio-8080-exec-8] org.apache.catalina.core.StandardWrapperValve.invoke Servlet.service() for servlet [dispatcher] in context with path [/demo] threw exception [Handler processing failed; nested exception is java.lang.NoSuchMethodError: com.timmy.controller.AllController$ProfileImagePayload.<init>(Lcom/timmy/controller/AllController$1;)V] with root cause
	java.lang.NoSuchMethodError: com.timmy.controller.AllController$ProfileImagePayload.<init>(Lcom/timmy/controller/AllController$1;)V
		at com.timmy.controller.AllController.loadProfileImagePayloadByEnrollId(AllController.java:2947)
		at com.timmy.controller.AllController.applyProfileImageFallback(AllController.java:2867)
		at com.timmy.controller.AllController.getLatestLogFromDB(AllController.java:2628)
		at sun.reflect.NativeMethodAccessorImpl.invoke0(Native Method)
		at sun.reflect.NativeMethodAccessorImpl.invoke(Unknown Source)
		at sun.reflect.DelegatingMethodAccessorImpl.invoke(Unknown Source)
		at java.lang.reflect.Method.invoke(Unknown Source)
		at org.springframework.web.method.support.InvocableHandlerMethod.invoke(InvocableHandlerMethod.java:215)
		at org.springframework.web.method.support.InvocableHandlerMethod.invokeForRequest(InvocableHandlerMethod.java:132)
		at org.springframework.web.servlet.mvc.method.annotation.ServletInvocableHandlerMethod.invokeAndHandle(ServletInvocableHandlerMethod.java:104)
		at org.springframework.web.servlet.mvc.method.annotation.RequestMappingHandlerAdapter.invokeHandleMethod(RequestMappingHandlerAdapter.java:749)
		at org.springframework.web.servlet.mvc.method.annotation.RequestMappingHandlerAdapter.handleInternal(RequestMappingHandlerAdapter.java:690)
		at org.springframework.web.servlet.mvc.method.AbstractHandlerMethodAdapter.handle(AbstractHandlerMethodAdapter.java:83)
		at org.springframework.web.servlet.DispatcherServlet.doDispatch(DispatcherServlet.java:945)
		at org.springframework.web.servlet.DispatcherServlet.doService(DispatcherServlet.java:876)
		at org.springframework.web.servlet.FrameworkServlet.processRequest(FrameworkServlet.java:961)
		at org.springframework.web.servlet.FrameworkServlet.doGet(FrameworkServlet.java:852)
		at javax.servlet.http.HttpServlet.service(HttpServlet.java:529)
		at org.springframework.web.servlet.FrameworkServlet.service(FrameworkServlet.java:837)
		at javax.servlet.http.HttpServlet.service(HttpServlet.java:623)
		at org.apache.catalina.core.ApplicationFilterChain.internalDoFilter(ApplicationFilterChain.java:197)
		at org.apache.catalina.core.ApplicationFilterChain.doFilter(ApplicationFilterChain.java:142)
		at org.apache.tomcat.websocket.server.WsFilter.doFilter(WsFilter.java:51)
		at org.apache.catalina.core.ApplicationFilterChain.internalDoFilter(ApplicationFilterChain.java:166)
		at org.apache.catalina.core.ApplicationFilterChain.doFilter(ApplicationFilterChain.java:142)
		at com.timmy.util.AuthFilter.doFilter(AuthFilter.java:44)
		at org.apache.catalina.core.ApplicationFilterChain.internalDoFilter(ApplicationFilterChain.java:166)
		at org.apache.catalina.core.ApplicationFilterChain.doFilter(ApplicationFilterChain.java:142)
		at org.springframework.web.filter.CharacterEncodingFilter.doFilterInternal(CharacterEncodingFilter.java:88)
		at org.springframework.web.filter.OncePerRequestFilter.doFilter(OncePerRequestFilter.java:108)
		at org.apache.catalina.core.ApplicationFilterChain.internalDoFilter(ApplicationFilterChain.java:166)
		at org.apache.catalina.core.ApplicationFilterChain.doFilter(ApplicationFilterChain.java:142)
		at org.apache.catalina.core.StandardWrapperValve.invoke(StandardWrapperValve.java:166)
		at org.apache.catalina.core.StandardContextValve.invoke(StandardContextValve.java:88)
		at org.apache.catalina.authenticator.AuthenticatorBase.invoke(AuthenticatorBase.java:491)
		at org.apache.catalina.core.StandardHostValve.invoke(StandardHostValve.java:127)
		at org.apache.catalina.valves.ErrorReportValve.invoke(ErrorReportValve.java:83)
		at org.apache.catalina.valves.AbstractAccessLogValve.invoke(AbstractAccessLogValve.java:643)
		at org.apache.catalina.core.StandardEngineValve.invoke(StandardEngineValve.java:72)
		at org.apache.catalina.connector.CoyoteAdapter.service(CoyoteAdapter.java:344)
		at org.apache.coyote.http11.Http11Processor.service(Http11Processor.java:398)
		at org.apache.coyote.AbstractProcessorLight.process(AbstractProcessorLight.java:63)
		at org.apache.coyote.AbstractProtocol$ConnectionHandler.process(AbstractProtocol.java:939)
		at org.apache.tomcat.util.net.NioEndpoint$SocketProcessor.doRun(NioEndpoint.java:1832)
		at org.apache.tomcat.util.net.SocketProcessorBase.run(SocketProcessorBase.java:52)
		at org.apache.tomcat.util.threads.ThreadPoolExecutor.runWorker(ThreadPoolExecutor.java:973)
		at org.apache.tomcat.util.threads.ThreadPoolExecutor$Worker.run(ThreadPoolExecutor.java:491)
		at org.apache.tomcat.util.threads.TaskThread$WrappingRunnable.run(TaskThread.java:63)
		at java.lang.Thread.run(Unknown Source)
05-Apr-2026 12:08:32.522 SEVERE [http-nio-8080-exec-7] org.apache.catalina.core.StandardWrapperValve.invoke Servlet.service() for servlet [dispatcher] in context with path [/demo] threw exception [Handler processing failed; nested exception is java.lang.NoSuchMethodError: com.timmy.controller.AllController$ProfileImagePayload.<init>(Lcom/timmy/controller/AllController$1;)V] with root cause
	java.lang.NoSuchMethodError: com.timmy.controller.AllController$ProfileImagePayload.<init>(Lcom/timmy/controller/AllController$1;)V
		at com.timmy.controller.AllController.loadProfileImagePayloadByEnrollId(AllController.java:2947)
		at com.timmy.controller.AllController.applyProfileImageFallback(AllController.java:2867)
		at com.timmy.controller.AllController.getLatestLogFromDB(AllController.java:2628)
		at sun.reflect.NativeMethodAccessorImpl.invoke0(Native Method)
		at sun.reflect.NativeMethodAccessorImpl.invoke(Unknown Source)
		at sun.reflect.DelegatingMethodAccessorImpl.invoke(Unknown Source)
		at java.lang.reflect.Method.invoke(Unknown Source)
		at org.springframework.web.method.support.InvocableHandlerMethod.invoke(InvocableHandlerMethod.java:215)
		at org.springframework.web.method.support.InvocableHandlerMethod.invokeForRequest(InvocableHandlerMethod.java:132)
		at org.springframework.web.servlet.mvc.method.annotation.ServletInvocableHandlerMethod.invokeAndHandle(ServletInvocableHandlerMethod.java:104)
		at org.springframework.web.servlet.mvc.method.annotation.RequestMappingHandlerAdapter.invokeHandleMethod(RequestMappingHandlerAdapter.java:749)
		at org.springframework.web.servlet.mvc.method.annotation.RequestMappingHandlerAdapter.handleInternal(RequestMappingHandlerAdapter.java:690)
		at org.springframework.web.servlet.mvc.method.AbstractHandlerMethodAdapter.handle(AbstractHandlerMethodAdapter.java:83)
		at org.springframework.web.servlet.DispatcherServlet.doDispatch(DispatcherServlet.java:945)
		at org.springframework.web.servlet.DispatcherServlet.doService(DispatcherServlet.java:876)
		at org.springframework.web.servlet.FrameworkServlet.processRequest(FrameworkServlet.java:961)
		at org.springframework.web.servlet.FrameworkServlet.doGet(FrameworkServlet.java:852)
		at javax.servlet.http.HttpServlet.service(HttpServlet.java:529)
		at org.springframework.web.servlet.FrameworkServlet.service(FrameworkServlet.java:837)
		at javax.servlet.http.HttpServlet.service(HttpServlet.java:623)
		at org.apache.catalina.core.ApplicationFilterChain.internalDoFilter(ApplicationFilterChain.java:197)
		at org.apache.catalina.core.ApplicationFilterChain.doFilter(ApplicationFilterChain.java:142)
		at org.apache.tomcat.websocket.server.WsFilter.doFilter(WsFilter.java:51)
		at org.apache.catalina.core.ApplicationFilterChain.internalDoFilter(ApplicationFilterChain.java:166)
		at org.apache.catalina.core.ApplicationFilterChain.doFilter(ApplicationFilterChain.java:142)
		at com.timmy.util.AuthFilter.doFilter(AuthFilter.java:44)
		at org.apache.catalina.core.ApplicationFilterChain.internalDoFilter(ApplicationFilterChain.java:166)
		at org.apache.catalina.core.ApplicationFilterChain.doFilter(ApplicationFilterChain.java:142)
		at org.springframework.web.filter.CharacterEncodingFilter.doFilterInternal(CharacterEncodingFilter.java:88)
		at org.springframework.web.filter.OncePerRequestFilter.doFilter(OncePerRequestFilter.java:108)
		at org.apache.catalina.core.ApplicationFilterChain.internalDoFilter(ApplicationFilterChain.java:166)
		at org.apache.catalina.core.ApplicationFilterChain.doFilter(ApplicationFilterChain.java:142)
		at org.apache.catalina.core.StandardWrapperValve.invoke(StandardWrapperValve.java:166)
		at org.apache.catalina.core.StandardContextValve.invoke(StandardContextValve.java:88)
		at org.apache.catalina.authenticator.AuthenticatorBase.invoke(AuthenticatorBase.java:491)
		at org.apache.catalina.core.StandardHostValve.invoke(StandardHostValve.java:127)
		at org.apache.catalina.valves.ErrorReportValve.invoke(ErrorReportValve.java:83)
		at org.apache.catalina.valves.AbstractAccessLogValve.invoke(AbstractAccessLogValve.java:643)
		at org.apache.catalina.core.StandardEngineValve.invoke(StandardEngineValve.java:72)
		at org.apache.catalina.connector.CoyoteAdapter.service(CoyoteAdapter.java:344)
		at org.apache.coyote.http11.Http11Processor.service(Http11Processor.java:398)
		at org.apache.coyote.AbstractProcessorLight.process(AbstractProcessorLight.java:63)
		at org.apache.coyote.AbstractProtocol$ConnectionHandler.process(AbstractProtocol.java:939)
		at org.apache.tomcat.util.net.NioEndpoint$SocketProcessor.doRun(NioEndpoint.java:1832)
		at org.apache.tomcat.util.net.SocketProcessorBase.run(SocketProcessorBase.java:52)
		at org.apache.tomcat.util.threads.ThreadPoolExecutor.runWorker(ThreadPoolExecutor.java:973)
		at org.apache.tomcat.util.threads.ThreadPoolExecutor$Worker.run(ThreadPoolExecutor.java:491)
		at org.apache.tomcat.util.threads.TaskThread$WrappingRunnable.run(TaskThread.java:63)
		at java.lang.Thread.run(Unknown Source)
05-Apr-2026 12:08:37.523 SEVERE [http-nio-8080-exec-10] org.apache.catalina.core.StandardWrapperValve.invoke Servlet.service() for servlet [dispatcher] in context with path [/demo] threw exception [Handler processing failed; nested exception is java.lang.NoSuchMethodError: com.timmy.controller.AllController$ProfileImagePayload.<init>(Lcom/timmy/controller/AllController$1;)V] with root cause
	java.lang.NoSuchMethodError: com.timmy.controller.AllController$ProfileImagePayload.<init>(Lcom/timmy/controller/AllController$1;)V
		at com.timmy.controller.AllController.loadProfileImagePayloadByEnrollId(AllController.java:2947)
		at com.timmy.controller.AllController.applyProfileImageFallback(AllController.java:2867)
		at com.timmy.controller.AllController.getLatestLogFromDB(AllController.java:2628)
		at sun.reflect.NativeMethodAccessorImpl.invoke0(Native Method)
		at sun.reflect.NativeMethodAccessorImpl.invoke(Unknown Source)
		at sun.reflect.DelegatingMethodAccessorImpl.invoke(Unknown Source)
		at java.lang.reflect.Method.invoke(Unknown Source)
		at org.springframework.web.method.support.InvocableHandlerMethod.invoke(InvocableHandlerMethod.java:215)
		at org.springframework.web.method.support.InvocableHandlerMethod.invokeForRequest(InvocableHandlerMethod.java:132)
		at org.springframework.web.servlet.mvc.method.annotation.ServletInvocableHandlerMethod.invokeAndHandle(ServletInvocableHandlerMethod.java:104)
		at org.springframework.web.servlet.mvc.method.annotation.RequestMappingHandlerAdapter.invokeHandleMethod(RequestMappingHandlerAdapter.java:749)
		at org.springframework.web.servlet.mvc.method.annotation.RequestMappingHandlerAdapter.handleInternal(RequestMappingHandlerAdapter.java:690)
		at org.springframework.web.servlet.mvc.method.AbstractHandlerMethodAdapter.handle(AbstractHandlerMethodAdapter.java:83)
		at org.springframework.web.servlet.DispatcherServlet.doDispatch(DispatcherServlet.java:945)
		at org.springframework.web.servlet.DispatcherServlet.doService(DispatcherServlet.java:876)
		at org.springframework.web.servlet.FrameworkServlet.processRequest(FrameworkServlet.java:961)
		at org.springframework.web.servlet.FrameworkServlet.doGet(FrameworkServlet.java:852)
		at javax.servlet.http.HttpServlet.service(HttpServlet.java:529)
		at org.springframework.web.servlet.FrameworkServlet.service(FrameworkServlet.java:837)
		at javax.servlet.http.HttpServlet.service(HttpServlet.java:623)
		at org.apache.catalina.core.ApplicationFilterChain.internalDoFilter(ApplicationFilterChain.java:197)
		at org.apache.catalina.core.ApplicationFilterChain.doFilter(ApplicationFilterChain.java:142)
		at org.apache.tomcat.websocket.server.WsFilter.doFilter(WsFilter.java:51)
		at org.apache.catalina.core.ApplicationFilterChain.internalDoFilter(ApplicationFilterChain.java:166)
		at org.apache.catalina.core.ApplicationFilterChain.doFilter(ApplicationFilterChain.java:142)
		at com.timmy.util.AuthFilter.doFilter(AuthFilter.java:44)
		at org.apache.catalina.core.ApplicationFilterChain.internalDoFilter(ApplicationFilterChain.java:166)
		at org.apache.catalina.core.ApplicationFilterChain.doFilter(ApplicationFilterChain.java:142)
		at org.springframework.web.filter.CharacterEncodingFilter.doFilterInternal(CharacterEncodingFilter.java:88)
		at org.springframework.web.filter.OncePerRequestFilter.doFilter(OncePerRequestFilter.java:108)
		at org.apache.catalina.core.ApplicationFilterChain.internalDoFilter(ApplicationFilterChain.java:166)
		at org.apache.catalina.core.ApplicationFilterChain.doFilter(ApplicationFilterChain.java:142)
		at org.apache.catalina.core.StandardWrapperValve.invoke(StandardWrapperValve.java:166)
		at org.apache.catalina.core.StandardContextValve.invoke(StandardContextValve.java:88)
		at org.apache.catalina.authenticator.AuthenticatorBase.invoke(AuthenticatorBase.java:491)
		at org.apache.catalina.core.StandardHostValve.invoke(StandardHostValve.java:127)
		at org.apache.catalina.valves.ErrorReportValve.invoke(ErrorReportValve.java:83)
		at org.apache.catalina.valves.AbstractAccessLogValve.invoke(AbstractAccessLogValve.java:643)
		at org.apache.catalina.core.StandardEngineValve.invoke(StandardEngineValve.java:72)
		at org.apache.catalina.connector.CoyoteAdapter.service(CoyoteAdapter.java:344)
		at org.apache.coyote.http11.Http11Processor.service(Http11Processor.java:398)
		at org.apache.coyote.AbstractProcessorLight.process(AbstractProcessorLight.java:63)
		at org.apache.coyote.AbstractProtocol$ConnectionHandler.process(AbstractProtocol.java:939)
		at org.apache.tomcat.util.net.NioEndpoint$SocketProcessor.doRun(NioEndpoint.java:1832)
		at org.apache.tomcat.util.net.SocketProcessorBase.run(SocketProcessorBase.java:52)
		at org.apache.tomcat.util.threads.ThreadPoolExecutor.runWorker(ThreadPoolExecutor.java:973)
		at org.apache.tomcat.util.threads.ThreadPoolExecutor$Worker.run(ThreadPoolExecutor.java:491)
		at org.apache.tomcat.util.threads.TaskThread$WrappingRunnable.run(TaskThread.java:63)
		at java.lang.Thread.run(Unknown Source)
05-Apr-2026 12:08:37.897 INFO [Thread-13] org.apache.catalina.core.ApplicationContext.log SessionListener: contextDestroyed()
05-Apr-2026 12:08:37.899 INFO [Thread-13] org.apache.catalina.core.ApplicationContext.log ContextListener: contextDestroyed()
05-Apr-2026 12:08:37.969 INFO [Thread-13] org.apache.catalina.core.ApplicationContext.log Destroying Spring FrameworkServlet 'dispatcher'
05-Apr-2026 12:08:38.050 INFO [Thread-13] org.apache.catalina.core.ApplicationContext.log Closing Spring root WebApplicationContext
05-Apr-2026 12:11:29.370 INFO [main] org.apache.catalina.core.ApplicationContext.log No Spring WebApplicationInitializer types detected on classpath
05-Apr-2026 12:11:29.563 INFO [main] org.apache.catalina.core.ApplicationContext.log Initializing Spring root WebApplicationContext
05-Apr-2026 12:11:34.631 INFO [main] org.apache.catalina.core.ApplicationContext.log Initializing Spring FrameworkServlet 'dispatcher'
05-Apr-2026 12:11:36.938 INFO [main] org.apache.catalina.core.ApplicationContext.log ContextListener: contextInitialized()
05-Apr-2026 12:11:36.938 INFO [main] org.apache.catalina.core.ApplicationContext.log SessionListener: contextInitialized()
05-Apr-2026 12:11:36.942 INFO [main] org.apache.catalina.core.ApplicationContext.log ContextListener: attributeAdded('StockTicker', 'async.Stockticker@39eea4f6')
05-Apr-2026 12:11:57.092 SEVERE [http-nio-8080-exec-9] org.apache.catalina.core.StandardWrapperValve.invoke Servlet.service() for servlet [dispatcher] in context with path [/demo] threw exception [Handler processing failed; nested exception is java.lang.NoSuchMethodError: com.timmy.controller.AllController$ProfileImagePayload.<init>(Lcom/timmy/controller/AllController$1;)V] with root cause
	java.lang.NoSuchMethodError: com.timmy.controller.AllController$ProfileImagePayload.<init>(Lcom/timmy/controller/AllController$1;)V
		at com.timmy.controller.AllController.loadProfileImagePayloadByEnrollId(AllController.java:2947)
		at com.timmy.controller.AllController.applyProfileImageFallback(AllController.java:2867)
		at com.timmy.controller.AllController.getLatestLogFromDB(AllController.java:2628)
		at sun.reflect.NativeMethodAccessorImpl.invoke0(Native Method)
		at sun.reflect.NativeMethodAccessorImpl.invoke(Unknown Source)
		at sun.reflect.DelegatingMethodAccessorImpl.invoke(Unknown Source)
		at java.lang.reflect.Method.invoke(Unknown Source)
		at org.springframework.web.method.support.InvocableHandlerMethod.invoke(InvocableHandlerMethod.java:215)
		at org.springframework.web.method.support.InvocableHandlerMethod.invokeForRequest(InvocableHandlerMethod.java:132)
		at org.springframework.web.servlet.mvc.method.annotation.ServletInvocableHandlerMethod.invokeAndHandle(ServletInvocableHandlerMethod.java:104)
		at org.springframework.web.servlet.mvc.method.annotation.RequestMappingHandlerAdapter.invokeHandleMethod(RequestMappingHandlerAdapter.java:749)
		at org.springframework.web.servlet.mvc.method.annotation.RequestMappingHandlerAdapter.handleInternal(RequestMappingHandlerAdapter.java:690)
		at org.springframework.web.servlet.mvc.method.AbstractHandlerMethodAdapter.handle(AbstractHandlerMethodAdapter.java:83)
		at org.springframework.web.servlet.DispatcherServlet.doDispatch(DispatcherServlet.java:945)
		at org.springframework.web.servlet.DispatcherServlet.doService(DispatcherServlet.java:876)
		at org.springframework.web.servlet.FrameworkServlet.processRequest(FrameworkServlet.java:961)
		at org.springframework.web.servlet.FrameworkServlet.doGet(FrameworkServlet.java:852)
		at javax.servlet.http.HttpServlet.service(HttpServlet.java:529)
		at org.springframework.web.servlet.FrameworkServlet.service(FrameworkServlet.java:837)
		at javax.servlet.http.HttpServlet.service(HttpServlet.java:623)
		at org.apache.catalina.core.ApplicationFilterChain.internalDoFilter(ApplicationFilterChain.java:197)
		at org.apache.catalina.core.ApplicationFilterChain.doFilter(ApplicationFilterChain.java:142)
		at org.apache.tomcat.websocket.server.WsFilter.doFilter(WsFilter.java:51)
		at org.apache.catalina.core.ApplicationFilterChain.internalDoFilter(ApplicationFilterChain.java:166)
		at org.apache.catalina.core.ApplicationFilterChain.doFilter(ApplicationFilterChain.java:142)
		at com.timmy.util.AuthFilter.doFilter(AuthFilter.java:44)
		at org.apache.catalina.core.ApplicationFilterChain.internalDoFilter(ApplicationFilterChain.java:166)
		at org.apache.catalina.core.ApplicationFilterChain.doFilter(ApplicationFilterChain.java:142)
		at org.springframework.web.filter.CharacterEncodingFilter.doFilterInternal(CharacterEncodingFilter.java:88)
		at org.springframework.web.filter.OncePerRequestFilter.doFilter(OncePerRequestFilter.java:108)
		at org.apache.catalina.core.ApplicationFilterChain.internalDoFilter(ApplicationFilterChain.java:166)
		at org.apache.catalina.core.ApplicationFilterChain.doFilter(ApplicationFilterChain.java:142)
		at org.apache.catalina.core.StandardWrapperValve.invoke(StandardWrapperValve.java:166)
		at org.apache.catalina.core.StandardContextValve.invoke(StandardContextValve.java:88)
		at org.apache.catalina.authenticator.AuthenticatorBase.invoke(AuthenticatorBase.java:491)
		at org.apache.catalina.core.StandardHostValve.invoke(StandardHostValve.java:127)
		at org.apache.catalina.valves.ErrorReportValve.invoke(ErrorReportValve.java:83)
		at org.apache.catalina.valves.AbstractAccessLogValve.invoke(AbstractAccessLogValve.java:643)
		at org.apache.catalina.core.StandardEngineValve.invoke(StandardEngineValve.java:72)
		at org.apache.catalina.connector.CoyoteAdapter.service(CoyoteAdapter.java:344)
		at org.apache.coyote.http11.Http11Processor.service(Http11Processor.java:398)
		at org.apache.coyote.AbstractProcessorLight.process(AbstractProcessorLight.java:63)
		at org.apache.coyote.AbstractProtocol$ConnectionHandler.process(AbstractProtocol.java:939)
		at org.apache.tomcat.util.net.NioEndpoint$SocketProcessor.doRun(NioEndpoint.java:1832)
		at org.apache.tomcat.util.net.SocketProcessorBase.run(SocketProcessorBase.java:52)
		at org.apache.tomcat.util.threads.ThreadPoolExecutor.runWorker(ThreadPoolExecutor.java:973)
		at org.apache.tomcat.util.threads.ThreadPoolExecutor$Worker.run(ThreadPoolExecutor.java:491)
		at org.apache.tomcat.util.threads.TaskThread$WrappingRunnable.run(TaskThread.java:63)
		at java.lang.Thread.run(Unknown Source)
05-Apr-2026 12:12:00.172 SEVERE [http-nio-8080-exec-10] org.apache.catalina.core.StandardWrapperValve.invoke Servlet.service() for servlet [dispatcher] in context with path [/demo] threw exception [Handler processing failed; nested exception is java.lang.NoSuchMethodError: com.timmy.controller.AllController$ProfileImagePayload.<init>(Lcom/timmy/controller/AllController$1;)V] with root cause
	java.lang.NoSuchMethodError: com.timmy.controller.AllController$ProfileImagePayload.<init>(Lcom/timmy/controller/AllController$1;)V
		at com.timmy.controller.AllController.loadProfileImagePayloadByEnrollId(AllController.java:2947)
		at com.timmy.controller.AllController.applyProfileImageFallback(AllController.java:2867)
		at com.timmy.controller.AllController.getLatestLogFromDB(AllController.java:2628)
		at sun.reflect.NativeMethodAccessorImpl.invoke0(Native Method)
		at sun.reflect.NativeMethodAccessorImpl.invoke(Unknown Source)
		at sun.reflect.DelegatingMethodAccessorImpl.invoke(Unknown Source)
		at java.lang.reflect.Method.invoke(Unknown Source)
		at org.springframework.web.method.support.InvocableHandlerMethod.invoke(InvocableHandlerMethod.java:215)
		at org.springframework.web.method.support.InvocableHandlerMethod.invokeForRequest(InvocableHandlerMethod.java:132)
		at org.springframework.web.servlet.mvc.method.annotation.ServletInvocableHandlerMethod.invokeAndHandle(ServletInvocableHandlerMethod.java:104)
		at org.springframework.web.servlet.mvc.method.annotation.RequestMappingHandlerAdapter.invokeHandleMethod(RequestMappingHandlerAdapter.java:749)
		at org.springframework.web.servlet.mvc.method.annotation.RequestMappingHandlerAdapter.handleInternal(RequestMappingHandlerAdapter.java:690)
		at org.springframework.web.servlet.mvc.method.AbstractHandlerMethodAdapter.handle(AbstractHandlerMethodAdapter.java:83)
		at org.springframework.web.servlet.DispatcherServlet.doDispatch(DispatcherServlet.java:945)
		at org.springframework.web.servlet.DispatcherServlet.doService(DispatcherServlet.java:876)
		at org.springframework.web.servlet.FrameworkServlet.processRequest(FrameworkServlet.java:961)
		at org.springframework.web.servlet.FrameworkServlet.doGet(FrameworkServlet.java:852)
		at javax.servlet.http.HttpServlet.service(HttpServlet.java:529)
		at org.springframework.web.servlet.FrameworkServlet.service(FrameworkServlet.java:837)
		at javax.servlet.http.HttpServlet.service(HttpServlet.java:623)
		at org.apache.catalina.core.ApplicationFilterChain.internalDoFilter(ApplicationFilterChain.java:197)
		at org.apache.catalina.core.ApplicationFilterChain.doFilter(ApplicationFilterChain.java:142)
		at org.apache.tomcat.websocket.server.WsFilter.doFilter(WsFilter.java:51)
		at org.apache.catalina.core.ApplicationFilterChain.internalDoFilter(ApplicationFilterChain.java:166)
		at org.apache.catalina.core.ApplicationFilterChain.doFilter(ApplicationFilterChain.java:142)
		at com.timmy.util.AuthFilter.doFilter(AuthFilter.java:44)
		at org.apache.catalina.core.ApplicationFilterChain.internalDoFilter(ApplicationFilterChain.java:166)
		at org.apache.catalina.core.ApplicationFilterChain.doFilter(ApplicationFilterChain.java:142)
		at org.springframework.web.filter.CharacterEncodingFilter.doFilterInternal(CharacterEncodingFilter.java:88)
		at org.springframework.web.filter.OncePerRequestFilter.doFilter(OncePerRequestFilter.java:108)
		at org.apache.catalina.core.ApplicationFilterChain.internalDoFilter(ApplicationFilterChain.java:166)
		at org.apache.catalina.core.ApplicationFilterChain.doFilter(ApplicationFilterChain.java:142)
		at org.apache.catalina.core.StandardWrapperValve.invoke(StandardWrapperValve.java:166)
		at org.apache.catalina.core.StandardContextValve.invoke(StandardContextValve.java:88)
		at org.apache.catalina.authenticator.AuthenticatorBase.invoke(AuthenticatorBase.java:491)
		at org.apache.catalina.core.StandardHostValve.invoke(StandardHostValve.java:127)
		at org.apache.catalina.valves.ErrorReportValve.invoke(ErrorReportValve.java:83)
		at org.apache.catalina.valves.AbstractAccessLogValve.invoke(AbstractAccessLogValve.java:643)
		at org.apache.catalina.core.StandardEngineValve.invoke(StandardEngineValve.java:72)
		at org.apache.catalina.connector.CoyoteAdapter.service(CoyoteAdapter.java:344)
		at org.apache.coyote.http11.Http11Processor.service(Http11Processor.java:398)
		at org.apache.coyote.AbstractProcessorLight.process(AbstractProcessorLight.java:63)
		at org.apache.coyote.AbstractProtocol$ConnectionHandler.process(AbstractProtocol.java:939)
		at org.apache.tomcat.util.net.NioEndpoint$SocketProcessor.doRun(NioEndpoint.java:1832)
		at org.apache.tomcat.util.net.SocketProcessorBase.run(SocketProcessorBase.java:52)
		at org.apache.tomcat.util.threads.ThreadPoolExecutor.runWorker(ThreadPoolExecutor.java:973)
		at org.apache.tomcat.util.threads.ThreadPoolExecutor$Worker.run(ThreadPoolExecutor.java:491)
		at org.apache.tomcat.util.threads.TaskThread$WrappingRunnable.run(TaskThread.java:63)
		at java.lang.Thread.run(Unknown Source)
05-Apr-2026 12:12:02.056 SEVERE [http-nio-8080-exec-8] org.apache.catalina.core.StandardWrapperValve.invoke Servlet.service() for servlet [dispatcher] in context with path [/demo] threw exception [Handler processing failed; nested exception is java.lang.NoSuchMethodError: com.timmy.controller.AllController$ProfileImagePayload.<init>(Lcom/timmy/controller/AllController$1;)V] with root cause
	java.lang.NoSuchMethodError: com.timmy.controller.AllController$ProfileImagePayload.<init>(Lcom/timmy/controller/AllController$1;)V
		at com.timmy.controller.AllController.loadProfileImagePayloadByEnrollId(AllController.java:2947)
		at com.timmy.controller.AllController.applyProfileImageFallback(AllController.java:2867)
		at com.timmy.controller.AllController.getLatestLogFromDB(AllController.java:2628)
		at sun.reflect.NativeMethodAccessorImpl.invoke0(Native Method)
		at sun.reflect.NativeMethodAccessorImpl.invoke(Unknown Source)
		at sun.reflect.DelegatingMethodAccessorImpl.invoke(Unknown Source)
		at java.lang.reflect.Method.invoke(Unknown Source)
		at org.springframework.web.method.support.InvocableHandlerMethod.invoke(InvocableHandlerMethod.java:215)
		at org.springframework.web.method.support.InvocableHandlerMethod.invokeForRequest(InvocableHandlerMethod.java:132)
		at org.springframework.web.servlet.mvc.method.annotation.ServletInvocableHandlerMethod.invokeAndHandle(ServletInvocableHandlerMethod.java:104)
		at org.springframework.web.servlet.mvc.method.annotation.RequestMappingHandlerAdapter.invokeHandleMethod(RequestMappingHandlerAdapter.java:749)
		at org.springframework.web.servlet.mvc.method.annotation.RequestMappingHandlerAdapter.handleInternal(RequestMappingHandlerAdapter.java:690)
		at org.springframework.web.servlet.mvc.method.AbstractHandlerMethodAdapter.handle(AbstractHandlerMethodAdapter.java:83)
		at org.springframework.web.servlet.DispatcherServlet.doDispatch(DispatcherServlet.java:945)
		at org.springframework.web.servlet.DispatcherServlet.doService(DispatcherServlet.java:876)
		at org.springframework.web.servlet.FrameworkServlet.processRequest(FrameworkServlet.java:961)
		at org.springframework.web.servlet.FrameworkServlet.doGet(FrameworkServlet.java:852)
		at javax.servlet.http.HttpServlet.service(HttpServlet.java:529)
		at org.springframework.web.servlet.FrameworkServlet.service(FrameworkServlet.java:837)
		at javax.servlet.http.HttpServlet.service(HttpServlet.java:623)
		at org.apache.catalina.core.ApplicationFilterChain.internalDoFilter(ApplicationFilterChain.java:197)
		at org.apache.catalina.core.ApplicationFilterChain.doFilter(ApplicationFilterChain.java:142)
		at org.apache.tomcat.websocket.server.WsFilter.doFilter(WsFilter.java:51)
		at org.apache.catalina.core.ApplicationFilterChain.internalDoFilter(ApplicationFilterChain.java:166)
		at org.apache.catalina.core.ApplicationFilterChain.doFilter(ApplicationFilterChain.java:142)
		at com.timmy.util.AuthFilter.doFilter(AuthFilter.java:44)
		at org.apache.catalina.core.ApplicationFilterChain.internalDoFilter(ApplicationFilterChain.java:166)
		at org.apache.catalina.core.ApplicationFilterChain.doFilter(ApplicationFilterChain.java:142)
		at org.springframework.web.filter.CharacterEncodingFilter.doFilterInternal(CharacterEncodingFilter.java:88)
		at org.springframework.web.filter.OncePerRequestFilter.doFilter(OncePerRequestFilter.java:108)
		at org.apache.catalina.core.ApplicationFilterChain.internalDoFilter(ApplicationFilterChain.java:166)
		at org.apache.catalina.core.ApplicationFilterChain.doFilter(ApplicationFilterChain.java:142)
		at org.apache.catalina.core.StandardWrapperValve.invoke(StandardWrapperValve.java:166)
		at org.apache.catalina.core.StandardContextValve.invoke(StandardContextValve.java:88)
		at org.apache.catalina.authenticator.AuthenticatorBase.invoke(AuthenticatorBase.java:491)
		at org.apache.catalina.core.StandardHostValve.invoke(StandardHostValve.java:127)
		at org.apache.catalina.valves.ErrorReportValve.invoke(ErrorReportValve.java:83)
		at org.apache.catalina.valves.AbstractAccessLogValve.invoke(AbstractAccessLogValve.java:643)
		at org.apache.catalina.core.StandardEngineValve.invoke(StandardEngineValve.java:72)
		at org.apache.catalina.connector.CoyoteAdapter.service(CoyoteAdapter.java:344)
		at org.apache.coyote.http11.Http11Processor.service(Http11Processor.java:398)
		at org.apache.coyote.AbstractProcessorLight.process(AbstractProcessorLight.java:63)
		at org.apache.coyote.AbstractProtocol$ConnectionHandler.process(AbstractProtocol.java:939)
		at org.apache.tomcat.util.net.NioEndpoint$SocketProcessor.doRun(NioEndpoint.java:1832)
		at org.apache.tomcat.util.net.SocketProcessorBase.run(SocketProcessorBase.java:52)
		at org.apache.tomcat.util.threads.ThreadPoolExecutor.runWorker(ThreadPoolExecutor.java:973)
		at org.apache.tomcat.util.threads.ThreadPoolExecutor$Worker.run(ThreadPoolExecutor.java:491)
		at org.apache.tomcat.util.threads.TaskThread$WrappingRunnable.run(TaskThread.java:63)
		at java.lang.Thread.run(Unknown Source)
05-Apr-2026 12:12:07.548 SEVERE [http-nio-8080-exec-6] org.apache.catalina.core.StandardWrapperValve.invoke Servlet.service() for servlet [dispatcher] in context with path [/demo] threw exception [Handler processing failed; nested exception is java.lang.NoSuchMethodError: com.timmy.controller.AllController$ProfileImagePayload.<init>(Lcom/timmy/controller/AllController$1;)V] with root cause
	java.lang.NoSuchMethodError: com.timmy.controller.AllController$ProfileImagePayload.<init>(Lcom/timmy/controller/AllController$1;)V
		at com.timmy.controller.AllController.loadProfileImagePayloadByEnrollId(AllController.java:2947)
		at com.timmy.controller.AllController.applyProfileImageFallback(AllController.java:2867)
		at com.timmy.controller.AllController.getLatestLogFromDB(AllController.java:2628)
		at sun.reflect.NativeMethodAccessorImpl.invoke0(Native Method)
		at sun.reflect.NativeMethodAccessorImpl.invoke(Unknown Source)
		at sun.reflect.DelegatingMethodAccessorImpl.invoke(Unknown Source)
		at java.lang.reflect.Method.invoke(Unknown Source)
		at org.springframework.web.method.support.InvocableHandlerMethod.invoke(InvocableHandlerMethod.java:215)
		at org.springframework.web.method.support.InvocableHandlerMethod.invokeForRequest(InvocableHandlerMethod.java:132)
		at org.springframework.web.servlet.mvc.method.annotation.ServletInvocableHandlerMethod.invokeAndHandle(ServletInvocableHandlerMethod.java:104)
		at org.springframework.web.servlet.mvc.method.annotation.RequestMappingHandlerAdapter.invokeHandleMethod(RequestMappingHandlerAdapter.java:749)
		at org.springframework.web.servlet.mvc.method.annotation.RequestMappingHandlerAdapter.handleInternal(RequestMappingHandlerAdapter.java:690)
		at org.springframework.web.servlet.mvc.method.AbstractHandlerMethodAdapter.handle(AbstractHandlerMethodAdapter.java:83)
		at org.springframework.web.servlet.DispatcherServlet.doDispatch(DispatcherServlet.java:945)
		at org.springframework.web.servlet.DispatcherServlet.doService(DispatcherServlet.java:876)
		at org.springframework.web.servlet.FrameworkServlet.processRequest(FrameworkServlet.java:961)
		at org.springframework.web.servlet.FrameworkServlet.doGet(FrameworkServlet.java:852)
		at javax.servlet.http.HttpServlet.service(HttpServlet.java:529)
		at org.springframework.web.servlet.FrameworkServlet.service(FrameworkServlet.java:837)
		at javax.servlet.http.HttpServlet.service(HttpServlet.java:623)
		at org.apache.catalina.core.ApplicationFilterChain.internalDoFilter(ApplicationFilterChain.java:197)
		at org.apache.catalina.core.ApplicationFilterChain.doFilter(ApplicationFilterChain.java:142)
		at org.apache.tomcat.websocket.server.WsFilter.doFilter(WsFilter.java:51)
		at org.apache.catalina.core.ApplicationFilterChain.internalDoFilter(ApplicationFilterChain.java:166)
		at org.apache.catalina.core.ApplicationFilterChain.doFilter(ApplicationFilterChain.java:142)
		at com.timmy.util.AuthFilter.doFilter(AuthFilter.java:44)
		at org.apache.catalina.core.ApplicationFilterChain.internalDoFilter(ApplicationFilterChain.java:166)
		at org.apache.catalina.core.ApplicationFilterChain.doFilter(ApplicationFilterChain.java:142)
		at org.springframework.web.filter.CharacterEncodingFilter.doFilterInternal(CharacterEncodingFilter.java:88)
		at org.springframework.web.filter.OncePerRequestFilter.doFilter(OncePerRequestFilter.java:108)
		at org.apache.catalina.core.ApplicationFilterChain.internalDoFilter(ApplicationFilterChain.java:166)
		at org.apache.catalina.core.ApplicationFilterChain.doFilter(ApplicationFilterChain.java:142)
		at org.apache.catalina.core.StandardWrapperValve.invoke(StandardWrapperValve.java:166)
		at org.apache.catalina.core.StandardContextValve.invoke(StandardContextValve.java:88)
		at org.apache.catalina.authenticator.AuthenticatorBase.invoke(AuthenticatorBase.java:491)
		at org.apache.catalina.core.StandardHostValve.invoke(StandardHostValve.java:127)
		at org.apache.catalina.valves.ErrorReportValve.invoke(ErrorReportValve.java:83)
		at org.apache.catalina.valves.AbstractAccessLogValve.invoke(AbstractAccessLogValve.java:643)
		at org.apache.catalina.core.StandardEngineValve.invoke(StandardEngineValve.java:72)
		at org.apache.catalina.connector.CoyoteAdapter.service(CoyoteAdapter.java:344)
		at org.apache.coyote.http11.Http11Processor.service(Http11Processor.java:398)
		at org.apache.coyote.AbstractProcessorLight.process(AbstractProcessorLight.java:63)
		at org.apache.coyote.AbstractProtocol$ConnectionHandler.process(AbstractProtocol.java:939)
		at org.apache.tomcat.util.net.NioEndpoint$SocketProcessor.doRun(NioEndpoint.java:1832)
		at org.apache.tomcat.util.net.SocketProcessorBase.run(SocketProcessorBase.java:52)
		at org.apache.tomcat.util.threads.ThreadPoolExecutor.runWorker(ThreadPoolExecutor.java:973)
		at org.apache.tomcat.util.threads.ThreadPoolExecutor$Worker.run(ThreadPoolExecutor.java:491)
		at org.apache.tomcat.util.threads.TaskThread$WrappingRunnable.run(TaskThread.java:63)
		at java.lang.Thread.run(Unknown Source)
05-Apr-2026 12:12:12.587 SEVERE [http-nio-8080-exec-2] org.apache.catalina.core.StandardWrapperValve.invoke Servlet.service() for servlet [dispatcher] in context with path [/demo] threw exception [Handler processing failed; nested exception is java.lang.NoSuchMethodError: com.timmy.controller.AllController$ProfileImagePayload.<init>(Lcom/timmy/controller/AllController$1;)V] with root cause
	java.lang.NoSuchMethodError: com.timmy.controller.AllController$ProfileImagePayload.<init>(Lcom/timmy/controller/AllController$1;)V
		at com.timmy.controller.AllController.loadProfileImagePayloadByEnrollId(AllController.java:2947)
		at com.timmy.controller.AllController.applyProfileImageFallback(AllController.java:2867)
		at com.timmy.controller.AllController.getLatestLogFromDB(AllController.java:2628)
		at sun.reflect.NativeMethodAccessorImpl.invoke0(Native Method)
		at sun.reflect.NativeMethodAccessorImpl.invoke(Unknown Source)
		at sun.reflect.DelegatingMethodAccessorImpl.invoke(Unknown Source)
		at java.lang.reflect.Method.invoke(Unknown Source)
		at org.springframework.web.method.support.InvocableHandlerMethod.invoke(InvocableHandlerMethod.java:215)
		at org.springframework.web.method.support.InvocableHandlerMethod.invokeForRequest(InvocableHandlerMethod.java:132)
		at org.springframework.web.servlet.mvc.method.annotation.ServletInvocableHandlerMethod.invokeAndHandle(ServletInvocableHandlerMethod.java:104)
		at org.springframework.web.servlet.mvc.method.annotation.RequestMappingHandlerAdapter.invokeHandleMethod(RequestMappingHandlerAdapter.java:749)
		at org.springframework.web.servlet.mvc.method.annotation.RequestMappingHandlerAdapter.handleInternal(RequestMappingHandlerAdapter.java:690)
		at org.springframework.web.servlet.mvc.method.AbstractHandlerMethodAdapter.handle(AbstractHandlerMethodAdapter.java:83)
		at org.springframework.web.servlet.DispatcherServlet.doDispatch(DispatcherServlet.java:945)
		at org.springframework.web.servlet.DispatcherServlet.doService(DispatcherServlet.java:876)
		at org.springframework.web.servlet.FrameworkServlet.processRequest(FrameworkServlet.java:961)
		at org.springframework.web.servlet.FrameworkServlet.doGet(FrameworkServlet.java:852)
		at javax.servlet.http.HttpServlet.service(HttpServlet.java:529)
		at org.springframework.web.servlet.FrameworkServlet.service(FrameworkServlet.java:837)
		at javax.servlet.http.HttpServlet.service(HttpServlet.java:623)
		at org.apache.catalina.core.ApplicationFilterChain.internalDoFilter(ApplicationFilterChain.java:197)
		at org.apache.catalina.core.ApplicationFilterChain.doFilter(ApplicationFilterChain.java:142)
		at org.apache.tomcat.websocket.server.WsFilter.doFilter(WsFilter.java:51)
		at org.apache.catalina.core.ApplicationFilterChain.internalDoFilter(ApplicationFilterChain.java:166)
		at org.apache.catalina.core.ApplicationFilterChain.doFilter(ApplicationFilterChain.java:142)
		at com.timmy.util.AuthFilter.doFilter(AuthFilter.java:44)
		at org.apache.catalina.core.ApplicationFilterChain.internalDoFilter(ApplicationFilterChain.java:166)
		at org.apache.catalina.core.ApplicationFilterChain.doFilter(ApplicationFilterChain.java:142)
		at org.springframework.web.filter.CharacterEncodingFilter.doFilterInternal(CharacterEncodingFilter.java:88)
		at org.springframework.web.filter.OncePerRequestFilter.doFilter(OncePerRequestFilter.java:108)
		at org.apache.catalina.core.ApplicationFilterChain.internalDoFilter(ApplicationFilterChain.java:166)
		at org.apache.catalina.core.ApplicationFilterChain.doFilter(ApplicationFilterChain.java:142)
		at org.apache.catalina.core.StandardWrapperValve.invoke(StandardWrapperValve.java:166)
		at org.apache.catalina.core.StandardContextValve.invoke(StandardContextValve.java:88)
		at org.apache.catalina.authenticator.AuthenticatorBase.invoke(AuthenticatorBase.java:491)
		at org.apache.catalina.core.StandardHostValve.invoke(StandardHostValve.java:127)
		at org.apache.catalina.valves.ErrorReportValve.invoke(ErrorReportValve.java:83)
		at org.apache.catalina.valves.AbstractAccessLogValve.invoke(AbstractAccessLogValve.java:643)
		at org.apache.catalina.core.StandardEngineValve.invoke(StandardEngineValve.java:72)
		at org.apache.catalina.connector.CoyoteAdapter.service(CoyoteAdapter.java:344)
		at org.apache.coyote.http11.Http11Processor.service(Http11Processor.java:398)
		at org.apache.coyote.AbstractProcessorLight.process(AbstractProcessorLight.java:63)
		at org.apache.coyote.AbstractProtocol$ConnectionHandler.process(AbstractProtocol.java:939)
		at org.apache.tomcat.util.net.NioEndpoint$SocketProcessor.doRun(NioEndpoint.java:1832)
		at org.apache.tomcat.util.net.SocketProcessorBase.run(SocketProcessorBase.java:52)
		at org.apache.tomcat.util.threads.ThreadPoolExecutor.runWorker(ThreadPoolExecutor.java:973)
		at org.apache.tomcat.util.threads.ThreadPoolExecutor$Worker.run(ThreadPoolExecutor.java:491)
		at org.apache.tomcat.util.threads.TaskThread$WrappingRunnable.run(TaskThread.java:63)
		at java.lang.Thread.run(Unknown Source)
05-Apr-2026 12:12:17.572 SEVERE [http-nio-8080-exec-7] org.apache.catalina.core.StandardWrapperValve.invoke Servlet.service() for servlet [dispatcher] in context with path [/demo] threw exception [Handler processing failed; nested exception is java.lang.NoSuchMethodError: com.timmy.controller.AllController$ProfileImagePayload.<init>(Lcom/timmy/controller/AllController$1;)V] with root cause
	java.lang.NoSuchMethodError: com.timmy.controller.AllController$ProfileImagePayload.<init>(Lcom/timmy/controller/AllController$1;)V
		at com.timmy.controller.AllController.loadProfileImagePayloadByEnrollId(AllController.java:2947)
		at com.timmy.controller.AllController.applyProfileImageFallback(AllController.java:2867)
		at com.timmy.controller.AllController.getLatestLogFromDB(AllController.java:2628)
		at sun.reflect.NativeMethodAccessorImpl.invoke0(Native Method)
		at sun.reflect.NativeMethodAccessorImpl.invoke(Unknown Source)
		at sun.reflect.DelegatingMethodAccessorImpl.invoke(Unknown Source)
		at java.lang.reflect.Method.invoke(Unknown Source)
		at org.springframework.web.method.support.InvocableHandlerMethod.invoke(InvocableHandlerMethod.java:215)
		at org.springframework.web.method.support.InvocableHandlerMethod.invokeForRequest(InvocableHandlerMethod.java:132)
		at org.springframework.web.servlet.mvc.method.annotation.ServletInvocableHandlerMethod.invokeAndHandle(ServletInvocableHandlerMethod.java:104)
		at org.springframework.web.servlet.mvc.method.annotation.RequestMappingHandlerAdapter.invokeHandleMethod(RequestMappingHandlerAdapter.java:749)
		at org.springframework.web.servlet.mvc.method.annotation.RequestMappingHandlerAdapter.handleInternal(RequestMappingHandlerAdapter.java:690)
		at org.springframework.web.servlet.mvc.method.AbstractHandlerMethodAdapter.handle(AbstractHandlerMethodAdapter.java:83)
		at org.springframework.web.servlet.DispatcherServlet.doDispatch(DispatcherServlet.java:945)
		at org.springframework.web.servlet.DispatcherServlet.doService(DispatcherServlet.java:876)
		at org.springframework.web.servlet.FrameworkServlet.processRequest(FrameworkServlet.java:961)
		at org.springframework.web.servlet.FrameworkServlet.doGet(FrameworkServlet.java:852)
		at javax.servlet.http.HttpServlet.service(HttpServlet.java:529)
		at org.springframework.web.servlet.FrameworkServlet.service(FrameworkServlet.java:837)
		at javax.servlet.http.HttpServlet.service(HttpServlet.java:623)
		at org.apache.catalina.core.ApplicationFilterChain.internalDoFilter(ApplicationFilterChain.java:197)
		at org.apache.catalina.core.ApplicationFilterChain.doFilter(ApplicationFilterChain.java:142)
		at org.apache.tomcat.websocket.server.WsFilter.doFilter(WsFilter.java:51)
		at org.apache.catalina.core.ApplicationFilterChain.internalDoFilter(ApplicationFilterChain.java:166)
		at org.apache.catalina.core.ApplicationFilterChain.doFilter(ApplicationFilterChain.java:142)
		at com.timmy.util.AuthFilter.doFilter(AuthFilter.java:44)
		at org.apache.catalina.core.ApplicationFilterChain.internalDoFilter(ApplicationFilterChain.java:166)
		at org.apache.catalina.core.ApplicationFilterChain.doFilter(ApplicationFilterChain.java:142)
		at org.springframework.web.filter.CharacterEncodingFilter.doFilterInternal(CharacterEncodingFilter.java:88)
		at org.springframework.web.filter.OncePerRequestFilter.doFilter(OncePerRequestFilter.java:108)
		at org.apache.catalina.core.ApplicationFilterChain.internalDoFilter(ApplicationFilterChain.java:166)
		at org.apache.catalina.core.ApplicationFilterChain.doFilter(ApplicationFilterChain.java:142)
		at org.apache.catalina.core.StandardWrapperValve.invoke(StandardWrapperValve.java:166)
		at org.apache.catalina.core.StandardContextValve.invoke(StandardContextValve.java:88)
		at org.apache.catalina.authenticator.AuthenticatorBase.invoke(AuthenticatorBase.java:491)
		at org.apache.catalina.core.StandardHostValve.invoke(StandardHostValve.java:127)
		at org.apache.catalina.valves.ErrorReportValve.invoke(ErrorReportValve.java:83)
		at org.apache.catalina.valves.AbstractAccessLogValve.invoke(AbstractAccessLogValve.java:643)
		at org.apache.catalina.core.StandardEngineValve.invoke(StandardEngineValve.java:72)
		at org.apache.catalina.connector.CoyoteAdapter.service(CoyoteAdapter.java:344)
		at org.apache.coyote.http11.Http11Processor.service(Http11Processor.java:398)
		at org.apache.coyote.AbstractProcessorLight.process(AbstractProcessorLight.java:63)
		at org.apache.coyote.AbstractProtocol$ConnectionHandler.process(AbstractProtocol.java:939)
		at org.apache.tomcat.util.net.NioEndpoint$SocketProcessor.doRun(NioEndpoint.java:1832)
		at org.apache.tomcat.util.net.SocketProcessorBase.run(SocketProcessorBase.java:52)
		at org.apache.tomcat.util.threads.ThreadPoolExecutor.runWorker(ThreadPoolExecutor.java:973)
		at org.apache.tomcat.util.threads.ThreadPoolExecutor$Worker.run(ThreadPoolExecutor.java:491)
		at org.apache.tomcat.util.threads.TaskThread$WrappingRunnable.run(TaskThread.java:63)
		at java.lang.Thread.run(Unknown Source)
05-Apr-2026 12:12:22.536 SEVERE [http-nio-8080-exec-3] org.apache.catalina.core.StandardWrapperValve.invoke Servlet.service() for servlet [dispatcher] in context with path [/demo] threw exception [Handler processing failed; nested exception is java.lang.NoSuchMethodError: com.timmy.controller.AllController$ProfileImagePayload.<init>(Lcom/timmy/controller/AllController$1;)V] with root cause
	java.lang.NoSuchMethodError: com.timmy.controller.AllController$ProfileImagePayload.<init>(Lcom/timmy/controller/AllController$1;)V
		at com.timmy.controller.AllController.loadProfileImagePayloadByEnrollId(AllController.java:2947)
		at com.timmy.controller.AllController.applyProfileImageFallback(AllController.java:2867)
		at com.timmy.controller.AllController.getLatestLogFromDB(AllController.java:2628)
		at sun.reflect.NativeMethodAccessorImpl.invoke0(Native Method)
		at sun.reflect.NativeMethodAccessorImpl.invoke(Unknown Source)
		at sun.reflect.DelegatingMethodAccessorImpl.invoke(Unknown Source)
		at java.lang.reflect.Method.invoke(Unknown Source)
		at org.springframework.web.method.support.InvocableHandlerMethod.invoke(InvocableHandlerMethod.java:215)
		at org.springframework.web.method.support.InvocableHandlerMethod.invokeForRequest(InvocableHandlerMethod.java:132)
		at org.springframework.web.servlet.mvc.method.annotation.ServletInvocableHandlerMethod.invokeAndHandle(ServletInvocableHandlerMethod.java:104)
		at org.springframework.web.servlet.mvc.method.annotation.RequestMappingHandlerAdapter.invokeHandleMethod(RequestMappingHandlerAdapter.java:749)
		at org.springframework.web.servlet.mvc.method.annotation.RequestMappingHandlerAdapter.handleInternal(RequestMappingHandlerAdapter.java:690)
		at org.springframework.web.servlet.mvc.method.AbstractHandlerMethodAdapter.handle(AbstractHandlerMethodAdapter.java:83)
		at org.springframework.web.servlet.DispatcherServlet.doDispatch(DispatcherServlet.java:945)
		at org.springframework.web.servlet.DispatcherServlet.doService(DispatcherServlet.java:876)
		at org.springframework.web.servlet.FrameworkServlet.processRequest(FrameworkServlet.java:961)
		at org.springframework.web.servlet.FrameworkServlet.doGet(FrameworkServlet.java:852)
		at javax.servlet.http.HttpServlet.service(HttpServlet.java:529)
		at org.springframework.web.servlet.FrameworkServlet.service(FrameworkServlet.java:837)
		at javax.servlet.http.HttpServlet.service(HttpServlet.java:623)
		at org.apache.catalina.core.ApplicationFilterChain.internalDoFilter(ApplicationFilterChain.java:197)
		at org.apache.catalina.core.ApplicationFilterChain.doFilter(ApplicationFilterChain.java:142)
		at org.apache.tomcat.websocket.server.WsFilter.doFilter(WsFilter.java:51)
		at org.apache.catalina.core.ApplicationFilterChain.internalDoFilter(ApplicationFilterChain.java:166)
		at org.apache.catalina.core.ApplicationFilterChain.doFilter(ApplicationFilterChain.java:142)
		at com.timmy.util.AuthFilter.doFilter(AuthFilter.java:44)
		at org.apache.catalina.core.ApplicationFilterChain.internalDoFilter(ApplicationFilterChain.java:166)
		at org.apache.catalina.core.ApplicationFilterChain.doFilter(ApplicationFilterChain.java:142)
		at org.springframework.web.filter.CharacterEncodingFilter.doFilterInternal(CharacterEncodingFilter.java:88)
		at org.springframework.web.filter.OncePerRequestFilter.doFilter(OncePerRequestFilter.java:108)
		at org.apache.catalina.core.ApplicationFilterChain.internalDoFilter(ApplicationFilterChain.java:166)
		at org.apache.catalina.core.ApplicationFilterChain.doFilter(ApplicationFilterChain.java:142)
		at org.apache.catalina.core.StandardWrapperValve.invoke(StandardWrapperValve.java:166)
		at org.apache.catalina.core.StandardContextValve.invoke(StandardContextValve.java:88)
		at org.apache.catalina.authenticator.AuthenticatorBase.invoke(AuthenticatorBase.java:491)
		at org.apache.catalina.core.StandardHostValve.invoke(StandardHostValve.java:127)
		at org.apache.catalina.valves.ErrorReportValve.invoke(ErrorReportValve.java:83)
		at org.apache.catalina.valves.AbstractAccessLogValve.invoke(AbstractAccessLogValve.java:643)
		at org.apache.catalina.core.StandardEngineValve.invoke(StandardEngineValve.java:72)
		at org.apache.catalina.connector.CoyoteAdapter.service(CoyoteAdapter.java:344)
		at org.apache.coyote.http11.Http11Processor.service(Http11Processor.java:398)
		at org.apache.coyote.AbstractProcessorLight.process(AbstractProcessorLight.java:63)
		at org.apache.coyote.AbstractProtocol$ConnectionHandler.process(AbstractProtocol.java:939)
		at org.apache.tomcat.util.net.NioEndpoint$SocketProcessor.doRun(NioEndpoint.java:1832)
		at org.apache.tomcat.util.net.SocketProcessorBase.run(SocketProcessorBase.java:52)
		at org.apache.tomcat.util.threads.ThreadPoolExecutor.runWorker(ThreadPoolExecutor.java:973)
		at org.apache.tomcat.util.threads.ThreadPoolExecutor$Worker.run(ThreadPoolExecutor.java:491)
		at org.apache.tomcat.util.threads.TaskThread$WrappingRunnable.run(TaskThread.java:63)
		at java.lang.Thread.run(Unknown Source)
05-Apr-2026 12:12:27.630 SEVERE [http-nio-8080-exec-4] org.apache.catalina.core.StandardWrapperValve.invoke Servlet.service() for servlet [dispatcher] in context with path [/demo] threw exception [Handler processing failed; nested exception is java.lang.NoSuchMethodError: com.timmy.controller.AllController$ProfileImagePayload.<init>(Lcom/timmy/controller/AllController$1;)V] with root cause
	java.lang.NoSuchMethodError: com.timmy.controller.AllController$ProfileImagePayload.<init>(Lcom/timmy/controller/AllController$1;)V
		at com.timmy.controller.AllController.loadProfileImagePayloadByEnrollId(AllController.java:2947)
		at com.timmy.controller.AllController.applyProfileImageFallback(AllController.java:2867)
		at com.timmy.controller.AllController.getLatestLogFromDB(AllController.java:2628)
		at sun.reflect.NativeMethodAccessorImpl.invoke0(Native Method)
		at sun.reflect.NativeMethodAccessorImpl.invoke(Unknown Source)
		at sun.reflect.DelegatingMethodAccessorImpl.invoke(Unknown Source)
		at java.lang.reflect.Method.invoke(Unknown Source)
		at org.springframework.web.method.support.InvocableHandlerMethod.invoke(InvocableHandlerMethod.java:215)
		at org.springframework.web.method.support.InvocableHandlerMethod.invokeForRequest(InvocableHandlerMethod.java:132)
		at org.springframework.web.servlet.mvc.method.annotation.ServletInvocableHandlerMethod.invokeAndHandle(ServletInvocableHandlerMethod.java:104)
		at org.springframework.web.servlet.mvc.method.annotation.RequestMappingHandlerAdapter.invokeHandleMethod(RequestMappingHandlerAdapter.java:749)
		at org.springframework.web.servlet.mvc.method.annotation.RequestMappingHandlerAdapter.handleInternal(RequestMappingHandlerAdapter.java:690)
		at org.springframework.web.servlet.mvc.method.AbstractHandlerMethodAdapter.handle(AbstractHandlerMethodAdapter.java:83)
		at org.springframework.web.servlet.DispatcherServlet.doDispatch(DispatcherServlet.java:945)
		at org.springframework.web.servlet.DispatcherServlet.doService(DispatcherServlet.java:876)
		at org.springframework.web.servlet.FrameworkServlet.processRequest(FrameworkServlet.java:961)
		at org.springframework.web.servlet.FrameworkServlet.doGet(FrameworkServlet.java:852)
		at javax.servlet.http.HttpServlet.service(HttpServlet.java:529)
		at org.springframework.web.servlet.FrameworkServlet.service(FrameworkServlet.java:837)
		at javax.servlet.http.HttpServlet.service(HttpServlet.java:623)
		at org.apache.catalina.core.ApplicationFilterChain.internalDoFilter(ApplicationFilterChain.java:197)
		at org.apache.catalina.core.ApplicationFilterChain.doFilter(ApplicationFilterChain.java:142)
		at org.apache.tomcat.websocket.server.WsFilter.doFilter(WsFilter.java:51)
		at org.apache.catalina.core.ApplicationFilterChain.internalDoFilter(ApplicationFilterChain.java:166)
		at org.apache.catalina.core.ApplicationFilterChain.doFilter(ApplicationFilterChain.java:142)
		at com.timmy.util.AuthFilter.doFilter(AuthFilter.java:44)
		at org.apache.catalina.core.ApplicationFilterChain.internalDoFilter(ApplicationFilterChain.java:166)
		at org.apache.catalina.core.ApplicationFilterChain.doFilter(ApplicationFilterChain.java:142)
		at org.springframework.web.filter.CharacterEncodingFilter.doFilterInternal(CharacterEncodingFilter.java:88)
		at org.springframework.web.filter.OncePerRequestFilter.doFilter(OncePerRequestFilter.java:108)
		at org.apache.catalina.core.ApplicationFilterChain.internalDoFilter(ApplicationFilterChain.java:166)
		at org.apache.catalina.core.ApplicationFilterChain.doFilter(ApplicationFilterChain.java:142)
		at org.apache.catalina.core.StandardWrapperValve.invoke(StandardWrapperValve.java:166)
		at org.apache.catalina.core.StandardContextValve.invoke(StandardContextValve.java:88)
		at org.apache.catalina.authenticator.AuthenticatorBase.invoke(AuthenticatorBase.java:491)
		at org.apache.catalina.core.StandardHostValve.invoke(StandardHostValve.java:127)
		at org.apache.catalina.valves.ErrorReportValve.invoke(ErrorReportValve.java:83)
		at org.apache.catalina.valves.AbstractAccessLogValve.invoke(AbstractAccessLogValve.java:643)
		at org.apache.catalina.core.StandardEngineValve.invoke(StandardEngineValve.java:72)
		at org.apache.catalina.connector.CoyoteAdapter.service(CoyoteAdapter.java:344)
		at org.apache.coyote.http11.Http11Processor.service(Http11Processor.java:398)
		at org.apache.coyote.AbstractProcessorLight.process(AbstractProcessorLight.java:63)
		at org.apache.coyote.AbstractProtocol$ConnectionHandler.process(AbstractProtocol.java:939)
		at org.apache.tomcat.util.net.NioEndpoint$SocketProcessor.doRun(NioEndpoint.java:1832)
		at org.apache.tomcat.util.net.SocketProcessorBase.run(SocketProcessorBase.java:52)
		at org.apache.tomcat.util.threads.ThreadPoolExecutor.runWorker(ThreadPoolExecutor.java:973)
		at org.apache.tomcat.util.threads.ThreadPoolExecutor$Worker.run(ThreadPoolExecutor.java:491)
		at org.apache.tomcat.util.threads.TaskThread$WrappingRunnable.run(TaskThread.java:63)
		at java.lang.Thread.run(Unknown Source)
05-Apr-2026 12:12:32.569 SEVERE [http-nio-8080-exec-5] org.apache.catalina.core.StandardWrapperValve.invoke Servlet.service() for servlet [dispatcher] in context with path [/demo] threw exception [Handler processing failed; nested exception is java.lang.NoSuchMethodError: com.timmy.controller.AllController$ProfileImagePayload.<init>(Lcom/timmy/controller/AllController$1;)V] with root cause
	java.lang.NoSuchMethodError: com.timmy.controller.AllController$ProfileImagePayload.<init>(Lcom/timmy/controller/AllController$1;)V
		at com.timmy.controller.AllController.loadProfileImagePayloadByEnrollId(AllController.java:2947)
		at com.timmy.controller.AllController.applyProfileImageFallback(AllController.java:2867)
		at com.timmy.controller.AllController.getLatestLogFromDB(AllController.java:2628)
		at sun.reflect.NativeMethodAccessorImpl.invoke0(Native Method)
		at sun.reflect.NativeMethodAccessorImpl.invoke(Unknown Source)
		at sun.reflect.DelegatingMethodAccessorImpl.invoke(Unknown Source)
		at java.lang.reflect.Method.invoke(Unknown Source)
		at org.springframework.web.method.support.InvocableHandlerMethod.invoke(InvocableHandlerMethod.java:215)
		at org.springframework.web.method.support.InvocableHandlerMethod.invokeForRequest(InvocableHandlerMethod.java:132)
		at org.springframework.web.servlet.mvc.method.annotation.ServletInvocableHandlerMethod.invokeAndHandle(ServletInvocableHandlerMethod.java:104)
		at org.springframework.web.servlet.mvc.method.annotation.RequestMappingHandlerAdapter.invokeHandleMethod(RequestMappingHandlerAdapter.java:749)
		at org.springframework.web.servlet.mvc.method.annotation.RequestMappingHandlerAdapter.handleInternal(RequestMappingHandlerAdapter.java:690)
		at org.springframework.web.servlet.mvc.method.AbstractHandlerMethodAdapter.handle(AbstractHandlerMethodAdapter.java:83)
		at org.springframework.web.servlet.DispatcherServlet.doDispatch(DispatcherServlet.java:945)
		at org.springframework.web.servlet.DispatcherServlet.doService(DispatcherServlet.java:876)
		at org.springframework.web.servlet.FrameworkServlet.processRequest(FrameworkServlet.java:961)
		at org.springframework.web.servlet.FrameworkServlet.doGet(FrameworkServlet.java:852)
		at javax.servlet.http.HttpServlet.service(HttpServlet.java:529)
		at org.springframework.web.servlet.FrameworkServlet.service(FrameworkServlet.java:837)
		at javax.servlet.http.HttpServlet.service(HttpServlet.java:623)
		at org.apache.catalina.core.ApplicationFilterChain.internalDoFilter(ApplicationFilterChain.java:197)
		at org.apache.catalina.core.ApplicationFilterChain.doFilter(ApplicationFilterChain.java:142)
		at org.apache.tomcat.websocket.server.WsFilter.doFilter(WsFilter.java:51)
		at org.apache.catalina.core.ApplicationFilterChain.internalDoFilter(ApplicationFilterChain.java:166)
		at org.apache.catalina.core.ApplicationFilterChain.doFilter(ApplicationFilterChain.java:142)
		at com.timmy.util.AuthFilter.doFilter(AuthFilter.java:44)
		at org.apache.catalina.core.ApplicationFilterChain.internalDoFilter(ApplicationFilterChain.java:166)
		at org.apache.catalina.core.ApplicationFilterChain.doFilter(ApplicationFilterChain.java:142)
		at org.springframework.web.filter.CharacterEncodingFilter.doFilterInternal(CharacterEncodingFilter.java:88)
		at org.springframework.web.filter.OncePerRequestFilter.doFilter(OncePerRequestFilter.java:108)
		at org.apache.catalina.core.ApplicationFilterChain.internalDoFilter(ApplicationFilterChain.java:166)
		at org.apache.catalina.core.ApplicationFilterChain.doFilter(ApplicationFilterChain.java:142)
		at org.apache.catalina.core.StandardWrapperValve.invoke(StandardWrapperValve.java:166)
		at org.apache.catalina.core.StandardContextValve.invoke(StandardContextValve.java:88)
		at org.apache.catalina.authenticator.AuthenticatorBase.invoke(AuthenticatorBase.java:491)
		at org.apache.catalina.core.StandardHostValve.invoke(StandardHostValve.java:127)
		at org.apache.catalina.valves.ErrorReportValve.invoke(ErrorReportValve.java:83)
		at org.apache.catalina.valves.AbstractAccessLogValve.invoke(AbstractAccessLogValve.java:643)
		at org.apache.catalina.core.StandardEngineValve.invoke(StandardEngineValve.java:72)
		at org.apache.catalina.connector.CoyoteAdapter.service(CoyoteAdapter.java:344)
		at org.apache.coyote.http11.Http11Processor.service(Http11Processor.java:398)
		at org.apache.coyote.AbstractProcessorLight.process(AbstractProcessorLight.java:63)
		at org.apache.coyote.AbstractProtocol$ConnectionHandler.process(AbstractProtocol.java:939)
		at org.apache.tomcat.util.net.NioEndpoint$SocketProcessor.doRun(NioEndpoint.java:1832)
		at org.apache.tomcat.util.net.SocketProcessorBase.run(SocketProcessorBase.java:52)
		at org.apache.tomcat.util.threads.ThreadPoolExecutor.runWorker(ThreadPoolExecutor.java:973)
		at org.apache.tomcat.util.threads.ThreadPoolExecutor$Worker.run(ThreadPoolExecutor.java:491)
		at org.apache.tomcat.util.threads.TaskThread$WrappingRunnable.run(TaskThread.java:63)
		at java.lang.Thread.run(Unknown Source)
05-Apr-2026 12:12:37.589 SEVERE [http-nio-8080-exec-9] org.apache.catalina.core.StandardWrapperValve.invoke Servlet.service() for servlet [dispatcher] in context with path [/demo] threw exception [Handler processing failed; nested exception is java.lang.NoSuchMethodError: com.timmy.controller.AllController$ProfileImagePayload.<init>(Lcom/timmy/controller/AllController$1;)V] with root cause
	java.lang.NoSuchMethodError: com.timmy.controller.AllController$ProfileImagePayload.<init>(Lcom/timmy/controller/AllController$1;)V
		at com.timmy.controller.AllController.loadProfileImagePayloadByEnrollId(AllController.java:2947)
		at com.timmy.controller.AllController.applyProfileImageFallback(AllController.java:2867)
		at com.timmy.controller.AllController.getLatestLogFromDB(AllController.java:2628)
		at sun.reflect.NativeMethodAccessorImpl.invoke0(Native Method)
		at sun.reflect.NativeMethodAccessorImpl.invoke(Unknown Source)
		at sun.reflect.DelegatingMethodAccessorImpl.invoke(Unknown Source)
		at java.lang.reflect.Method.invoke(Unknown Source)
		at org.springframework.web.method.support.InvocableHandlerMethod.invoke(InvocableHandlerMethod.java:215)
		at org.springframework.web.method.support.InvocableHandlerMethod.invokeForRequest(InvocableHandlerMethod.java:132)
		at org.springframework.web.servlet.mvc.method.annotation.ServletInvocableHandlerMethod.invokeAndHandle(ServletInvocableHandlerMethod.java:104)
		at org.springframework.web.servlet.mvc.method.annotation.RequestMappingHandlerAdapter.invokeHandleMethod(RequestMappingHandlerAdapter.java:749)
		at org.springframework.web.servlet.mvc.method.annotation.RequestMappingHandlerAdapter.handleInternal(RequestMappingHandlerAdapter.java:690)
		at org.springframework.web.servlet.mvc.method.AbstractHandlerMethodAdapter.handle(AbstractHandlerMethodAdapter.java:83)
		at org.springframework.web.servlet.DispatcherServlet.doDispatch(DispatcherServlet.java:945)
		at org.springframework.web.servlet.DispatcherServlet.doService(DispatcherServlet.java:876)
		at org.springframework.web.servlet.FrameworkServlet.processRequest(FrameworkServlet.java:961)
		at org.springframework.web.servlet.FrameworkServlet.doGet(FrameworkServlet.java:852)
		at javax.servlet.http.HttpServlet.service(HttpServlet.java:529)
		at org.springframework.web.servlet.FrameworkServlet.service(FrameworkServlet.java:837)
		at javax.servlet.http.HttpServlet.service(HttpServlet.java:623)
		at org.apache.catalina.core.ApplicationFilterChain.internalDoFilter(ApplicationFilterChain.java:197)
		at org.apache.catalina.core.ApplicationFilterChain.doFilter(ApplicationFilterChain.java:142)
		at org.apache.tomcat.websocket.server.WsFilter.doFilter(WsFilter.java:51)
		at org.apache.catalina.core.ApplicationFilterChain.internalDoFilter(ApplicationFilterChain.java:166)
		at org.apache.catalina.core.ApplicationFilterChain.doFilter(ApplicationFilterChain.java:142)
		at com.timmy.util.AuthFilter.doFilter(AuthFilter.java:44)
		at org.apache.catalina.core.ApplicationFilterChain.internalDoFilter(ApplicationFilterChain.java:166)
		at org.apache.catalina.core.ApplicationFilterChain.doFilter(ApplicationFilterChain.java:142)
		at org.springframework.web.filter.CharacterEncodingFilter.doFilterInternal(CharacterEncodingFilter.java:88)
		at org.springframework.web.filter.OncePerRequestFilter.doFilter(OncePerRequestFilter.java:108)
		at org.apache.catalina.core.ApplicationFilterChain.internalDoFilter(ApplicationFilterChain.java:166)
		at org.apache.catalina.core.ApplicationFilterChain.doFilter(ApplicationFilterChain.java:142)
		at org.apache.catalina.core.StandardWrapperValve.invoke(StandardWrapperValve.java:166)
		at org.apache.catalina.core.StandardContextValve.invoke(StandardContextValve.java:88)
		at org.apache.catalina.authenticator.AuthenticatorBase.invoke(AuthenticatorBase.java:491)
		at org.apache.catalina.core.StandardHostValve.invoke(StandardHostValve.java:127)
		at org.apache.catalina.valves.ErrorReportValve.invoke(ErrorReportValve.java:83)
		at org.apache.catalina.valves.AbstractAccessLogValve.invoke(AbstractAccessLogValve.java:643)
		at org.apache.catalina.core.StandardEngineValve.invoke(StandardEngineValve.java:72)
		at org.apache.catalina.connector.CoyoteAdapter.service(CoyoteAdapter.java:344)
		at org.apache.coyote.http11.Http11Processor.service(Http11Processor.java:398)
		at org.apache.coyote.AbstractProcessorLight.process(AbstractProcessorLight.java:63)
		at org.apache.coyote.AbstractProtocol$ConnectionHandler.process(AbstractProtocol.java:939)
		at org.apache.tomcat.util.net.NioEndpoint$SocketProcessor.doRun(NioEndpoint.java:1832)
		at org.apache.tomcat.util.net.SocketProcessorBase.run(SocketProcessorBase.java:52)
		at org.apache.tomcat.util.threads.ThreadPoolExecutor.runWorker(ThreadPoolExecutor.java:973)
		at org.apache.tomcat.util.threads.ThreadPoolExecutor$Worker.run(ThreadPoolExecutor.java:491)
		at org.apache.tomcat.util.threads.TaskThread$WrappingRunnable.run(TaskThread.java:63)
		at java.lang.Thread.run(Unknown Source)
05-Apr-2026 12:12:42.546 SEVERE [http-nio-8080-exec-10] org.apache.catalina.core.StandardWrapperValve.invoke Servlet.service() for servlet [dispatcher] in context with path [/demo] threw exception [Handler processing failed; nested exception is java.lang.NoSuchMethodError: com.timmy.controller.AllController$ProfileImagePayload.<init>(Lcom/timmy/controller/AllController$1;)V] with root cause
	java.lang.NoSuchMethodError: com.timmy.controller.AllController$ProfileImagePayload.<init>(Lcom/timmy/controller/AllController$1;)V
		at com.timmy.controller.AllController.loadProfileImagePayloadByEnrollId(AllController.java:2947)
		at com.timmy.controller.AllController.applyProfileImageFallback(AllController.java:2867)
		at com.timmy.controller.AllController.getLatestLogFromDB(AllController.java:2628)
		at sun.reflect.NativeMethodAccessorImpl.invoke0(Native Method)
		at sun.reflect.NativeMethodAccessorImpl.invoke(Unknown Source)
		at sun.reflect.DelegatingMethodAccessorImpl.invoke(Unknown Source)
		at java.lang.reflect.Method.invoke(Unknown Source)
		at org.springframework.web.method.support.InvocableHandlerMethod.invoke(InvocableHandlerMethod.java:215)
		at org.springframework.web.method.support.InvocableHandlerMethod.invokeForRequest(InvocableHandlerMethod.java:132)
		at org.springframework.web.servlet.mvc.method.annotation.ServletInvocableHandlerMethod.invokeAndHandle(ServletInvocableHandlerMethod.java:104)
		at org.springframework.web.servlet.mvc.method.annotation.RequestMappingHandlerAdapter.invokeHandleMethod(RequestMappingHandlerAdapter.java:749)
		at org.springframework.web.servlet.mvc.method.annotation.RequestMappingHandlerAdapter.handleInternal(RequestMappingHandlerAdapter.java:690)
		at org.springframework.web.servlet.mvc.method.AbstractHandlerMethodAdapter.handle(AbstractHandlerMethodAdapter.java:83)
		at org.springframework.web.servlet.DispatcherServlet.doDispatch(DispatcherServlet.java:945)
		at org.springframework.web.servlet.DispatcherServlet.doService(DispatcherServlet.java:876)
		at org.springframework.web.servlet.FrameworkServlet.processRequest(FrameworkServlet.java:961)
		at org.springframework.web.servlet.FrameworkServlet.doGet(FrameworkServlet.java:852)
		at javax.servlet.http.HttpServlet.service(HttpServlet.java:529)
		at org.springframework.web.servlet.FrameworkServlet.service(FrameworkServlet.java:837)
		at javax.servlet.http.HttpServlet.service(HttpServlet.java:623)
		at org.apache.catalina.core.ApplicationFilterChain.internalDoFilter(ApplicationFilterChain.java:197)
		at org.apache.catalina.core.ApplicationFilterChain.doFilter(ApplicationFilterChain.java:142)
		at org.apache.tomcat.websocket.server.WsFilter.doFilter(WsFilter.java:51)
		at org.apache.catalina.core.ApplicationFilterChain.internalDoFilter(ApplicationFilterChain.java:166)
		at org.apache.catalina.core.ApplicationFilterChain.doFilter(ApplicationFilterChain.java:142)
		at com.timmy.util.AuthFilter.doFilter(AuthFilter.java:44)
		at org.apache.catalina.core.ApplicationFilterChain.internalDoFilter(ApplicationFilterChain.java:166)
		at org.apache.catalina.core.ApplicationFilterChain.doFilter(ApplicationFilterChain.java:142)
		at org.springframework.web.filter.CharacterEncodingFilter.doFilterInternal(CharacterEncodingFilter.java:88)
		at org.springframework.web.filter.OncePerRequestFilter.doFilter(OncePerRequestFilter.java:108)
		at org.apache.catalina.core.ApplicationFilterChain.internalDoFilter(ApplicationFilterChain.java:166)
		at org.apache.catalina.core.ApplicationFilterChain.doFilter(ApplicationFilterChain.java:142)
		at org.apache.catalina.core.StandardWrapperValve.invoke(StandardWrapperValve.java:166)
		at org.apache.catalina.core.StandardContextValve.invoke(StandardContextValve.java:88)
		at org.apache.catalina.authenticator.AuthenticatorBase.invoke(AuthenticatorBase.java:491)
		at org.apache.catalina.core.StandardHostValve.invoke(StandardHostValve.java:127)
		at org.apache.catalina.valves.ErrorReportValve.invoke(ErrorReportValve.java:83)
		at org.apache.catalina.valves.AbstractAccessLogValve.invoke(AbstractAccessLogValve.java:643)
		at org.apache.catalina.core.StandardEngineValve.invoke(StandardEngineValve.java:72)
		at org.apache.catalina.connector.CoyoteAdapter.service(CoyoteAdapter.java:344)
		at org.apache.coyote.http11.Http11Processor.service(Http11Processor.java:398)
		at org.apache.coyote.AbstractProcessorLight.process(AbstractProcessorLight.java:63)
		at org.apache.coyote.AbstractProtocol$ConnectionHandler.process(AbstractProtocol.java:939)
		at org.apache.tomcat.util.net.NioEndpoint$SocketProcessor.doRun(NioEndpoint.java:1832)
		at org.apache.tomcat.util.net.SocketProcessorBase.run(SocketProcessorBase.java:52)
		at org.apache.tomcat.util.threads.ThreadPoolExecutor.runWorker(ThreadPoolExecutor.java:973)
		at org.apache.tomcat.util.threads.ThreadPoolExecutor$Worker.run(ThreadPoolExecutor.java:491)
		at org.apache.tomcat.util.threads.TaskThread$WrappingRunnable.run(TaskThread.java:63)
		at java.lang.Thread.run(Unknown Source)
05-Apr-2026 12:12:47.812 SEVERE [http-nio-8080-exec-8] org.apache.catalina.core.StandardWrapperValve.invoke Servlet.service() for servlet [dispatcher] in context with path [/demo] threw exception [Handler processing failed; nested exception is java.lang.NoSuchMethodError: com.timmy.controller.AllController$ProfileImagePayload.<init>(Lcom/timmy/controller/AllController$1;)V] with root cause
	java.lang.NoSuchMethodError: com.timmy.controller.AllController$ProfileImagePayload.<init>(Lcom/timmy/controller/AllController$1;)V
		at com.timmy.controller.AllController.loadProfileImagePayloadByEnrollId(AllController.java:2947)
		at com.timmy.controller.AllController.applyProfileImageFallback(AllController.java:2867)
		at com.timmy.controller.AllController.getLatestLogFromDB(AllController.java:2628)
		at sun.reflect.NativeMethodAccessorImpl.invoke0(Native Method)
		at sun.reflect.NativeMethodAccessorImpl.invoke(Unknown Source)
		at sun.reflect.DelegatingMethodAccessorImpl.invoke(Unknown Source)
		at java.lang.reflect.Method.invoke(Unknown Source)
		at org.springframework.web.method.support.InvocableHandlerMethod.invoke(InvocableHandlerMethod.java:215)
		at org.springframework.web.method.support.InvocableHandlerMethod.invokeForRequest(InvocableHandlerMethod.java:132)
		at org.springframework.web.servlet.mvc.method.annotation.ServletInvocableHandlerMethod.invokeAndHandle(ServletInvocableHandlerMethod.java:104)
		at org.springframework.web.servlet.mvc.method.annotation.RequestMappingHandlerAdapter.invokeHandleMethod(RequestMappingHandlerAdapter.java:749)
		at org.springframework.web.servlet.mvc.method.annotation.RequestMappingHandlerAdapter.handleInternal(RequestMappingHandlerAdapter.java:690)
		at org.springframework.web.servlet.mvc.method.AbstractHandlerMethodAdapter.handle(AbstractHandlerMethodAdapter.java:83)
		at org.springframework.web.servlet.DispatcherServlet.doDispatch(DispatcherServlet.java:945)
		at org.springframework.web.servlet.DispatcherServlet.doService(DispatcherServlet.java:876)
		at org.springframework.web.servlet.FrameworkServlet.processRequest(FrameworkServlet.java:961)
		at org.springframework.web.servlet.FrameworkServlet.doGet(FrameworkServlet.java:852)
		at javax.servlet.http.HttpServlet.service(HttpServlet.java:529)
		at org.springframework.web.servlet.FrameworkServlet.service(FrameworkServlet.java:837)
		at javax.servlet.http.HttpServlet.service(HttpServlet.java:623)
		at org.apache.catalina.core.ApplicationFilterChain.internalDoFilter(ApplicationFilterChain.java:197)
		at org.apache.catalina.core.ApplicationFilterChain.doFilter(ApplicationFilterChain.java:142)
		at org.apache.tomcat.websocket.server.WsFilter.doFilter(WsFilter.java:51)
		at org.apache.catalina.core.ApplicationFilterChain.internalDoFilter(ApplicationFilterChain.java:166)
		at org.apache.catalina.core.ApplicationFilterChain.doFilter(ApplicationFilterChain.java:142)
		at com.timmy.util.AuthFilter.doFilter(AuthFilter.java:44)
		at org.apache.catalina.core.ApplicationFilterChain.internalDoFilter(ApplicationFilterChain.java:166)
		at org.apache.catalina.core.ApplicationFilterChain.doFilter(ApplicationFilterChain.java:142)
		at org.springframework.web.filter.CharacterEncodingFilter.doFilterInternal(CharacterEncodingFilter.java:88)
		at org.springframework.web.filter.OncePerRequestFilter.doFilter(OncePerRequestFilter.java:108)
		at org.apache.catalina.core.ApplicationFilterChain.internalDoFilter(ApplicationFilterChain.java:166)
		at org.apache.catalina.core.ApplicationFilterChain.doFilter(ApplicationFilterChain.java:142)
		at org.apache.catalina.core.StandardWrapperValve.invoke(StandardWrapperValve.java:166)
		at org.apache.catalina.core.StandardContextValve.invoke(StandardContextValve.java:88)
		at org.apache.catalina.authenticator.AuthenticatorBase.invoke(AuthenticatorBase.java:491)
		at org.apache.catalina.core.StandardHostValve.invoke(StandardHostValve.java:127)
		at org.apache.catalina.valves.ErrorReportValve.invoke(ErrorReportValve.java:83)
		at org.apache.catalina.valves.AbstractAccessLogValve.invoke(AbstractAccessLogValve.java:643)
		at org.apache.catalina.core.StandardEngineValve.invoke(StandardEngineValve.java:72)
		at org.apache.catalina.connector.CoyoteAdapter.service(CoyoteAdapter.java:344)
		at org.apache.coyote.http11.Http11Processor.service(Http11Processor.java:398)
		at org.apache.coyote.AbstractProcessorLight.process(AbstractProcessorLight.java:63)
		at org.apache.coyote.AbstractProtocol$ConnectionHandler.process(AbstractProtocol.java:939)
		at org.apache.tomcat.util.net.NioEndpoint$SocketProcessor.doRun(NioEndpoint.java:1832)
		at org.apache.tomcat.util.net.SocketProcessorBase.run(SocketProcessorBase.java:52)
		at org.apache.tomcat.util.threads.ThreadPoolExecutor.runWorker(ThreadPoolExecutor.java:973)
		at org.apache.tomcat.util.threads.ThreadPoolExecutor$Worker.run(ThreadPoolExecutor.java:491)
		at org.apache.tomcat.util.threads.TaskThread$WrappingRunnable.run(TaskThread.java:63)
		at java.lang.Thread.run(Unknown Source)
05-Apr-2026 12:12:52.539 SEVERE [http-nio-8080-exec-1] org.apache.catalina.core.StandardWrapperValve.invoke Servlet.service() for servlet [dispatcher] in context with path [/demo] threw exception [Handler processing failed; nested exception is java.lang.NoSuchMethodError: com.timmy.controller.AllController$ProfileImagePayload.<init>(Lcom/timmy/controller/AllController$1;)V] with root cause
	java.lang.NoSuchMethodError: com.timmy.controller.AllController$ProfileImagePayload.<init>(Lcom/timmy/controller/AllController$1;)V
		at com.timmy.controller.AllController.loadProfileImagePayloadByEnrollId(AllController.java:2947)
		at com.timmy.controller.AllController.applyProfileImageFallback(AllController.java:2867)
		at com.timmy.controller.AllController.getLatestLogFromDB(AllController.java:2628)
		at sun.reflect.NativeMethodAccessorImpl.invoke0(Native Method)
		at sun.reflect.NativeMethodAccessorImpl.invoke(Unknown Source)
		at sun.reflect.DelegatingMethodAccessorImpl.invoke(Unknown Source)
		at java.lang.reflect.Method.invoke(Unknown Source)
		at org.springframework.web.method.support.InvocableHandlerMethod.invoke(InvocableHandlerMethod.java:215)
		at org.springframework.web.method.support.InvocableHandlerMethod.invokeForRequest(InvocableHandlerMethod.java:132)
		at org.springframework.web.servlet.mvc.method.annotation.ServletInvocableHandlerMethod.invokeAndHandle(ServletInvocableHandlerMethod.java:104)
		at org.springframework.web.servlet.mvc.method.annotation.RequestMappingHandlerAdapter.invokeHandleMethod(RequestMappingHandlerAdapter.java:749)
		at org.springframework.web.servlet.mvc.method.annotation.RequestMappingHandlerAdapter.handleInternal(RequestMappingHandlerAdapter.java:690)
		at org.springframework.web.servlet.mvc.method.AbstractHandlerMethodAdapter.handle(AbstractHandlerMethodAdapter.java:83)
		at org.springframework.web.servlet.DispatcherServlet.doDispatch(DispatcherServlet.java:945)
		at org.springframework.web.servlet.DispatcherServlet.doService(DispatcherServlet.java:876)
		at org.springframework.web.servlet.FrameworkServlet.processRequest(FrameworkServlet.java:961)
		at org.springframework.web.servlet.FrameworkServlet.doGet(FrameworkServlet.java:852)
		at javax.servlet.http.HttpServlet.service(HttpServlet.java:529)
		at org.springframework.web.servlet.FrameworkServlet.service(FrameworkServlet.java:837)
		at javax.servlet.http.HttpServlet.service(HttpServlet.java:623)
		at org.apache.catalina.core.ApplicationFilterChain.internalDoFilter(ApplicationFilterChain.java:197)
		at org.apache.catalina.core.ApplicationFilterChain.doFilter(ApplicationFilterChain.java:142)
		at org.apache.tomcat.websocket.server.WsFilter.doFilter(WsFilter.java:51)
		at org.apache.catalina.core.ApplicationFilterChain.internalDoFilter(ApplicationFilterChain.java:166)
		at org.apache.catalina.core.ApplicationFilterChain.doFilter(ApplicationFilterChain.java:142)
		at com.timmy.util.AuthFilter.doFilter(AuthFilter.java:44)
		at org.apache.catalina.core.ApplicationFilterChain.internalDoFilter(ApplicationFilterChain.java:166)
		at org.apache.catalina.core.ApplicationFilterChain.doFilter(ApplicationFilterChain.java:142)
		at org.springframework.web.filter.CharacterEncodingFilter.doFilterInternal(CharacterEncodingFilter.java:88)
		at org.springframework.web.filter.OncePerRequestFilter.doFilter(OncePerRequestFilter.java:108)
		at org.apache.catalina.core.ApplicationFilterChain.internalDoFilter(ApplicationFilterChain.java:166)
		at org.apache.catalina.core.ApplicationFilterChain.doFilter(ApplicationFilterChain.java:142)
		at org.apache.catalina.core.StandardWrapperValve.invoke(StandardWrapperValve.java:166)
		at org.apache.catalina.core.StandardContextValve.invoke(StandardContextValve.java:88)
		at org.apache.catalina.authenticator.AuthenticatorBase.invoke(AuthenticatorBase.java:491)
		at org.apache.catalina.core.StandardHostValve.invoke(StandardHostValve.java:127)
		at org.apache.catalina.valves.ErrorReportValve.invoke(ErrorReportValve.java:83)
		at org.apache.catalina.valves.AbstractAccessLogValve.invoke(AbstractAccessLogValve.java:643)
		at org.apache.catalina.core.StandardEngineValve.invoke(StandardEngineValve.java:72)
		at org.apache.catalina.connector.CoyoteAdapter.service(CoyoteAdapter.java:344)
		at org.apache.coyote.http11.Http11Processor.service(Http11Processor.java:398)
		at org.apache.coyote.AbstractProcessorLight.process(AbstractProcessorLight.java:63)
		at org.apache.coyote.AbstractProtocol$ConnectionHandler.process(AbstractProtocol.java:939)
		at org.apache.tomcat.util.net.NioEndpoint$SocketProcessor.doRun(NioEndpoint.java:1832)
		at org.apache.tomcat.util.net.SocketProcessorBase.run(SocketProcessorBase.java:52)
		at org.apache.tomcat.util.threads.ThreadPoolExecutor.runWorker(ThreadPoolExecutor.java:973)
		at org.apache.tomcat.util.threads.ThreadPoolExecutor$Worker.run(ThreadPoolExecutor.java:491)
		at org.apache.tomcat.util.threads.TaskThread$WrappingRunnable.run(TaskThread.java:63)
		at java.lang.Thread.run(Unknown Source)
05-Apr-2026 12:12:57.875 SEVERE [http-nio-8080-exec-6] org.apache.catalina.core.StandardWrapperValve.invoke Servlet.service() for servlet [dispatcher] in context with path [/demo] threw exception [Handler processing failed; nested exception is java.lang.NoSuchMethodError: com.timmy.controller.AllController$ProfileImagePayload.<init>(Lcom/timmy/controller/AllController$1;)V] with root cause
	java.lang.NoSuchMethodError: com.timmy.controller.AllController$ProfileImagePayload.<init>(Lcom/timmy/controller/AllController$1;)V
		at com.timmy.controller.AllController.loadProfileImagePayloadByEnrollId(AllController.java:2947)
		at com.timmy.controller.AllController.applyProfileImageFallback(AllController.java:2867)
		at com.timmy.controller.AllController.getLatestLogFromDB(AllController.java:2628)
		at sun.reflect.NativeMethodAccessorImpl.invoke0(Native Method)
		at sun.reflect.NativeMethodAccessorImpl.invoke(Unknown Source)
		at sun.reflect.DelegatingMethodAccessorImpl.invoke(Unknown Source)
		at java.lang.reflect.Method.invoke(Unknown Source)
		at org.springframework.web.method.support.InvocableHandlerMethod.invoke(InvocableHandlerMethod.java:215)
		at org.springframework.web.method.support.InvocableHandlerMethod.invokeForRequest(InvocableHandlerMethod.java:132)
		at org.springframework.web.servlet.mvc.method.annotation.ServletInvocableHandlerMethod.invokeAndHandle(ServletInvocableHandlerMethod.java:104)
		at org.springframework.web.servlet.mvc.method.annotation.RequestMappingHandlerAdapter.invokeHandleMethod(RequestMappingHandlerAdapter.java:749)
		at org.springframework.web.servlet.mvc.method.annotation.RequestMappingHandlerAdapter.handleInternal(RequestMappingHandlerAdapter.java:690)
		at org.springframework.web.servlet.mvc.method.AbstractHandlerMethodAdapter.handle(AbstractHandlerMethodAdapter.java:83)
		at org.springframework.web.servlet.DispatcherServlet.doDispatch(DispatcherServlet.java:945)
		at org.springframework.web.servlet.DispatcherServlet.doService(DispatcherServlet.java:876)
		at org.springframework.web.servlet.FrameworkServlet.processRequest(FrameworkServlet.java:961)
		at org.springframework.web.servlet.FrameworkServlet.doGet(FrameworkServlet.java:852)
		at javax.servlet.http.HttpServlet.service(HttpServlet.java:529)
		at org.springframework.web.servlet.FrameworkServlet.service(FrameworkServlet.java:837)
		at javax.servlet.http.HttpServlet.service(HttpServlet.java:623)
		at org.apache.catalina.core.ApplicationFilterChain.internalDoFilter(ApplicationFilterChain.java:197)
		at org.apache.catalina.core.ApplicationFilterChain.doFilter(ApplicationFilterChain.java:142)
		at org.apache.tomcat.websocket.server.WsFilter.doFilter(WsFilter.java:51)
		at org.apache.catalina.core.ApplicationFilterChain.internalDoFilter(ApplicationFilterChain.java:166)
		at org.apache.catalina.core.ApplicationFilterChain.doFilter(ApplicationFilterChain.java:142)
		at com.timmy.util.AuthFilter.doFilter(AuthFilter.java:44)
		at org.apache.catalina.core.ApplicationFilterChain.internalDoFilter(ApplicationFilterChain.java:166)
		at org.apache.catalina.core.ApplicationFilterChain.doFilter(ApplicationFilterChain.java:142)
		at org.springframework.web.filter.CharacterEncodingFilter.doFilterInternal(CharacterEncodingFilter.java:88)
		at org.springframework.web.filter.OncePerRequestFilter.doFilter(OncePerRequestFilter.java:108)
		at org.apache.catalina.core.ApplicationFilterChain.internalDoFilter(ApplicationFilterChain.java:166)
		at org.apache.catalina.core.ApplicationFilterChain.doFilter(ApplicationFilterChain.java:142)
		at org.apache.catalina.core.StandardWrapperValve.invoke(StandardWrapperValve.java:166)
		at org.apache.catalina.core.StandardContextValve.invoke(StandardContextValve.java:88)
		at org.apache.catalina.authenticator.AuthenticatorBase.invoke(AuthenticatorBase.java:491)
		at org.apache.catalina.core.StandardHostValve.invoke(StandardHostValve.java:127)
		at org.apache.catalina.valves.ErrorReportValve.invoke(ErrorReportValve.java:83)
		at org.apache.catalina.valves.AbstractAccessLogValve.invoke(AbstractAccessLogValve.java:643)
		at org.apache.catalina.core.StandardEngineValve.invoke(StandardEngineValve.java:72)
		at org.apache.catalina.connector.CoyoteAdapter.service(CoyoteAdapter.java:344)
		at org.apache.coyote.http11.Http11Processor.service(Http11Processor.java:398)
		at org.apache.coyote.AbstractProcessorLight.process(AbstractProcessorLight.java:63)
		at org.apache.coyote.AbstractProtocol$ConnectionHandler.process(AbstractProtocol.java:939)
		at org.apache.tomcat.util.net.NioEndpoint$SocketProcessor.doRun(NioEndpoint.java:1832)
		at org.apache.tomcat.util.net.SocketProcessorBase.run(SocketProcessorBase.java:52)
		at org.apache.tomcat.util.threads.ThreadPoolExecutor.runWorker(ThreadPoolExecutor.java:973)
		at org.apache.tomcat.util.threads.ThreadPoolExecutor$Worker.run(ThreadPoolExecutor.java:491)
		at org.apache.tomcat.util.threads.TaskThread$WrappingRunnable.run(TaskThread.java:63)
		at java.lang.Thread.run(Unknown Source)
05-Apr-2026 12:13:02.580 SEVERE [http-nio-8080-exec-3] org.apache.catalina.core.StandardWrapperValve.invoke Servlet.service() for servlet [dispatcher] in context with path [/demo] threw exception [Handler processing failed; nested exception is java.lang.NoSuchMethodError: com.timmy.controller.AllController$ProfileImagePayload.<init>(Lcom/timmy/controller/AllController$1;)V] with root cause
	java.lang.NoSuchMethodError: com.timmy.controller.AllController$ProfileImagePayload.<init>(Lcom/timmy/controller/AllController$1;)V
		at com.timmy.controller.AllController.loadProfileImagePayloadByEnrollId(AllController.java:2947)
		at com.timmy.controller.AllController.applyProfileImageFallback(AllController.java:2867)
		at com.timmy.controller.AllController.getLatestLogFromDB(AllController.java:2628)
		at sun.reflect.NativeMethodAccessorImpl.invoke0(Native Method)
		at sun.reflect.NativeMethodAccessorImpl.invoke(Unknown Source)
		at sun.reflect.DelegatingMethodAccessorImpl.invoke(Unknown Source)
		at java.lang.reflect.Method.invoke(Unknown Source)
		at org.springframework.web.method.support.InvocableHandlerMethod.invoke(InvocableHandlerMethod.java:215)
		at org.springframework.web.method.support.InvocableHandlerMethod.invokeForRequest(InvocableHandlerMethod.java:132)
		at org.springframework.web.servlet.mvc.method.annotation.ServletInvocableHandlerMethod.invokeAndHandle(ServletInvocableHandlerMethod.java:104)
		at org.springframework.web.servlet.mvc.method.annotation.RequestMappingHandlerAdapter.invokeHandleMethod(RequestMappingHandlerAdapter.java:749)
		at org.springframework.web.servlet.mvc.method.annotation.RequestMappingHandlerAdapter.handleInternal(RequestMappingHandlerAdapter.java:690)
		at org.springframework.web.servlet.mvc.method.AbstractHandlerMethodAdapter.handle(AbstractHandlerMethodAdapter.java:83)
		at org.springframework.web.servlet.DispatcherServlet.doDispatch(DispatcherServlet.java:945)
		at org.springframework.web.servlet.DispatcherServlet.doService(DispatcherServlet.java:876)
		at org.springframework.web.servlet.FrameworkServlet.processRequest(FrameworkServlet.java:961)
		at org.springframework.web.servlet.FrameworkServlet.doGet(FrameworkServlet.java:852)
		at javax.servlet.http.HttpServlet.service(HttpServlet.java:529)
		at org.springframework.web.servlet.FrameworkServlet.service(FrameworkServlet.java:837)
		at javax.servlet.http.HttpServlet.service(HttpServlet.java:623)
		at org.apache.catalina.core.ApplicationFilterChain.internalDoFilter(ApplicationFilterChain.java:197)
		at org.apache.catalina.core.ApplicationFilterChain.doFilter(ApplicationFilterChain.java:142)
		at org.apache.tomcat.websocket.server.WsFilter.doFilter(WsFilter.java:51)
		at org.apache.catalina.core.ApplicationFilterChain.internalDoFilter(ApplicationFilterChain.java:166)
		at org.apache.catalina.core.ApplicationFilterChain.doFilter(ApplicationFilterChain.java:142)
		at com.timmy.util.AuthFilter.doFilter(AuthFilter.java:44)
		at org.apache.catalina.core.ApplicationFilterChain.internalDoFilter(ApplicationFilterChain.java:166)
		at org.apache.catalina.core.ApplicationFilterChain.doFilter(ApplicationFilterChain.java:142)
		at org.springframework.web.filter.CharacterEncodingFilter.doFilterInternal(CharacterEncodingFilter.java:88)
		at org.springframework.web.filter.OncePerRequestFilter.doFilter(OncePerRequestFilter.java:108)
		at org.apache.catalina.core.ApplicationFilterChain.internalDoFilter(ApplicationFilterChain.java:166)
		at org.apache.catalina.core.ApplicationFilterChain.doFilter(ApplicationFilterChain.java:142)
		at org.apache.catalina.core.StandardWrapperValve.invoke(StandardWrapperValve.java:166)
		at org.apache.catalina.core.StandardContextValve.invoke(StandardContextValve.java:88)
		at org.apache.catalina.authenticator.AuthenticatorBase.invoke(AuthenticatorBase.java:491)
		at org.apache.catalina.core.StandardHostValve.invoke(StandardHostValve.java:127)
		at org.apache.catalina.valves.ErrorReportValve.invoke(ErrorReportValve.java:83)
		at org.apache.catalina.valves.AbstractAccessLogValve.invoke(AbstractAccessLogValve.java:643)
		at org.apache.catalina.core.StandardEngineValve.invoke(StandardEngineValve.java:72)
		at org.apache.catalina.connector.CoyoteAdapter.service(CoyoteAdapter.java:344)
		at org.apache.coyote.http11.Http11Processor.service(Http11Processor.java:398)
		at org.apache.coyote.AbstractProcessorLight.process(AbstractProcessorLight.java:63)
		at org.apache.coyote.AbstractProtocol$ConnectionHandler.process(AbstractProtocol.java:939)
		at org.apache.tomcat.util.net.NioEndpoint$SocketProcessor.doRun(NioEndpoint.java:1832)
		at org.apache.tomcat.util.net.SocketProcessorBase.run(SocketProcessorBase.java:52)
		at org.apache.tomcat.util.threads.ThreadPoolExecutor.runWorker(ThreadPoolExecutor.java:973)
		at org.apache.tomcat.util.threads.ThreadPoolExecutor$Worker.run(ThreadPoolExecutor.java:491)
		at org.apache.tomcat.util.threads.TaskThread$WrappingRunnable.run(TaskThread.java:63)
		at java.lang.Thread.run(Unknown Source)
05-Apr-2026 12:13:07.531 SEVERE [http-nio-8080-exec-4] org.apache.catalina.core.StandardWrapperValve.invoke Servlet.service() for servlet [dispatcher] in context with path [/demo] threw exception [Handler processing failed; nested exception is java.lang.NoSuchMethodError: com.timmy.controller.AllController$ProfileImagePayload.<init>(Lcom/timmy/controller/AllController$1;)V] with root cause
	java.lang.NoSuchMethodError: com.timmy.controller.AllController$ProfileImagePayload.<init>(Lcom/timmy/controller/AllController$1;)V
		at com.timmy.controller.AllController.loadProfileImagePayloadByEnrollId(AllController.java:2947)
		at com.timmy.controller.AllController.applyProfileImageFallback(AllController.java:2867)
		at com.timmy.controller.AllController.getLatestLogFromDB(AllController.java:2628)
		at sun.reflect.NativeMethodAccessorImpl.invoke0(Native Method)
		at sun.reflect.NativeMethodAccessorImpl.invoke(Unknown Source)
		at sun.reflect.DelegatingMethodAccessorImpl.invoke(Unknown Source)
		at java.lang.reflect.Method.invoke(Unknown Source)
		at org.springframework.web.method.support.InvocableHandlerMethod.invoke(InvocableHandlerMethod.java:215)
		at org.springframework.web.method.support.InvocableHandlerMethod.invokeForRequest(InvocableHandlerMethod.java:132)
		at org.springframework.web.servlet.mvc.method.annotation.ServletInvocableHandlerMethod.invokeAndHandle(ServletInvocableHandlerMethod.java:104)
		at org.springframework.web.servlet.mvc.method.annotation.RequestMappingHandlerAdapter.invokeHandleMethod(RequestMappingHandlerAdapter.java:749)
		at org.springframework.web.servlet.mvc.method.annotation.RequestMappingHandlerAdapter.handleInternal(RequestMappingHandlerAdapter.java:690)
		at org.springframework.web.servlet.mvc.method.AbstractHandlerMethodAdapter.handle(AbstractHandlerMethodAdapter.java:83)
		at org.springframework.web.servlet.DispatcherServlet.doDispatch(DispatcherServlet.java:945)
		at org.springframework.web.servlet.DispatcherServlet.doService(DispatcherServlet.java:876)
		at org.springframework.web.servlet.FrameworkServlet.processRequest(FrameworkServlet.java:961)
		at org.springframework.web.servlet.FrameworkServlet.doGet(FrameworkServlet.java:852)
		at javax.servlet.http.HttpServlet.service(HttpServlet.java:529)
		at org.springframework.web.servlet.FrameworkServlet.service(FrameworkServlet.java:837)
		at javax.servlet.http.HttpServlet.service(HttpServlet.java:623)
		at org.apache.catalina.core.ApplicationFilterChain.internalDoFilter(ApplicationFilterChain.java:197)
		at org.apache.catalina.core.ApplicationFilterChain.doFilter(ApplicationFilterChain.java:142)
		at org.apache.tomcat.websocket.server.WsFilter.doFilter(WsFilter.java:51)
		at org.apache.catalina.core.ApplicationFilterChain.internalDoFilter(ApplicationFilterChain.java:166)
		at org.apache.catalina.core.ApplicationFilterChain.doFilter(ApplicationFilterChain.java:142)
		at com.timmy.util.AuthFilter.doFilter(AuthFilter.java:44)
		at org.apache.catalina.core.ApplicationFilterChain.internalDoFilter(ApplicationFilterChain.java:166)
		at org.apache.catalina.core.ApplicationFilterChain.doFilter(ApplicationFilterChain.java:142)
		at org.springframework.web.filter.CharacterEncodingFilter.doFilterInternal(CharacterEncodingFilter.java:88)
		at org.springframework.web.filter.OncePerRequestFilter.doFilter(OncePerRequestFilter.java:108)
		at org.apache.catalina.core.ApplicationFilterChain.internalDoFilter(ApplicationFilterChain.java:166)
		at org.apache.catalina.core.ApplicationFilterChain.doFilter(ApplicationFilterChain.java:142)
		at org.apache.catalina.core.StandardWrapperValve.invoke(StandardWrapperValve.java:166)
		at org.apache.catalina.core.StandardContextValve.invoke(StandardContextValve.java:88)
		at org.apache.catalina.authenticator.AuthenticatorBase.invoke(AuthenticatorBase.java:491)
		at org.apache.catalina.core.StandardHostValve.invoke(StandardHostValve.java:127)
		at org.apache.catalina.valves.ErrorReportValve.invoke(ErrorReportValve.java:83)
		at org.apache.catalina.valves.AbstractAccessLogValve.invoke(AbstractAccessLogValve.java:643)
		at org.apache.catalina.core.StandardEngineValve.invoke(StandardEngineValve.java:72)
		at org.apache.catalina.connector.CoyoteAdapter.service(CoyoteAdapter.java:344)
		at org.apache.coyote.http11.Http11Processor.service(Http11Processor.java:398)
		at org.apache.coyote.AbstractProcessorLight.process(AbstractProcessorLight.java:63)
		at org.apache.coyote.AbstractProtocol$ConnectionHandler.process(AbstractProtocol.java:939)
		at org.apache.tomcat.util.net.NioEndpoint$SocketProcessor.doRun(NioEndpoint.java:1832)
		at org.apache.tomcat.util.net.SocketProcessorBase.run(SocketProcessorBase.java:52)
		at org.apache.tomcat.util.threads.ThreadPoolExecutor.runWorker(ThreadPoolExecutor.java:973)
		at org.apache.tomcat.util.threads.ThreadPoolExecutor$Worker.run(ThreadPoolExecutor.java:491)
		at org.apache.tomcat.util.threads.TaskThread$WrappingRunnable.run(TaskThread.java:63)
		at java.lang.Thread.run(Unknown Source)
05-Apr-2026 12:13:12.625 SEVERE [http-nio-8080-exec-5] org.apache.catalina.core.StandardWrapperValve.invoke Servlet.service() for servlet [dispatcher] in context with path [/demo] threw exception [Handler processing failed; nested exception is java.lang.NoSuchMethodError: com.timmy.controller.AllController$ProfileImagePayload.<init>(Lcom/timmy/controller/AllController$1;)V] with root cause
	java.lang.NoSuchMethodError: com.timmy.controller.AllController$ProfileImagePayload.<init>(Lcom/timmy/controller/AllController$1;)V
		at com.timmy.controller.AllController.loadProfileImagePayloadByEnrollId(AllController.java:2947)
		at com.timmy.controller.AllController.applyProfileImageFallback(AllController.java:2867)
		at com.timmy.controller.AllController.getLatestLogFromDB(AllController.java:2628)
		at sun.reflect.GeneratedMethodAccessor79.invoke(Unknown Source)
		at sun.reflect.DelegatingMethodAccessorImpl.invoke(Unknown Source)
		at java.lang.reflect.Method.invoke(Unknown Source)
		at org.springframework.web.method.support.InvocableHandlerMethod.invoke(InvocableHandlerMethod.java:215)
		at org.springframework.web.method.support.InvocableHandlerMethod.invokeForRequest(InvocableHandlerMethod.java:132)
		at org.springframework.web.servlet.mvc.method.annotation.ServletInvocableHandlerMethod.invokeAndHandle(ServletInvocableHandlerMethod.java:104)
		at org.springframework.web.servlet.mvc.method.annotation.RequestMappingHandlerAdapter.invokeHandleMethod(RequestMappingHandlerAdapter.java:749)
		at org.springframework.web.servlet.mvc.method.annotation.RequestMappingHandlerAdapter.handleInternal(RequestMappingHandlerAdapter.java:690)
		at org.springframework.web.servlet.mvc.method.AbstractHandlerMethodAdapter.handle(AbstractHandlerMethodAdapter.java:83)
		at org.springframework.web.servlet.DispatcherServlet.doDispatch(DispatcherServlet.java:945)
		at org.springframework.web.servlet.DispatcherServlet.doService(DispatcherServlet.java:876)
		at org.springframework.web.servlet.FrameworkServlet.processRequest(FrameworkServlet.java:961)
		at org.springframework.web.servlet.FrameworkServlet.doGet(FrameworkServlet.java:852)
		at javax.servlet.http.HttpServlet.service(HttpServlet.java:529)
		at org.springframework.web.servlet.FrameworkServlet.service(FrameworkServlet.java:837)
		at javax.servlet.http.HttpServlet.service(HttpServlet.java:623)
		at org.apache.catalina.core.ApplicationFilterChain.internalDoFilter(ApplicationFilterChain.java:197)
		at org.apache.catalina.core.ApplicationFilterChain.doFilter(ApplicationFilterChain.java:142)
		at org.apache.tomcat.websocket.server.WsFilter.doFilter(WsFilter.java:51)
		at org.apache.catalina.core.ApplicationFilterChain.internalDoFilter(ApplicationFilterChain.java:166)
		at org.apache.catalina.core.ApplicationFilterChain.doFilter(ApplicationFilterChain.java:142)
		at com.timmy.util.AuthFilter.doFilter(AuthFilter.java:44)
		at org.apache.catalina.core.ApplicationFilterChain.internalDoFilter(ApplicationFilterChain.java:166)
		at org.apache.catalina.core.ApplicationFilterChain.doFilter(ApplicationFilterChain.java:142)
		at org.springframework.web.filter.CharacterEncodingFilter.doFilterInternal(CharacterEncodingFilter.java:88)
		at org.springframework.web.filter.OncePerRequestFilter.doFilter(OncePerRequestFilter.java:108)
		at org.apache.catalina.core.ApplicationFilterChain.internalDoFilter(ApplicationFilterChain.java:166)
		at org.apache.catalina.core.ApplicationFilterChain.doFilter(ApplicationFilterChain.java:142)
		at org.apache.catalina.core.StandardWrapperValve.invoke(StandardWrapperValve.java:166)
		at org.apache.catalina.core.StandardContextValve.invoke(StandardContextValve.java:88)
		at org.apache.catalina.authenticator.AuthenticatorBase.invoke(AuthenticatorBase.java:491)
		at org.apache.catalina.core.StandardHostValve.invoke(StandardHostValve.java:127)
		at org.apache.catalina.valves.ErrorReportValve.invoke(ErrorReportValve.java:83)
		at org.apache.catalina.valves.AbstractAccessLogValve.invoke(AbstractAccessLogValve.java:643)
		at org.apache.catalina.core.StandardEngineValve.invoke(StandardEngineValve.java:72)
		at org.apache.catalina.connector.CoyoteAdapter.service(CoyoteAdapter.java:344)
		at org.apache.coyote.http11.Http11Processor.service(Http11Processor.java:398)
		at org.apache.coyote.AbstractProcessorLight.process(AbstractProcessorLight.java:63)
		at org.apache.coyote.AbstractProtocol$ConnectionHandler.process(AbstractProtocol.java:939)
		at org.apache.tomcat.util.net.NioEndpoint$SocketProcessor.doRun(NioEndpoint.java:1832)
		at org.apache.tomcat.util.net.SocketProcessorBase.run(SocketProcessorBase.java:52)
		at org.apache.tomcat.util.threads.ThreadPoolExecutor.runWorker(ThreadPoolExecutor.java:973)
		at org.apache.tomcat.util.threads.ThreadPoolExecutor$Worker.run(ThreadPoolExecutor.java:491)
		at org.apache.tomcat.util.threads.TaskThread$WrappingRunnable.run(TaskThread.java:63)
		at java.lang.Thread.run(Unknown Source)
05-Apr-2026 12:13:17.615 SEVERE [http-nio-8080-exec-9] org.apache.catalina.core.StandardWrapperValve.invoke Servlet.service() for servlet [dispatcher] in context with path [/demo] threw exception [Handler processing failed; nested exception is java.lang.NoSuchMethodError: com.timmy.controller.AllController$ProfileImagePayload.<init>(Lcom/timmy/controller/AllController$1;)V] with root cause
	java.lang.NoSuchMethodError: com.timmy.controller.AllController$ProfileImagePayload.<init>(Lcom/timmy/controller/AllController$1;)V
		at com.timmy.controller.AllController.loadProfileImagePayloadByEnrollId(AllController.java:2947)
		at com.timmy.controller.AllController.applyProfileImageFallback(AllController.java:2867)
		at com.timmy.controller.AllController.getLatestLogFromDB(AllController.java:2628)
		at sun.reflect.GeneratedMethodAccessor79.invoke(Unknown Source)
		at sun.reflect.DelegatingMethodAccessorImpl.invoke(Unknown Source)
		at java.lang.reflect.Method.invoke(Unknown Source)
		at org.springframework.web.method.support.InvocableHandlerMethod.invoke(InvocableHandlerMethod.java:215)
		at org.springframework.web.method.support.InvocableHandlerMethod.invokeForRequest(InvocableHandlerMethod.java:132)
		at org.springframework.web.servlet.mvc.method.annotation.ServletInvocableHandlerMethod.invokeAndHandle(ServletInvocableHandlerMethod.java:104)
		at org.springframework.web.servlet.mvc.method.annotation.RequestMappingHandlerAdapter.invokeHandleMethod(RequestMappingHandlerAdapter.java:749)
		at org.springframework.web.servlet.mvc.method.annotation.RequestMappingHandlerAdapter.handleInternal(RequestMappingHandlerAdapter.java:690)
		at org.springframework.web.servlet.mvc.method.AbstractHandlerMethodAdapter.handle(AbstractHandlerMethodAdapter.java:83)
		at org.springframework.web.servlet.DispatcherServlet.doDispatch(DispatcherServlet.java:945)
		at org.springframework.web.servlet.DispatcherServlet.doService(DispatcherServlet.java:876)
		at org.springframework.web.servlet.FrameworkServlet.processRequest(FrameworkServlet.java:961)
		at org.springframework.web.servlet.FrameworkServlet.doGet(FrameworkServlet.java:852)
		at javax.servlet.http.HttpServlet.service(HttpServlet.java:529)
		at org.springframework.web.servlet.FrameworkServlet.service(FrameworkServlet.java:837)
		at javax.servlet.http.HttpServlet.service(HttpServlet.java:623)
		at org.apache.catalina.core.ApplicationFilterChain.internalDoFilter(ApplicationFilterChain.java:197)
		at org.apache.catalina.core.ApplicationFilterChain.doFilter(ApplicationFilterChain.java:142)
		at org.apache.tomcat.websocket.server.WsFilter.doFilter(WsFilter.java:51)
		at org.apache.catalina.core.ApplicationFilterChain.internalDoFilter(ApplicationFilterChain.java:166)
		at org.apache.catalina.core.ApplicationFilterChain.doFilter(ApplicationFilterChain.java:142)
		at com.timmy.util.AuthFilter.doFilter(AuthFilter.java:44)
		at org.apache.catalina.core.ApplicationFilterChain.internalDoFilter(ApplicationFilterChain.java:166)
		at org.apache.catalina.core.ApplicationFilterChain.doFilter(ApplicationFilterChain.java:142)
		at org.springframework.web.filter.CharacterEncodingFilter.doFilterInternal(CharacterEncodingFilter.java:88)
		at org.springframework.web.filter.OncePerRequestFilter.doFilter(OncePerRequestFilter.java:108)
		at org.apache.catalina.core.ApplicationFilterChain.internalDoFilter(ApplicationFilterChain.java:166)
		at org.apache.catalina.core.ApplicationFilterChain.doFilter(ApplicationFilterChain.java:142)
		at org.apache.catalina.core.StandardWrapperValve.invoke(StandardWrapperValve.java:166)
		at org.apache.catalina.core.StandardContextValve.invoke(StandardContextValve.java:88)
		at org.apache.catalina.authenticator.AuthenticatorBase.invoke(AuthenticatorBase.java:491)
		at org.apache.catalina.core.StandardHostValve.invoke(StandardHostValve.java:127)
		at org.apache.catalina.valves.ErrorReportValve.invoke(ErrorReportValve.java:83)
		at org.apache.catalina.valves.AbstractAccessLogValve.invoke(AbstractAccessLogValve.java:643)
		at org.apache.catalina.core.StandardEngineValve.invoke(StandardEngineValve.java:72)
		at org.apache.catalina.connector.CoyoteAdapter.service(CoyoteAdapter.java:344)
		at org.apache.coyote.http11.Http11Processor.service(Http11Processor.java:398)
		at org.apache.coyote.AbstractProcessorLight.process(AbstractProcessorLight.java:63)
		at org.apache.coyote.AbstractProtocol$ConnectionHandler.process(AbstractProtocol.java:939)
		at org.apache.tomcat.util.net.NioEndpoint$SocketProcessor.doRun(NioEndpoint.java:1832)
		at org.apache.tomcat.util.net.SocketProcessorBase.run(SocketProcessorBase.java:52)
		at org.apache.tomcat.util.threads.ThreadPoolExecutor.runWorker(ThreadPoolExecutor.java:973)
		at org.apache.tomcat.util.threads.ThreadPoolExecutor$Worker.run(ThreadPoolExecutor.java:491)
		at org.apache.tomcat.util.threads.TaskThread$WrappingRunnable.run(TaskThread.java:63)
		at java.lang.Thread.run(Unknown Source)
05-Apr-2026 12:13:22.593 SEVERE [http-nio-8080-exec-10] org.apache.catalina.core.StandardWrapperValve.invoke Servlet.service() for servlet [dispatcher] in context with path [/demo] threw exception [Handler processing failed; nested exception is java.lang.NoSuchMethodError: com.timmy.controller.AllController$ProfileImagePayload.<init>(Lcom/timmy/controller/AllController$1;)V] with root cause
	java.lang.NoSuchMethodError: com.timmy.controller.AllController$ProfileImagePayload.<init>(Lcom/timmy/controller/AllController$1;)V
		at com.timmy.controller.AllController.loadProfileImagePayloadByEnrollId(AllController.java:2947)
		at com.timmy.controller.AllController.applyProfileImageFallback(AllController.java:2867)
		at com.timmy.controller.AllController.getLatestLogFromDB(AllController.java:2628)
		at sun.reflect.GeneratedMethodAccessor79.invoke(Unknown Source)
		at sun.reflect.DelegatingMethodAccessorImpl.invoke(Unknown Source)
		at java.lang.reflect.Method.invoke(Unknown Source)
		at org.springframework.web.method.support.InvocableHandlerMethod.invoke(InvocableHandlerMethod.java:215)
		at org.springframework.web.method.support.InvocableHandlerMethod.invokeForRequest(InvocableHandlerMethod.java:132)
		at org.springframework.web.servlet.mvc.method.annotation.ServletInvocableHandlerMethod.invokeAndHandle(ServletInvocableHandlerMethod.java:104)
		at org.springframework.web.servlet.mvc.method.annotation.RequestMappingHandlerAdapter.invokeHandleMethod(RequestMappingHandlerAdapter.java:749)
		at org.springframework.web.servlet.mvc.method.annotation.RequestMappingHandlerAdapter.handleInternal(RequestMappingHandlerAdapter.java:690)
		at org.springframework.web.servlet.mvc.method.AbstractHandlerMethodAdapter.handle(AbstractHandlerMethodAdapter.java:83)
		at org.springframework.web.servlet.DispatcherServlet.doDispatch(DispatcherServlet.java:945)
		at org.springframework.web.servlet.DispatcherServlet.doService(DispatcherServlet.java:876)
		at org.springframework.web.servlet.FrameworkServlet.processRequest(FrameworkServlet.java:961)
		at org.springframework.web.servlet.FrameworkServlet.doGet(FrameworkServlet.java:852)
		at javax.servlet.http.HttpServlet.service(HttpServlet.java:529)
		at org.springframework.web.servlet.FrameworkServlet.service(FrameworkServlet.java:837)
		at javax.servlet.http.HttpServlet.service(HttpServlet.java:623)
		at org.apache.catalina.core.ApplicationFilterChain.internalDoFilter(ApplicationFilterChain.java:197)
		at org.apache.catalina.core.ApplicationFilterChain.doFilter(ApplicationFilterChain.java:142)
		at org.apache.tomcat.websocket.server.WsFilter.doFilter(WsFilter.java:51)
		at org.apache.catalina.core.ApplicationFilterChain.internalDoFilter(ApplicationFilterChain.java:166)
		at org.apache.catalina.core.ApplicationFilterChain.doFilter(ApplicationFilterChain.java:142)
		at com.timmy.util.AuthFilter.doFilter(AuthFilter.java:44)
		at org.apache.catalina.core.ApplicationFilterChain.internalDoFilter(ApplicationFilterChain.java:166)
		at org.apache.catalina.core.ApplicationFilterChain.doFilter(ApplicationFilterChain.java:142)
		at org.springframework.web.filter.CharacterEncodingFilter.doFilterInternal(CharacterEncodingFilter.java:88)
		at org.springframework.web.filter.OncePerRequestFilter.doFilter(OncePerRequestFilter.java:108)
		at org.apache.catalina.core.ApplicationFilterChain.internalDoFilter(ApplicationFilterChain.java:166)
		at org.apache.catalina.core.ApplicationFilterChain.doFilter(ApplicationFilterChain.java:142)
		at org.apache.catalina.core.StandardWrapperValve.invoke(StandardWrapperValve.java:166)
		at org.apache.catalina.core.StandardContextValve.invoke(StandardContextValve.java:88)
		at org.apache.catalina.authenticator.AuthenticatorBase.invoke(AuthenticatorBase.java:491)
		at org.apache.catalina.core.StandardHostValve.invoke(StandardHostValve.java:127)
		at org.apache.catalina.valves.ErrorReportValve.invoke(ErrorReportValve.java:83)
		at org.apache.catalina.valves.AbstractAccessLogValve.invoke(AbstractAccessLogValve.java:643)
		at org.apache.catalina.core.StandardEngineValve.invoke(StandardEngineValve.java:72)
		at org.apache.catalina.connector.CoyoteAdapter.service(CoyoteAdapter.java:344)
		at org.apache.coyote.http11.Http11Processor.service(Http11Processor.java:398)
		at org.apache.coyote.AbstractProcessorLight.process(AbstractProcessorLight.java:63)
		at org.apache.coyote.AbstractProtocol$ConnectionHandler.process(AbstractProtocol.java:939)
		at org.apache.tomcat.util.net.NioEndpoint$SocketProcessor.doRun(NioEndpoint.java:1832)
		at org.apache.tomcat.util.net.SocketProcessorBase.run(SocketProcessorBase.java:52)
		at org.apache.tomcat.util.threads.ThreadPoolExecutor.runWorker(ThreadPoolExecutor.java:973)
		at org.apache.tomcat.util.threads.ThreadPoolExecutor$Worker.run(ThreadPoolExecutor.java:491)
		at org.apache.tomcat.util.threads.TaskThread$WrappingRunnable.run(TaskThread.java:63)
		at java.lang.Thread.run(Unknown Source)
05-Apr-2026 12:13:27.576 SEVERE [http-nio-8080-exec-8] org.apache.catalina.core.StandardWrapperValve.invoke Servlet.service() for servlet [dispatcher] in context with path [/demo] threw exception [Handler processing failed; nested exception is java.lang.NoSuchMethodError: com.timmy.controller.AllController$ProfileImagePayload.<init>(Lcom/timmy/controller/AllController$1;)V] with root cause
	java.lang.NoSuchMethodError: com.timmy.controller.AllController$ProfileImagePayload.<init>(Lcom/timmy/controller/AllController$1;)V
		at com.timmy.controller.AllController.loadProfileImagePayloadByEnrollId(AllController.java:2947)
		at com.timmy.controller.AllController.applyProfileImageFallback(AllController.java:2867)
		at com.timmy.controller.AllController.getLatestLogFromDB(AllController.java:2628)
		at sun.reflect.GeneratedMethodAccessor79.invoke(Unknown Source)
		at sun.reflect.DelegatingMethodAccessorImpl.invoke(Unknown Source)
		at java.lang.reflect.Method.invoke(Unknown Source)
		at org.springframework.web.method.support.InvocableHandlerMethod.invoke(InvocableHandlerMethod.java:215)
		at org.springframework.web.method.support.InvocableHandlerMethod.invokeForRequest(InvocableHandlerMethod.java:132)
		at org.springframework.web.servlet.mvc.method.annotation.ServletInvocableHandlerMethod.invokeAndHandle(ServletInvocableHandlerMethod.java:104)
		at org.springframework.web.servlet.mvc.method.annotation.RequestMappingHandlerAdapter.invokeHandleMethod(RequestMappingHandlerAdapter.java:749)
		at org.springframework.web.servlet.mvc.method.annotation.RequestMappingHandlerAdapter.handleInternal(RequestMappingHandlerAdapter.java:690)
		at org.springframework.web.servlet.mvc.method.AbstractHandlerMethodAdapter.handle(AbstractHandlerMethodAdapter.java:83)
		at org.springframework.web.servlet.DispatcherServlet.doDispatch(DispatcherServlet.java:945)
		at org.springframework.web.servlet.DispatcherServlet.doService(DispatcherServlet.java:876)
		at org.springframework.web.servlet.FrameworkServlet.processRequest(FrameworkServlet.java:961)
		at org.springframework.web.servlet.FrameworkServlet.doGet(FrameworkServlet.java:852)
		at javax.servlet.http.HttpServlet.service(HttpServlet.java:529)
		at org.springframework.web.servlet.FrameworkServlet.service(FrameworkServlet.java:837)
		at javax.servlet.http.HttpServlet.service(HttpServlet.java:623)
		at org.apache.catalina.core.ApplicationFilterChain.internalDoFilter(ApplicationFilterChain.java:197)
		at org.apache.catalina.core.ApplicationFilterChain.doFilter(ApplicationFilterChain.java:142)
		at org.apache.tomcat.websocket.server.WsFilter.doFilter(WsFilter.java:51)
		at org.apache.catalina.core.ApplicationFilterChain.internalDoFilter(ApplicationFilterChain.java:166)
		at org.apache.catalina.core.ApplicationFilterChain.doFilter(ApplicationFilterChain.java:142)
		at com.timmy.util.AuthFilter.doFilter(AuthFilter.java:44)
		at org.apache.catalina.core.ApplicationFilterChain.internalDoFilter(ApplicationFilterChain.java:166)
		at org.apache.catalina.core.ApplicationFilterChain.doFilter(ApplicationFilterChain.java:142)
		at org.springframework.web.filter.CharacterEncodingFilter.doFilterInternal(CharacterEncodingFilter.java:88)
		at org.springframework.web.filter.OncePerRequestFilter.doFilter(OncePerRequestFilter.java:108)
		at org.apache.catalina.core.ApplicationFilterChain.internalDoFilter(ApplicationFilterChain.java:166)
		at org.apache.catalina.core.ApplicationFilterChain.doFilter(ApplicationFilterChain.java:142)
		at org.apache.catalina.core.StandardWrapperValve.invoke(StandardWrapperValve.java:166)
		at org.apache.catalina.core.StandardContextValve.invoke(StandardContextValve.java:88)
		at org.apache.catalina.authenticator.AuthenticatorBase.invoke(AuthenticatorBase.java:491)
		at org.apache.catalina.core.StandardHostValve.invoke(StandardHostValve.java:127)
		at org.apache.catalina.valves.ErrorReportValve.invoke(ErrorReportValve.java:83)
		at org.apache.catalina.valves.AbstractAccessLogValve.invoke(AbstractAccessLogValve.java:643)
		at org.apache.catalina.core.StandardEngineValve.invoke(StandardEngineValve.java:72)
		at org.apache.catalina.connector.CoyoteAdapter.service(CoyoteAdapter.java:344)
		at org.apache.coyote.http11.Http11Processor.service(Http11Processor.java:398)
		at org.apache.coyote.AbstractProcessorLight.process(AbstractProcessorLight.java:63)
		at org.apache.coyote.AbstractProtocol$ConnectionHandler.process(AbstractProtocol.java:939)
		at org.apache.tomcat.util.net.NioEndpoint$SocketProcessor.doRun(NioEndpoint.java:1832)
		at org.apache.tomcat.util.net.SocketProcessorBase.run(SocketProcessorBase.java:52)
		at org.apache.tomcat.util.threads.ThreadPoolExecutor.runWorker(ThreadPoolExecutor.java:973)
		at org.apache.tomcat.util.threads.ThreadPoolExecutor$Worker.run(ThreadPoolExecutor.java:491)
		at org.apache.tomcat.util.threads.TaskThread$WrappingRunnable.run(TaskThread.java:63)
		at java.lang.Thread.run(Unknown Source)
05-Apr-2026 12:14:16.635 SEVERE [http-nio-8080-exec-1] org.apache.catalina.core.StandardWrapperValve.invoke Servlet.service() for servlet [dispatcher] in context with path [/demo] threw exception [Handler processing failed; nested exception is java.lang.NoSuchMethodError: com.timmy.controller.AllController$ProfileImagePayload.<init>(Lcom/timmy/controller/AllController$1;)V] with root cause
	java.lang.NoSuchMethodError: com.timmy.controller.AllController$ProfileImagePayload.<init>(Lcom/timmy/controller/AllController$1;)V
		at com.timmy.controller.AllController.loadProfileImagePayloadByEnrollId(AllController.java:2947)
		at com.timmy.controller.AllController.applyProfileImageFallback(AllController.java:2867)
		at com.timmy.controller.AllController.getLatestLogFromDB(AllController.java:2628)
		at sun.reflect.GeneratedMethodAccessor79.invoke(Unknown Source)
		at sun.reflect.DelegatingMethodAccessorImpl.invoke(Unknown Source)
		at java.lang.reflect.Method.invoke(Unknown Source)
		at org.springframework.web.method.support.InvocableHandlerMethod.invoke(InvocableHandlerMethod.java:215)
		at org.springframework.web.method.support.InvocableHandlerMethod.invokeForRequest(InvocableHandlerMethod.java:132)
		at org.springframework.web.servlet.mvc.method.annotation.ServletInvocableHandlerMethod.invokeAndHandle(ServletInvocableHandlerMethod.java:104)
		at org.springframework.web.servlet.mvc.method.annotation.RequestMappingHandlerAdapter.invokeHandleMethod(RequestMappingHandlerAdapter.java:749)
		at org.springframework.web.servlet.mvc.method.annotation.RequestMappingHandlerAdapter.handleInternal(RequestMappingHandlerAdapter.java:690)
		at org.springframework.web.servlet.mvc.method.AbstractHandlerMethodAdapter.handle(AbstractHandlerMethodAdapter.java:83)
		at org.springframework.web.servlet.DispatcherServlet.doDispatch(DispatcherServlet.java:945)
		at org.springframework.web.servlet.DispatcherServlet.doService(DispatcherServlet.java:876)
		at org.springframework.web.servlet.FrameworkServlet.processRequest(FrameworkServlet.java:961)
		at org.springframework.web.servlet.FrameworkServlet.doGet(FrameworkServlet.java:852)
		at javax.servlet.http.HttpServlet.service(HttpServlet.java:529)
		at org.springframework.web.servlet.FrameworkServlet.service(FrameworkServlet.java:837)
		at javax.servlet.http.HttpServlet.service(HttpServlet.java:623)
		at org.apache.catalina.core.ApplicationFilterChain.internalDoFilter(ApplicationFilterChain.java:197)
		at org.apache.catalina.core.ApplicationFilterChain.doFilter(ApplicationFilterChain.java:142)
		at org.apache.tomcat.websocket.server.WsFilter.doFilter(WsFilter.java:51)
		at org.apache.catalina.core.ApplicationFilterChain.internalDoFilter(ApplicationFilterChain.java:166)
		at org.apache.catalina.core.ApplicationFilterChain.doFilter(ApplicationFilterChain.java:142)
		at com.timmy.util.AuthFilter.doFilter(AuthFilter.java:44)
		at org.apache.catalina.core.ApplicationFilterChain.internalDoFilter(ApplicationFilterChain.java:166)
		at org.apache.catalina.core.ApplicationFilterChain.doFilter(ApplicationFilterChain.java:142)
		at org.springframework.web.filter.CharacterEncodingFilter.doFilterInternal(CharacterEncodingFilter.java:88)
		at org.springframework.web.filter.OncePerRequestFilter.doFilter(OncePerRequestFilter.java:108)
		at org.apache.catalina.core.ApplicationFilterChain.internalDoFilter(ApplicationFilterChain.java:166)
		at org.apache.catalina.core.ApplicationFilterChain.doFilter(ApplicationFilterChain.java:142)
		at org.apache.catalina.core.StandardWrapperValve.invoke(StandardWrapperValve.java:166)
		at org.apache.catalina.core.StandardContextValve.invoke(StandardContextValve.java:88)
		at org.apache.catalina.authenticator.AuthenticatorBase.invoke(AuthenticatorBase.java:491)
		at org.apache.catalina.core.StandardHostValve.invoke(StandardHostValve.java:127)
		at org.apache.catalina.valves.ErrorReportValve.invoke(ErrorReportValve.java:83)
		at org.apache.catalina.valves.AbstractAccessLogValve.invoke(AbstractAccessLogValve.java:643)
		at org.apache.catalina.core.StandardEngineValve.invoke(StandardEngineValve.java:72)
		at org.apache.catalina.connector.CoyoteAdapter.service(CoyoteAdapter.java:344)
		at org.apache.coyote.http11.Http11Processor.service(Http11Processor.java:398)
		at org.apache.coyote.AbstractProcessorLight.process(AbstractProcessorLight.java:63)
		at org.apache.coyote.AbstractProtocol$ConnectionHandler.process(AbstractProtocol.java:939)
		at org.apache.tomcat.util.net.NioEndpoint$SocketProcessor.doRun(NioEndpoint.java:1832)
		at org.apache.tomcat.util.net.SocketProcessorBase.run(SocketProcessorBase.java:52)
		at org.apache.tomcat.util.threads.ThreadPoolExecutor.runWorker(ThreadPoolExecutor.java:973)
		at org.apache.tomcat.util.threads.ThreadPoolExecutor$Worker.run(ThreadPoolExecutor.java:491)
		at org.apache.tomcat.util.threads.TaskThread$WrappingRunnable.run(TaskThread.java:63)
		at java.lang.Thread.run(Unknown Source)
05-Apr-2026 12:15:16.541 SEVERE [http-nio-8080-exec-6] org.apache.catalina.core.StandardWrapperValve.invoke Servlet.service() for servlet [dispatcher] in context with path [/demo] threw exception [Handler processing failed; nested exception is java.lang.NoSuchMethodError: com.timmy.controller.AllController$ProfileImagePayload.<init>(Lcom/timmy/controller/AllController$1;)V] with root cause
	java.lang.NoSuchMethodError: com.timmy.controller.AllController$ProfileImagePayload.<init>(Lcom/timmy/controller/AllController$1;)V
		at com.timmy.controller.AllController.loadProfileImagePayloadByEnrollId(AllController.java:2947)
		at com.timmy.controller.AllController.applyProfileImageFallback(AllController.java:2867)
		at com.timmy.controller.AllController.getLatestLogFromDB(AllController.java:2628)
		at sun.reflect.GeneratedMethodAccessor79.invoke(Unknown Source)
		at sun.reflect.DelegatingMethodAccessorImpl.invoke(Unknown Source)
		at java.lang.reflect.Method.invoke(Unknown Source)
		at org.springframework.web.method.support.InvocableHandlerMethod.invoke(InvocableHandlerMethod.java:215)
		at org.springframework.web.method.support.InvocableHandlerMethod.invokeForRequest(InvocableHandlerMethod.java:132)
		at org.springframework.web.servlet.mvc.method.annotation.ServletInvocableHandlerMethod.invokeAndHandle(ServletInvocableHandlerMethod.java:104)
		at org.springframework.web.servlet.mvc.method.annotation.RequestMappingHandlerAdapter.invokeHandleMethod(RequestMappingHandlerAdapter.java:749)
		at org.springframework.web.servlet.mvc.method.annotation.RequestMappingHandlerAdapter.handleInternal(RequestMappingHandlerAdapter.java:690)
		at org.springframework.web.servlet.mvc.method.AbstractHandlerMethodAdapter.handle(AbstractHandlerMethodAdapter.java:83)
		at org.springframework.web.servlet.DispatcherServlet.doDispatch(DispatcherServlet.java:945)
		at org.springframework.web.servlet.DispatcherServlet.doService(DispatcherServlet.java:876)
		at org.springframework.web.servlet.FrameworkServlet.processRequest(FrameworkServlet.java:961)
		at org.springframework.web.servlet.FrameworkServlet.doGet(FrameworkServlet.java:852)
		at javax.servlet.http.HttpServlet.service(HttpServlet.java:529)
		at org.springframework.web.servlet.FrameworkServlet.service(FrameworkServlet.java:837)
		at javax.servlet.http.HttpServlet.service(HttpServlet.java:623)
		at org.apache.catalina.core.ApplicationFilterChain.internalDoFilter(ApplicationFilterChain.java:197)
		at org.apache.catalina.core.ApplicationFilterChain.doFilter(ApplicationFilterChain.java:142)
		at org.apache.tomcat.websocket.server.WsFilter.doFilter(WsFilter.java:51)
		at org.apache.catalina.core.ApplicationFilterChain.internalDoFilter(ApplicationFilterChain.java:166)
		at org.apache.catalina.core.ApplicationFilterChain.doFilter(ApplicationFilterChain.java:142)
		at com.timmy.util.AuthFilter.doFilter(AuthFilter.java:44)
		at org.apache.catalina.core.ApplicationFilterChain.internalDoFilter(ApplicationFilterChain.java:166)
		at org.apache.catalina.core.ApplicationFilterChain.doFilter(ApplicationFilterChain.java:142)
		at org.springframework.web.filter.CharacterEncodingFilter.doFilterInternal(CharacterEncodingFilter.java:88)
		at org.springframework.web.filter.OncePerRequestFilter.doFilter(OncePerRequestFilter.java:108)
		at org.apache.catalina.core.ApplicationFilterChain.internalDoFilter(ApplicationFilterChain.java:166)
		at org.apache.catalina.core.ApplicationFilterChain.doFilter(ApplicationFilterChain.java:142)
		at org.apache.catalina.core.StandardWrapperValve.invoke(StandardWrapperValve.java:166)
		at org.apache.catalina.core.StandardContextValve.invoke(StandardContextValve.java:88)
		at org.apache.catalina.authenticator.AuthenticatorBase.invoke(AuthenticatorBase.java:491)
		at org.apache.catalina.core.StandardHostValve.invoke(StandardHostValve.java:127)
		at org.apache.catalina.valves.ErrorReportValve.invoke(ErrorReportValve.java:83)
		at org.apache.catalina.valves.AbstractAccessLogValve.invoke(AbstractAccessLogValve.java:643)
		at org.apache.catalina.core.StandardEngineValve.invoke(StandardEngineValve.java:72)
		at org.apache.catalina.connector.CoyoteAdapter.service(CoyoteAdapter.java:344)
		at org.apache.coyote.http11.Http11Processor.service(Http11Processor.java:398)
		at org.apache.coyote.AbstractProcessorLight.process(AbstractProcessorLight.java:63)
		at org.apache.coyote.AbstractProtocol$ConnectionHandler.process(AbstractProtocol.java:939)
		at org.apache.tomcat.util.net.NioEndpoint$SocketProcessor.doRun(NioEndpoint.java:1832)
		at org.apache.tomcat.util.net.SocketProcessorBase.run(SocketProcessorBase.java:52)
		at org.apache.tomcat.util.threads.ThreadPoolExecutor.runWorker(ThreadPoolExecutor.java:973)
		at org.apache.tomcat.util.threads.ThreadPoolExecutor$Worker.run(ThreadPoolExecutor.java:491)
		at org.apache.tomcat.util.threads.TaskThread$WrappingRunnable.run(TaskThread.java:63)
		at java.lang.Thread.run(Unknown Source)
05-Apr-2026 12:15:17.926 INFO [Catalina-utility-2] org.apache.catalina.core.ApplicationContext.log Destroying Spring FrameworkServlet 'dispatcher'
05-Apr-2026 12:15:17.991 INFO [Catalina-utility-2] org.apache.catalina.core.ApplicationContext.log Closing Spring root WebApplicationContext
05-Apr-2026 12:15:21.400 INFO [Catalina-utility-2] org.apache.catalina.core.ApplicationContext.log No Spring WebApplicationInitializer types detected on classpath
05-Apr-2026 12:15:21.611 INFO [Catalina-utility-2] org.apache.catalina.core.ApplicationContext.log Initializing Spring root WebApplicationContext
05-Apr-2026 12:15:26.625 INFO [Catalina-utility-2] org.apache.catalina.core.ApplicationContext.log Initializing Spring FrameworkServlet 'dispatcher'
05-Apr-2026 12:22:03.217 INFO [Thread-13] org.apache.catalina.core.ApplicationContext.log SessionListener: contextDestroyed()
05-Apr-2026 12:22:03.217 INFO [Thread-13] org.apache.catalina.core.ApplicationContext.log ContextListener: contextDestroyed()
05-Apr-2026 12:22:03.225 INFO [Thread-13] org.apache.catalina.core.ApplicationContext.log Destroying Spring FrameworkServlet 'dispatcher'
05-Apr-2026 12:22:03.288 INFO [Thread-13] org.apache.catalina.core.ApplicationContext.log Closing Spring root WebApplicationContext
05-Apr-2026 12:28:15.692 INFO [main] org.apache.catalina.core.ApplicationContext.log No Spring WebApplicationInitializer types detected on classpath
05-Apr-2026 12:28:15.875 INFO [main] org.apache.catalina.core.ApplicationContext.log Initializing Spring root WebApplicationContext
05-Apr-2026 12:28:21.384 INFO [main] org.apache.catalina.core.ApplicationContext.log Initializing Spring FrameworkServlet 'dispatcher'
05-Apr-2026 12:28:23.589 INFO [main] org.apache.catalina.core.ApplicationContext.log ContextListener: contextInitialized()
05-Apr-2026 12:28:23.589 INFO [main] org.apache.catalina.core.ApplicationContext.log SessionListener: contextInitialized()
05-Apr-2026 12:28:23.593 INFO [main] org.apache.catalina.core.ApplicationContext.log ContextListener: attributeAdded('StockTicker', 'async.Stockticker@39eea4f6')
05-Apr-2026 12:39:05.058 INFO [Catalina-utility-2] org.apache.catalina.core.ApplicationContext.log Destroying Spring FrameworkServlet 'dispatcher'
05-Apr-2026 12:39:05.151 INFO [Catalina-utility-2] org.apache.catalina.core.ApplicationContext.log Closing Spring root WebApplicationContext
05-Apr-2026 12:39:09.854 INFO [Catalina-utility-2] org.apache.catalina.core.ApplicationContext.log No Spring WebApplicationInitializer types detected on classpath
05-Apr-2026 12:39:10.035 INFO [Catalina-utility-2] org.apache.catalina.core.ApplicationContext.log Initializing Spring root WebApplicationContext
05-Apr-2026 12:39:14.525 INFO [Catalina-utility-2] org.apache.catalina.core.ApplicationContext.log Initializing Spring FrameworkServlet 'dispatcher'
05-Apr-2026 12:39:25.722 INFO [Catalina-utility-1] org.apache.catalina.core.ApplicationContext.log SessionListener: contextDestroyed()
05-Apr-2026 12:39:25.722 INFO [Catalina-utility-1] org.apache.catalina.core.ApplicationContext.log ContextListener: contextDestroyed()
05-Apr-2026 12:39:25.838 INFO [Catalina-utility-1] org.apache.catalina.core.ApplicationContext.log Destroying Spring FrameworkServlet 'dispatcher'
05-Apr-2026 12:39:25.885 INFO [Catalina-utility-1] org.apache.catalina.core.ApplicationContext.log Closing Spring root WebApplicationContext
05-Apr-2026 12:39:29.041 INFO [Catalina-utility-1] org.apache.catalina.core.ApplicationContext.log No Spring WebApplicationInitializer types detected on classpath
05-Apr-2026 12:39:29.183 INFO [Catalina-utility-1] org.apache.catalina.core.ApplicationContext.log Initializing Spring root WebApplicationContext
05-Apr-2026 12:39:32.956 INFO [Catalina-utility-1] org.apache.catalina.core.ApplicationContext.log Initializing Spring FrameworkServlet 'dispatcher'
05-Apr-2026 12:39:34.847 INFO [Catalina-utility-1] org.apache.catalina.core.ApplicationContext.log ContextListener: contextInitialized()
05-Apr-2026 12:39:34.847 INFO [Catalina-utility-1] org.apache.catalina.core.ApplicationContext.log SessionListener: contextInitialized()
05-Apr-2026 12:39:34.849 INFO [Catalina-utility-1] org.apache.catalina.core.ApplicationContext.log ContextListener: attributeAdded('StockTicker', 'async.Stockticker@44300269')
05-Apr-2026 12:40:11.925 INFO [Thread-13] org.apache.catalina.core.ApplicationContext.log SessionListener: contextDestroyed()
05-Apr-2026 12:40:11.925 INFO [Thread-13] org.apache.catalina.core.ApplicationContext.log ContextListener: contextDestroyed()
05-Apr-2026 12:40:11.931 INFO [Thread-13] org.apache.catalina.core.ApplicationContext.log Destroying Spring FrameworkServlet 'dispatcher'
05-Apr-2026 12:40:11.988 INFO [Thread-13] org.apache.catalina.core.ApplicationContext.log Closing Spring root WebApplicationContext
05-Apr-2026 12:43:52.626 INFO [main] org.apache.catalina.core.ApplicationContext.log No Spring WebApplicationInitializer types detected on classpath
05-Apr-2026 12:43:52.788 INFO [main] org.apache.catalina.core.ApplicationContext.log Initializing Spring root WebApplicationContext
05-Apr-2026 12:43:57.991 INFO [main] org.apache.catalina.core.ApplicationContext.log Initializing Spring FrameworkServlet 'dispatcher'
05-Apr-2026 12:44:00.043 INFO [main] org.apache.catalina.core.ApplicationContext.log ContextListener: contextInitialized()
05-Apr-2026 12:44:00.043 INFO [main] org.apache.catalina.core.ApplicationContext.log SessionListener: contextInitialized()
05-Apr-2026 12:44:00.047 INFO [main] org.apache.catalina.core.ApplicationContext.log ContextListener: attributeAdded('StockTicker', 'async.Stockticker@189fb01b')
05-Apr-2026 12:53:01.516 INFO [Thread-13] org.apache.catalina.core.ApplicationContext.log SessionListener: contextDestroyed()
05-Apr-2026 12:53:01.516 INFO [Thread-13] org.apache.catalina.core.ApplicationContext.log ContextListener: contextDestroyed()
05-Apr-2026 12:53:01.530 INFO [Thread-13] org.apache.catalina.core.ApplicationContext.log Destroying Spring FrameworkServlet 'dispatcher'
05-Apr-2026 12:53:01.595 INFO [Thread-13] org.apache.catalina.core.ApplicationContext.log Closing Spring root WebApplicationContext
05-Apr-2026 12:55:24.868 INFO [main] org.apache.catalina.core.ApplicationContext.log No Spring WebApplicationInitializer types detected on classpath
05-Apr-2026 12:55:25.023 INFO [main] org.apache.catalina.core.ApplicationContext.log Initializing Spring root WebApplicationContext
05-Apr-2026 12:55:29.912 INFO [main] org.apache.catalina.core.ApplicationContext.log Initializing Spring FrameworkServlet 'dispatcher'
05-Apr-2026 12:55:32.180 INFO [main] org.apache.catalina.core.ApplicationContext.log ContextListener: contextInitialized()
05-Apr-2026 12:55:32.180 INFO [main] org.apache.catalina.core.ApplicationContext.log SessionListener: contextInitialized()
05-Apr-2026 12:55:32.184 INFO [main] org.apache.catalina.core.ApplicationContext.log ContextListener: attributeAdded('StockTicker', 'async.Stockticker@189fb01b')
05-Apr-2026 14:04:30.444 INFO [Thread-13] org.apache.catalina.core.ApplicationContext.log SessionListener: contextDestroyed()
05-Apr-2026 14:04:30.445 INFO [Thread-13] org.apache.catalina.core.ApplicationContext.log ContextListener: contextDestroyed()
05-Apr-2026 14:04:30.513 INFO [Thread-13] org.apache.catalina.core.ApplicationContext.log Destroying Spring FrameworkServlet 'dispatcher'
05-Apr-2026 14:04:30.573 INFO [Thread-13] org.apache.catalina.core.ApplicationContext.log Closing Spring root WebApplicationContext
05-Apr-2026 14:23:06.570 INFO [main] org.apache.catalina.core.ApplicationContext.log No Spring WebApplicationInitializer types detected on classpath
05-Apr-2026 14:23:06.706 INFO [main] org.apache.catalina.core.ApplicationContext.log Initializing Spring root WebApplicationContext
05-Apr-2026 14:23:10.525 INFO [main] org.apache.catalina.core.ApplicationContext.log Initializing Spring FrameworkServlet 'dispatcher'
05-Apr-2026 14:23:12.301 INFO [main] org.apache.catalina.core.ApplicationContext.log ContextListener: contextInitialized()
05-Apr-2026 14:23:12.301 INFO [main] org.apache.catalina.core.ApplicationContext.log SessionListener: contextInitialized()
05-Apr-2026 14:23:12.309 INFO [main] org.apache.catalina.core.ApplicationContext.log ContextListener: attributeAdded('StockTicker', 'async.Stockticker@257e8c43')
05-Apr-2026 14:40:55.657 INFO [Thread-13] org.apache.catalina.core.ApplicationContext.log SessionListener: contextDestroyed()
05-Apr-2026 14:40:55.657 INFO [Thread-13] org.apache.catalina.core.ApplicationContext.log ContextListener: contextDestroyed()
05-Apr-2026 14:40:55.734 INFO [Thread-13] org.apache.catalina.core.ApplicationContext.log Destroying Spring FrameworkServlet 'dispatcher'
05-Apr-2026 14:40:55.791 INFO [Thread-13] org.apache.catalina.core.ApplicationContext.log Closing Spring root WebApplicationContext
05-Apr-2026 14:43:43.133 INFO [main] org.apache.catalina.core.ApplicationContext.log No Spring WebApplicationInitializer types detected on classpath
05-Apr-2026 14:43:43.350 INFO [main] org.apache.catalina.core.ApplicationContext.log Initializing Spring root WebApplicationContext
05-Apr-2026 14:43:49.011 INFO [main] org.apache.catalina.core.ApplicationContext.log Initializing Spring FrameworkServlet 'dispatcher'
05-Apr-2026 14:43:51.530 INFO [main] org.apache.catalina.core.ApplicationContext.log ContextListener: contextInitialized()
05-Apr-2026 14:43:51.530 INFO [main] org.apache.catalina.core.ApplicationContext.log SessionListener: contextInitialized()
05-Apr-2026 14:43:51.534 INFO [main] org.apache.catalina.core.ApplicationContext.log ContextListener: attributeAdded('StockTicker', 'async.Stockticker@189fb01b')
05-Apr-2026 14:48:09.875 INFO [Thread-13] org.apache.catalina.core.ApplicationContext.log SessionListener: contextDestroyed()
05-Apr-2026 14:48:09.875 INFO [Thread-13] org.apache.catalina.core.ApplicationContext.log ContextListener: contextDestroyed()
05-Apr-2026 14:48:09.887 INFO [Thread-13] org.apache.catalina.core.ApplicationContext.log Destroying Spring FrameworkServlet 'dispatcher'
05-Apr-2026 14:48:09.956 INFO [Thread-13] org.apache.catalina.core.ApplicationContext.log Closing Spring root WebApplicationContext
05-Apr-2026 14:51:55.304 INFO [main] org.apache.catalina.core.ApplicationContext.log No Spring WebApplicationInitializer types detected on classpath
05-Apr-2026 14:51:55.560 INFO [main] org.apache.catalina.core.ApplicationContext.log Initializing Spring root WebApplicationContext
05-Apr-2026 14:52:01.403 INFO [main] org.apache.catalina.core.ApplicationContext.log Initializing Spring FrameworkServlet 'dispatcher'
05-Apr-2026 14:52:03.812 INFO [main] org.apache.catalina.core.ApplicationContext.log ContextListener: contextInitialized()
05-Apr-2026 14:52:03.812 INFO [main] org.apache.catalina.core.ApplicationContext.log SessionListener: contextInitialized()
05-Apr-2026 14:52:03.818 INFO [main] org.apache.catalina.core.ApplicationContext.log ContextListener: attributeAdded('StockTicker', 'async.Stockticker@189fb01b')
05-Apr-2026 14:55:34.611 INFO [Catalina-utility-2] org.apache.catalina.core.ApplicationContext.log Destroying Spring FrameworkServlet 'dispatcher'
05-Apr-2026 14:55:34.684 INFO [Catalina-utility-2] org.apache.catalina.core.ApplicationContext.log Closing Spring root WebApplicationContext
05-Apr-2026 14:55:45.448 INFO [Catalina-utility-2] org.apache.catalina.core.ApplicationContext.log No Spring WebApplicationInitializer types detected on classpath
05-Apr-2026 14:55:45.607 INFO [Catalina-utility-2] org.apache.catalina.core.ApplicationContext.log Initializing Spring root WebApplicationContext
05-Apr-2026 14:55:50.128 INFO [Catalina-utility-2] org.apache.catalina.core.ApplicationContext.log Initializing Spring FrameworkServlet 'dispatcher'
05-Apr-2026 14:57:08.202 SEVERE [http-nio-8080-exec-6] org.apache.catalina.core.StandardWrapperValve.invoke Servlet.service() for servlet [dispatcher] in context with path [/demo] threw exception [Handler processing failed; nested exception is java.lang.NoSuchMethodError: com.timmy.controller.AllController$ProfileImagePayload.<init>(Lcom/timmy/controller/AllController$1;)V] with root cause
	java.lang.NoSuchMethodError: com.timmy.controller.AllController$ProfileImagePayload.<init>(Lcom/timmy/controller/AllController$1;)V
		at com.timmy.controller.AllController.loadProfileImagePayloadByEnrollId(AllController.java:2947)
		at com.timmy.controller.AllController.applyProfileImageFallback(AllController.java:2867)
		at com.timmy.controller.AllController.getLatestLogFromDB(AllController.java:2564)
		at sun.reflect.NativeMethodAccessorImpl.invoke0(Native Method)
		at sun.reflect.NativeMethodAccessorImpl.invoke(Unknown Source)
		at sun.reflect.DelegatingMethodAccessorImpl.invoke(Unknown Source)
		at java.lang.reflect.Method.invoke(Unknown Source)
		at org.springframework.web.method.support.InvocableHandlerMethod.invoke(InvocableHandlerMethod.java:215)
		at org.springframework.web.method.support.InvocableHandlerMethod.invokeForRequest(InvocableHandlerMethod.java:132)
		at org.springframework.web.servlet.mvc.method.annotation.ServletInvocableHandlerMethod.invokeAndHandle(ServletInvocableHandlerMethod.java:104)
		at org.springframework.web.servlet.mvc.method.annotation.RequestMappingHandlerAdapter.invokeHandleMethod(RequestMappingHandlerAdapter.java:749)
		at org.springframework.web.servlet.mvc.method.annotation.RequestMappingHandlerAdapter.handleInternal(RequestMappingHandlerAdapter.java:690)
		at org.springframework.web.servlet.mvc.method.AbstractHandlerMethodAdapter.handle(AbstractHandlerMethodAdapter.java:83)
		at org.springframework.web.servlet.DispatcherServlet.doDispatch(DispatcherServlet.java:945)
		at org.springframework.web.servlet.DispatcherServlet.doService(DispatcherServlet.java:876)
		at org.springframework.web.servlet.FrameworkServlet.processRequest(FrameworkServlet.java:961)
		at org.springframework.web.servlet.FrameworkServlet.doGet(FrameworkServlet.java:852)
		at javax.servlet.http.HttpServlet.service(HttpServlet.java:529)
		at org.springframework.web.servlet.FrameworkServlet.service(FrameworkServlet.java:837)
		at javax.servlet.http.HttpServlet.service(HttpServlet.java:623)
		at org.apache.catalina.core.ApplicationFilterChain.internalDoFilter(ApplicationFilterChain.java:197)
		at org.apache.catalina.core.ApplicationFilterChain.doFilter(ApplicationFilterChain.java:142)
		at org.apache.tomcat.websocket.server.WsFilter.doFilter(WsFilter.java:51)
		at org.apache.catalina.core.ApplicationFilterChain.internalDoFilter(ApplicationFilterChain.java:166)
		at org.apache.catalina.core.ApplicationFilterChain.doFilter(ApplicationFilterChain.java:142)
		at com.timmy.util.AuthFilter.doFilter(AuthFilter.java:44)
		at org.apache.catalina.core.ApplicationFilterChain.internalDoFilter(ApplicationFilterChain.java:166)
		at org.apache.catalina.core.ApplicationFilterChain.doFilter(ApplicationFilterChain.java:142)
		at org.springframework.web.filter.CharacterEncodingFilter.doFilterInternal(CharacterEncodingFilter.java:88)
		at org.springframework.web.filter.OncePerRequestFilter.doFilter(OncePerRequestFilter.java:108)
		at org.apache.catalina.core.ApplicationFilterChain.internalDoFilter(ApplicationFilterChain.java:166)
		at org.apache.catalina.core.ApplicationFilterChain.doFilter(ApplicationFilterChain.java:142)
		at org.apache.catalina.core.StandardWrapperValve.invoke(StandardWrapperValve.java:166)
		at org.apache.catalina.core.StandardContextValve.invoke(StandardContextValve.java:88)
		at org.apache.catalina.authenticator.AuthenticatorBase.invoke(AuthenticatorBase.java:491)
		at org.apache.catalina.core.StandardHostValve.invoke(StandardHostValve.java:127)
		at org.apache.catalina.valves.ErrorReportValve.invoke(ErrorReportValve.java:83)
		at org.apache.catalina.valves.AbstractAccessLogValve.invoke(AbstractAccessLogValve.java:643)
		at org.apache.catalina.core.StandardEngineValve.invoke(StandardEngineValve.java:72)
		at org.apache.catalina.connector.CoyoteAdapter.service(CoyoteAdapter.java:344)
		at org.apache.coyote.http11.Http11Processor.service(Http11Processor.java:398)
		at org.apache.coyote.AbstractProcessorLight.process(AbstractProcessorLight.java:63)
		at org.apache.coyote.AbstractProtocol$ConnectionHandler.process(AbstractProtocol.java:939)
		at org.apache.tomcat.util.net.NioEndpoint$SocketProcessor.doRun(NioEndpoint.java:1832)
		at org.apache.tomcat.util.net.SocketProcessorBase.run(SocketProcessorBase.java:52)
		at org.apache.tomcat.util.threads.ThreadPoolExecutor.runWorker(ThreadPoolExecutor.java:973)
		at org.apache.tomcat.util.threads.ThreadPoolExecutor$Worker.run(ThreadPoolExecutor.java:491)
		at org.apache.tomcat.util.threads.TaskThread$WrappingRunnable.run(TaskThread.java:63)
		at java.lang.Thread.run(Unknown Source)
05-Apr-2026 14:59:51.336 INFO [Thread-13] org.apache.catalina.core.ApplicationContext.log SessionListener: contextDestroyed()
05-Apr-2026 14:59:51.336 INFO [Thread-13] org.apache.catalina.core.ApplicationContext.log ContextListener: contextDestroyed()
05-Apr-2026 14:59:51.352 INFO [Thread-13] org.apache.catalina.core.ApplicationContext.log Destroying Spring FrameworkServlet 'dispatcher'
05-Apr-2026 14:59:51.407 INFO [Thread-13] org.apache.catalina.core.ApplicationContext.log Closing Spring root WebApplicationContext
05-Apr-2026 15:03:01.508 INFO [main] org.apache.catalina.core.ApplicationContext.log No Spring WebApplicationInitializer types detected on classpath
05-Apr-2026 15:03:01.726 INFO [main] org.apache.catalina.core.ApplicationContext.log Initializing Spring root WebApplicationContext
05-Apr-2026 15:03:07.125 INFO [main] org.apache.catalina.core.ApplicationContext.log Initializing Spring FrameworkServlet 'dispatcher'
05-Apr-2026 15:03:09.356 INFO [main] org.apache.catalina.core.ApplicationContext.log ContextListener: contextInitialized()
05-Apr-2026 15:03:09.356 INFO [main] org.apache.catalina.core.ApplicationContext.log SessionListener: contextInitialized()
05-Apr-2026 15:03:09.360 INFO [main] org.apache.catalina.core.ApplicationContext.log ContextListener: attributeAdded('StockTicker', 'async.Stockticker@189fb01b')
05-Apr-2026 15:09:40.182 INFO [Catalina-utility-1] org.apache.catalina.core.ApplicationContext.log Destroying Spring FrameworkServlet 'dispatcher'
05-Apr-2026 15:09:40.241 INFO [Catalina-utility-1] org.apache.catalina.core.ApplicationContext.log Closing Spring root WebApplicationContext
05-Apr-2026 15:09:51.864 INFO [Catalina-utility-1] org.apache.catalina.core.ApplicationContext.log No Spring WebApplicationInitializer types detected on classpath
05-Apr-2026 15:09:52.089 INFO [Catalina-utility-1] org.apache.catalina.core.ApplicationContext.log Initializing Spring root WebApplicationContext
05-Apr-2026 15:09:57.457 INFO [Catalina-utility-1] org.apache.catalina.core.ApplicationContext.log Initializing Spring FrameworkServlet 'dispatcher'
05-Apr-2026 15:10:29.485 SEVERE [http-nio-8080-exec-1] org.apache.catalina.core.StandardWrapperValve.invoke Servlet.service() for servlet [dispatcher] in context with path [/demo] threw exception [Handler processing failed; nested exception is java.lang.NoSuchMethodError: com.timmy.controller.AllController$ProfileImagePayload.<init>(Lcom/timmy/controller/AllController$1;)V] with root cause
	java.lang.NoSuchMethodError: com.timmy.controller.AllController$ProfileImagePayload.<init>(Lcom/timmy/controller/AllController$1;)V
		at com.timmy.controller.AllController.loadProfileImagePayloadByEnrollId(AllController.java:2947)
		at com.timmy.controller.AllController.applyProfileImageFallback(AllController.java:2867)
		at com.timmy.controller.AllController.getLatestLogFromDB(AllController.java:2628)
		at sun.reflect.NativeMethodAccessorImpl.invoke0(Native Method)
		at sun.reflect.NativeMethodAccessorImpl.invoke(Unknown Source)
		at sun.reflect.DelegatingMethodAccessorImpl.invoke(Unknown Source)
		at java.lang.reflect.Method.invoke(Unknown Source)
		at org.springframework.web.method.support.InvocableHandlerMethod.invoke(InvocableHandlerMethod.java:215)
		at org.springframework.web.method.support.InvocableHandlerMethod.invokeForRequest(InvocableHandlerMethod.java:132)
		at org.springframework.web.servlet.mvc.method.annotation.ServletInvocableHandlerMethod.invokeAndHandle(ServletInvocableHandlerMethod.java:104)
		at org.springframework.web.servlet.mvc.method.annotation.RequestMappingHandlerAdapter.invokeHandleMethod(RequestMappingHandlerAdapter.java:749)
		at org.springframework.web.servlet.mvc.method.annotation.RequestMappingHandlerAdapter.handleInternal(RequestMappingHandlerAdapter.java:690)
		at org.springframework.web.servlet.mvc.method.AbstractHandlerMethodAdapter.handle(AbstractHandlerMethodAdapter.java:83)
		at org.springframework.web.servlet.DispatcherServlet.doDispatch(DispatcherServlet.java:945)
		at org.springframework.web.servlet.DispatcherServlet.doService(DispatcherServlet.java:876)
		at org.springframework.web.servlet.FrameworkServlet.processRequest(FrameworkServlet.java:961)
		at org.springframework.web.servlet.FrameworkServlet.doGet(FrameworkServlet.java:852)
		at javax.servlet.http.HttpServlet.service(HttpServlet.java:529)
		at org.springframework.web.servlet.FrameworkServlet.service(FrameworkServlet.java:837)
		at javax.servlet.http.HttpServlet.service(HttpServlet.java:623)
		at org.apache.catalina.core.ApplicationFilterChain.internalDoFilter(ApplicationFilterChain.java:197)
		at org.apache.catalina.core.ApplicationFilterChain.doFilter(ApplicationFilterChain.java:142)
		at org.apache.tomcat.websocket.server.WsFilter.doFilter(WsFilter.java:51)
		at org.apache.catalina.core.ApplicationFilterChain.internalDoFilter(ApplicationFilterChain.java:166)
		at org.apache.catalina.core.ApplicationFilterChain.doFilter(ApplicationFilterChain.java:142)
		at com.timmy.util.AuthFilter.doFilter(AuthFilter.java:44)
		at org.apache.catalina.core.ApplicationFilterChain.internalDoFilter(ApplicationFilterChain.java:166)
		at org.apache.catalina.core.ApplicationFilterChain.doFilter(ApplicationFilterChain.java:142)
		at org.springframework.web.filter.CharacterEncodingFilter.doFilterInternal(CharacterEncodingFilter.java:88)
		at org.springframework.web.filter.OncePerRequestFilter.doFilter(OncePerRequestFilter.java:108)
		at org.apache.catalina.core.ApplicationFilterChain.internalDoFilter(ApplicationFilterChain.java:166)
		at org.apache.catalina.core.ApplicationFilterChain.doFilter(ApplicationFilterChain.java:142)
		at org.apache.catalina.core.StandardWrapperValve.invoke(StandardWrapperValve.java:166)
		at org.apache.catalina.core.StandardContextValve.invoke(StandardContextValve.java:88)
		at org.apache.catalina.authenticator.AuthenticatorBase.invoke(AuthenticatorBase.java:491)
		at org.apache.catalina.core.StandardHostValve.invoke(StandardHostValve.java:127)
		at org.apache.catalina.valves.ErrorReportValve.invoke(ErrorReportValve.java:83)
		at org.apache.catalina.valves.AbstractAccessLogValve.invoke(AbstractAccessLogValve.java:643)
		at org.apache.catalina.core.StandardEngineValve.invoke(StandardEngineValve.java:72)
		at org.apache.catalina.connector.CoyoteAdapter.service(CoyoteAdapter.java:344)
		at org.apache.coyote.http11.Http11Processor.service(Http11Processor.java:398)
		at org.apache.coyote.AbstractProcessorLight.process(AbstractProcessorLight.java:63)
		at org.apache.coyote.AbstractProtocol$ConnectionHandler.process(AbstractProtocol.java:939)
		at org.apache.tomcat.util.net.NioEndpoint$SocketProcessor.doRun(NioEndpoint.java:1832)
		at org.apache.tomcat.util.net.SocketProcessorBase.run(SocketProcessorBase.java:52)
		at org.apache.tomcat.util.threads.ThreadPoolExecutor.runWorker(ThreadPoolExecutor.java:973)
		at org.apache.tomcat.util.threads.ThreadPoolExecutor$Worker.run(ThreadPoolExecutor.java:491)
		at org.apache.tomcat.util.threads.TaskThread$WrappingRunnable.run(TaskThread.java:63)
		at java.lang.Thread.run(Unknown Source)
05-Apr-2026 15:12:08.930 INFO [Catalina-utility-1] org.apache.catalina.core.ApplicationContext.log Destroying Spring FrameworkServlet 'dispatcher'
05-Apr-2026 15:12:08.996 INFO [Catalina-utility-1] org.apache.catalina.core.ApplicationContext.log Closing Spring root WebApplicationContext
05-Apr-2026 15:12:18.248 INFO [Catalina-utility-1] org.apache.catalina.core.ApplicationContext.log No Spring WebApplicationInitializer types detected on classpath
05-Apr-2026 15:12:18.422 INFO [Catalina-utility-1] org.apache.catalina.core.ApplicationContext.log Initializing Spring root WebApplicationContext
05-Apr-2026 15:12:22.763 INFO [Catalina-utility-1] org.apache.catalina.core.ApplicationContext.log Initializing Spring FrameworkServlet 'dispatcher'
05-Apr-2026 15:12:30.375 SEVERE [http-nio-8080-exec-23] org.apache.catalina.core.StandardWrapperValve.invoke Servlet.service() for servlet [dispatcher] in context with path [/demo] threw exception [Handler processing failed; nested exception is java.lang.NoSuchMethodError: com.timmy.controller.AllController$ProfileImagePayload.<init>(Lcom/timmy/controller/AllController$1;)V] with root cause
	java.lang.NoSuchMethodError: com.timmy.controller.AllController$ProfileImagePayload.<init>(Lcom/timmy/controller/AllController$1;)V
		at com.timmy.controller.AllController.loadProfileImagePayloadByEnrollId(AllController.java:2947)
		at com.timmy.controller.AllController.applyProfileImageFallback(AllController.java:2867)
		at com.timmy.controller.AllController.getLatestLogFromDB(AllController.java:2628)
		at sun.reflect.NativeMethodAccessorImpl.invoke0(Native Method)
		at sun.reflect.NativeMethodAccessorImpl.invoke(Unknown Source)
		at sun.reflect.DelegatingMethodAccessorImpl.invoke(Unknown Source)
		at java.lang.reflect.Method.invoke(Unknown Source)
		at org.springframework.web.method.support.InvocableHandlerMethod.invoke(InvocableHandlerMethod.java:215)
		at org.springframework.web.method.support.InvocableHandlerMethod.invokeForRequest(InvocableHandlerMethod.java:132)
		at org.springframework.web.servlet.mvc.method.annotation.ServletInvocableHandlerMethod.invokeAndHandle(ServletInvocableHandlerMethod.java:104)
		at org.springframework.web.servlet.mvc.method.annotation.RequestMappingHandlerAdapter.invokeHandleMethod(RequestMappingHandlerAdapter.java:749)
		at org.springframework.web.servlet.mvc.method.annotation.RequestMappingHandlerAdapter.handleInternal(RequestMappingHandlerAdapter.java:690)
		at org.springframework.web.servlet.mvc.method.AbstractHandlerMethodAdapter.handle(AbstractHandlerMethodAdapter.java:83)
		at org.springframework.web.servlet.DispatcherServlet.doDispatch(DispatcherServlet.java:945)
		at org.springframework.web.servlet.DispatcherServlet.doService(DispatcherServlet.java:876)
		at org.springframework.web.servlet.FrameworkServlet.processRequest(FrameworkServlet.java:961)
		at org.springframework.web.servlet.FrameworkServlet.doGet(FrameworkServlet.java:852)
		at javax.servlet.http.HttpServlet.service(HttpServlet.java:529)
		at org.springframework.web.servlet.FrameworkServlet.service(FrameworkServlet.java:837)
		at javax.servlet.http.HttpServlet.service(HttpServlet.java:623)
		at org.apache.catalina.core.ApplicationFilterChain.internalDoFilter(ApplicationFilterChain.java:197)
		at org.apache.catalina.core.ApplicationFilterChain.doFilter(ApplicationFilterChain.java:142)
		at org.apache.tomcat.websocket.server.WsFilter.doFilter(WsFilter.java:51)
		at org.apache.catalina.core.ApplicationFilterChain.internalDoFilter(ApplicationFilterChain.java:166)
		at org.apache.catalina.core.ApplicationFilterChain.doFilter(ApplicationFilterChain.java:142)
		at com.timmy.util.AuthFilter.doFilter(AuthFilter.java:44)
		at org.apache.catalina.core.ApplicationFilterChain.internalDoFilter(ApplicationFilterChain.java:166)
		at org.apache.catalina.core.ApplicationFilterChain.doFilter(ApplicationFilterChain.java:142)
		at org.springframework.web.filter.CharacterEncodingFilter.doFilterInternal(CharacterEncodingFilter.java:88)
		at org.springframework.web.filter.OncePerRequestFilter.doFilter(OncePerRequestFilter.java:108)
		at org.apache.catalina.core.ApplicationFilterChain.internalDoFilter(ApplicationFilterChain.java:166)
		at org.apache.catalina.core.ApplicationFilterChain.doFilter(ApplicationFilterChain.java:142)
		at org.apache.catalina.core.StandardWrapperValve.invoke(StandardWrapperValve.java:166)
		at org.apache.catalina.core.StandardContextValve.invoke(StandardContextValve.java:88)
		at org.apache.catalina.authenticator.AuthenticatorBase.invoke(AuthenticatorBase.java:491)
		at org.apache.catalina.core.StandardHostValve.invoke(StandardHostValve.java:127)
		at org.apache.catalina.valves.ErrorReportValve.invoke(ErrorReportValve.java:83)
		at org.apache.catalina.valves.AbstractAccessLogValve.invoke(AbstractAccessLogValve.java:643)
		at org.apache.catalina.core.StandardEngineValve.invoke(StandardEngineValve.java:72)
		at org.apache.catalina.connector.CoyoteAdapter.service(CoyoteAdapter.java:344)
		at org.apache.coyote.http11.Http11Processor.service(Http11Processor.java:398)
		at org.apache.coyote.AbstractProcessorLight.process(AbstractProcessorLight.java:63)
		at org.apache.coyote.AbstractProtocol$ConnectionHandler.process(AbstractProtocol.java:939)
		at org.apache.tomcat.util.net.NioEndpoint$SocketProcessor.doRun(NioEndpoint.java:1832)
		at org.apache.tomcat.util.net.SocketProcessorBase.run(SocketProcessorBase.java:52)
		at org.apache.tomcat.util.threads.ThreadPoolExecutor.runWorker(ThreadPoolExecutor.java:973)
		at org.apache.tomcat.util.threads.ThreadPoolExecutor$Worker.run(ThreadPoolExecutor.java:491)
		at org.apache.tomcat.util.threads.TaskThread$WrappingRunnable.run(TaskThread.java:63)
		at java.lang.Thread.run(Unknown Source)
05-Apr-2026 15:16:24.385 INFO [Catalina-utility-2] org.apache.catalina.core.ApplicationContext.log Destroying Spring FrameworkServlet 'dispatcher'
05-Apr-2026 15:16:24.447 INFO [Catalina-utility-2] org.apache.catalina.core.ApplicationContext.log Closing Spring root WebApplicationContext
05-Apr-2026 15:16:32.581 INFO [Catalina-utility-2] org.apache.catalina.core.ApplicationContext.log No Spring WebApplicationInitializer types detected on classpath
05-Apr-2026 15:16:32.750 INFO [Catalina-utility-2] org.apache.catalina.core.ApplicationContext.log Initializing Spring root WebApplicationContext
05-Apr-2026 15:16:37.409 INFO [Catalina-utility-2] org.apache.catalina.core.ApplicationContext.log Initializing Spring FrameworkServlet 'dispatcher'
05-Apr-2026 15:16:48.765 INFO [Catalina-utility-2] org.apache.catalina.core.ApplicationContext.log Destroying Spring FrameworkServlet 'dispatcher'
05-Apr-2026 15:16:48.818 INFO [Catalina-utility-2] org.apache.catalina.core.ApplicationContext.log Closing Spring root WebApplicationContext
05-Apr-2026 15:16:59.851 INFO [Catalina-utility-2] org.apache.catalina.core.ApplicationContext.log No Spring WebApplicationInitializer types detected on classpath
05-Apr-2026 15:16:59.996 INFO [Catalina-utility-2] org.apache.catalina.core.ApplicationContext.log Initializing Spring root WebApplicationContext
05-Apr-2026 15:17:05.253 INFO [Catalina-utility-2] org.apache.catalina.core.ApplicationContext.log Initializing Spring FrameworkServlet 'dispatcher'
05-Apr-2026 15:17:56.512 INFO [Catalina-utility-2] org.apache.catalina.core.ApplicationContext.log Destroying Spring FrameworkServlet 'dispatcher'
05-Apr-2026 15:17:56.578 INFO [Catalina-utility-2] org.apache.catalina.core.ApplicationContext.log Closing Spring root WebApplicationContext
05-Apr-2026 15:18:04.046 INFO [Catalina-utility-2] org.apache.catalina.core.ApplicationContext.log No Spring WebApplicationInitializer types detected on classpath
05-Apr-2026 15:18:04.211 INFO [Catalina-utility-2] org.apache.catalina.core.ApplicationContext.log Initializing Spring root WebApplicationContext
05-Apr-2026 15:18:09.973 INFO [Catalina-utility-2] org.apache.catalina.core.ApplicationContext.log Initializing Spring FrameworkServlet 'dispatcher'
05-Apr-2026 15:22:14.542 INFO [Thread-13] org.apache.catalina.core.ApplicationContext.log SessionListener: contextDestroyed()
05-Apr-2026 15:22:14.542 INFO [Thread-13] org.apache.catalina.core.ApplicationContext.log ContextListener: contextDestroyed()
05-Apr-2026 15:22:14.556 INFO [Thread-13] org.apache.catalina.core.ApplicationContext.log Destroying Spring FrameworkServlet 'dispatcher'
05-Apr-2026 15:22:14.621 INFO [Thread-13] org.apache.catalina.core.ApplicationContext.log Closing Spring root WebApplicationContext
05-Apr-2026 15:27:02.333 INFO [main] org.apache.catalina.core.ApplicationContext.log No Spring WebApplicationInitializer types detected on classpath
05-Apr-2026 15:27:02.520 INFO [main] org.apache.catalina.core.ApplicationContext.log Initializing Spring root WebApplicationContext
05-Apr-2026 15:27:07.576 INFO [main] org.apache.catalina.core.ApplicationContext.log Initializing Spring FrameworkServlet 'dispatcher'
05-Apr-2026 15:27:09.788 INFO [main] org.apache.catalina.core.ApplicationContext.log ContextListener: contextInitialized()
05-Apr-2026 15:27:09.788 INFO [main] org.apache.catalina.core.ApplicationContext.log SessionListener: contextInitialized()
05-Apr-2026 15:27:09.792 INFO [main] org.apache.catalina.core.ApplicationContext.log ContextListener: attributeAdded('StockTicker', 'async.Stockticker@189fb01b')
05-Apr-2026 15:42:01.203 INFO [Catalina-utility-2] org.apache.catalina.core.ApplicationContext.log Destroying Spring FrameworkServlet 'dispatcher'
05-Apr-2026 15:42:01.266 INFO [Catalina-utility-2] org.apache.catalina.core.ApplicationContext.log Closing Spring root WebApplicationContext
05-Apr-2026 15:42:10.002 INFO [Catalina-utility-2] org.apache.catalina.core.ApplicationContext.log No Spring WebApplicationInitializer types detected on classpath
05-Apr-2026 15:42:10.234 INFO [Catalina-utility-2] org.apache.catalina.core.ApplicationContext.log Initializing Spring root WebApplicationContext
05-Apr-2026 15:42:13.533 INFO [Catalina-utility-2] org.apache.catalina.core.ApplicationContext.log Initializing Spring FrameworkServlet 'dispatcher'
05-Apr-2026 15:46:17.258 INFO [Thread-13] org.apache.catalina.core.ApplicationContext.log SessionListener: contextDestroyed()
05-Apr-2026 15:46:17.258 INFO [Thread-13] org.apache.catalina.core.ApplicationContext.log ContextListener: contextDestroyed()
05-Apr-2026 15:46:17.272 INFO [Thread-13] org.apache.catalina.core.ApplicationContext.log Destroying Spring FrameworkServlet 'dispatcher'
05-Apr-2026 15:46:17.338 INFO [Thread-13] org.apache.catalina.core.ApplicationContext.log Closing Spring root WebApplicationContext
05-Apr-2026 15:48:04.737 INFO [main] org.apache.catalina.core.ApplicationContext.log No Spring WebApplicationInitializer types detected on classpath
05-Apr-2026 15:48:04.883 INFO [main] org.apache.catalina.core.ApplicationContext.log Initializing Spring root WebApplicationContext
05-Apr-2026 15:48:08.804 INFO [main] org.apache.catalina.core.ApplicationContext.log Initializing Spring FrameworkServlet 'dispatcher'
05-Apr-2026 15:48:10.484 INFO [main] org.apache.catalina.core.ApplicationContext.log ContextListener: contextInitialized()
05-Apr-2026 15:48:10.484 INFO [main] org.apache.catalina.core.ApplicationContext.log SessionListener: contextInitialized()
05-Apr-2026 15:48:10.488 INFO [main] org.apache.catalina.core.ApplicationContext.log ContextListener: attributeAdded('StockTicker', 'async.Stockticker@189fb01b')
05-Apr-2026 15:58:11.890 INFO [Thread-13] org.apache.catalina.core.ApplicationContext.log SessionListener: contextDestroyed()
05-Apr-2026 15:58:11.890 INFO [Thread-13] org.apache.catalina.core.ApplicationContext.log ContextListener: contextDestroyed()
05-Apr-2026 15:58:11.949 INFO [Thread-13] org.apache.catalina.core.ApplicationContext.log Destroying Spring FrameworkServlet 'dispatcher'
05-Apr-2026 15:58:12.018 INFO [Thread-13] org.apache.catalina.core.ApplicationContext.log Closing Spring root WebApplicationContext
05-Apr-2026 16:00:37.171 INFO [main] org.apache.catalina.core.ApplicationContext.log No Spring WebApplicationInitializer types detected on classpath
05-Apr-2026 16:00:37.492 INFO [main] org.apache.catalina.core.ApplicationContext.log Initializing Spring root WebApplicationContext
05-Apr-2026 16:00:42.163 INFO [main] org.apache.catalina.core.ApplicationContext.log Initializing Spring FrameworkServlet 'dispatcher'
05-Apr-2026 16:00:43.935 INFO [main] org.apache.catalina.core.ApplicationContext.log ContextListener: contextInitialized()
05-Apr-2026 16:00:43.935 INFO [main] org.apache.catalina.core.ApplicationContext.log SessionListener: contextInitialized()
05-Apr-2026 16:00:43.939 INFO [main] org.apache.catalina.core.ApplicationContext.log ContextListener: attributeAdded('StockTicker', 'async.Stockticker@189fb01b')
05-Apr-2026 16:15:15.766 INFO [main] org.apache.catalina.core.ApplicationContext.log No Spring WebApplicationInitializer types detected on classpath
05-Apr-2026 16:15:15.940 INFO [main] org.apache.catalina.core.ApplicationContext.log Initializing Spring root WebApplicationContext
05-Apr-2026 16:15:21.185 INFO [main] org.apache.catalina.core.ApplicationContext.log Initializing Spring FrameworkServlet 'dispatcher'
05-Apr-2026 16:15:23.624 INFO [main] org.apache.catalina.core.ApplicationContext.log ContextListener: contextInitialized()
05-Apr-2026 16:15:23.624 INFO [main] org.apache.catalina.core.ApplicationContext.log SessionListener: contextInitialized()
05-Apr-2026 16:15:23.628 INFO [main] org.apache.catalina.core.ApplicationContext.log ContextListener: attributeAdded('StockTicker', 'async.Stockticker@189fb01b')
05-Apr-2026 16:18:50.382 INFO [Thread-13] org.apache.catalina.core.ApplicationContext.log SessionListener: contextDestroyed()
05-Apr-2026 16:18:50.382 INFO [Thread-13] org.apache.catalina.core.ApplicationContext.log ContextListener: contextDestroyed()
05-Apr-2026 16:18:50.388 INFO [Thread-13] org.apache.catalina.core.ApplicationContext.log Destroying Spring FrameworkServlet 'dispatcher'
05-Apr-2026 16:18:50.458 INFO [Thread-13] org.apache.catalina.core.ApplicationContext.log Closing Spring root WebApplicationContext
05-Apr-2026 16:20:00.026 INFO [main] org.apache.catalina.core.ApplicationContext.log No Spring WebApplicationInitializer types detected on classpath
05-Apr-2026 16:20:00.226 INFO [main] org.apache.catalina.core.ApplicationContext.log Initializing Spring root WebApplicationContext
05-Apr-2026 16:20:06.254 INFO [main] org.apache.catalina.core.ApplicationContext.log Initializing Spring FrameworkServlet 'dispatcher'
05-Apr-2026 16:20:08.531 INFO [main] org.apache.catalina.core.ApplicationContext.log ContextListener: contextInitialized()
05-Apr-2026 16:20:08.531 INFO [main] org.apache.catalina.core.ApplicationContext.log SessionListener: contextInitialized()
05-Apr-2026 16:20:08.535 INFO [main] org.apache.catalina.core.ApplicationContext.log ContextListener: attributeAdded('StockTicker', 'async.Stockticker@189fb01b')
05-Apr-2026 16:26:39.972 INFO [main] org.apache.catalina.core.ApplicationContext.log No Spring WebApplicationInitializer types detected on classpath
05-Apr-2026 16:26:40.165 INFO [main] org.apache.catalina.core.ApplicationContext.log Initializing Spring root WebApplicationContext
05-Apr-2026 16:26:45.024 INFO [main] org.apache.catalina.core.ApplicationContext.log Initializing Spring FrameworkServlet 'dispatcher'
05-Apr-2026 16:26:47.140 INFO [main] org.apache.catalina.core.ApplicationContext.log ContextListener: contextInitialized()
05-Apr-2026 16:26:47.140 INFO [main] org.apache.catalina.core.ApplicationContext.log SessionListener: contextInitialized()
05-Apr-2026 16:26:47.145 INFO [main] org.apache.catalina.core.ApplicationContext.log ContextListener: attributeAdded('StockTicker', 'async.Stockticker@1ddf9fd')
05-Apr-2026 16:37:13.563 INFO [main] org.apache.catalina.core.ApplicationContext.log No Spring WebApplicationInitializer types detected on classpath
05-Apr-2026 16:37:13.910 INFO [main] org.apache.catalina.core.ApplicationContext.log Initializing Spring root WebApplicationContext
05-Apr-2026 16:37:19.931 INFO [main] org.apache.catalina.core.ApplicationContext.log Initializing Spring FrameworkServlet 'dispatcher'
05-Apr-2026 16:37:22.181 INFO [main] org.apache.catalina.core.ApplicationContext.log ContextListener: contextInitialized()
05-Apr-2026 16:37:22.181 INFO [main] org.apache.catalina.core.ApplicationContext.log SessionListener: contextInitialized()
05-Apr-2026 16:37:22.185 INFO [main] org.apache.catalina.core.ApplicationContext.log ContextListener: attributeAdded('StockTicker', 'async.Stockticker@189fb01b')
05-Apr-2026 16:37:59.870 INFO [main] org.apache.catalina.core.ApplicationContext.log No Spring WebApplicationInitializer types detected on classpath
05-Apr-2026 16:38:00.040 INFO [main] org.apache.catalina.core.ApplicationContext.log Initializing Spring root WebApplicationContext
05-Apr-2026 16:38:04.937 INFO [main] org.apache.catalina.core.ApplicationContext.log Initializing Spring FrameworkServlet 'dispatcher'
05-Apr-2026 16:38:06.986 INFO [main] org.apache.catalina.core.ApplicationContext.log ContextListener: contextInitialized()
05-Apr-2026 16:38:06.986 INFO [main] org.apache.catalina.core.ApplicationContext.log SessionListener: contextInitialized()
05-Apr-2026 16:38:06.991 INFO [main] org.apache.catalina.core.ApplicationContext.log ContextListener: attributeAdded('StockTicker', 'async.Stockticker@189fb01b')
05-Apr-2026 16:46:09.939 INFO [main] org.apache.catalina.core.ApplicationContext.log No Spring WebApplicationInitializer types detected on classpath
05-Apr-2026 16:46:10.129 INFO [main] org.apache.catalina.core.ApplicationContext.log Initializing Spring root WebApplicationContext
05-Apr-2026 16:46:15.076 INFO [main] org.apache.catalina.core.ApplicationContext.log Initializing Spring FrameworkServlet 'dispatcher'
05-Apr-2026 16:46:17.755 INFO [main] org.apache.catalina.core.ApplicationContext.log ContextListener: contextInitialized()
05-Apr-2026 16:46:17.757 INFO [main] org.apache.catalina.core.ApplicationContext.log SessionListener: contextInitialized()
05-Apr-2026 16:46:17.761 INFO [main] org.apache.catalina.core.ApplicationContext.log ContextListener: attributeAdded('StockTicker', 'async.Stockticker@189fb01b')
05-Apr-2026 17:31:57.777 INFO [main] org.apache.catalina.core.ApplicationContext.log No Spring WebApplicationInitializer types detected on classpath
05-Apr-2026 17:31:57.907 INFO [main] org.apache.catalina.core.ApplicationContext.log Initializing Spring root WebApplicationContext
05-Apr-2026 17:32:01.860 INFO [main] org.apache.catalina.core.ApplicationContext.log Initializing Spring FrameworkServlet 'dispatcher'
05-Apr-2026 17:32:03.684 INFO [main] org.apache.catalina.core.ApplicationContext.log ContextListener: contextInitialized()
05-Apr-2026 17:32:03.684 INFO [main] org.apache.catalina.core.ApplicationContext.log SessionListener: contextInitialized()
05-Apr-2026 17:32:03.686 INFO [main] org.apache.catalina.core.ApplicationContext.log ContextListener: attributeAdded('StockTicker', 'async.Stockticker@189fb01b')
05-Apr-2026 17:35:00.327 INFO [Thread-13] org.apache.catalina.core.ApplicationContext.log SessionListener: contextDestroyed()
05-Apr-2026 17:35:00.327 INFO [Thread-13] org.apache.catalina.core.ApplicationContext.log ContextListener: contextDestroyed()
05-Apr-2026 17:35:00.333 INFO [Thread-13] org.apache.catalina.core.ApplicationContext.log Destroying Spring FrameworkServlet 'dispatcher'
05-Apr-2026 17:35:00.397 INFO [Thread-13] org.apache.catalina.core.ApplicationContext.log Closing Spring root WebApplicationContext
05-Apr-2026 17:40:23.067 INFO [main] org.apache.catalina.core.ApplicationContext.log No Spring WebApplicationInitializer types detected on classpath
05-Apr-2026 17:40:23.312 INFO [main] org.apache.catalina.core.ApplicationContext.log Initializing Spring root WebApplicationContext
05-Apr-2026 17:40:30.758 INFO [main] org.apache.catalina.core.ApplicationContext.log Initializing Spring FrameworkServlet 'dispatcher'
05-Apr-2026 17:40:33.944 INFO [main] org.apache.catalina.core.ApplicationContext.log ContextListener: contextInitialized()
05-Apr-2026 17:40:33.944 INFO [main] org.apache.catalina.core.ApplicationContext.log SessionListener: contextInitialized()
05-Apr-2026 17:40:33.947 INFO [main] org.apache.catalina.core.ApplicationContext.log ContextListener: attributeAdded('StockTicker', 'async.Stockticker@189fb01b')
05-Apr-2026 17:47:20.879 INFO [Thread-13] org.apache.catalina.core.ApplicationContext.log SessionListener: contextDestroyed()
05-Apr-2026 17:47:20.879 INFO [Thread-13] org.apache.catalina.core.ApplicationContext.log ContextListener: contextDestroyed()
05-Apr-2026 17:47:20.889 INFO [Thread-13] org.apache.catalina.core.ApplicationContext.log Destroying Spring FrameworkServlet 'dispatcher'
05-Apr-2026 17:47:20.955 INFO [Thread-13] org.apache.catalina.core.ApplicationContext.log Closing Spring root WebApplicationContext
05-Apr-2026 18:34:53.787 INFO [main] org.apache.catalina.core.ApplicationContext.log No Spring WebApplicationInitializer types detected on classpath
05-Apr-2026 18:34:54.003 INFO [main] org.apache.catalina.core.ApplicationContext.log Initializing Spring root WebApplicationContext
05-Apr-2026 18:34:59.627 INFO [main] org.apache.catalina.core.ApplicationContext.log Initializing Spring FrameworkServlet 'dispatcher'
05-Apr-2026 18:35:01.960 INFO [main] org.apache.catalina.core.ApplicationContext.log ContextListener: contextInitialized()
05-Apr-2026 18:35:01.960 INFO [main] org.apache.catalina.core.ApplicationContext.log SessionListener: contextInitialized()
05-Apr-2026 18:35:01.963 INFO [main] org.apache.catalina.core.ApplicationContext.log ContextListener: attributeAdded('StockTicker', 'async.Stockticker@189fb01b')
